customer_id,signup_date,acquisition_channel,email_domain,age_band,region
C000829,2025-03-04,Organic,gmail.com,25-34,West
C001592,2025-04-14,Google Ads,icloud.com,35-44,Southeast
C006086,2026-02-23,paid_search,gmail.com,25-34,Midwest
C007428,2026-04-19,paid_social,proton.me,35-44,West
C007776,2026-05-14,referral,gmail.com,45-54,West
C001510,2025-04-23,Google Ads,outlook.com,45-54,Northeast
C005977,2026-02-01,podcast,gmail.com,45-54,Northeast
C001758,2025-05-07,Organic,outlook.com,65+,West
C001946,2025-05-11,Google Ads,gmail.com,45-54,Southeast
C006117,2026-02-16,paid_search,gmail.com,35-44,Southeast
C001357,2025-04-26,Organic,hotmail.com,35-44,Midwest
C002944,2025-07-17,Facebook Ads,icloud.com,35-44,Southwest
C003198,2025-08-30,Podcast,gmail.com,25-34,Midwest
C000522,2025-02-09,Organic,gmail.com,35-44,Northeast
C007150,2026-04-02,paid_search,gmail.com,55-64,West
C006481,2026-03-03,podcast,yahoo.com,55-64,Northeast
C003046,2025-08-07,Organic,outlook.com,45-54,West
C002775,2025-07-08,Google Ads,gmail.com,45-54,Northeast
C005894,2026-02-26,referral,yahoo.com,35-44,Midwest
C003780,2025-09-16,Facebook Ads,gmail.com,45-54,West
C005714,2026-01-12,Facebook Ads,gmail.com,25-34,Southwest
C003300,2025-08-21,Google Ads,gmail.com,35-44,Midwest
C000255,2025-01-06,,gmail.com,35-44,West
C007248,2026-04-14,paid_social,gmail.com,25-34,West
C005900,2026-02-25,referral,gmail.com,45-54,West
C003031,2025-08-11,,icloud.com,35-44,Northeast
C004745,2025-11-23,Facebook Ads,gmail.com,25-34,Northeast
C009474,2026-07-29,referral,gmail.com,45-54,West
C004446,2025-11-07,Organic,gmail.com,45-54,Southwest
C006131,2026-02-27,paid_social,hotmail.com,35-44,Midwest
C002508,2025-07-18,Organic,gmail.com,55-64,Northeast
C008484,2026-06-01,organic_search,outlook.com,45-54,Midwest
C004875,2025-12-28,Organic,outlook.com,45-54,Northeast
C004532,2025-11-27,Referral Program,yahoo.com,35-44,West
C009858,2026-07-16,paid_social,gmail.com,35-44,Midwest
C000464,2025-02-06,Organic,gmail.com,35-44,Northeast
C005411,2026-01-04,Organic,gmail.com,45-54,Southeast
C008274,2026-05-27,paid_social,gmail.com,25-34,Southeast
C000439,2025-02-15,Organic,gmail.com,45-54,Southeast
C001760,2025-05-18,Organic,gmail.com,45-54,Midwest
C003276,2025-08-14,Google Ads,comcast.net,35-44,Southwest
C010319,2026-08-07,referral,gmail.com,25-34,Northeast
C003049,2025-08-22,Organic,gmail.com,35-44,West
C000021,2025-01-02,Organic,outlook.com,35-44,West
C004007,2025-10-31,Organic,icloud.com,25-34,Midwest
C010941,2026-08-20,paid_social,gmail.com,45-54,Southeast
C003170,2025-08-16,Podcast,gmail.com,35-44,West
C000374,2025-01-08,Facebook Ads,gmail.com,55-64,Midwest
C010382,2026-08-18,podcast,gmail.com,35-44,Southeast
C003944,2025-10-20,Organic,gmail.com,55-64,Southwest
C009069,2026-06-26,paid_social,icloud.com,35-44,Southwest
C007940,2026-05-06,paid_search,comcast.net,45-54,Southwest
C001915,2025-05-02,Podcast,gmail.com,45-54,Southwest
C003039,2025-08-10,Organic,gmail.com,45-54,Southwest
C003624,2025-09-17,Podcast,gmail.com,25-34,Northeast
C008343,2026-05-21,paid_social,proton.me,55-64,West
C008191,2026-05-03,paid_social,yahoo.com,25-34,Northeast
C010696,2026-08-30,paid_social,yahoo.com,35-44,Midwest
C009442,2026-07-01,referral,yahoo.com,45-54,Southeast
C010660,2026-08-12,paid_social,yahoo.com,35-44,Southeast
C009010,2026-06-17,paid_social,gmail.com,25-34,Northeast
C011348,2025-08-16,Organic,harbormoney.com,35-44,West
C003549,2025-09-25,Referral Program,gmail.com,45-54,Northeast
C011449,2025-11-21,Organic,harbormoney.com,45-54,Midwest
C007792,2026-05-17,referral,gmail.com,35-44,Northeast
C002185,2025-06-04,Organic,gmail.com,35-44,West
C003084,2025-08-26,Referral Program,gmail.com,35-44,Southeast
C007022,2026-04-05,referral,outlook.com,45-54,Midwest
C000390,2025-01-27,Facebook Ads,gmail.com,25-34,Southeast
C001027,2025-03-28,Podcast,gmail.com,45-54,Southwest
C006591,2026-03-02,paid_social,gmail.com,55-64,Southwest
C010290,2026-08-09,referral,gmail.com,45-54,Northeast
C009405,2026-07-30,organic_search,yahoo.com,45-54,West
C001233,2025-03-14,Facebook Ads,outlook.com,35-44,West
C011246,2026-09-03,,gmail.com,35-44,Northeast
C002473,2025-06-01,Facebook Ads,comcast.net,45-54,West
C003996,2025-10-28,Organic,outlook.com,45-54,Southeast
C008568,2026-06-20,referral,icloud.com,35-44,Southeast
C007030,2026-04-15,referral,gmail.com,35-44,Southeast
C010624,2026-08-08,paid_social,outlook.com,65+,Midwest
C004885,2025-12-10,Organic,outlook.com,45-54,Northeast
C004740,2025-11-18,Facebook Ads,hotmail.com,25-34,Northeast
C009882,2026-07-31,paid_social,proton.me,45-54,Southeast
C008233,2026-05-09,paid_social,yahoo.com,45-54,West
C000195,2025-01-25,Podcast,gmail.com,45-54,West
C003378,2025-08-21,Facebook Ads,yahoo.com,55-64,Midwest
C009111,2026-06-24,paid_social,gmail.com,35-44,Southeast
C001672,2025-04-11,,gmail.com,35-44,West
C011297,2026-09-07,paid_social,outlook.com,45-54,Southwest
C000771,2025-02-08,Facebook Ads,gmail.com,65+,Northeast
C002594,2025-07-19,Organic,gmail.com,45-54,West
C007586,2026-04-04,paid_social,gmail.com,45-54,Northeast
C004202,2025-10-08,Google Ads,gmail.com,35-44,Midwest
C008124,2026-05-07,paid_social,yahoo.com,45-54,Northeast
C003376,2025-08-15,Facebook Ads,gmail.com,55-64,Midwest
C011177,2026-09-05,paid_search,gmail.com,35-44,West
C005415,2026-01-10,Organic,gmail.com,35-44,West
C002883,2025-07-09,Facebook Ads,gmail.com,35-44,Southeast
C003321,2025-08-26,Google Ads,gmail.com,45-54,Southwest
C002560,2025-07-13,Organic,gmail.com,45-54,Northeast
C002140,2025-06-26,Organic,hotmail.com,55-64,Northeast
C003941,2025-10-01,Organic,gmail.com,35-44,Southeast
C005807,2026-02-16,organic_search,gmail.com,35-44,West
C004706,2025-11-19,Google Ads,proton.me,45-54,West
C008747,2026-06-16,paid_search,gmail.com,35-44,Southwest
C008908,2026-06-14,paid_social,gmail.com,25-34,Midwest
C001565,2025-04-15,Google Ads,comcast.net,35-44,Southeast
C011332,2026-09-01,paid_social,gmail.com,45-54,Southeast
C010107,2026-08-19,organic_search,icloud.com,65+,West
C004063,2025-10-05,Referral Program,proton.me,25-34,Northeast
C010371,2026-08-24,podcast,gmail.com,25-34,Southeast
C008397,2026-05-17,paid_social,hotmail.com,45-54,Northeast
C009646,2026-07-21,paid_search,gmail.com,45-54,West
C002468,2025-06-29,Facebook Ads,gmail.com,25-34,Northeast
C004530,2025-11-27,Referral Program,gmail.com,35-44,Midwest
C003339,2025-08-07,Facebook Ads,gmail.com,45-54,Southwest
C002175,2025-06-30,Organic,yahoo.com,45-54,West
C008468,2026-06-28,organic_search,gmail.com,55-64,Northeast
C000358,2025-01-24,,gmail.com,25-34,Midwest
C009978,2026-07-15,paid_social,outlook.com,45-54,West
C005652,2026-01-15,Google Ads,comcast.net,35-44,Southeast
C000166,2025-01-22,Referral Program,proton.me,55-64,Midwest
C001636,2025-04-08,Facebook Ads,gmail.com,45-54,Northeast
C002097,2025-05-17,Facebook Ads,gmail.com,35-44,Midwest
C002150,2025-06-12,Organic,gmail.com,25-34,West
C004484,2025-11-14,Organic,icloud.com,45-54,Southwest
C004793,2025-11-18,Facebook Ads,gmail.com,25-34,West
C003312,2025-08-24,Google Ads,gmail.com,35-44,West
C008046,2026-05-01,paid_social,gmail.com,35-44,Northeast
C004263,2025-10-14,Google Ads,yahoo.com,55-64,Northeast
C005672,2026-01-02,Facebook Ads,hotmail.com,35-44,Southwest
C007918,2026-05-06,paid_search,gmail.com,25-34,Northeast
C010130,2026-08-23,organic_search,gmail.com,45-54,West
C003280,2025-08-07,Google Ads,yahoo.com,25-34,Midwest
C008032,2026-05-22,paid_social,gmail.com,35-44,West
C003888,2025-10-23,Organic,icloud.com,45-54,Midwest
C010612,2026-08-20,paid_social,gmail.com,25-34,West
C006818,2026-03-26,paid_social,gmail.com,65+,Northeast
C009620,2026-07-01,paid_search,outlook.com,55-64,West
C007359,2026-04-04,paid_social,gmail.com,25-34,Northeast
C008745,2026-06-12,paid_search,comcast.net,25-34,West
C006767,2026-03-24,paid_social,gmail.com,35-44,West
C004132,2025-10-23,Podcast,yahoo.com,55-64,West
C003762,2025-09-28,Google Ads,outlook.com,35-44,Midwest
C004631,2025-11-29,Podcast,gmail.com,35-44,Northeast
C001616,2025-04-26,Facebook Ads,outlook.com,45-54,Midwest
C009603,2026-07-29,paid_search,comcast.net,35-44,Southeast
C009469,2026-07-12,referral,gmail.com,25-34,West
C007131,2026-04-27,podcast,gmail.com,65+,Northeast
C001218,2025-03-25,Facebook Ads,gmail.com,25-34,West
C001824,2025-05-26,Referral Program,gmail.com,45-54,Midwest
C008785,2026-06-17,paid_search,gmail.com,55-64,Southwest
C004182,2025-10-01,Google Ads,gmail.com,45-54,Northeast
C006445,2026-03-07,podcast,gmail.com,45-54,Southwest
C004835,2025-12-17,Organic,gmail.com,25-34,Northeast
C004908,2025-12-16,Organic,gmail.com,45-54,Northeast
C006944,2026-04-05,organic_search,gmail.com,45-54,Midwest
C007241,2026-04-25,paid_search,outlook.com,45-54,Northeast
C008670,2026-06-12,podcast,hotmail.com,35-44,Northeast
C008359,2026-05-17,paid_social,gmail.com,45-54,Southwest
C009617,2026-07-10,paid_search,icloud.com,45-54,Southeast
C002504,2025-07-15,Organic,gmail.com,35-44,Southwest
C005513,2026-01-21,Podcast,outlook.com,45-54,Southwest
C000564,2025-02-21,Referral Program,gmail.com,35-44,West
C005597,2026-01-10,Google Ads,gmail.com,25-34,Southwest
C002060,2025-05-17,Facebook Ads,comcast.net,55-64,Midwest
C001402,2025-04-26,Referral Program,gmail.com,45-54,Southwest
C008946,2026-06-06,paid_social,gmail.com,35-44,Southeast
C003669,2025-09-10,Podcast,icloud.com,25-34,Midwest
C009559,2026-07-13,podcast,gmail.com,25-34,Northeast
C001830,2025-05-03,Referral Program,yahoo.com,35-44,Southeast
C001943,2025-05-29,Google Ads,gmail.com,35-44,West
C003132,2025-08-15,Referral Program,gmail.com,55-64,Midwest
C007240,2026-04-07,paid_search,yahoo.com,35-44,West
C001140,2025-03-25,Google Ads,outlook.com,35-44,Southeast
C007966,2026-05-21,paid_search,gmail.com,55-64,West
C006239,2026-03-25,organic_search,outlook.com,55-64,Southeast
C002956,2025-08-22,Organic,gmail.com,35-44,Northeast
C003691,2025-09-29,Google Ads,gmail.com,55-64,West
C010988,2026-08-19,paid_social,gmail.com,65+,Southeast
C000827,2025-03-27,Organic,gmail.com,45-54,Midwest
C011379,2025-10-06,Organic,harbormoney.com,65+,West
C003927,2025-10-30,Organic,outlook.com,35-44,Southwest
C011067,2026-09-09,organic_search,gmail.com,35-44,Southwest
C006242,2026-03-31,organic_search,gmail.com,45-54,West
C010257,2026-08-20,organic_search,outlook.com,25-34,Southeast
C008450,2026-06-05,organic_search,gmail.com,35-44,Southeast
C006339,2026-03-08,referral,gmail.com,25-34,West
C002431,2025-06-05,Facebook Ads,yahoo.com,45-54,West
C010591,2026-08-09,paid_social,gmail.com,35-44,Northeast
C010880,2026-08-25,paid_social,icloud.com,25-34,Midwest
C007745,2026-05-12,organic_search,icloud.com,25-34,Midwest
C004166,2025-10-31,Google Ads,yahoo.com,45-54,Northeast
C002977,2025-08-11,Organic,gmail.com,65+,West
C004049,2025-10-22,Referral Program,icloud.com,25-34,Southeast
C004682,2025-11-11,Google Ads,outlook.com,55-64,Southeast
C006742,2026-03-02,paid_social,gmail.com,45-54,Northeast
C003805,2025-09-05,Facebook Ads,proton.me,55-64,Midwest
C011001,2026-08-26,paid_social,gmail.com,35-44,Southwest
C008759,2026-06-30,paid_search,gmail.com,45-54,West
C002435,2025-06-25,Facebook Ads,gmail.com,35-44,West
C000640,2025-02-04,Podcast,gmail.com,55-64,Southeast
C011175,2026-09-09,paid_search,icloud.com,35-44,West
C003519,2025-09-10,Organic,hotmail.com,45-54,Southeast
C004163,2025-10-06,Google Ads,gmail.com,45-54,Northeast
C004338,2025-10-19,Facebook Ads,outlook.com,35-44,Northeast
C002666,2025-07-20,Referral Program,outlook.com,45-54,Midwest
C011125,2026-09-02,podcast,yahoo.com,45-54,Midwest
C008020,2026-05-12,paid_social,outlook.com,25-34,Midwest
C002626,2025-07-03,Organic,yahoo.com,35-44,West
C009550,2026-07-27,podcast,hotmail.com,35-44,West
C001211,2025-03-12,Facebook Ads,gmail.com,25-34,Southeast
C008512,2026-06-03,organic_search,yahoo.com,35-44,West
C002094,2025-05-14,Facebook Ads,yahoo.com,45-54,Southeast
C005789,2026-02-28,organic_search,gmail.com,25-34,Southwest
C000091,2025-01-16,Organic,gmail.com,35-44,West
C004696,2025-11-26,Google Ads,yahoo.com,35-44,Midwest
C009746,2026-07-08,paid_social,comcast.net,45-54,Midwest
C008491,2026-06-22,organic_search,gmail.com,45-54,Southeast
C007399,2026-04-06,paid_social,gmail.com,55-64,Northeast
C010022,2026-07-16,paid_social,comcast.net,35-44,Midwest
C010070,2026-07-10,paid_social,gmail.com,35-44,West
C004925,2025-12-17,Organic,yahoo.com,35-44,Southeast
C010474,2026-08-10,paid_search,proton.me,25-34,West
C003934,2025-10-17,Organic,comcast.net,55-64,Southwest
C002041,2025-05-02,Facebook Ads,proton.me,45-54,Southwest
C009414,2026-07-14,organic_search,yahoo.com,35-44,Southeast
C006318,2026-03-08,organic_search,gmail.com,35-44,Southeast
C007858,2026-05-10,podcast,icloud.com,25-34,West
C001959,2025-05-24,Google Ads,gmail.com,45-54,Southeast
C011302,2026-09-13,paid_social,gmail.com,25-34,Northeast
C002747,2025-07-09,Podcast,gmail.com,55-64,Southeast
C005261,2025-12-26,Facebook Ads,outlook.com,55-64,Southeast
C007464,2026-04-26,,gmail.com,45-54,Northeast
C002116,2025-06-02,Organic,outlook.com,35-44,Southwest
C005279,2025-12-04,Facebook Ads,gmail.com,35-44,West
C005838,2026-02-15,organic_search,gmail.com,25-34,Midwest
C005073,2025-12-17,Podcast,icloud.com,35-44,Northeast
C003345,2025-08-15,Facebook Ads,gmail.com,65+,Northeast
C002789,2025-07-17,Google Ads,gmail.com,25-34,Southwest
C003781,2025-09-27,Facebook Ads,gmail.com,45-54,Midwest
C007454,2026-04-13,paid_social,yahoo.com,35-44,Midwest
C006901,2026-04-09,organic_search,gmail.com,35-44,Northeast
C002886,2025-07-21,Facebook Ads,gmail.com,35-44,Southwest
C005110,2025-12-09,Google Ads,comcast.net,55-64,Midwest
C010834,2026-08-30,paid_social,gmail.com,25-34,Southeast
C009504,2026-07-09,referral,outlook.com,45-54,West
C007621,2026-04-02,paid_social,comcast.net,35-44,Southeast
C008460,2026-06-13,organic_search,hotmail.com,25-34,West
C005525,2026-01-10,Podcast,yahoo.com,35-44,West
C009007,2026-06-20,paid_social,icloud.com,25-34,Midwest
C004159,2025-10-21,Google Ads,gmail.com,35-44,West
C005385,2026-01-12,Organic,gmail.com,35-44,Southeast
C002251,2025-06-14,Referral Program,gmail.com,45-54,West
C001571,2025-04-08,Google Ads,yahoo.com,25-34,Midwest
C010832,2026-08-14,paid_social,gmail.com,45-54,West
C009977,2026-07-17,paid_social,hotmail.com,55-64,Midwest
C001706,2025-05-11,Organic,gmail.com,45-54,Northeast
C007506,2026-04-03,paid_social,gmail.com,35-44,West
C001879,2025-05-06,Referral Program,gmail.com,65+,Midwest
C000481,2025-02-16,Organic,yahoo.com,35-44,Southeast
C009127,2026-06-20,paid_social,hotmail.com,35-44,Midwest
C000309,2025-01-02,Google Ads,comcast.net,55-64,Northeast
C008885,2026-06-02,paid_social,gmail.com,45-54,Midwest
C010876,2026-08-24,paid_social,icloud.com,35-44,Southeast
C003814,2025-09-03,Facebook Ads,comcast.net,35-44,Northeast
C005306,2026-01-21,Organic,gmail.com,45-54,Northeast
C002220,2025-06-22,Referral Program,gmail.com,25-34,Midwest
C008843,2026-06-19,paid_social,outlook.com,35-44,Southwest
C004554,2025-11-27,Referral Program,gmail.com,35-44,Southeast
C002363,2025-06-11,Google Ads,gmail.com,45-54,West
C005442,2026-01-05,Referral Program,outlook.com,25-34,Midwest
C000723,2025-02-13,Google Ads,yahoo.com,25-34,Northeast
C000920,2025-03-20,Organic,gmail.com,45-54,Southwest
C001051,2025-03-15,Podcast,gmail.com,55-64,West
C001810,2025-05-05,Organic,gmail.com,35-44,Southwest
C009053,2026-06-23,paid_social,proton.me,35-44,Northeast
C010037,2026-07-14,paid_social,gmail.com,25-34,Midwest
C001226,2025-03-23,Facebook Ads,gmail.com,55-64,Northeast
C003006,2025-08-08,Organic,comcast.net,25-34,West
C010794,2026-08-07,paid_social,yahoo.com,35-44,Southwest
C007200,2026-04-02,paid_search,outlook.com,45-54,Southwest
C001960,2025-05-08,Google Ads,hotmail.com,45-54,West
C002240,2025-06-07,Referral Program,comcast.net,25-34,Midwest
C004290,2025-10-28,Facebook Ads,icloud.com,65+,Midwest
C009164,2026-06-16,paid_social,gmail.com,55-64,Southeast
C007116,2026-04-17,podcast,outlook.com,35-44,Southwest
C003521,2025-09-16,Organic,yahoo.com,25-34,Southeast
C008763,2026-06-17,paid_search,outlook.com,65+,West
C008985,2026-06-11,paid_social,hotmail.com,45-54,Northeast
C003950,2025-10-16,Organic,proton.me,25-34,Southeast
C002715,2025-07-17,Podcast,gmail.com,55-64,Southeast
C009341,2026-07-09,organic_search,yahoo.com,35-44,Midwest
C010893,2026-08-30,paid_social,outlook.com,35-44,Southeast
C006413,2026-03-18,podcast,gmail.com,25-34,Southwest
C001794,2025-05-05,Organic,gmail.com,55-64,Northeast
C002776,2025-07-01,Google Ads,gmail.com,35-44,West
C007055,2026-04-09,referral,gmail.com,25-34,Northeast
C002056,2025-05-03,Facebook Ads,comcast.net,35-44,Midwest
C010867,2026-08-26,paid_social,gmail.com,45-54,Northeast
C001414,2025-04-19,Referral Program,hotmail.com,55-64,Midwest
C010426,2026-08-28,podcast,gmail.com,45-54,Midwest
C000618,2025-02-03,Podcast,outlook.com,45-54,West
C007822,2026-05-09,referral,yahoo.com,45-54,Southeast
C000626,2025-02-15,Podcast,yahoo.com,45-54,West
C004825,2025-12-12,Organic,gmail.com,45-54,Southwest
C009615,2026-07-11,paid_search,gmail.com,25-34,Southwest
C008159,2026-05-24,paid_social,outlook.com,35-44,Midwest
C010838,2026-08-28,paid_social,icloud.com,45-54,Northeast
C010587,2026-08-22,paid_social,comcast.net,45-54,West
C000015,2025-01-28,Organic,gmail.com,65+,Northeast
C000317,2025-01-16,Google Ads,gmail.com,45-54,Northeast
C005584,2026-01-20,Google Ads,gmail.com,35-44,Northeast
C001053,2025-03-11,Podcast,gmail.com,45-54,Southeast
C003503,2025-09-27,Organic,gmail.com,25-34,Southeast
C009431,2026-07-14,referral,comcast.net,25-34,Northeast
C006098,2026-02-04,paid_search,gmail.com,25-34,Southwest
C004823,2025-12-02,Organic,outlook.com,35-44,Midwest
C006847,2026-03-08,paid_social,hotmail.com,35-44,Northeast
C000566,2025-02-20,Referral Program,gmail.com,55-64,Midwest
C001486,2025-04-09,Podcast,gmail.com,35-44,West
C000846,2025-03-25,Organic,icloud.com,45-54,Southeast
C008880,2026-06-10,paid_social,icloud.com,25-34,Southwest
C001030,2025-03-01,Podcast,hotmail.com,45-54,West
C010777,2026-08-04,paid_social,gmail.com,55-64,Southeast
C004493,2025-11-02,Organic,gmail.com,45-54,Southeast
C002291,2025-06-07,Podcast,hotmail.com,35-44,West
C004244,2025-10-18,Google Ads,icloud.com,35-44,Northeast
C009381,2026-07-08,organic_search,proton.me,45-54,Northeast
C010288,2026-08-08,referral,gmail.com,45-54,Southwest
C004589,2025-11-26,Podcast,yahoo.com,55-64,Midwest
C001506,2025-04-06,Podcast,icloud.com,35-44,Northeast
C011220,2026-09-01,paid_social,gmail.com,35-44,Southwest
C009133,2026-06-07,paid_social,gmail.com,45-54,Midwest
C002091,2025-05-16,Facebook Ads,icloud.com,35-44,Northeast
C003052,2025-08-13,Organic,yahoo.com,55-64,West
C008555,2026-06-20,referral,yahoo.com,25-34,West
C001775,2025-05-25,Organic,proton.me,35-44,Southeast
C008154,2026-05-20,paid_social,gmail.com,35-44,Midwest
C006873,2026-04-01,organic_search,yahoo.com,25-34,Southeast
C008453,2026-06-07,organic_search,gmail.com,65+,Northeast
C001901,2025-05-28,Podcast,gmail.com,45-54,Southeast
C002641,2025-07-13,Referral Program,gmail.com,35-44,West
C001411,2025-04-25,Referral Program,outlook.com,55-64,Northeast
C002124,2025-06-11,Organic,yahoo.com,45-54,Southeast
C008263,2026-05-15,paid_social,gmail.com,45-54,Northeast
C009218,2026-06-13,paid_social,gmail.com,25-34,Midwest
C001689,2025-05-02,Organic,hotmail.com,25-34,Southwest
C005151,2025-12-02,Google Ads,hotmail.com,35-44,Southeast
C011247,2026-09-13,paid_social,gmail.com,35-44,West
C007402,2026-04-12,paid_social,yahoo.com,45-54,Southeast
C010795,2026-08-10,paid_social,gmail.com,55-64,Southeast
C005038,2025-12-26,Referral Program,hotmail.com,25-34,Northeast
C008381,2026-05-13,paid_social,gmail.com,55-64,Northeast
C007318,2026-04-27,paid_social,icloud.com,35-44,West
C011341,2026-09-06,paid_social,gmail.com,35-44,Northeast
C007414,2026-04-12,paid_social,yahoo.com,55-64,Midwest
C009312,2026-06-03,paid_social,outlook.com,25-34,Northeast
C003344,2025-08-11,Facebook Ads,comcast.net,35-44,Southwest
C002555,2025-07-23,Organic,gmail.com,65+,Southeast
C007658,2026-05-08,organic_search,yahoo.com,25-34,Southwest
C001536,2025-04-08,Google Ads,gmail.com,35-44,West
C006566,2026-03-09,paid_search,comcast.net,35-44,Southwest
C001264,2025-04-03,Organic,gmail.com,55-64,Northeast
C006438,2026-03-22,podcast,icloud.com,35-44,Northeast
C003975,2025-10-15,Organic,gmail.com,45-54,Midwest
C007871,2026-05-09,podcast,gmail.com,25-34,Midwest
C009075,2026-06-03,paid_social,hotmail.com,35-44,West
C008542,2026-06-13,organic_search,gmail.com,25-34,West
C009100,2026-06-04,paid_social,icloud.com,45-54,West
C003561,2025-09-01,Referral Program,gmail.com,45-54,Southwest
C002683,2025-07-27,Referral Program,gmail.com,25-34,Southeast
C008500,2026-06-28,organic_search,gmail.com,35-44,Southeast
C010598,2026-08-05,paid_social,gmail.com,35-44,Midwest
C004852,2025-12-13,Organic,gmail.com,35-44,Southeast
C003411,2025-09-01,Organic,gmail.com,25-34,West
C000942,2025-03-23,Organic,comcast.net,45-54,Southwest
C005055,2025-12-26,Podcast,icloud.com,35-44,West
C005801,2026-02-23,organic_search,gmail.com,65+,Southeast
C011251,2026-09-12,paid_social,gmail.com,35-44,Southeast
C001304,2025-04-15,Organic,gmail.com,35-44,Northeast
C008280,2026-05-09,paid_social,yahoo.com,45-54,West
C011424,2026-05-07,organic_search,harbormoney.com,35-44,Northeast
C007984,2026-05-18,paid_social,yahoo.com,45-54,Midwest
C001115,2025-03-25,Google Ads,gmail.com,25-34,Southeast
C006426,2026-03-30,podcast,comcast.net,55-64,Southeast
C004762,2025-11-09,Facebook Ads,gmail.com,35-44,Southeast
C007145,2026-04-05,podcast,hotmail.com,35-44,Midwest
C009004,2026-06-12,paid_social,gmail.com,35-44,Southeast
C004731,2025-11-03,Facebook Ads,gmail.com,35-44,Southwest
C009038,2026-06-29,paid_social,icloud.com,45-54,Northeast
C003112,2025-08-01,Referral Program,gmail.com,35-44,Southwest
C004842,2025-12-22,Organic,gmail.com,35-44,Midwest
C006261,2026-03-02,organic_search,proton.me,25-34,Midwest
C004879,2025-12-24,Organic,proton.me,35-44,West
C000692,2025-02-14,Google Ads,gmail.com,45-54,Southeast
C011065,2026-09-14,organic_search,comcast.net,35-44,Southeast
C003305,2025-08-06,Google Ads,comcast.net,35-44,Northeast
C008325,2026-05-30,paid_social,gmail.com,65+,Southeast
C004468,2025-11-03,Organic,yahoo.com,35-44,Southeast
C002344,2025-06-21,Google Ads,gmail.com,35-44,Southeast
C004794,2025-11-24,Facebook Ads,hotmail.com,45-54,West
C001086,2025-03-25,Google Ads,gmail.com,45-54,Southeast
C004739,2025-11-02,Facebook Ads,hotmail.com,35-44,Northeast
C007254,2026-04-24,paid_social,gmail.com,55-64,Northeast
C000621,2025-02-23,Podcast,outlook.com,35-44,Southwest
C010372,2026-08-08,podcast,proton.me,25-34,Southwest
C009959,2026-07-29,paid_social,gmail.com,55-64,West
C003787,2025-09-12,Facebook Ads,gmail.com,35-44,Northeast
C011431,2025-04-13,Organic,harbormoney.com,55-64,Midwest
C006003,2026-02-24,podcast,gmail.com,35-44,West
C006503,2026-03-18,paid_search,yahoo.com,35-44,Northeast
C001719,2025-05-01,Organic,comcast.net,25-34,Southwest
C004413,2025-11-03,Organic,gmail.com,25-34,West
C008303,2026-05-06,paid_social,yahoo.com,35-44,Southeast
C009156,2026-06-04,paid_social,yahoo.com,45-54,West
C008324,2026-05-12,,icloud.com,25-34,West
C003394,2025-08-09,Facebook Ads,comcast.net,45-54,Southwest
C008445,2026-06-02,organic_search,gmail.com,25-34,West
C004402,2025-11-10,Organic,outlook.com,25-34,Northeast
C010943,2026-08-27,paid_social,yahoo.com,35-44,West
C001483,2025-04-14,Podcast,gmail.com,35-44,Southwest
C005991,2026-02-19,podcast,gmail.com,25-34,West
C003540,2025-09-01,Referral Program,gmail.com,25-34,Midwest
C002614,2025-07-10,Organic,gmail.com,45-54,West
C002638,2025-07-02,Referral Program,gmail.com,25-34,Southeast
C010219,2026-08-22,organic_search,gmail.com,35-44,Northeast
C001847,2025-05-29,Referral Program,comcast.net,35-44,Southwest
C006691,2026-03-22,paid_social,yahoo.com,45-54,Southeast
C005024,2025-12-02,Referral Program,gmail.com,25-34,West
C010901,2026-08-01,paid_social,yahoo.com,35-44,Midwest
C009758,2026-07-03,paid_social,gmail.com,45-54,Southeast
C000307,2025-01-14,Google Ads,gmail.com,45-54,West
C005739,2026-01-18,Facebook Ads,gmail.com,25-34,Northeast
C002402,2025-06-03,Google Ads,gmail.com,45-54,West
C000712,2025-02-23,Google Ads,gmail.com,45-54,West
C000980,2025-03-13,Referral Program,gmail.com,45-54,Midwest
C011290,2026-09-14,paid_social,gmail.com,35-44,Southeast
C003694,2025-09-29,Google Ads,gmail.com,25-34,Southwest
C000371,2025-01-26,Facebook Ads,proton.me,45-54,Southeast
C008611,2026-06-12,referral,gmail.com,25-34,West
C003897,2025-10-10,Organic,yahoo.com,55-64,Northeast
C008896,2026-06-23,paid_social,comcast.net,45-54,West
C001574,2025-04-18,Google Ads,gmail.com,55-64,West
C005899,2026-02-05,referral,gmail.com,35-44,Northeast
C010709,2026-08-13,paid_social,outlook.com,45-54,Northeast
C011139,2026-09-14,paid_search,icloud.com,45-54,Southwest
C006384,2026-03-22,referral,gmail.com,45-54,Southeast
C010914,2026-08-31,paid_social,gmail.com,35-44,Southeast
C005335,2026-01-18,Organic,icloud.com,55-64,West
C001566,2025-04-04,Google Ads,gmail.com,25-34,Northeast
C005552,2026-01-05,Podcast,icloud.com,35-44,Midwest
C007456,2026-04-30,paid_social,gmail.com,45-54,Southwest
C004054,2025-10-11,Referral Program,gmail.com,35-44,West
C010271,2026-08-27,organic_search,yahoo.com,25-34,Midwest
C003569,2025-09-09,Referral Program,gmail.com,35-44,West
C008650,2026-06-28,podcast,icloud.com,25-34,West
C004490,2025-11-17,Organic,gmail.com,35-44,Northeast
C011417,2025-01-01,Organic,harbormoney.com,65+,Southeast
C000949,2025-03-28,Referral Program,hotmail.com,35-44,Northeast
C002962,2025-08-22,Organic,hotmail.com,25-34,Northeast
C011320,2026-09-10,paid_social,gmail.com,55-64,Southwest
C006135,2026-02-17,paid_social,gmail.com,35-44,Southwest
C005962,2026-02-12,podcast,gmail.com,35-44,Southeast
C008238,2026-05-21,paid_social,outlook.com,45-54,Southeast
C007059,2026-04-15,referral,gmail.com,25-34,Northeast
C003885,2025-10-10,Organic,gmail.com,55-64,West
C005229,2025-12-11,Facebook Ads,gmail.com,45-54,Northeast
C008891,2026-06-11,paid_social,icloud.com,25-34,Southwest
C002935,2025-07-30,Facebook Ads,gmail.com,25-34,West
C003100,2025-08-06,Referral Program,comcast.net,25-34,Southeast
C010270,2026-08-23,organic_search,outlook.com,35-44,Northeast
C005402,2026-01-01,Organic,gmail.com,25-34,Northeast
C006043,2026-02-28,paid_search,gmail.com,25-34,Southeast
C006759,2026-03-03,paid_social,hotmail.com,45-54,Northeast
C000321,2025-01-07,Google Ads,gmail.com,25-34,Southwest
C005923,2026-02-21,referral,gmail.com,55-64,Northeast
C004040,2025-10-14,Referral Program,icloud.com,45-54,Northeast
C001848,2025-05-16,Referral Program,gmail.com,55-64,Northeast
C009690,2026-07-15,paid_social,gmail.com,55-64,Southwest
C006163,2026-02-07,paid_social,gmail.com,25-34,West
C007905,2026-05-10,paid_search,hotmail.com,65+,Midwest
C009145,2026-06-25,paid_social,gmail.com,45-54,West
C001021,2025-03-05,Referral Program,yahoo.com,25-34,Southeast
C000440,2025-02-08,Organic,comcast.net,45-54,Northeast
C007487,2026-04-10,paid_social,icloud.com,55-64,Northeast
C002032,2025-05-29,Facebook Ads,gmail.com,35-44,Northeast
C004814,2025-12-15,Organic,comcast.net,25-34,Southeast
C002398,2025-06-04,Google Ads,gmail.com,45-54,Northeast
C009578,2026-07-10,paid_search,comcast.net,45-54,Southeast
C004294,2025-10-22,Facebook Ads,gmail.com,55-64,Southwest
C006665,2026-03-10,paid_social,gmail.com,25-34,Northeast
C007028,2026-04-22,referral,gmail.com,35-44,Southeast
C007235,2026-04-22,paid_search,outlook.com,55-64,Northeast
C011185,2026-09-03,paid_search,hotmail.com,55-64,West
C006696,2026-03-07,paid_social,gmail.com,35-44,Southeast
C006082,2026-02-03,paid_search,comcast.net,25-34,Southwest
C005127,2025-12-11,Google Ads,gmail.com,25-34,West
C003706,2025-09-21,Google Ads,outlook.com,35-44,Midwest
C007076,2026-04-08,referral,gmail.com,35-44,West
C008367,2026-05-07,paid_social,gmail.com,45-54,Southwest
C008807,2026-06-29,paid_search,gmail.com,65+,Northeast
C001163,2025-03-19,Google Ads,gmail.com,35-44,West
C010034,2026-07-18,paid_social,yahoo.com,35-44,West
C005061,2025-12-15,Podcast,gmail.com,35-44,Northeast
C004670,2025-11-03,Google Ads,gmail.com,35-44,Midwest
C006832,2026-03-16,paid_social,gmail.com,55-64,Northeast
C008827,2026-06-05,paid_social,yahoo.com,55-64,Northeast
C006574,2026-03-17,paid_search,yahoo.com,25-34,Southwest
C004534,2025-11-08,Referral Program,outlook.com,35-44,Northeast
C004491,2025-11-23,Organic,gmail.com,45-54,Midwest
C002930,2025-07-06,Facebook Ads,gmail.com,25-34,Southwest
C005521,2026-01-13,Podcast,outlook.com,25-34,West
C006689,2026-03-30,paid_social,yahoo.com,35-44,West
C007938,2026-05-10,paid_search,outlook.com,35-44,West
C008962,2026-06-08,paid_social,gmail.com,45-54,West
C000629,2025-02-28,Podcast,icloud.com,45-54,Southeast
C001111,2025-03-07,Google Ads,gmail.com,35-44,Southwest
C009433,2026-07-27,referral,gmail.com,25-34,West
C005105,2025-12-06,Google Ads,outlook.com,65+,Southeast
C010220,2026-08-12,organic_search,icloud.com,25-34,Northeast
C009807,2026-07-14,paid_social,gmail.com,45-54,Northeast
C008981,2026-06-17,paid_social,proton.me,35-44,Southeast
C000704,2025-02-27,Google Ads,yahoo.com,45-54,Southeast
C003172,2025-08-09,Podcast,outlook.com,55-64,Northeast
C008824,2026-06-24,paid_social,gmail.com,35-44,Northeast
C001360,2025-04-01,Organic,gmail.com,45-54,Northeast
C003410,2025-09-28,Organic,gmail.com,55-64,Midwest
C011229,2026-09-01,paid_social,comcast.net,45-54,Southeast
C009262,2026-06-04,paid_social,gmail.com,35-44,West
C010687,2026-08-12,paid_social,gmail.com,45-54,Southeast
C001718,2025-05-06,Organic,gmail.com,35-44,Midwest
C011289,2026-09-10,paid_social,comcast.net,45-54,Southwest
C007065,2026-04-15,referral,gmail.com,35-44,Southeast
C000883,2025-03-18,Organic,gmail.com,25-34,West
C005226,2025-12-02,Facebook Ads,gmail.com,45-54,Northeast
C003745,2025-09-26,Google Ads,icloud.com,65+,Northeast
C000933,2025-03-11,Organic,gmail.com,25-34,West
C009013,2026-06-25,paid_social,gmail.com,35-44,Northeast
C000589,2025-02-14,Referral Program,gmail.com,35-44,Southwest
C010507,2026-08-04,paid_search,gmail.com,65+,Southeast
C006687,2026-03-17,paid_social,gmail.com,55-64,Midwest
C002648,2025-07-13,Referral Program,hotmail.com,35-44,Midwest
C001577,2025-04-28,Google Ads,gmail.com,35-44,West
C004576,2025-11-09,Podcast,gmail.com,35-44,Northeast
C007507,2026-04-03,paid_social,outlook.com,35-44,West
C001658,2025-04-28,Facebook Ads,gmail.com,55-64,Northeast
C002965,2025-08-19,Organic,yahoo.com,55-64,West
C004424,2025-11-18,Organic,gmail.com,35-44,Northeast
C007698,2026-05-29,organic_search,gmail.com,65+,Midwest
C010160,2026-08-26,organic_search,outlook.com,25-34,Southeast
C007013,2026-04-20,organic_search,gmail.com,55-64,Southeast
C000129,2025-01-24,Referral Program,gmail.com,35-44,Northeast
C004443,2025-11-13,Organic,gmail.com,35-44,Northeast
C010255,2026-08-06,organic_search,gmail.com,25-34,West
C006215,2026-03-22,organic_search,gmail.com,55-64,Southwest
C009938,2026-07-26,paid_social,icloud.com,35-44,West
C003529,2025-09-28,Organic,comcast.net,35-44,West
C008108,2026-05-07,paid_social,gmail.com,35-44,Northeast
C008115,2026-05-25,paid_social,outlook.com,55-64,Northeast
C003105,2025-08-05,Referral Program,outlook.com,35-44,West
C003565,2025-09-01,Referral Program,gmail.com,35-44,Southeast
C002500,2025-07-28,Organic,gmail.com,25-34,West
C010421,2026-08-16,podcast,gmail.com,45-54,Southwest
C003066,2025-08-05,Organic,gmail.com,45-54,Northeast
C008504,2026-06-08,organic_search,icloud.com,35-44,Midwest
C008660,2026-06-06,podcast,outlook.com,25-34,Midwest
C010390,2026-08-18,podcast,hotmail.com,55-64,Midwest
C009848,2026-07-24,paid_social,gmail.com,45-54,Southeast
C008788,2026-06-30,paid_search,gmail.com,25-34,Northeast
C008767,2026-06-15,paid_search,gmail.com,45-54,Southeast
C006815,2026-03-25,paid_social,gmail.com,25-34,Southwest
C008731,2026-06-23,paid_search,gmail.com,45-54,Southeast
C001372,2025-04-04,Organic,outlook.com,45-54,Southwest
C001444,2025-04-26,Referral Program,gmail.com,45-54,West
C005729,2026-01-15,Facebook Ads,proton.me,45-54,Southwest
C008265,2026-05-12,paid_social,gmail.com,55-64,West
C007600,2026-04-08,paid_social,icloud.com,55-64,Southeast
C003877,2025-10-01,Organic,hotmail.com,25-34,Northeast
C007056,2026-04-10,referral,gmail.com,25-34,Midwest
C004070,2025-10-05,Referral Program,proton.me,45-54,Northeast
C001639,2025-04-06,Facebook Ads,gmail.com,45-54,Southeast
C003274,2025-08-29,Google Ads,hotmail.com,55-64,Southwest
C010002,2026-07-10,paid_social,icloud.com,55-64,Northeast
C005189,2025-12-08,Google Ads,outlook.com,55-64,West
C002054,2025-05-11,Facebook Ads,gmail.com,55-64,Northeast
C010639,2026-08-04,paid_social,icloud.com,25-34,Southeast
C009670,2026-07-11,paid_search,icloud.com,35-44,Northeast
C008320,2026-05-20,paid_social,comcast.net,45-54,Southeast
C009300,2026-06-20,paid_social,icloud.com,35-44,Northeast
C001790,2025-05-06,Organic,yahoo.com,45-54,West
C002028,2025-05-03,Google Ads,outlook.com,45-54,Southwest
C007808,2026-05-19,referral,hotmail.com,35-44,Midwest
C006803,2026-03-07,paid_social,yahoo.com,55-64,Southeast
C001991,2025-05-17,Google Ads,comcast.net,45-54,Southeast
C001386,2025-04-15,Referral Program,icloud.com,35-44,Southwest
C007556,2026-04-04,paid_social,gmail.com,45-54,Midwest
C001549,2025-04-26,Google Ads,gmail.com,25-34,West
C006861,2026-04-14,organic_search,gmail.com,25-34,Midwest
C002888,2025-07-20,Facebook Ads,gmail.com,35-44,Southeast
C010899,2026-08-10,paid_social,gmail.com,35-44,West
C011008,2026-09-11,organic_search,yahoo.com,45-54,Northeast
C003435,2025-09-24,Organic,hotmail.com,25-34,Southeast
C003383,2025-08-05,Facebook Ads,yahoo.com,25-34,Midwest
C010970,2026-08-25,paid_social,gmail.com,35-44,Southeast
C000319,2025-01-23,Google Ads,hotmail.com,25-34,Northeast
C002135,2025-06-26,Organic,gmail.com,35-44,Midwest
C005081,2025-12-01,Podcast,comcast.net,25-34,West
C008257,2026-05-06,paid_social,yahoo.com,45-54,West
C006485,2026-03-28,podcast,gmail.com,25-34,West
C002845,2025-07-30,Google Ads,gmail.com,35-44,Midwest
C009186,2026-06-04,paid_social,gmail.com,45-54,Southeast
C000180,2025-01-05,Referral Program,gmail.com,45-54,Southwest
C001964,2025-05-20,Google Ads,gmail.com,65+,Midwest
C008062,2026-05-06,paid_social,gmail.com,35-44,West
C008393,2026-05-04,paid_social,gmail.com,25-34,Northeast
C010519,2026-08-11,paid_search,yahoo.com,35-44,Northeast
C011342,2026-06-01,organic_search,harbormoney.com,65+,West
C007919,2026-05-21,paid_search,gmail.com,35-44,West
C009683,2026-07-02,paid_search,yahoo.com,55-64,West
C004907,2025-12-14,Organic,yahoo.com,35-44,Southwest
C009584,2026-07-03,paid_search,gmail.com,25-34,West
C009654,2026-07-21,paid_search,hotmail.com,45-54,Southwest
C006692,2026-03-18,paid_social,gmail.com,45-54,Southeast
C001872,2025-05-13,Referral Program,hotmail.com,35-44,Midwest
C008156,2026-05-31,paid_social,gmail.com,35-44,West
C004360,2025-11-01,Organic,gmail.com,45-54,West
C008369,2026-05-29,paid_social,gmail.com,45-54,West
C001247,2025-03-16,Facebook Ads,gmail.com,45-54,Southwest
C001234,2025-03-14,Facebook Ads,gmail.com,45-54,Northeast
C006432,2026-03-14,podcast,gmail.com,35-44,Southeast
C002545,2025-07-27,Organic,comcast.net,25-34,Northeast
C002592,2025-07-21,,comcast.net,45-54,Midwest
C009739,2026-07-05,paid_social,outlook.com,35-44,Southwest
C010286,2026-08-20,referral,gmail.com,25-34,Southeast
C011204,2026-09-12,paid_social,gmail.com,45-54,West
C007463,2026-04-27,paid_social,gmail.com,35-44,Northeast
C004801,2025-11-15,Facebook Ads,gmail.com,25-34,Midwest
C003425,2025-09-06,Organic,outlook.com,35-44,Southeast
C008498,2026-06-22,organic_search,icloud.com,35-44,Southwest
C000917,2025-03-06,Organic,hotmail.com,25-34,Northeast
C007566,2026-04-13,paid_social,gmail.com,35-44,West
C009354,2026-07-24,organic_search,comcast.net,35-44,Southeast
C003607,2025-09-19,Referral Program,gmail.com,35-44,Midwest
C001442,2025-04-18,Referral Program,icloud.com,55-64,Midwest
C001671,2025-04-17,Facebook Ads,proton.me,35-44,Southwest
C003404,2025-08-20,,gmail.com,45-54,Southwest
C004238,2025-10-28,Google Ads,gmail.com,35-44,Southeast
C002758,2025-07-03,Podcast,yahoo.com,25-34,Northeast
C007002,2026-04-29,organic_search,gmail.com,35-44,Northeast
C003460,2025-09-12,Organic,gmail.com,45-54,West
C000240,2025-01-28,Podcast,gmail.com,55-64,Southwest
C008717,2026-06-04,paid_search,gmail.com,45-54,Midwest
C001892,2025-05-27,Podcast,gmail.com,55-64,West
C008801,2026-06-19,paid_search,gmail.com,35-44,Northeast
C001499,2025-04-16,Podcast,yahoo.com,25-34,Southwest
C007320,2026-04-16,paid_social,gmail.com,35-44,Southeast
C001918,2025-05-11,Podcast,gmail.com,45-54,Northeast
C010435,2026-08-13,paid_search,proton.me,45-54,Southeast
C008407,2026-06-18,organic_search,yahoo.com,35-44,Northeast
C007017,2026-04-24,organic_search,gmail.com,45-54,Northeast
C010997,2026-08-25,paid_social,gmail.com,45-54,West
C003981,2025-10-18,Organic,gmail.com,45-54,Southeast
C001137,2025-03-08,Google Ads,hotmail.com,25-34,West
C000661,2025-02-10,Google Ads,gmail.com,35-44,Southeast
C003899,2025-10-04,Organic,outlook.com,45-54,West
C010229,2026-08-09,organic_search,gmail.com,25-34,Northeast
C008850,2026-06-18,paid_social,outlook.com,45-54,Southeast
C007568,2026-04-28,paid_social,icloud.com,65+,Midwest
C002445,2025-06-17,Facebook Ads,outlook.com,45-54,Southeast
C009885,2026-07-06,paid_social,gmail.com,25-34,Southeast
C008604,2026-06-17,referral,gmail.com,45-54,Midwest
C010246,2026-08-11,organic_search,gmail.com,55-64,West
C007853,2026-05-27,,hotmail.com,45-54,West
C008647,2026-06-16,podcast,outlook.com,25-34,Southwest
C003385,2025-08-13,Facebook Ads,gmail.com,25-34,Southeast
C000259,2025-01-23,Google Ads,gmail.com,55-64,West
C004895,2025-12-13,Organic,gmail.com,35-44,Southeast
C001221,2025-03-01,Facebook Ads,gmail.com,45-54,West
C004708,2025-11-08,Google Ads,yahoo.com,55-64,Northeast
C010079,2026-07-21,paid_social,gmail.com,35-44,Southwest
C004068,2025-10-11,Referral Program,gmail.com,65+,Southwest
C003332,2025-08-07,Facebook Ads,icloud.com,55-64,Northeast
C011151,2026-09-12,paid_search,yahoo.com,35-44,West
C003849,2025-09-21,Facebook Ads,gmail.com,65+,Northeast
C000480,2025-02-13,Organic,gmail.com,55-64,Southeast
C004149,2025-10-24,Podcast,yahoo.com,35-44,Midwest
C003794,2025-09-16,Facebook Ads,icloud.com,35-44,Northeast
C002089,2025-05-25,Facebook Ads,comcast.net,35-44,Midwest
C008657,2026-06-14,podcast,proton.me,25-34,West
C001552,2025-04-02,Google Ads,yahoo.com,55-64,Southeast
C008436,2026-06-11,organic_search,gmail.com,25-34,Southwest
C005419,2026-01-27,Organic,gmail.com,35-44,Southeast
C010780,2026-08-24,paid_social,icloud.com,45-54,West
C002538,2025-07-21,Organic,gmail.com,35-44,West
C008169,2026-05-01,paid_social,comcast.net,45-54,Midwest
C006289,2026-03-14,organic_search,outlook.com,35-44,Midwest
C006000,2026-02-09,podcast,icloud.com,55-64,Northeast
C000505,2025-02-27,Organic,gmail.com,45-54,Midwest
C001166,2025-03-29,Google Ads,hotmail.com,55-64,Southwest
C010576,2026-08-21,paid_social,yahoo.com,25-34,West
C009581,2026-07-03,paid_search,gmail.com,45-54,Midwest
C000997,2025-03-01,Referral Program,gmail.com,35-44,Southwest
C002991,2025-08-08,Organic,hotmail.com,65+,West
C008978,2026-06-29,paid_social,gmail.com,45-54,Southwest
C004659,2025-11-26,Google Ads,gmail.com,35-44,Southwest
C010904,2026-08-12,paid_social,gmail.com,35-44,West
C002757,2025-07-03,Podcast,gmail.com,35-44,Northeast
C010088,2026-07-26,paid_social,yahoo.com,45-54,Northeast
C011088,2026-09-09,referral,gmail.com,55-64,Southeast
C011259,2026-09-10,paid_social,icloud.com,55-64,Southeast
C004331,2025-10-20,Facebook Ads,gmail.com,25-34,Midwest
C004755,2025-11-23,Facebook Ads,yahoo.com,35-44,Southwest
C007222,2026-04-02,paid_search,proton.me,25-34,Southwest
C011198,2026-09-10,paid_social,gmail.com,25-34,Southeast
C010234,2026-08-19,organic_search,gmail.com,55-64,Southeast
C000167,2025-01-04,Referral Program,icloud.com,55-64,Southwest
C005961,2026-02-08,podcast,icloud.com,25-34,Northeast
C003019,2025-08-31,Organic,gmail.com,45-54,Southeast
C006697,2026-03-22,paid_social,gmail.com,35-44,Northeast
C004326,2025-10-07,Facebook Ads,hotmail.com,35-44,Southeast
C006454,2026-03-23,podcast,yahoo.com,45-54,Northeast
C007418,2026-04-27,paid_social,proton.me,25-34,Northeast
C005572,2026-01-18,Google Ads,gmail.com,55-64,Southwest
C009701,2026-07-10,paid_social,gmail.com,35-44,Southeast
C006313,2026-03-14,organic_search,icloud.com,55-64,West
C001415,2025-04-28,Referral Program,gmail.com,45-54,Northeast
C001849,2025-05-26,Referral Program,outlook.com,55-64,Northeast
C010698,2026-08-17,paid_social,gmail.com,55-64,West
C004241,2025-10-01,Google Ads,gmail.com,45-54,Southeast
C007915,2026-05-08,paid_search,gmail.com,35-44,Southeast
C002276,2025-06-23,Podcast,gmail.com,35-44,Southeast
C002796,2025-07-20,Google Ads,gmail.com,35-44,West
C001479,2025-04-08,Podcast,comcast.net,35-44,Northeast
C004595,2025-11-21,Podcast,gmail.com,65+,Northeast
C011144,2026-09-07,paid_search,gmail.com,65+,Northeast
C003451,2025-09-04,Organic,gmail.com,35-44,Southwest
C004643,2025-11-22,Google Ads,gmail.com,55-64,West
C000086,2025-01-22,Organic,outlook.com,25-34,Southeast
C005220,2025-12-24,Facebook Ads,icloud.com,45-54,Southwest
C001882,2025-05-20,Podcast,gmail.com,35-44,Northeast
C010905,2026-08-07,paid_social,gmail.com,45-54,Southwest
C011046,2026-09-03,organic_search,gmail.com,35-44,Midwest
C008237,2026-05-24,paid_social,gmail.com,45-54,Southeast
C002292,2025-06-03,Podcast,gmail.com,45-54,Northeast
C010569,2026-08-10,paid_social,icloud.com,45-54,West
C011056,2026-09-04,organic_search,outlook.com,35-44,Southwest
C001556,2025-04-28,Google Ads,comcast.net,35-44,West
C008077,2026-05-23,paid_social,gmail.com,35-44,Midwest
C001470,2025-04-19,Podcast,icloud.com,25-34,Midwest
C006825,2026-03-14,paid_social,outlook.com,35-44,Southwest
C005309,2026-01-09,Organic,gmail.com,25-34,Southwest
C005733,2026-01-08,Facebook Ads,gmail.com,35-44,Southeast
C002624,2025-07-22,Organic,gmail.com,25-34,West
C002079,2025-05-25,Facebook Ads,yahoo.com,45-54,Midwest
C008414,2026-06-18,organic_search,comcast.net,35-44,Southwest
C002022,2025-05-08,Google Ads,comcast.net,65+,Southeast
C009570,2026-07-09,podcast,gmail.com,45-54,Southeast
C007603,2026-04-13,paid_social,gmail.com,35-44,Midwest
C005708,2026-01-18,Facebook Ads,gmail.com,35-44,Southeast
C009898,2026-07-15,paid_social,yahoo.com,25-34,Northeast
C004526,2025-11-17,Referral Program,gmail.com,35-44,Northeast
C002685,2025-07-12,Referral Program,gmail.com,45-54,Southwest
C001595,2025-04-02,Google Ads,outlook.com,65+,West
C003617,2025-09-13,Podcast,icloud.com,35-44,West
C001558,2025-04-16,Google Ads,icloud.com,45-54,Southwest
C004609,2025-11-21,Podcast,gmail.com,35-44,Southeast
C001100,2025-03-17,Google Ads,icloud.com,25-34,Southeast
C001356,2025-04-28,Organic,gmail.com,45-54,West
C008326,2026-05-04,paid_social,gmail.com,35-44,Southwest
C008672,2026-06-30,podcast,hotmail.com,45-54,Southwest
C000156,2025-01-19,Referral Program,gmail.com,45-54,West
C001161,2025-03-10,Google Ads,gmail.com,35-44,Midwest
C000349,2025-01-31,Facebook Ads,gmail.com,35-44,Northeast
C002778,2025-07-25,Google Ads,gmail.com,65+,Southeast
C004401,2025-11-17,Organic,icloud.com,35-44,Southeast
C008100,2026-05-02,paid_social,gmail.com,55-64,Southeast
C007872,2026-05-14,podcast,gmail.com,45-54,Southeast
C010496,2026-08-30,paid_search,comcast.net,55-64,Northeast
C004784,2025-11-30,Facebook Ads,comcast.net,45-54,Southeast
C000212,2025-01-11,Podcast,gmail.com,25-34,West
C008193,2026-05-04,paid_social,gmail.com,55-64,Southeast
C005716,2026-01-22,Facebook Ads,gmail.com,55-64,West
C004060,2025-10-22,Referral Program,hotmail.com,45-54,Northeast
C007274,2026-04-18,paid_social,hotmail.com,55-64,Southeast
C009250,2026-06-20,paid_social,gmail.com,45-54,West
C003245,2025-08-01,Google Ads,hotmail.com,35-44,West
C003153,2025-08-09,Referral Program,gmail.com,35-44,Midwest
C002710,2025-07-28,Podcast,hotmail.com,65+,Southeast
C004339,2025-10-23,Facebook Ads,gmail.com,35-44,West
C008535,2026-06-06,organic_search,proton.me,35-44,Southeast
C010096,2026-07-19,paid_social,gmail.com,25-34,Southeast
C009072,2026-06-18,paid_social,outlook.com,55-64,Southeast
C000193,2025-01-28,Podcast,gmail.com,45-54,Northeast
C002426,2025-06-27,Facebook Ads,gmail.com,45-54,West
C001531,2025-04-16,Google Ads,icloud.com,35-44,Midwest
C010915,2026-08-20,paid_social,yahoo.com,35-44,Northeast
C008337,2026-05-12,paid_social,gmail.com,35-44,West
C001696,2025-05-04,Organic,icloud.com,35-44,Southeast
C009260,2026-06-28,paid_social,icloud.com,25-34,Southeast
C010760,2026-08-21,paid_social,gmail.com,55-64,Midwest
C008823,2026-06-01,paid_social,gmail.com,55-64,Northeast
C003920,2025-10-28,Organic,gmail.com,35-44,Southwest
C001071,2025-03-31,Podcast,gmail.com,45-54,Northeast
C010028,2026-07-31,paid_social,gmail.com,55-64,Midwest
C010177,2026-08-01,organic_search,comcast.net,45-54,Southeast
C001765,2025-05-12,Organic,gmail.com,25-34,Midwest
C004735,2025-11-30,Facebook Ads,gmail.com,45-54,Midwest
C007036,2026-04-14,referral,outlook.com,35-44,Northeast
C010404,2026-08-26,podcast,gmail.com,35-44,Southwest
C006034,2026-02-09,paid_search,icloud.com,25-34,Southwest
C002383,2025-06-02,Google Ads,gmail.com,25-34,Southeast
C002590,2025-07-16,Organic,icloud.com,45-54,West
C007470,2026-04-24,paid_social,yahoo.com,45-54,West
C008493,2026-06-05,organic_search,icloud.com,55-64,Midwest
C001704,2025-05-11,Organic,outlook.com,45-54,West
C010442,2026-08-10,paid_search,gmail.com,35-44,Northeast
C005020,2025-12-13,Referral Program,hotmail.com,25-34,Southwest
C007883,2026-05-03,podcast,gmail.com,35-44,Midwest
C006181,2026-02-19,paid_social,icloud.com,45-54,Midwest
C000335,2025-01-22,Facebook Ads,icloud.com,45-54,Southeast
C009655,2026-07-21,paid_search,gmail.com,25-34,Midwest
C010650,2026-08-18,paid_social,yahoo.com,35-44,Southeast
C003518,2025-09-02,Organic,hotmail.com,35-44,Southeast
C011031,2026-09-13,organic_search,icloud.com,55-64,West
C001622,2025-04-13,Facebook Ads,gmail.com,35-44,Midwest
C003764,2025-09-15,Google Ads,gmail.com,35-44,Southeast
C006334,2026-03-16,organic_search,yahoo.com,35-44,Northeast
C009984,2026-07-16,paid_social,gmail.com,35-44,Midwest
C000946,2025-03-23,Referral Program,icloud.com,25-34,Midwest
C005407,2026-01-16,Organic,gmail.com,35-44,Midwest
C005976,2026-02-28,podcast,hotmail.com,45-54,Southwest
C000926,2025-03-18,Organic,gmail.com,45-54,Northeast
C008892,2026-06-01,paid_social,gmail.com,45-54,Northeast
C008215,2026-05-04,paid_social,gmail.com,35-44,West
C002296,2025-06-30,Podcast,icloud.com,35-44,Midwest
C006625,2026-03-21,paid_social,gmail.com,45-54,Midwest
C006030,2026-02-01,paid_search,gmail.com,25-34,Southwest
C002872,2025-07-08,Google Ads,outlook.com,65+,West
C007357,2026-04-10,,gmail.com,25-34,West
C009183,2026-06-29,paid_social,gmail.com,35-44,West
C003403,2025-08-29,Facebook Ads,hotmail.com,35-44,West
C010099,2026-07-19,paid_social,gmail.com,35-44,Southeast
C010585,2026-08-28,paid_social,yahoo.com,25-34,West
C009097,2026-06-24,paid_social,yahoo.com,35-44,Southeast
C010165,2026-08-14,organic_search,gmail.com,45-54,Northeast
C007141,2026-04-14,podcast,outlook.com,35-44,Southwest
C004601,2025-11-08,Podcast,outlook.com,35-44,Northeast
C006499,2026-03-04,paid_search,gmail.com,45-54,Southeast
C004474,2025-11-02,Organic,comcast.net,25-34,Northeast
C009822,2026-07-03,paid_social,comcast.net,45-54,West
C006317,2026-03-30,organic_search,hotmail.com,45-54,Midwest
C007617,2026-04-25,paid_social,gmail.com,45-54,West
C001732,2025-05-05,Organic,yahoo.com,55-64,Midwest
C003554,2025-09-29,Referral Program,hotmail.com,35-44,Southwest
C001607,2025-04-08,Facebook Ads,gmail.com,25-34,Midwest
C003638,2025-09-04,Podcast,icloud.com,45-54,West
C003287,2025-08-15,Google Ads,gmail.com,25-34,West
C000581,2025-02-13,Referral Program,gmail.com,55-64,Midwest
C006208,2026-03-15,organic_search,hotmail.com,45-54,Southwest
C006394,2026-03-18,referral,yahoo.com,25-34,Southeast
C000365,2025-01-08,Facebook Ads,gmail.com,55-64,West
C006090,2026-02-06,paid_search,proton.me,35-44,Southwest
C010814,2026-08-17,paid_social,gmail.com,35-44,Northeast
C004955,2025-12-24,Referral Program,gmail.com,35-44,Southeast
C000671,2025-02-07,Google Ads,gmail.com,45-54,Midwest
C003551,2025-09-10,Referral Program,gmail.com,45-54,Southwest
C010574,2026-08-04,paid_social,gmail.com,45-54,West
C009529,2026-07-31,podcast,yahoo.com,45-54,Midwest
C009546,2026-07-26,podcast,gmail.com,25-34,West
C000951,2025-03-23,Referral Program,gmail.com,55-64,Southeast
C004868,2025-12-18,Organic,gmail.com,65+,Northeast
C005830,2026-02-03,organic_search,icloud.com,25-34,Southeast
C007386,2026-04-02,paid_social,gmail.com,45-54,West
C005937,2026-02-09,referral,gmail.com,25-34,West
C002360,2025-06-21,Google Ads,gmail.com,45-54,West
C003634,2025-09-20,Podcast,gmail.com,45-54,Northeast
C002450,2025-06-29,Facebook Ads,icloud.com,45-54,Midwest
C010835,2026-08-02,paid_social,proton.me,45-54,Midwest
C005769,2026-02-10,organic_search,gmail.com,25-34,Southeast
C003402,2025-08-04,Facebook Ads,gmail.com,55-64,Midwest
C000159,2025-01-23,Referral Program,gmail.com,45-54,Southwest
C009810,2026-07-04,paid_social,gmail.com,55-64,Southwest
C002838,2025-07-24,Google Ads,gmail.com,25-34,West
C004849,2025-12-22,Organic,icloud.com,35-44,Southeast
C007827,2026-05-27,referral,gmail.com,25-34,Northeast
C004387,2025-11-09,Organic,gmail.com,35-44,West
C006653,2026-03-04,paid_social,gmail.com,35-44,Southeast
C005776,2026-02-09,organic_search,gmail.com,25-34,Southeast
C009713,2026-07-07,paid_social,gmail.com,25-34,Northeast
C000442,2025-02-22,Organic,outlook.com,45-54,Southwest
C011020,2026-09-04,organic_search,outlook.com,45-54,Southwest
C009080,2026-06-26,paid_social,gmail.com,25-34,Northeast
C000514,2025-02-10,Organic,icloud.com,35-44,West
C008071,2026-05-19,paid_social,yahoo.com,25-34,Southeast
C002587,2025-07-21,Organic,gmail.com,35-44,Southeast
C003496,2025-09-14,Organic,icloud.com,35-44,Midwest
C001944,2025-05-07,Google Ads,gmail.com,35-44,Northeast
C000448,2025-02-19,Organic,icloud.com,35-44,Midwest
C006586,2026-03-17,paid_social,gmail.com,25-34,Midwest
C011074,2026-09-04,referral,icloud.com,45-54,Northeast
C002260,2025-06-02,Referral Program,gmail.com,55-64,Northeast
C004269,2025-10-26,Facebook Ads,gmail.com,35-44,Northeast
C007438,2026-04-21,paid_social,gmail.com,25-34,Southeast
C003324,2025-08-28,Facebook Ads,gmail.com,35-44,West
C003567,2025-09-11,Referral Program,yahoo.com,35-44,Northeast
C001887,2025-05-24,Podcast,gmail.com,25-34,Midwest
C009791,2026-07-14,paid_social,gmail.com,45-54,Northeast
C004071,2025-10-20,Referral Program,yahoo.com,65+,Southeast
C010846,2026-08-05,paid_social,outlook.com,45-54,Northeast
C002772,2025-07-20,Google Ads,icloud.com,55-64,West
C008884,2026-06-16,paid_social,gmail.com,45-54,Midwest
C004677,2025-11-03,Google Ads,comcast.net,35-44,Southwest
C003926,2025-10-04,Organic,yahoo.com,45-54,West
C002494,2025-06-03,Facebook Ads,outlook.com,25-34,Southwest
C010425,2026-08-30,podcast,gmail.com,35-44,Midwest
C009874,2026-07-16,paid_social,icloud.com,35-44,Midwest
C005272,2025-12-23,Facebook Ads,yahoo.com,25-34,Southwest
C004704,2025-11-29,Google Ads,yahoo.com,45-54,West
C007562,2026-04-25,paid_social,outlook.com,35-44,Southeast
C010807,2026-08-26,paid_social,gmail.com,25-34,Northeast
C005635,2026-01-14,Google Ads,gmail.com,35-44,Midwest
C007726,2026-05-22,organic_search,hotmail.com,35-44,Northeast
C006841,2026-03-12,paid_social,comcast.net,35-44,Southwest
C000517,2025-02-04,Organic,hotmail.com,25-34,Northeast
C006476,2026-03-27,podcast,gmail.com,35-44,Northeast
C005271,2025-12-25,Facebook Ads,gmail.com,35-44,Southwest
C008556,2026-06-14,referral,outlook.com,45-54,Midwest
C009090,2026-06-03,paid_social,icloud.com,45-54,Southwest
C010638,2026-08-03,paid_social,icloud.com,35-44,Southeast
C000127,2025-01-14,Referral Program,outlook.com,35-44,Southeast
C005429,2026-01-02,Referral Program,gmail.com,45-54,Southwest
C002498,2025-06-25,Facebook Ads,gmail.com,45-54,Midwest
C004549,2025-11-04,Referral Program,comcast.net,35-44,Northeast
C002128,2025-06-08,,gmail.com,45-54,Northeast
C001283,2025-04-04,Organic,yahoo.com,35-44,Midwest
C008527,2026-06-17,organic_search,hotmail.com,35-44,Southeast
C004527,2025-11-11,,gmail.com,55-64,West
C000268,2025-01-23,Google Ads,gmail.com,55-64,Midwest
C008179,2026-05-24,paid_social,comcast.net,35-44,Southwest
C001793,2025-05-06,Organic,gmail.com,45-54,West
C009305,2026-06-24,paid_social,outlook.com,35-44,Midwest
C001113,2025-03-09,Google Ads,yahoo.com,45-54,West
C006434,2026-03-01,podcast,outlook.com,45-54,Northeast
C008882,2026-06-11,paid_social,outlook.com,35-44,Midwest
C002527,2025-07-22,Organic,gmail.com,45-54,Southeast
C009913,2026-07-22,paid_social,comcast.net,55-64,Southeast
C008942,2026-06-15,paid_social,outlook.com,55-64,West
C001986,2025-05-03,Google Ads,gmail.com,25-34,West
C007654,2026-05-10,organic_search,yahoo.com,25-34,Southeast
C008969,2026-06-14,paid_social,gmail.com,65+,West
C005892,2026-02-19,referral,hotmail.com,65+,Northeast
C006716,2026-03-26,paid_social,gmail.com,55-64,Northeast
C011422,2025-09-11,Organic,harbormoney.com,25-34,Midwest
C009933,2026-07-22,paid_social,gmail.com,25-34,Northeast
C005829,2026-02-06,organic_search,gmail.com,45-54,West
C006233,2026-03-14,,yahoo.com,35-44,Southeast
C010742,2026-08-07,paid_social,yahoo.com,25-34,West
C003721,2025-09-22,Google Ads,gmail.com,45-54,Northeast
C006443,2026-03-21,podcast,proton.me,45-54,Southwest
C005959,2026-02-25,podcast,gmail.com,45-54,Southeast
C011155,2026-09-07,paid_search,comcast.net,25-34,Southeast
C009015,2026-06-06,paid_social,gmail.com,45-54,West
C006314,2026-03-15,organic_search,hotmail.com,35-44,Southwest
C005059,2025-12-25,Podcast,gmail.com,35-44,West
C003613,2025-09-28,Podcast,icloud.com,35-44,Southeast
C005481,2026-01-24,Referral Program,gmail.com,65+,Southwest
C005565,2026-01-17,Google Ads,gmail.com,35-44,Northeast
C005475,2026-01-11,Referral Program,gmail.com,35-44,West
C008044,2026-05-31,paid_social,gmail.com,65+,West
C002183,2025-06-11,Organic,comcast.net,25-34,Midwest
C010068,2026-07-14,paid_social,gmail.com,45-54,Northeast
C004465,2025-11-18,Organic,gmail.com,45-54,Northeast
C008550,2026-06-18,referral,icloud.com,35-44,Northeast
C005293,2026-01-16,Organic,yahoo.com,55-64,Northeast
C009770,2026-07-13,paid_social,gmail.com,45-54,Southwest
C006352,2026-03-07,referral,gmail.com,35-44,Midwest
C003056,2025-08-28,Organic,gmail.com,45-54,West
C008769,2026-06-23,paid_search,gmail.com,45-54,Northeast
C003405,2025-08-20,Facebook Ads,gmail.com,35-44,Southwest
C005541,2026-01-01,Podcast,icloud.com,45-54,Southeast
C007969,2026-05-21,paid_search,gmail.com,35-44,Southeast
C008278,2026-05-15,paid_social,outlook.com,35-44,Southeast
C000788,2025-02-28,Facebook Ads,outlook.com,55-64,West
C003205,2025-08-16,Podcast,proton.me,25-34,Northeast
C003544,2025-09-24,Referral Program,gmail.com,35-44,Southwest
C004066,2025-10-25,Referral Program,icloud.com,45-54,Midwest
C010232,2026-08-23,organic_search,gmail.com,45-54,Southwest
C006048,2026-02-15,paid_search,outlook.com,35-44,Northeast
C005056,2025-12-04,Podcast,proton.me,35-44,Northeast
C007684,2026-05-16,organic_search,gmail.com,55-64,Northeast
C004375,2025-11-21,Organic,gmail.com,55-64,West
C011451,2026-05-02,organic_search,harbormoney.com,35-44,Southeast
C006058,2026-02-02,paid_search,comcast.net,45-54,Northeast
C007509,2026-04-01,paid_social,gmail.com,45-54,West
C009657,2026-07-18,paid_search,gmail.com,45-54,West
C008655,2026-06-29,podcast,gmail.com,35-44,Southeast
C011335,2026-09-01,paid_social,outlook.com,45-54,Northeast
C004307,2025-10-06,Facebook Ads,gmail.com,25-34,Northeast
C011456,2025-03-23,Organic,harbormoney.com,45-54,Northeast
C001699,2025-05-13,Organic,icloud.com,45-54,Midwest
C000045,2025-01-25,Organic,yahoo.com,25-34,West
C001397,2025-04-29,Referral Program,gmail.com,35-44,West
C005798,2026-02-11,organic_search,outlook.com,35-44,Northeast
C004383,2025-11-01,Organic,proton.me,25-34,Midwest
C007637,2026-04-30,paid_social,gmail.com,45-54,Midwest
C005523,2026-01-05,Podcast,gmail.com,25-34,West
C001589,2025-04-23,Google Ads,outlook.com,45-54,West
C007781,2026-05-04,referral,gmail.com,25-34,Northeast
C003889,2025-10-09,Organic,hotmail.com,35-44,Southeast
C010310,2026-08-01,referral,proton.me,45-54,Southwest
C009688,2026-07-27,paid_social,outlook.com,35-44,Midwest
C008795,2026-06-02,paid_search,gmail.com,35-44,Southeast
C001269,2025-04-27,Organic,proton.me,25-34,Southeast
C009838,2026-07-05,paid_social,icloud.com,45-54,Midwest
C006490,2026-03-10,podcast,icloud.com,65+,West
C006940,2026-04-11,organic_search,icloud.com,35-44,West
C001744,2025-05-05,Organic,gmail.com,55-64,Northeast
C008789,2026-06-10,paid_search,icloud.com,25-34,Southeast
C002332,2025-06-25,Google Ads,outlook.com,35-44,Southeast
C004298,2025-10-15,Facebook Ads,hotmail.com,35-44,Northeast
C005013,2025-12-16,Referral Program,outlook.com,55-64,Southeast
C002932,2025-07-21,Facebook Ads,gmail.com,25-34,Midwest
C009179,2026-06-27,paid_social,gmail.com,35-44,Northeast
C002021,2025-05-07,Google Ads,yahoo.com,35-44,Northeast
C010117,2026-08-13,organic_search,gmail.com,45-54,Southeast
C009939,2026-07-12,paid_social,hotmail.com,25-34,Southwest
C003725,2025-09-21,Google Ads,gmail.com,35-44,Southwest
C010787,2026-08-09,paid_social,gmail.com,35-44,Northeast
C010917,2026-08-23,paid_social,gmail.com,45-54,Northeast
C001842,2025-05-12,Referral Program,yahoo.com,35-44,Southeast
C008994,2026-06-16,paid_social,comcast.net,35-44,Northeast
C006065,2026-02-24,paid_search,icloud.com,55-64,Southeast
C007230,2026-04-28,paid_search,gmail.com,45-54,Southwest
C010486,2026-08-22,paid_search,gmail.com,35-44,Northeast
C010811,2026-08-01,paid_social,gmail.com,45-54,Southwest
C009675,2026-07-13,paid_search,gmail.com,35-44,Southeast
C010291,2026-08-23,referral,gmail.com,45-54,Midwest
C002722,2025-07-05,Podcast,yahoo.com,35-44,Northeast
C002315,2025-06-01,Podcast,outlook.com,35-44,Northeast
C006590,2026-03-28,paid_social,gmail.com,45-54,Northeast
C009691,2026-07-13,paid_social,gmail.com,45-54,Midwest
C004284,2025-10-13,Facebook Ads,gmail.com,45-54,Southwest
C008029,2026-05-31,paid_social,yahoo.com,25-34,Northeast
C009963,2026-07-02,paid_social,gmail.com,35-44,West
C010923,2026-08-07,paid_social,gmail.com,35-44,Southwest
C008372,2026-05-16,paid_social,gmail.com,25-34,Northeast
C007171,2026-04-04,paid_search,gmail.com,25-34,Southeast
C003471,2025-09-18,Organic,outlook.com,35-44,West
C008038,2026-05-07,paid_social,gmail.com,25-34,Northeast
C004104,2025-10-13,Podcast,gmail.com,55-64,Southeast
C010892,2026-08-09,paid_social,gmail.com,55-64,Northeast
C010115,2026-08-15,organic_search,icloud.com,35-44,Northeast
C007300,2026-04-16,paid_social,gmail.com,45-54,West
C002204,2025-06-17,Referral Program,gmail.com,25-34,West
C010921,2026-08-10,paid_social,gmail.com,25-34,Northeast
C007109,2026-04-19,podcast,yahoo.com,35-44,Northeast
C010704,2026-08-10,paid_social,gmail.com,45-54,Southeast
C008610,2026-06-28,referral,gmail.com,55-64,Midwest
C002846,2025-07-24,Google Ads,gmail.com,35-44,Midwest
C010314,2026-08-14,referral,gmail.com,25-34,Northeast
C011351,2025-08-04,Organic,harbormoney.com,35-44,Southeast
C005032,2025-12-28,Referral Program,gmail.com,45-54,Southeast
C007348,2026-04-15,paid_social,gmail.com,45-54,Southwest
C010603,2026-08-13,paid_social,proton.me,35-44,Southeast
C001240,2025-03-12,Facebook Ads,gmail.com,25-34,Southwest
C000026,2025-01-27,Organic,icloud.com,45-54,Midwest
C000918,2025-03-06,Organic,gmail.com,45-54,West
C003475,2025-09-12,Organic,gmail.com,25-34,Southeast
C004118,2025-10-26,Podcast,proton.me,25-34,Southwest
C009249,2026-06-16,paid_social,gmail.com,25-34,Northeast
C002572,2025-07-28,Organic,gmail.com,45-54,Southwest
C000325,2025-01-10,Google Ads,gmail.com,35-44,Southwest
C009216,2026-06-29,paid_social,yahoo.com,35-44,Northeast
C002145,2025-06-12,Organic,yahoo.com,35-44,West
C002969,2025-08-16,Organic,icloud.com,35-44,Southeast
C003088,2025-08-07,Referral Program,outlook.com,35-44,Northeast
C002750,2025-07-12,Podcast,gmail.com,35-44,Southeast
C001814,2025-05-16,Referral Program,gmail.com,45-54,Southwest
C003960,2025-10-21,Organic,gmail.com,35-44,Midwest
C010575,2026-08-02,paid_social,hotmail.com,55-64,Northeast
C002197,2025-06-09,Organic,gmail.com,55-64,Midwest
C002808,2025-07-17,Google Ads,gmail.com,35-44,West
C001660,2025-04-13,Facebook Ads,icloud.com,45-54,Southeast
C009499,2026-07-08,referral,gmail.com,45-54,Southwest
C001809,2025-05-12,Organic,gmail.com,65+,Southeast
C008509,2026-06-05,organic_search,gmail.com,35-44,West
C009385,2026-07-21,organic_search,gmail.com,45-54,Northeast
C009649,2026-07-13,paid_search,gmail.com,35-44,Midwest
C006897,2026-04-04,organic_search,gmail.com,35-44,Northeast
C008416,2026-06-14,organic_search,gmail.com,35-44,Southwest
C005001,2025-12-19,Referral Program,comcast.net,65+,Northeast
C002304,2025-06-27,Podcast,gmail.com,55-64,West
C001691,2025-05-07,Organic,outlook.com,45-54,Northeast
C007935,2026-05-01,paid_search,hotmail.com,35-44,Northeast
C010159,2026-08-07,organic_search,yahoo.com,35-44,Southeast
C004117,2025-10-11,Podcast,gmail.com,25-34,Southwest
C009165,2026-06-19,paid_social,gmail.com,45-54,Midwest
C008506,2026-06-05,organic_search,gmail.com,35-44,Midwest
C005283,2025-12-15,Facebook Ads,icloud.com,55-64,West
C003559,2025-09-09,Referral Program,gmail.com,35-44,West
C007717,2026-05-10,organic_search,gmail.com,25-34,Southeast
C000100,2025-01-19,Organic,gmail.com,25-34,Southwest
C010581,2026-08-07,paid_social,gmail.com,25-34,Northeast
C010689,2026-08-09,paid_social,outlook.com,35-44,Southeast
C000425,2025-02-07,Organic,gmail.com,45-54,Northeast
C000297,2025-01-15,Google Ads,gmail.com,25-34,West
C006602,2026-03-29,paid_social,hotmail.com,35-44,West
C011021,2026-09-14,organic_search,gmail.com,45-54,Northeast
C008627,2026-06-03,,icloud.com,35-44,Southwest
C003277,2025-08-03,Google Ads,gmail.com,55-64,West
C009476,2026-07-14,referral,gmail.com,45-54,Northeast
C001169,2025-03-18,Facebook Ads,icloud.com,25-34,West
C009153,2026-06-16,paid_social,gmail.com,65+,Southeast
C004282,2025-10-10,Facebook Ads,gmail.com,35-44,Midwest
C005555,2026-01-23,Podcast,outlook.com,25-34,Midwest
C001271,2025-04-19,Organic,outlook.com,25-34,Northeast
C005372,2026-01-03,Organic,outlook.com,45-54,West
C002871,2025-07-08,Google Ads,gmail.com,35-44,West
C002874,2025-07-29,Facebook Ads,outlook.com,45-54,Southeast
C002163,2025-06-26,Organic,gmail.com,35-44,Midwest
C005300,2026-01-26,Organic,gmail.com,35-44,Northeast
C007095,2026-04-30,podcast,outlook.com,55-64,West
C009642,2026-07-25,paid_search,gmail.com,45-54,Southeast
C009763,2026-07-12,paid_social,icloud.com,35-44,Midwest
C008426,2026-06-30,organic_search,icloud.com,35-44,West
C007763,2026-05-16,referral,gmail.com,55-64,Northeast
C003662,2025-09-11,Podcast,gmail.com,35-44,Southeast
C003891,2025-10-07,Organic,outlook.com,25-34,West
C011391,2025-06-01,Organic,harbormoney.com,45-54,Northeast
C010983,2026-08-08,paid_social,yahoo.com,45-54,Midwest
C010057,2026-07-06,paid_social,gmail.com,35-44,West
C001844,2025-05-18,Referral Program,outlook.com,55-64,Northeast
C009021,2026-06-27,paid_social,gmail.com,25-34,Southeast
C001293,2025-04-19,Organic,gmail.com,35-44,Midwest
C002605,2025-07-03,Organic,comcast.net,35-44,Southeast
C009785,2026-07-03,paid_social,proton.me,25-34,Midwest
C005778,2026-02-24,organic_search,gmail.com,35-44,Northeast
C006092,2026-02-05,paid_search,hotmail.com,35-44,Northeast
C001891,2025-05-07,Podcast,gmail.com,35-44,West
C002497,2025-06-30,Facebook Ads,gmail.com,45-54,Midwest
C008259,2026-05-24,paid_social,gmail.com,35-44,Midwest
C002857,2025-07-28,Google Ads,icloud.com,45-54,Southwest
C010254,2026-08-15,organic_search,icloud.com,35-44,Northeast
C001827,2025-05-15,Referral Program,gmail.com,45-54,Northeast
C007485,2026-04-30,paid_social,outlook.com,55-64,West
C005936,2026-02-08,referral,outlook.com,55-64,Northeast
C003351,2025-08-21,Facebook Ads,gmail.com,25-34,Southeast
C004179,2025-10-29,Google Ads,gmail.com,45-54,Midwest
C003622,2025-09-23,Podcast,comcast.net,45-54,Northeast
C008587,2026-06-16,referral,gmail.com,25-34,Midwest
C005239,2025-12-30,Facebook Ads,gmail.com,65+,Southwest
C005910,2026-02-14,referral,gmail.com,55-64,West
C000173,2025-01-10,Referral Program,gmail.com,25-34,Southwest
C007192,2026-04-25,paid_search,gmail.com,55-64,Midwest
C001480,2025-04-06,Podcast,gmail.com,45-54,Midwest
C003779,2025-09-14,,proton.me,45-54,Northeast
C004973,2025-12-14,Referral Program,gmail.com,45-54,West
C006902,2026-04-15,organic_search,comcast.net,25-34,West
C003555,2025-09-05,Referral Program,gmail.com,35-44,Southeast
C007882,2026-05-08,podcast,gmail.com,45-54,West
C000963,2025-03-01,Referral Program,gmail.com,55-64,Southeast
C009878,2026-07-14,paid_social,outlook.com,45-54,West
C000725,2025-02-12,Google Ads,outlook.com,55-64,Northeast
C011279,2026-09-03,paid_social,outlook.com,55-64,Midwest
C008929,2026-06-07,paid_social,proton.me,45-54,Northeast
C004453,2025-11-03,Organic,hotmail.com,45-54,Northeast
C007372,2026-04-13,paid_social,yahoo.com,25-34,Northeast
C009924,2026-07-08,paid_social,gmail.com,45-54,Southwest
C006972,2026-04-29,organic_search,outlook.com,35-44,West
C000687,2025-02-07,Google Ads,icloud.com,35-44,Northeast
C004837,2025-12-15,Organic,comcast.net,25-34,Midwest
C001404,2025-04-20,Referral Program,yahoo.com,25-34,Midwest
C000908,2025-03-13,Organic,icloud.com,35-44,Southeast
C006799,2026-03-09,paid_social,outlook.com,45-54,West
C003793,2025-09-19,Facebook Ads,hotmail.com,25-34,Midwest
C009491,2026-07-28,referral,gmail.com,55-64,Northeast
C004517,2025-11-29,Referral Program,gmail.com,65+,Southeast
C007105,2026-04-25,podcast,icloud.com,35-44,Southwest
C000648,2025-02-23,Podcast,yahoo.com,25-34,West
C006301,2026-03-10,organic_search,gmail.com,35-44,Northeast
C009263,2026-06-11,paid_social,icloud.com,35-44,Southwest
C006649,2026-03-16,paid_social,hotmail.com,35-44,Midwest
C001285,2025-04-09,Organic,proton.me,55-64,Northeast
C006924,2026-04-25,organic_search,gmail.com,55-64,Midwest
C011439,2025-01-13,Organic,harbormoney.com,45-54,Midwest
C001023,2025-03-13,Referral Program,gmail.com,25-34,Southwest
C007538,2026-04-01,,gmail.com,35-44,Southwest
C004634,2025-11-23,Podcast,gmail.com,35-44,Northeast
C008476,2026-06-16,organic_search,icloud.com,35-44,West
C002636,2025-07-14,Referral Program,outlook.com,25-34,West
C010180,2026-08-09,organic_search,hotmail.com,45-54,Southeast
C001829,2025-05-13,Referral Program,gmail.com,35-44,Southwest
C006004,2026-02-26,podcast,outlook.com,25-34,Southwest
C006711,2026-03-31,paid_social,gmail.com,35-44,Midwest
C009425,2026-07-01,organic_search,hotmail.com,45-54,Northeast
C004949,2025-12-26,Organic,yahoo.com,45-54,Northeast
C000393,2025-01-15,Facebook Ads,proton.me,35-44,Southeast
C003206,2025-08-07,Podcast,gmail.com,25-34,Midwest
C000267,2025-01-05,Google Ads,gmail.com,25-34,Southeast
C010993,2026-08-28,paid_social,comcast.net,65+,West
C010855,2026-08-09,paid_social,yahoo.com,45-54,Northeast
C002327,2025-06-09,Podcast,outlook.com,35-44,Southwest
C008794,2026-06-24,paid_search,gmail.com,55-64,Southeast
C004301,2025-10-22,Facebook Ads,gmail.com,25-34,Northeast
C005244,2025-12-15,Facebook Ads,icloud.com,35-44,Midwest
C009290,2026-06-14,paid_social,gmail.com,25-34,West
C010048,2026-07-11,paid_social,outlook.com,25-34,West
C007195,2026-04-20,paid_search,gmail.com,55-64,West
C010082,2026-07-06,paid_social,outlook.com,35-44,Northeast
C003504,2025-09-15,Organic,outlook.com,55-64,Midwest
C005386,2026-01-17,Organic,gmail.com,45-54,West
C005467,2026-01-03,Referral Program,outlook.com,25-34,Midwest
C010885,2026-08-04,paid_social,gmail.com,45-54,Northeast
C005890,2026-02-09,referral,comcast.net,35-44,Northeast
C006120,2026-02-12,paid_search,yahoo.com,35-44,Southwest
C002186,2025-06-21,Organic,gmail.com,35-44,Southeast
C007665,2026-05-10,organic_search,outlook.com,35-44,Southwest
C002676,2025-07-09,Referral Program,outlook.com,35-44,Midwest
C000036,2025-01-23,Organic,gmail.com,45-54,Southeast
C004374,2025-11-05,Organic,outlook.com,45-54,Northeast
C007351,2026-04-30,paid_social,gmail.com,45-54,West
C010798,2026-08-29,paid_social,gmail.com,25-34,West
C008340,2026-05-20,paid_social,gmail.com,55-64,Midwest
C007666,2026-05-29,organic_search,comcast.net,35-44,Southeast
C004181,2025-10-02,Google Ads,gmail.com,55-64,West
C011102,2026-09-09,referral,icloud.com,45-54,West
C007914,2026-05-17,paid_search,outlook.com,25-34,West
C003807,2025-09-25,Facebook Ads,gmail.com,45-54,West
C005365,2026-01-29,Organic,proton.me,25-34,Midwest
C010676,2026-08-22,paid_social,gmail.com,35-44,Midwest
C007111,2026-04-05,podcast,yahoo.com,35-44,Northeast
C005902,2026-02-03,referral,outlook.com,25-34,Northeast
C007928,2026-05-03,paid_search,outlook.com,55-64,Northeast
C007796,2026-05-01,referral,gmail.com,25-34,Northeast
C002176,2025-06-04,Organic,proton.me,35-44,West
C005553,2026-01-27,Podcast,gmail.com,65+,Northeast
C005200,2025-12-12,Google Ads,gmail.com,35-44,Southeast
C009672,2026-07-23,paid_search,gmail.com,45-54,Midwest
C009914,2026-07-23,paid_social,icloud.com,35-44,Midwest
C005586,2026-01-10,Google Ads,gmail.com,45-54,Southeast
C000008,2025-01-04,,proton.me,55-64,West
C008844,2026-06-17,paid_social,gmail.com,55-64,Midwest
C004802,2025-11-27,Facebook Ads,gmail.com,45-54,Southeast
C000950,2025-03-21,Referral Program,comcast.net,45-54,Northeast
C009407,2026-07-27,,hotmail.com,35-44,West
C000774,2025-02-09,Facebook Ads,gmail.com,35-44,Midwest
C010351,2026-08-18,referral,gmail.com,35-44,West
C008063,2026-05-03,paid_social,icloud.com,35-44,Southeast
C003060,2025-08-30,Organic,icloud.com,25-34,Southwest
C010035,2026-07-31,paid_social,gmail.com,25-34,Midwest
C003531,2025-09-29,Organic,hotmail.com,25-34,Northeast
C005515,2026-01-27,Podcast,gmail.com,25-34,Midwest
C005102,2025-12-23,Google Ads,outlook.com,45-54,Southeast
C003756,2025-09-02,,yahoo.com,25-34,Midwest
C005126,2025-12-10,Google Ads,gmail.com,45-54,Midwest
C002093,2025-05-08,Facebook Ads,gmail.com,25-34,West
C010024,2026-07-07,paid_social,outlook.com,35-44,Midwest
C002270,2025-06-25,Podcast,gmail.com,45-54,West
C011330,2026-09-03,paid_social,gmail.com,45-54,Midwest
C002043,2025-05-06,Facebook Ads,hotmail.com,35-44,Northeast
C007077,2026-04-28,referral,icloud.com,35-44,Midwest
C005316,2026-01-29,Organic,gmail.com,55-64,Northeast
C002882,2025-07-07,Facebook Ads,gmail.com,35-44,Southeast
C007123,2026-04-09,podcast,gmail.com,55-64,West
C004507,2025-11-10,Referral Program,hotmail.com,55-64,West
C005356,2026-01-31,Organic,icloud.com,25-34,Southeast
C006324,2026-03-04,organic_search,icloud.com,35-44,Southeast
C001694,2025-05-23,Organic,outlook.com,25-34,Southwest
C011197,2026-09-02,paid_social,gmail.com,25-34,Southwest
C005869,2026-02-11,organic_search,outlook.com,45-54,Midwest
C003323,2025-08-16,Facebook Ads,outlook.com,35-44,Southwest
C010599,2026-08-23,paid_social,yahoo.com,35-44,Southeast
C004604,2025-11-09,Podcast,gmail.com,35-44,West
C010498,2026-08-12,paid_search,gmail.com,35-44,West
C009591,2026-07-02,paid_search,hotmail.com,45-54,Northeast
C008022,2026-05-19,paid_social,gmail.com,55-64,Southeast
C001342,2025-04-04,Organic,icloud.com,25-34,Midwest
C006104,2026-02-21,paid_search,gmail.com,45-54,Midwest
C005881,2026-02-17,organic_search,icloud.com,25-34,Southeast
C002708,2025-07-06,Podcast,yahoo.com,25-34,Northeast
C011224,2026-09-07,paid_social,gmail.com,25-34,West
C008814,2026-06-04,paid_social,gmail.com,65+,Northeast
C009644,2026-07-22,paid_search,gmail.com,25-34,Southeast
C001967,2025-05-21,Google Ads,yahoo.com,35-44,Midwest
C002735,2025-07-22,Podcast,yahoo.com,25-34,Northeast
C003476,2025-09-28,Organic,icloud.com,45-54,Southeast
C002434,2025-06-07,Facebook Ads,gmail.com,35-44,Southeast
C010431,2026-08-21,paid_search,gmail.com,55-64,Midwest
C010315,2026-08-22,referral,comcast.net,35-44,Northeast
C008009,2026-05-07,paid_social,gmail.com,55-64,Southeast
C008696,2026-06-02,podcast,yahoo.com,25-34,Midwest
C011303,2026-09-11,paid_social,icloud.com,55-64,Southwest
C002199,2025-06-26,Organic,yahoo.com,65+,Southwest
C008909,2026-06-06,paid_social,gmail.com,25-34,Southeast
C007819,2026-05-02,referral,outlook.com,55-64,Northeast
C001961,2025-05-12,Google Ads,gmail.com,65+,Southwest
C005287,2026-01-27,Organic,gmail.com,55-64,Northeast
C007578,2026-04-26,paid_social,gmail.com,35-44,Southeast
C005548,2026-01-03,Podcast,gmail.com,25-34,Northeast
C005018,2025-12-03,Referral Program,outlook.com,45-54,Southwest
C003731,2025-09-29,Google Ads,yahoo.com,25-34,West
C002692,2025-07-19,Referral Program,gmail.com,35-44,West
C003679,2025-09-20,Google Ads,proton.me,55-64,Midwest
C006724,2026-03-24,paid_social,icloud.com,45-54,West
C004624,2025-11-29,Podcast,gmail.com,45-54,West
C006409,2026-03-15,referral,gmail.com,55-64,West
C008037,2026-05-09,paid_social,gmail.com,45-54,West
C002083,2025-05-22,,gmail.com,45-54,Midwest
C006244,2026-03-19,organic_search,gmail.com,65+,Northeast
C011140,2026-09-13,paid_search,gmail.com,35-44,Midwest
C002121,2025-06-11,Organic,outlook.com,25-34,West
C008194,2026-05-23,paid_social,outlook.com,55-64,Northeast
C009724,2026-07-08,paid_social,gmail.com,35-44,Southeast
C006278,2026-03-01,organic_search,gmail.com,35-44,Southeast
C004065,2025-10-14,Referral Program,gmail.com,35-44,Northeast
C004519,2025-11-02,Referral Program,gmail.com,25-34,West
C002744,2025-07-12,Podcast,gmail.com,25-34,Southwest
C006306,2026-03-07,organic_search,gmail.com,25-34,Southeast
C006858,2026-03-14,paid_social,gmail.com,35-44,Midwest
C010106,2026-08-28,organic_search,outlook.com,65+,Midwest
C010821,2026-08-11,paid_social,gmail.com,45-54,Southwest
C004259,2025-10-20,Google Ads,outlook.com,25-34,West
C005492,2026-01-21,Referral Program,gmail.com,45-54,Southeast
C009735,2026-07-14,paid_social,gmail.com,25-34,West
C001090,2025-03-14,Google Ads,proton.me,35-44,Northeast
C001902,2025-05-30,Podcast,icloud.com,45-54,West
C009093,2026-06-19,paid_social,yahoo.com,45-54,Northeast
C003309,2025-08-09,Google Ads,gmail.com,35-44,Southeast
C006985,2026-04-12,organic_search,outlook.com,25-34,West
C004069,2025-10-31,Referral Program,icloud.com,55-64,West
C003241,2025-08-23,Google Ads,gmail.com,25-34,Southeast
C008685,2026-06-06,podcast,icloud.com,35-44,Midwest
C000815,2025-02-21,Facebook Ads,gmail.com,45-54,Northeast
C006234,2026-03-18,organic_search,outlook.com,45-54,Southwest
C004710,2025-11-04,,gmail.com,35-44,Northeast
C009383,2026-07-26,organic_search,gmail.com,25-34,West
C009669,2026-07-12,paid_search,proton.me,55-64,Southeast
C005884,2026-02-12,referral,comcast.net,45-54,Midwest
C000701,2025-02-22,Google Ads,hotmail.com,35-44,Northeast
C002002,2025-05-07,Google Ads,outlook.com,35-44,West
C010166,2026-08-06,organic_search,hotmail.com,25-34,Northeast
C011063,2026-09-04,organic_search,gmail.com,45-54,Midwest
C008181,2026-05-05,paid_social,hotmail.com,55-64,Midwest
C009223,2026-06-13,paid_social,yahoo.com,45-54,Southwest
C004543,2025-11-04,Referral Program,outlook.com,25-34,West
C002533,2025-07-29,,gmail.com,45-54,Northeast
C001647,2025-04-15,Facebook Ads,gmail.com,45-54,Southwest
C000911,2025-03-04,Organic,hotmail.com,25-34,Southeast
C009272,2026-06-05,paid_social,outlook.com,25-34,Midwest
C009475,2026-07-02,referral,outlook.com,35-44,Southeast
C009520,2026-07-24,podcast,gmail.com,45-54,Midwest
C006179,2026-02-26,paid_social,gmail.com,25-34,Northeast
C005632,2026-01-11,Google Ads,gmail.com,55-64,Midwest
C003315,2025-08-08,Google Ads,gmail.com,55-64,Northeast
C006667,2026-03-18,paid_social,comcast.net,35-44,Southwest
C000940,2025-03-15,Organic,gmail.com,55-64,Midwest
C005021,2025-12-10,Referral Program,outlook.com,45-54,Southeast
C002518,2025-07-23,Organic,gmail.com,35-44,West
C000804,2025-02-01,Facebook Ads,gmail.com,35-44,Northeast
C001888,2025-05-30,Podcast,gmail.com,25-34,West
C000766,2025-02-20,Facebook Ads,gmail.com,55-64,Southwest
C004504,2025-11-14,Referral Program,outlook.com,65+,Northeast
C006923,2026-04-05,organic_search,gmail.com,55-64,Southwest
C002033,2025-05-22,Facebook Ads,hotmail.com,35-44,Midwest
C011272,2026-09-01,paid_social,gmail.com,55-64,Southeast
C009325,2026-07-04,organic_search,outlook.com,45-54,Southeast
C011364,2026-03-13,organic_search,harbormoney.com,25-34,Northeast
C005349,2026-01-19,Organic,gmail.com,65+,Southwest
C005347,2026-01-28,,gmail.com,35-44,Southwest
C005932,2026-02-21,referral,gmail.com,25-34,Northeast
C006123,2026-02-17,paid_social,yahoo.com,55-64,Southeast
C009020,2026-06-11,paid_social,yahoo.com,65+,West
C002809,2025-07-24,Google Ads,outlook.com,45-54,Northeast
C010419,2026-08-07,podcast,gmail.com,45-54,West
C009311,2026-06-23,paid_social,yahoo.com,35-44,West
C009026,2026-06-05,,gmail.com,35-44,Southwest
C001533,2025-04-21,Google Ads,gmail.com,35-44,Southwest
C002487,2025-06-06,Facebook Ads,icloud.com,25-34,Southwest
C009400,2026-07-23,organic_search,gmail.com,35-44,Northeast
C010101,2026-07-24,paid_social,hotmail.com,45-54,Midwest
C006029,2026-02-13,paid_search,outlook.com,35-44,Northeast
C008523,2026-06-13,organic_search,gmail.com,35-44,West
C009376,2026-07-14,organic_search,gmail.com,25-34,Midwest
C004124,2025-10-10,Podcast,gmail.com,55-64,Northeast
C003171,2025-08-27,Podcast,outlook.com,25-34,West
C006002,2026-02-08,podcast,gmail.com,55-64,Northeast
C002953,2025-08-08,Organic,outlook.com,35-44,Northeast
C009663,2026-07-23,paid_search,yahoo.com,35-44,Northeast
C009845,2026-07-30,paid_social,gmail.com,25-34,Midwest
C008424,2026-06-23,organic_search,icloud.com,45-54,Southwest
C007084,2026-04-13,referral,gmail.com,65+,Northeast
C001298,2025-04-20,Organic,outlook.com,35-44,Midwest
C008538,2026-06-12,organic_search,comcast.net,35-44,West
C006134,2026-02-12,paid_social,hotmail.com,35-44,Southwest
C008459,2026-06-22,organic_search,icloud.com,45-54,Northeast
C003803,2025-09-21,Facebook Ads,gmail.com,35-44,Northeast
C009196,2026-06-07,paid_social,gmail.com,35-44,Southeast
C001726,2025-05-30,Organic,icloud.com,45-54,Midwest
C003600,2025-09-30,Referral Program,gmail.com,35-44,West
C007789,2026-05-24,referral,gmail.com,25-34,West
C009859,2026-07-15,paid_social,hotmail.com,45-54,Northeast
C006046,2026-02-19,paid_search,outlook.com,55-64,Southwest
C000415,2025-02-09,Organic,gmail.com,35-44,Southeast
C005408,2026-01-27,Organic,outlook.com,35-44,Southeast
C004511,2025-11-24,Referral Program,comcast.net,45-54,Southwest
C001299,2025-04-04,Organic,gmail.com,55-64,West
C010827,2026-08-24,paid_social,gmail.com,45-54,Southeast
C003772,2025-09-15,Facebook Ads,yahoo.com,35-44,Northeast
C000988,2025-03-31,Referral Program,comcast.net,25-34,Northeast
C004693,2025-11-27,Google Ads,gmail.com,25-34,West
C000205,2025-01-08,Podcast,gmail.com,35-44,West
C003643,2025-09-13,Podcast,icloud.com,25-34,Northeast
C009576,2026-07-17,paid_search,gmail.com,35-44,Midwest
C009022,2026-06-20,paid_social,gmail.com,55-64,Northeast
C009950,2026-07-19,paid_social,gmail.com,25-34,Southeast
C009894,2026-07-11,paid_social,gmail.com,25-34,Northeast
C007980,2026-05-17,paid_search,gmail.com,55-64,Northeast
C008583,2026-06-06,,yahoo.com,55-64,Southeast
C008694,2026-06-30,podcast,icloud.com,35-44,West
C003367,2025-08-17,Facebook Ads,gmail.com,25-34,Midwest
C010542,2026-08-01,paid_search,gmail.com,35-44,Southwest
C001721,2025-05-13,Organic,gmail.com,25-34,Northeast
C005791,2026-02-24,organic_search,yahoo.com,35-44,West
C004197,2025-10-16,Google Ads,gmail.com,45-54,Southeast
C003119,2025-08-28,Referral Program,proton.me,35-44,Southwest
C004031,2025-10-18,Referral Program,outlook.com,35-44,West
C011209,2026-09-07,paid_social,icloud.com,35-44,Southwest
C006879,2026-04-25,organic_search,gmail.com,55-64,Southeast
C001930,2025-05-22,Podcast,gmail.com,45-54,Northeast
C004050,2025-10-03,Referral Program,gmail.com,45-54,Northeast
C007502,2026-04-12,paid_social,yahoo.com,55-64,Southeast
C011308,2026-09-06,paid_social,gmail.com,35-44,West
C004316,2025-10-28,Facebook Ads,comcast.net,45-54,Northeast
C002432,2025-06-13,Facebook Ads,yahoo.com,45-54,Southwest
C011111,2026-09-05,podcast,gmail.com,25-34,Southeast
C006328,2026-03-15,organic_search,gmail.com,45-54,West
C006136,2026-02-15,paid_social,gmail.com,25-34,Midwest
C006227,2026-03-20,organic_search,proton.me,25-34,Northeast
C008907,2026-06-07,paid_social,gmail.com,45-54,Southeast
C001573,2025-04-14,Google Ads,gmail.com,35-44,Southwest
C002607,2025-07-05,Organic,gmail.com,55-64,Northeast
C003231,2025-08-20,Google Ads,yahoo.com,25-34,West
C005246,2025-12-17,Facebook Ads,gmail.com,35-44,Northeast
C004489,2025-11-16,Organic,outlook.com,25-34,Northeast
C009877,2026-07-28,,gmail.com,25-34,Northeast
C000764,2025-02-22,Facebook Ads,gmail.com,65+,Southeast
C002628,2025-07-07,Organic,yahoo.com,55-64,Southwest
C008206,2026-05-05,paid_social,yahoo.com,25-34,Northeast
C000326,2025-01-04,Google Ads,comcast.net,25-34,West
C009140,2026-06-19,paid_social,gmail.com,25-34,Southeast
C003761,2025-09-21,Google Ads,gmail.com,55-64,Northeast
C010866,2026-08-07,paid_social,proton.me,45-54,Southeast
C006389,2026-03-09,referral,gmail.com,35-44,West
C010311,2026-08-03,referral,yahoo.com,25-34,West
C007828,2026-05-13,referral,gmail.com,35-44,Midwest
C003965,2025-10-21,Organic,icloud.com,45-54,Midwest
C005453,2026-01-16,Referral Program,yahoo.com,35-44,Southeast
C011180,2026-09-02,paid_search,gmail.com,25-34,Southeast
C006734,2026-03-31,paid_social,gmail.com,45-54,Northeast
C002891,2025-07-08,Facebook Ads,gmail.com,35-44,Northeast
C006828,2026-03-23,paid_social,gmail.com,35-44,West
C001399,2025-04-04,Referral Program,yahoo.com,45-54,Midwest
C010992,2026-08-23,paid_social,outlook.com,35-44,Northeast
C004123,2025-10-17,Podcast,comcast.net,25-34,West
C011026,2026-09-09,organic_search,yahoo.com,45-54,West
C006829,2026-03-01,paid_social,gmail.com,35-44,Southwest
C007581,2026-04-27,paid_social,gmail.com,25-34,Southwest
C010208,2026-08-03,organic_search,gmail.com,45-54,Northeast
C006228,2026-03-03,organic_search,proton.me,45-54,Northeast
C008425,2026-06-12,organic_search,gmail.com,25-34,Northeast
C006249,2026-03-29,organic_search,gmail.com,45-54,Midwest
C008581,2026-06-19,referral,icloud.com,35-44,West
C001031,2025-03-07,Podcast,gmail.com,45-54,Midwest
C004029,2025-10-22,Referral Program,comcast.net,25-34,Northeast
C003739,2025-09-20,Google Ads,outlook.com,25-34,West
C003910,2025-10-19,Organic,gmail.com,35-44,West
C010843,2026-08-27,,gmail.com,25-34,Northeast
C005973,2026-02-22,podcast,yahoo.com,45-54,West
C009477,2026-07-25,referral,gmail.com,25-34,Southeast
C010456,2026-08-19,paid_search,yahoo.com,45-54,Southeast
C001788,2025-05-30,Organic,icloud.com,45-54,West
C000106,2025-01-24,Organic,outlook.com,35-44,Midwest
C002791,2025-07-17,Google Ads,gmail.com,25-34,Northeast
C009273,2026-06-22,paid_social,yahoo.com,25-34,West
C000243,2025-01-24,Podcast,gmail.com,45-54,Northeast
C000488,2025-02-12,Organic,hotmail.com,25-34,Northeast
C005970,2026-02-06,podcast,gmail.com,35-44,Southeast
C007664,2026-05-04,organic_search,gmail.com,45-54,Midwest
C008993,2026-06-27,paid_social,outlook.com,25-34,Midwest
C003364,2025-08-08,Facebook Ads,yahoo.com,45-54,Northeast
C005434,2026-01-02,Referral Program,gmail.com,35-44,Northeast
C002887,2025-07-13,Facebook Ads,gmail.com,35-44,Northeast
C000735,2025-02-04,Google Ads,gmail.com,45-54,Midwest
C006109,2026-02-03,paid_search,proton.me,35-44,Southwest
C003933,2025-10-28,Organic,gmail.com,35-44,Southwest
C008502,2026-06-18,organic_search,gmail.com,35-44,West
C000010,2025-01-05,Organic,yahoo.com,65+,West
C005684,2026-01-08,Facebook Ads,proton.me,35-44,West
C009036,2026-06-12,paid_social,comcast.net,65+,West
C006838,2026-03-23,paid_social,yahoo.com,35-44,Northeast
C004961,2025-12-19,Referral Program,outlook.com,35-44,West
C004099,2025-10-22,Podcast,gmail.com,35-44,Midwest
C006680,2026-03-14,paid_social,gmail.com,65+,Southwest
C003076,2025-08-02,Organic,gmail.com,45-54,Northeast
C005249,2025-12-18,Facebook Ads,gmail.com,25-34,Northeast
C009919,2026-07-06,paid_social,gmail.com,35-44,Midwest
C008283,2026-05-06,paid_social,yahoo.com,35-44,Southwest
C010525,2026-08-15,paid_search,icloud.com,25-34,Northeast
C001459,2025-04-09,Podcast,comcast.net,45-54,West
C003541,2025-09-19,Referral Program,outlook.com,35-44,Southwest
C010480,2026-08-04,paid_search,gmail.com,65+,Midwest
C002446,2025-06-09,Facebook Ads,gmail.com,55-64,Southwest
C008472,2026-06-12,organic_search,gmail.com,35-44,Southwest
C007857,2026-05-17,podcast,hotmail.com,45-54,Southeast
C009849,2026-07-31,paid_social,gmail.com,25-34,Northeast
C010580,2026-08-03,paid_social,gmail.com,35-44,Northeast
C001050,2025-03-26,Podcast,gmail.com,25-34,Northeast
C003951,2025-10-20,Organic,gmail.com,45-54,Midwest
C000808,2025-02-04,Facebook Ads,proton.me,45-54,Midwest
C009523,2026-07-30,podcast,yahoo.com,45-54,Midwest
C003963,2025-10-14,Organic,yahoo.com,35-44,Northeast
C004889,2025-12-01,Organic,gmail.com,45-54,West
C002582,2025-07-14,Organic,gmail.com,35-44,Southwest
C001012,2025-03-04,Referral Program,gmail.com,45-54,Southwest
C003865,2025-10-21,Organic,gmail.com,25-34,Northeast
C008438,2026-06-24,organic_search,gmail.com,45-54,Midwest
C010090,2026-07-21,paid_social,gmail.com,25-34,Southwest
C002697,2025-07-14,Referral Program,gmail.com,45-54,Midwest
C004359,2025-11-18,Organic,gmail.com,65+,Northeast
C009850,2026-07-26,paid_social,gmail.com,35-44,West
C003655,2025-09-06,Podcast,gmail.com,65+,West
C008254,2026-05-07,paid_social,gmail.com,35-44,Southwest
C011213,2026-09-08,paid_social,icloud.com,55-64,Southwest
C002456,2025-06-20,Facebook Ads,gmail.com,45-54,Northeast
C004377,2025-11-11,Organic,gmail.com,25-34,Midwest
C010403,2026-08-06,podcast,icloud.com,45-54,Northeast
C007864,2026-05-25,podcast,yahoo.com,55-64,Northeast
C010978,2026-08-19,paid_social,icloud.com,45-54,Southwest
C010136,2026-08-16,organic_search,gmail.com,25-34,Southeast
C004037,2025-10-16,Referral Program,gmail.com,35-44,Northeast
C009454,2026-07-01,referral,hotmail.com,55-64,Southwest
C011307,2026-09-08,paid_social,gmail.com,35-44,Northeast
C007836,2026-05-02,podcast,gmail.com,35-44,Northeast
C003611,2025-09-19,Referral Program,gmail.com,35-44,Southwest
C009945,2026-07-20,paid_social,gmail.com,35-44,Northeast
C006727,2026-03-07,paid_social,gmail.com,25-34,West
C004176,2025-10-12,Google Ads,gmail.com,35-44,Northeast
C003258,2025-08-15,Google Ads,gmail.com,45-54,Southwest
C008738,2026-06-25,paid_search,gmail.com,45-54,Southeast
C002042,2025-05-20,Facebook Ads,gmail.com,35-44,West
C008106,2026-05-08,paid_social,yahoo.com,55-64,Southeast
C004919,2025-12-24,Organic,hotmail.com,35-44,Northeast
C009384,2026-07-12,,yahoo.com,25-34,Northeast
C010237,2026-08-05,organic_search,icloud.com,25-34,Northeast
C001873,2025-05-28,Referral Program,yahoo.com,55-64,Northeast
C002282,2025-06-27,Podcast,icloud.com,35-44,Midwest
C005155,2025-12-01,Google Ads,hotmail.com,55-64,West
C005054,2025-12-13,Podcast,gmail.com,45-54,West
C004904,2025-12-01,Organic,icloud.com,25-34,West
C001727,2025-05-23,Organic,gmail.com,55-64,Northeast
C011445,2025-01-21,Organic,harbormoney.com,45-54,West
C003560,2025-09-14,Referral Program,gmail.com,55-64,Southeast
C009344,2026-07-06,organic_search,yahoo.com,35-44,Midwest
C001692,2025-05-31,Organic,gmail.com,25-34,Northeast
C005599,2026-01-20,Google Ads,outlook.com,45-54,West
C000372,2025-01-07,Facebook Ads,gmail.com,55-64,Southeast
C001929,2025-05-13,Podcast,gmail.com,35-44,Northeast
C007693,2026-05-06,organic_search,gmail.com,25-34,Midwest
C008526,2026-06-19,organic_search,proton.me,45-54,Southeast
C003017,2025-08-27,Organic,gmail.com,35-44,West
C005493,2026-01-15,Referral Program,gmail.com,35-44,Northeast
C010809,2026-08-03,paid_social,outlook.com,35-44,Northeast
C000948,2025-03-29,Referral Program,gmail.com,65+,West
C000552,2025-02-19,Referral Program,icloud.com,55-64,Southwest
C004977,2025-12-03,Referral Program,gmail.com,35-44,Southwest
C004531,2025-11-28,Referral Program,gmail.com,25-34,Northeast
C003753,2025-09-17,Google Ads,icloud.com,25-34,Northeast
C009759,2026-07-16,paid_social,yahoo.com,25-34,Southeast
C000732,2025-02-16,Google Ads,gmail.com,25-34,Northeast
C008012,2026-05-15,paid_social,yahoo.com,45-54,West
C008930,2026-06-07,paid_social,gmail.com,25-34,Midwest
C002004,2025-05-17,Google Ads,gmail.com,45-54,Southeast
C003069,2025-08-16,Organic,proton.me,35-44,Southeast
C007561,2026-04-13,paid_social,gmail.com,35-44,Southeast
C002748,2025-07-20,Podcast,gmail.com,35-44,Midwest
C010754,2026-08-13,paid_social,hotmail.com,25-34,Southeast
C004995,2025-12-01,Referral Program,gmail.com,25-34,West
C003625,2025-09-27,Podcast,icloud.com,35-44,Southeast
C007493,2026-04-10,paid_social,proton.me,25-34,West
C005068,2025-12-26,Podcast,gmail.com,65+,West
C006657,2026-03-21,paid_social,proton.me,55-64,Southeast
C006248,2026-03-18,organic_search,gmail.com,35-44,Southeast
C007806,2026-05-26,referral,icloud.com,35-44,West
C000741,2025-02-11,Google Ads,gmail.com,25-34,Southwest
C005901,2026-02-09,referral,gmail.com,45-54,Northeast
C000923,2025-03-06,Organic,gmail.com,35-44,Southwest
C009638,2026-07-22,paid_search,gmail.com,35-44,Northeast
C008673,2026-06-05,podcast,gmail.com,25-34,Southeast
C001784,2025-05-23,Organic,gmail.com,45-54,Northeast
C004201,2025-10-05,Google Ads,yahoo.com,35-44,West
C008000,2026-05-12,paid_social,gmail.com,25-34,West
C008235,2026-05-20,paid_social,gmail.com,35-44,West
C011318,2026-09-02,paid_social,gmail.com,45-54,Southeast
C001920,2025-05-19,Podcast,hotmail.com,55-64,West
C002675,2025-07-03,Referral Program,gmail.com,25-34,Southeast
C005379,2026-01-26,Organic,gmail.com,25-34,Northeast
C004057,2025-10-30,Referral Program,gmail.com,45-54,Southwest
C007749,2026-05-17,organic_search,gmail.com,45-54,Midwest
C009988,2026-07-19,paid_social,gmail.com,35-44,West
C009873,2026-07-18,paid_social,hotmail.com,25-34,Southwest
C010294,2026-08-17,referral,gmail.com,35-44,Southeast
C002419,2025-06-12,Facebook Ads,gmail.com,35-44,Northeast
C000610,2025-02-11,Podcast,outlook.com,45-54,Midwest
C003967,2025-10-18,Organic,icloud.com,55-64,West
C006813,2026-03-20,paid_social,gmail.com,45-54,Southeast
C000651,2025-02-13,Google Ads,gmail.com,55-64,Midwest
C003918,2025-10-06,Organic,gmail.com,25-34,Northeast
C008219,2026-05-28,paid_social,icloud.com,25-34,Northeast
C007325,2026-04-24,paid_social,yahoo.com,45-54,Northeast
C002102,2025-06-28,Organic,hotmail.com,35-44,Southwest
C002761,2025-07-29,Podcast,yahoo.com,65+,Southwest
C009424,2026-07-09,,comcast.net,45-54,Southwest
C010512,2026-08-16,paid_search,icloud.com,25-34,Southwest
C002218,2025-06-19,Referral Program,gmail.com,35-44,West
C010377,2026-08-16,podcast,gmail.com,45-54,Midwest
C001471,2025-04-06,Podcast,gmail.com,45-54,Southeast
C002142,2025-06-18,Organic,yahoo.com,55-64,Midwest
C006321,2026-03-10,organic_search,gmail.com,45-54,Midwest
C011437,2025-05-05,Organic,harbormoney.com,35-44,Southwest
C008603,2026-06-23,referral,gmail.com,45-54,Midwest
C001866,2025-05-12,Referral Program,yahoo.com,25-34,Northeast
C001244,2025-03-05,Facebook Ads,gmail.com,55-64,Northeast
C009704,2026-07-18,paid_social,yahoo.com,45-54,West
C002512,2025-07-27,Organic,gmail.com,45-54,Southeast
C000446,2025-02-02,Organic,gmail.com,25-34,Southeast
C005765,2026-02-12,organic_search,gmail.com,35-44,Southwest
C004010,2025-10-12,Referral Program,gmail.com,35-44,West
C001870,2025-05-07,Referral Program,hotmail.com,45-54,Midwest
C004085,2025-10-11,,yahoo.com,35-44,West
C005924,2026-02-01,referral,gmail.com,45-54,Southeast
C007483,2026-04-17,paid_social,gmail.com,45-54,Midwest
C002924,2025-07-23,Facebook Ads,outlook.com,35-44,Southeast
C001002,2025-03-04,Referral Program,yahoo.com,35-44,West
C006111,2026-02-07,paid_search,gmail.com,35-44,Southeast
C004028,2025-10-29,Referral Program,icloud.com,35-44,West
C002372,2025-06-13,Google Ads,gmail.com,45-54,West
C010304,2026-08-19,referral,gmail.com,25-34,Midwest
C004941,2025-12-21,Organic,icloud.com,25-34,Southeast
C004449,2025-11-28,Organic,icloud.com,35-44,Northeast
C000186,2025-01-21,Referral Program,gmail.com,55-64,West
C005093,2025-12-15,Podcast,outlook.com,25-34,Southeast
C007791,2026-05-10,referral,outlook.com,35-44,Southeast
C005468,2026-01-24,Referral Program,gmail.com,25-34,Northeast
C006645,2026-03-16,paid_social,gmail.com,35-44,Southeast
C003413,2025-09-17,Organic,yahoo.com,25-34,West
C003648,2025-09-04,Podcast,outlook.com,65+,Northeast
C000792,2025-02-09,Facebook Ads,gmail.com,55-64,Southwest
C005128,2025-12-17,Google Ads,yahoo.com,55-64,Southwest
C006987,2026-04-28,organic_search,comcast.net,45-54,Southeast
C004205,2025-10-28,Google Ads,gmail.com,35-44,Northeast
C002488,2025-06-19,Facebook Ads,outlook.com,45-54,Northeast
C010185,2026-08-29,organic_search,outlook.com,25-34,Southeast
C000614,2025-02-18,Podcast,yahoo.com,65+,Midwest
C005206,2025-12-27,Facebook Ads,comcast.net,45-54,Southwest
C008489,2026-06-30,organic_search,proton.me,35-44,Southeast
C006488,2026-03-11,podcast,gmail.com,55-64,Southeast
C003879,2025-10-06,Organic,yahoo.com,25-34,Midwest
C002454,2025-06-12,Facebook Ads,yahoo.com,25-34,Southeast
C007445,2026-04-24,paid_social,outlook.com,45-54,West
C001561,2025-04-18,Google Ads,yahoo.com,35-44,West
C001300,2025-04-07,Organic,gmail.com,25-34,West
C001272,2025-04-05,Organic,outlook.com,55-64,Northeast
C007261,2026-04-17,paid_social,hotmail.com,45-54,Southwest
C000555,2025-02-28,Referral Program,gmail.com,45-54,Midwest
C007068,2026-04-27,referral,gmail.com,45-54,Northeast
C008289,2026-05-25,paid_social,gmail.com,25-34,Midwest
C004640,2025-11-16,Google Ads,gmail.com,45-54,Midwest
C006611,2026-03-05,paid_social,outlook.com,35-44,Northeast
C006735,2026-03-17,paid_social,hotmail.com,45-54,Northeast
C010252,2026-08-07,organic_search,gmail.com,35-44,Southwest
C009990,2026-07-02,paid_social,yahoo.com,35-44,Southwest
C009681,2026-07-01,paid_search,icloud.com,35-44,Southeast
C003800,2025-09-03,Facebook Ads,icloud.com,25-34,West
C000848,2025-03-16,Organic,gmail.com,35-44,West
C000571,2025-02-10,Referral Program,comcast.net,45-54,Northeast
C008914,2026-06-09,paid_social,hotmail.com,35-44,Southeast
C005644,2026-01-27,Google Ads,gmail.com,65+,Southwest
C004863,2025-12-23,Organic,icloud.com,45-54,Northeast
C000768,2025-02-16,Facebook Ads,gmail.com,25-34,Midwest
C001310,2025-04-11,Organic,gmail.com,55-64,Southwest
C004506,2025-11-19,Referral Program,gmail.com,35-44,West
C011343,2025-08-14,Organic,harbormoney.com,25-34,West
C000364,2025-01-30,Facebook Ads,icloud.com,55-64,Midwest
C011392,2025-09-20,Organic,harbormoney.com,35-44,Midwest
C006130,2026-02-21,paid_social,gmail.com,45-54,Northeast
C006780,2026-03-13,paid_social,gmail.com,45-54,Southeast
C011395,2025-01-09,Organic,harbormoney.com,25-34,Midwest
C006729,2026-03-14,paid_social,icloud.com,45-54,West
C009030,2026-06-08,paid_social,yahoo.com,25-34,West
C006216,2026-03-26,organic_search,comcast.net,35-44,Northeast
C003054,2025-08-28,Organic,gmail.com,65+,Southeast
C005445,2026-01-14,Referral Program,gmail.com,25-34,Southwest
C000343,2025-01-13,Facebook Ads,gmail.com,65+,West
C004727,2025-11-23,Facebook Ads,gmail.com,55-64,Southeast
C009006,2026-06-01,paid_social,comcast.net,55-64,Northeast
C009658,2026-07-14,paid_search,outlook.com,45-54,Southeast
C003563,2025-09-25,Referral Program,gmail.com,25-34,Northeast
C010242,2026-08-21,organic_search,gmail.com,45-54,Southeast
C007916,2026-05-09,paid_search,gmail.com,45-54,Northeast
C009138,2026-06-12,paid_social,yahoo.com,55-64,West
C010108,2026-08-03,organic_search,gmail.com,35-44,Southwest
C007396,2026-04-30,paid_social,gmail.com,45-54,Northeast
C007152,2026-04-29,paid_search,icloud.com,35-44,Northeast
C001181,2025-03-06,Facebook Ads,outlook.com,45-54,West
C007963,2026-05-27,paid_search,yahoo.com,45-54,Southeast
C005613,2026-01-26,Google Ads,gmail.com,45-54,Southeast
C011459,2025-05-23,Organic,harbormoney.com,25-34,Northeast
C004364,2025-11-16,Organic,gmail.com,25-34,Northeast
C006874,2026-04-06,organic_search,gmail.com,25-34,Southwest
C004518,2025-11-28,Referral Program,outlook.com,65+,Southeast
C011119,2026-09-01,podcast,gmail.com,35-44,Southwest
C008452,2026-06-14,organic_search,gmail.com,65+,West
C003392,2025-08-29,Facebook Ads,gmail.com,45-54,Midwest
C004761,2025-11-02,Facebook Ads,icloud.com,45-54,Northeast
C004646,2025-11-23,Google Ads,icloud.com,35-44,Southeast
C009482,2026-07-29,referral,gmail.com,65+,Southwest
C002620,2025-07-20,Organic,gmail.com,35-44,Midwest
C011200,2026-09-03,paid_social,gmail.com,45-54,Southwest
C005931,2026-02-12,referral,outlook.com,35-44,West
C006371,2026-03-12,referral,yahoo.com,65+,Northeast
C000580,2025-02-16,Referral Program,gmail.com,45-54,Midwest
C005460,2026-01-05,Referral Program,gmail.com,35-44,Northeast
C001635,2025-04-27,Facebook Ads,gmail.com,55-64,West
C007299,2026-04-27,paid_social,gmail.com,55-64,Midwest
C005471,2026-01-18,Referral Program,gmail.com,45-54,Northeast
C005974,2026-02-19,podcast,gmail.com,45-54,Southeast
C005046,2025-12-25,Podcast,outlook.com,35-44,Midwest
C002783,2025-07-14,Google Ads,outlook.com,35-44,Northeast
C000957,2025-03-02,Referral Program,gmail.com,25-34,Northeast
C006755,2026-03-14,paid_social,gmail.com,35-44,Northeast
C009507,2026-07-21,referral,proton.me,45-54,Southwest
C005531,2026-01-18,Podcast,icloud.com,25-34,Southeast
C011373,2025-07-26,Organic,harbormoney.com,35-44,Southwest
C003707,2025-09-22,Google Ads,gmail.com,35-44,Midwest
C006854,2026-03-09,paid_social,gmail.com,35-44,Midwest
C006390,2026-03-26,referral,gmail.com,45-54,Midwest
C006222,2026-03-19,organic_search,yahoo.com,45-54,West
C009244,2026-06-13,paid_social,gmail.com,45-54,Northeast
C004121,2025-10-06,Podcast,proton.me,35-44,Midwest
C004916,2025-12-20,Organic,yahoo.com,65+,Southeast
C006327,2026-03-05,organic_search,gmail.com,45-54,Southwest
C001188,2025-03-24,Facebook Ads,gmail.com,35-44,Northeast
C004962,2025-12-22,Referral Program,outlook.com,45-54,Midwest
C002465,2025-06-01,Facebook Ads,gmail.com,45-54,Midwest
C000605,2025-02-24,Podcast,gmail.com,25-34,Southeast
C002329,2025-06-22,Podcast,gmail.com,25-34,Southeast
C006642,2026-03-11,paid_social,gmail.com,45-54,West
C003672,2025-09-28,Podcast,gmail.com,35-44,Northeast
C004705,2025-11-11,Google Ads,gmail.com,25-34,Southwest
C002227,2025-06-17,Referral Program,gmail.com,35-44,West
C007373,2026-04-20,paid_social,gmail.com,45-54,Northeast
C008264,2026-05-02,paid_social,gmail.com,35-44,Southeast
C003320,2025-08-24,Google Ads,comcast.net,45-54,Southeast
C011234,2026-09-07,paid_social,outlook.com,25-34,Midwest
C011365,2026-08-03,organic_search,harbormoney.com,25-34,West
C002158,2025-06-04,Organic,hotmail.com,35-44,Midwest
C006541,2026-03-29,paid_search,yahoo.com,25-34,West
C004346,2025-10-01,Facebook Ads,gmail.com,45-54,Southeast
C003697,2025-09-07,Google Ads,outlook.com,55-64,Southwest
C001179,2025-03-21,Facebook Ads,proton.me,25-34,Northeast
C007662,2026-05-26,organic_search,icloud.com,35-44,Southwest
C011219,2026-09-03,paid_social,gmail.com,55-64,Southeast
C000006,2025-01-15,Organic,gmail.com,35-44,Southwest
C003830,2025-09-15,Facebook Ads,comcast.net,25-34,West
C002515,2025-07-03,Organic,gmail.com,25-34,Midwest
C005737,2026-01-28,Facebook Ads,gmail.com,65+,Midwest
C007429,2026-04-20,paid_social,gmail.com,45-54,Midwest
C007313,2026-04-20,paid_social,outlook.com,45-54,Southwest
C002101,2025-06-29,Organic,comcast.net,35-44,Southeast
C007735,2026-05-10,organic_search,gmail.com,25-34,Northeast
C007285,2026-04-29,paid_social,hotmail.com,35-44,West
C003581,2025-09-22,Referral Program,gmail.com,55-64,West
C001116,2025-03-05,Google Ads,outlook.com,55-64,Southeast
C005722,2026-01-17,Facebook Ads,gmail.com,45-54,West
C004986,2025-12-04,Referral Program,outlook.com,55-64,Midwest
C006623,2026-03-12,paid_social,gmail.com,35-44,West
C010420,2026-08-27,podcast,gmail.com,45-54,Midwest
C007122,2026-04-21,podcast,gmail.com,25-34,Southeast
C007513,2026-04-11,paid_social,gmail.com,65+,Midwest
C003958,2025-10-25,Organic,gmail.com,35-44,Southeast
C005610,2026-01-10,Google Ads,gmail.com,45-54,Northeast
C000654,2025-02-13,Google Ads,outlook.com,45-54,Northeast
C000018,2025-01-22,Organic,gmail.com,35-44,Midwest
C004673,2025-11-16,Google Ads,yahoo.com,35-44,Northeast
C010529,2026-08-30,paid_search,gmail.com,55-64,Southeast
C008332,2026-05-04,paid_social,gmail.com,65+,Southwest
C004902,2025-12-25,Organic,gmail.com,45-54,West
C003253,2025-08-28,Google Ads,outlook.com,25-34,Southeast
C004392,2025-11-08,Organic,gmail.com,35-44,Northeast
C005550,2026-01-12,Podcast,gmail.com,65+,Southwest
C005839,2026-02-12,organic_search,gmail.com,45-54,Southwest
C008114,2026-05-17,paid_social,yahoo.com,25-34,Midwest
C000494,2025-02-28,Organic,yahoo.com,55-64,Midwest
C008172,2026-05-26,paid_social,gmail.com,45-54,West
C007326,2026-04-30,paid_social,gmail.com,35-44,West
C002673,2025-07-28,Referral Program,comcast.net,25-34,Southwest
C003087,2025-08-09,Referral Program,gmail.com,45-54,Southwest
C002544,2025-07-31,Organic,gmail.com,35-44,West
C007985,2026-05-05,paid_social,gmail.com,35-44,West
C005671,2026-01-05,Facebook Ads,yahoo.com,35-44,Southeast
C005577,2026-01-28,Google Ads,yahoo.com,25-34,Midwest
C004344,2025-10-02,Facebook Ads,icloud.com,35-44,Northeast
C000315,2025-01-24,Google Ads,icloud.com,35-44,Southwest
C003948,2025-10-23,Organic,outlook.com,35-44,Southeast
C009703,2026-07-09,paid_social,gmail.com,25-34,West
C003959,2025-10-10,Organic,icloud.com,25-34,Midwest
C005879,2026-02-11,organic_search,comcast.net,55-64,Southeast
C006128,2026-02-25,paid_social,gmail.com,55-64,Southeast
C000497,2025-02-23,Organic,hotmail.com,25-34,Southwest
C005773,2026-02-12,organic_search,gmail.com,35-44,Southeast
C000919,2025-03-01,Organic,gmail.com,55-64,Northeast
C002096,2025-05-09,Facebook Ads,hotmail.com,35-44,Midwest
C008073,2026-05-27,paid_social,gmail.com,55-64,Midwest
C004191,2025-10-28,Google Ads,icloud.com,45-54,Northeast
C005042,2025-12-16,Podcast,gmail.com,55-64,Southeast
C010851,2026-08-31,paid_social,outlook.com,25-34,West
C008151,2026-05-14,paid_social,icloud.com,45-54,West
C000113,2025-01-04,Organic,outlook.com,25-34,Midwest
C008663,2026-06-04,podcast,outlook.com,55-64,Southwest
C005781,2026-02-05,organic_search,icloud.com,55-64,Northeast
C011071,2026-09-13,referral,hotmail.com,35-44,Southwest
C005077,2025-12-04,Podcast,gmail.com,45-54,Midwest
C005631,2026-01-02,Google Ads,gmail.com,45-54,Southeast
C007284,2026-04-24,paid_social,outlook.com,55-64,Southeast
C009128,2026-06-01,paid_social,gmail.com,45-54,Northeast
C008101,2026-05-11,paid_social,gmail.com,45-54,Southeast
C007018,2026-04-09,organic_search,gmail.com,25-34,West
C005101,2025-12-02,Google Ads,outlook.com,35-44,Southwest
C002717,2025-07-03,Podcast,yahoo.com,35-44,West
C004023,2025-10-21,Referral Program,gmail.com,35-44,Southeast
C008917,2026-06-03,paid_social,gmail.com,25-34,Southeast
C011203,2026-09-12,paid_social,outlook.com,25-34,Southwest
C004480,2025-11-09,Organic,gmail.com,45-54,Midwest
C002958,2025-08-05,Organic,gmail.com,55-64,Southwest
C005406,2026-01-18,Organic,gmail.com,45-54,Southwest
C000196,2025-01-08,Podcast,icloud.com,55-64,Southeast
C009500,2026-07-08,referral,hotmail.com,35-44,Southwest
C008446,2026-06-09,,gmail.com,35-44,Northeast
C010410,2026-08-12,podcast,gmail.com,45-54,West
C004419,2025-11-14,Organic,comcast.net,35-44,Northeast
C004431,2025-11-19,Organic,gmail.com,65+,Southwest
C002080,2025-05-23,Facebook Ads,outlook.com,25-34,Northeast
C008276,2026-05-21,paid_social,gmail.com,45-54,Southwest
C003580,2025-09-22,Referral Program,gmail.com,35-44,Southwest
C005281,2025-12-30,Facebook Ads,comcast.net,55-64,Southwest
C009331,2026-07-17,organic_search,hotmail.com,55-64,Midwest
C005766,2026-02-03,organic_search,gmail.com,35-44,Northeast
C004742,2025-11-16,Facebook Ads,gmail.com,55-64,West
C008968,2026-06-10,paid_social,gmail.com,45-54,West
C001831,2025-05-13,Referral Program,yahoo.com,55-64,Southeast
C007314,2026-04-18,paid_social,gmail.com,35-44,West
C008391,2026-05-02,paid_social,outlook.com,45-54,Northeast
C009998,2026-07-10,paid_social,outlook.com,35-44,Southwest
C007900,2026-05-16,paid_search,proton.me,25-34,West
C001305,2025-04-08,Organic,icloud.com,35-44,Southwest
C006950,2026-04-04,,gmail.com,35-44,Northeast
C000289,2025-01-12,Google Ads,gmail.com,25-34,West
C011161,2026-09-01,paid_search,gmail.com,45-54,West
C000782,2025-02-11,Facebook Ads,yahoo.com,35-44,Northeast
C011068,2026-09-10,organic_search,gmail.com,55-64,West
C002654,2025-07-05,Referral Program,gmail.com,55-64,West
C009109,2026-06-24,paid_social,hotmail.com,55-64,West
C004709,2025-11-03,Google Ads,gmail.com,25-34,Southeast
C000930,2025-03-14,Organic,comcast.net,45-54,Southwest
C003003,2025-08-05,Organic,yahoo.com,35-44,Northeast
C009095,2026-06-04,paid_social,gmail.com,55-64,Midwest
C007960,2026-05-23,paid_search,gmail.com,35-44,West
C007932,2026-05-04,paid_search,yahoo.com,25-34,Southeast
C008007,2026-05-02,paid_social,gmail.com,35-44,Southwest
C001048,2025-03-12,Podcast,gmail.com,55-64,Northeast
C006251,2026-03-10,organic_search,yahoo.com,55-64,West
C004051,2025-10-23,Referral Program,yahoo.com,45-54,Southeast
C005629,2026-01-15,Google Ads,yahoo.com,25-34,Southeast
C006961,2026-04-28,organic_search,gmail.com,25-34,Southeast
C003808,2025-09-05,Facebook Ads,gmail.com,45-54,West
C001230,2025-03-10,Facebook Ads,gmail.com,35-44,Midwest
C007237,2026-04-13,paid_search,proton.me,45-54,West
C010658,2026-08-15,paid_social,hotmail.com,55-64,Northeast
C008921,2026-06-17,paid_social,proton.me,55-64,Southeast
C006165,2026-02-07,paid_social,gmail.com,35-44,Midwest
C001308,2025-04-30,,gmail.com,35-44,Northeast
C001543,2025-04-08,Google Ads,yahoo.com,65+,Southeast
C003306,2025-08-07,Google Ads,yahoo.com,35-44,Midwest
C004110,2025-10-25,Podcast,hotmail.com,25-34,Southwest
C005352,2026-01-20,Organic,yahoo.com,25-34,Northeast
C001836,2025-05-18,Referral Program,hotmail.com,55-64,Southeast
C009301,2026-06-05,paid_social,yahoo.com,45-54,Midwest
C000915,2025-03-28,Organic,comcast.net,25-34,Midwest
C002745,2025-07-19,Podcast,yahoo.com,55-64,Northeast
C005788,2026-02-22,organic_search,gmail.com,25-34,West
C001275,2025-04-08,Organic,icloud.com,35-44,Southwest
C000383,2025-01-11,Facebook Ads,gmail.com,35-44,Midwest
C004274,2025-10-04,Facebook Ads,gmail.com,55-64,Midwest
C009839,2026-07-25,paid_social,gmail.com,25-34,West
C008059,2026-05-09,paid_social,gmail.com,35-44,West
C003775,2025-09-06,Facebook Ads,gmail.com,55-64,West
C001935,2025-05-05,Podcast,outlook.com,25-34,Northeast
C003282,2025-08-30,Google Ads,hotmail.com,25-34,Northeast
C003614,2025-09-11,Podcast,comcast.net,55-64,Southeast
C007937,2026-05-01,paid_search,comcast.net,35-44,Northeast
C000878,2025-03-05,Organic,icloud.com,45-54,West
C001134,2025-03-26,Google Ads,icloud.com,45-54,Southeast
C011054,2026-09-07,organic_search,outlook.com,35-44,Northeast
C004523,2025-11-22,Referral Program,gmail.com,25-34,Southeast
C011331,2026-09-08,paid_social,yahoo.com,35-44,West
C010006,2026-07-25,paid_social,gmail.com,35-44,Northeast
C007707,2026-05-11,organic_search,gmail.com,35-44,Northeast
C006276,2026-03-20,organic_search,gmail.com,65+,Southwest
C008514,2026-06-08,organic_search,icloud.com,45-54,Southeast
C002365,2025-06-01,Google Ads,comcast.net,45-54,Southeast
C010567,2026-08-21,paid_social,gmail.com,35-44,Southeast
C005263,2025-12-27,Facebook Ads,hotmail.com,45-54,West
C008697,2026-06-04,podcast,icloud.com,35-44,Southeast
C006527,2026-03-13,paid_search,gmail.com,55-64,Northeast
C010188,2026-08-30,organic_search,gmail.com,35-44,Southeast
C004348,2025-11-21,Organic,icloud.com,35-44,West
C009548,2026-07-11,podcast,outlook.com,45-54,Southwest
C002314,2025-06-19,Podcast,outlook.com,35-44,Midwest
C001797,2025-05-02,Organic,gmail.com,55-64,West
C011457,2026-04-02,organic_search,harbormoney.com,45-54,Midwest
C000291,2025-01-22,Google Ads,gmail.com,45-54,Northeast
C008584,2026-06-10,referral,gmail.com,55-64,Southeast
C000332,2025-01-29,Facebook Ads,gmail.com,35-44,Northeast
C008210,2026-05-19,paid_social,gmail.com,35-44,Southwest
C003508,2025-09-05,Organic,gmail.com,25-34,Northeast
C004528,2025-11-07,Referral Program,outlook.com,65+,Southeast
C003893,2025-10-10,Organic,gmail.com,45-54,Northeast
C006892,2026-04-21,organic_search,gmail.com,25-34,West
C004724,2025-11-13,Google Ads,hotmail.com,55-64,Southeast
C004847,2025-12-29,Organic,outlook.com,65+,West
C002978,2025-08-28,Organic,icloud.com,25-34,West
C003138,2025-08-16,Referral Program,icloud.com,35-44,Northeast
C004498,2025-11-23,Organic,gmail.com,55-64,Southeast
C001246,2025-03-20,Facebook Ads,gmail.com,25-34,Northeast
C006221,2026-03-20,organic_search,gmail.com,35-44,West
C009446,2026-07-05,referral,yahoo.com,55-64,Northeast
C010506,2026-08-31,paid_search,yahoo.com,55-64,Midwest
C005450,2026-01-30,Referral Program,gmail.com,35-44,Midwest
C005333,2026-01-22,Organic,hotmail.com,25-34,Southwest
C004945,2025-12-20,Organic,gmail.com,45-54,Southwest
C004920,2025-12-10,Organic,gmail.com,45-54,Midwest
C005828,2026-02-07,organic_search,gmail.com,45-54,Southwest
C001270,2025-04-04,Organic,gmail.com,35-44,Southwest
C009368,2026-07-22,organic_search,gmail.com,55-64,West
C005149,2025-12-05,Google Ads,gmail.com,45-54,West
C007840,2026-05-20,podcast,gmail.com,45-54,Northeast
C004155,2025-10-03,Podcast,outlook.com,45-54,Midwest
C009276,2026-06-25,paid_social,icloud.com,55-64,Northeast
C001780,2025-05-05,Organic,icloud.com,35-44,Midwest
C000727,2025-02-16,Google Ads,icloud.com,25-34,Southeast
C009319,2026-07-12,organic_search,gmail.com,35-44,Northeast
C008746,2026-06-15,paid_search,gmail.com,25-34,Midwest
C009309,2026-06-12,paid_social,gmail.com,25-34,West
C001754,2025-05-12,Organic,outlook.com,45-54,Midwest
C002725,2025-07-24,Podcast,icloud.com,45-54,Southwest
C000333,2025-01-16,Facebook Ads,comcast.net,35-44,Northeast
C010912,2026-08-30,paid_social,yahoo.com,45-54,Northeast
C008199,2026-05-23,paid_social,gmail.com,65+,West
C007361,2026-04-01,paid_social,yahoo.com,25-34,Southeast
C005305,2026-01-31,Organic,gmail.com,35-44,Midwest
C002068,2025-05-31,Facebook Ads,gmail.com,65+,Southwest
C006954,2026-04-05,organic_search,gmail.com,65+,Northeast
C009232,2026-06-01,paid_social,gmail.com,25-34,Northeast
C000649,2025-02-17,Podcast,gmail.com,35-44,Northeast
C000236,2025-01-20,Podcast,proton.me,55-64,Midwest
C007262,2026-04-09,paid_social,gmail.com,35-44,Southeast
C000399,2025-02-25,Organic,gmail.com,45-54,Northeast
C001279,2025-04-12,Organic,gmail.com,35-44,Northeast
C008971,2026-06-07,paid_social,yahoo.com,35-44,Midwest
C002074,2025-05-05,Facebook Ads,gmail.com,45-54,Southwest
C006857,2026-03-16,paid_social,yahoo.com,55-64,Southeast
C004676,2025-11-06,Google Ads,comcast.net,55-64,Northeast
C003758,2025-09-24,Google Ads,gmail.com,55-64,West
C005420,2026-01-04,Organic,gmail.com,35-44,Midwest
C003038,2025-08-10,Organic,gmail.com,55-64,West
C008621,2026-06-13,referral,outlook.com,65+,Midwest
C006526,2026-03-27,paid_search,outlook.com,45-54,Midwest
C005031,2025-12-25,Referral Program,gmail.com,55-64,West
C009782,2026-07-31,paid_social,gmail.com,55-64,West
C003792,2025-09-27,Facebook Ads,gmail.com,35-44,West
C010027,2026-07-30,paid_social,hotmail.com,25-34,West
C010212,2026-08-19,organic_search,gmail.com,35-44,Southwest
C003467,2025-09-07,Organic,gmail.com,45-54,Northeast
C000669,2025-02-23,Google Ads,gmail.com,35-44,Northeast
C004928,2025-12-03,Organic,gmail.com,25-34,Northeast
C000527,2025-02-25,Organic,gmail.com,45-54,Midwest
C001452,2025-04-21,Referral Program,gmail.com,45-54,Southeast
C010011,2026-07-19,,comcast.net,45-54,Northeast
C009976,2026-07-12,paid_social,proton.me,25-34,Northeast
C001833,2025-05-04,Referral Program,outlook.com,25-34,Southeast
C003716,2025-09-01,Google Ads,yahoo.com,55-64,Midwest
C005596,2026-01-26,Google Ads,gmail.com,35-44,Southwest
C007135,2026-04-23,podcast,comcast.net,45-54,Midwest
C009167,2026-06-01,paid_social,gmail.com,35-44,Northeast
C007412,2026-04-27,paid_social,gmail.com,25-34,Southwest
C007805,2026-05-25,referral,yahoo.com,45-54,Northeast
C000324,2025-01-23,Google Ads,comcast.net,35-44,Midwest
C002762,2025-07-28,Podcast,proton.me,45-54,Northeast
C005678,2026-01-15,Facebook Ads,outlook.com,35-44,West
C004632,2025-11-13,Podcast,comcast.net,35-44,Northeast
C006762,2026-03-24,paid_social,gmail.com,35-44,Southwest
C001093,2025-03-05,Google Ads,comcast.net,25-34,Southeast
C011390,2025-02-01,Organic,harbormoney.com,35-44,Southwest
C006910,2026-04-27,organic_search,gmail.com,45-54,Northeast
C005556,2026-01-21,Podcast,gmail.com,25-34,Southeast
C004911,2025-12-24,Organic,gmail.com,45-54,Midwest
C003583,2025-09-18,Referral Program,hotmail.com,45-54,West
C006300,2026-03-25,organic_search,gmail.com,45-54,West
C007355,2026-04-20,paid_social,gmail.com,45-54,Northeast
C005782,2026-02-18,organic_search,gmail.com,55-64,Northeast
C008230,2026-05-22,paid_social,proton.me,45-54,Southeast
C002534,2025-07-02,Organic,gmail.com,45-54,Midwest
C005641,2026-01-10,Google Ads,gmail.com,55-64,West
C002701,2025-07-12,Referral Program,gmail.com,25-34,Northeast
C007997,2026-05-23,paid_social,gmail.com,35-44,Northeast
C011393,2026-08-02,organic_search,harbormoney.com,35-44,Northeast
C009599,2026-07-02,paid_search,gmail.com,45-54,Midwest
C001214,2025-03-16,Facebook Ads,gmail.com,35-44,Southwest
C007775,2026-05-06,referral,yahoo.com,35-44,West
C000733,2025-02-28,Google Ads,gmail.com,35-44,Southeast
C008087,2026-05-20,paid_social,gmail.com,25-34,Southwest
C010063,2026-07-04,paid_social,comcast.net,25-34,Southwest
C002933,2025-07-21,Facebook Ads,yahoo.com,45-54,West
C002368,2025-06-23,Google Ads,gmail.com,55-64,Midwest
C007642,2026-04-27,paid_social,gmail.com,55-64,West
C004243,2025-10-07,Google Ads,gmail.com,45-54,Southeast
C001688,2025-05-25,Organic,gmail.com,45-54,Northeast
C003983,2025-10-13,Organic,gmail.com,45-54,Midwest
C007849,2026-05-27,podcast,comcast.net,45-54,Northeast
C005637,2026-01-13,Google Ads,gmail.com,45-54,Midwest
C008161,2026-05-12,paid_social,proton.me,45-54,West
C010357,2026-08-27,referral,gmail.com,55-64,West
C003836,2025-09-09,Facebook Ads,gmail.com,35-44,Midwest
C006612,2026-03-02,paid_social,gmail.com,35-44,Midwest
C003229,2025-08-25,Google Ads,gmail.com,45-54,Southeast
C007458,2026-04-22,paid_social,gmail.com,45-54,Midwest
C000783,2025-02-26,Facebook Ads,outlook.com,55-64,Midwest
C009180,2026-06-21,paid_social,gmail.com,25-34,West
C008331,2026-05-22,paid_social,gmail.com,45-54,Northeast
C000160,2025-01-02,Referral Program,hotmail.com,25-34,Midwest
C007239,2026-04-30,paid_search,gmail.com,25-34,Northeast
C008786,2026-06-14,paid_search,yahoo.com,35-44,Southwest
C005611,2026-01-16,Google Ads,gmail.com,35-44,Midwest
C010982,2026-08-08,paid_social,gmail.com,45-54,West
C001306,2025-04-08,Organic,outlook.com,35-44,Southwest
C002275,2025-06-08,Podcast,gmail.com,45-54,West
C006627,2026-03-23,paid_social,gmail.com,25-34,West
C010758,2026-08-13,paid_social,outlook.com,45-54,Northeast
C003579,2025-09-27,Referral Program,gmail.com,35-44,West
C007832,2026-05-01,referral,gmail.com,55-64,West
C008658,2026-06-20,podcast,icloud.com,35-44,Southeast
C001261,2025-04-01,Organic,gmail.com,45-54,Northeast
C005589,2026-01-28,Google Ads,gmail.com,45-54,Midwest
C002110,2025-06-15,Organic,gmail.com,45-54,West
C002727,2025-07-08,Podcast,outlook.com,25-34,Midwest
C000684,2025-02-25,Google Ads,gmail.com,65+,Southwest
C010684,2026-08-06,paid_social,gmail.com,45-54,Southwest
C010924,2026-08-10,paid_social,yahoo.com,55-64,West
C003121,2025-08-21,Referral Program,outlook.com,35-44,Northeast
C007724,2026-05-16,organic_search,gmail.com,45-54,Northeast
C008928,2026-06-07,paid_social,gmail.com,25-34,West
C003537,2025-09-16,Referral Program,outlook.com,35-44,Northeast
C000530,2025-02-01,Referral Program,outlook.com,25-34,Northeast
C009498,2026-07-07,referral,yahoo.com,35-44,Southeast
C009270,2026-06-16,paid_social,icloud.com,45-54,Northeast
C007521,2026-04-30,paid_social,comcast.net,35-44,Southeast
C011376,2026-06-14,organic_search,harbormoney.com,45-54,Northeast
C003440,2025-09-22,Organic,icloud.com,65+,Midwest
C001776,2025-05-23,Organic,gmail.com,55-64,Northeast
C004678,2025-11-08,Google Ads,gmail.com,35-44,Southeast
C002790,2025-07-27,Google Ads,gmail.com,55-64,Northeast
C004349,2025-11-16,Organic,gmail.com,55-64,West
C005430,2026-01-22,Referral Program,gmail.com,55-64,Southeast
C006400,2026-03-17,referral,gmail.com,25-34,West
C011242,2026-09-03,paid_social,hotmail.com,35-44,Southwest
C009295,2026-06-09,paid_social,hotmail.com,45-54,West
C008947,2026-06-08,paid_social,proton.me,55-64,West
C003618,2025-09-19,Podcast,gmail.com,45-54,Southeast
C010883,2026-08-17,paid_social,gmail.com,55-64,Northeast
C000554,2025-02-19,,gmail.com,45-54,West
C003732,2025-09-15,Google Ads,outlook.com,45-54,West
C003428,2025-09-01,Organic,gmail.com,35-44,Southeast
C011278,2026-09-13,paid_social,gmail.com,35-44,Midwest
C009426,2026-07-16,organic_search,yahoo.com,25-34,West
C005341,2026-01-16,Organic,gmail.com,45-54,West
C002661,2025-07-07,Referral Program,gmail.com,25-34,West
C004563,2025-11-07,Referral Program,gmail.com,45-54,West
C011240,2026-09-12,paid_social,outlook.com,35-44,Midwest
C002947,2025-08-13,Organic,outlook.com,55-64,Southwest
C005065,2025-12-14,Podcast,gmail.com,55-64,West
C000736,2025-02-18,Google Ads,gmail.com,45-54,Midwest
C009166,2026-06-19,paid_social,outlook.com,35-44,Southeast
C003589,2025-09-09,Referral Program,gmail.com,55-64,Southwest
C010539,2026-08-09,paid_search,gmail.com,45-54,Southeast
C005863,2026-02-25,organic_search,gmail.com,45-54,West
C009401,2026-07-25,organic_search,gmail.com,45-54,Midwest
C011385,2025-10-09,Organic,harbormoney.com,55-64,West
C006726,2026-03-09,paid_social,hotmail.com,25-34,West
C007816,2026-05-05,referral,outlook.com,45-54,Midwest
C009219,2026-06-25,paid_social,comcast.net,25-34,Midwest
C009234,2026-06-25,paid_social,icloud.com,45-54,Midwest
C003116,2025-08-23,Referral Program,gmail.com,35-44,Northeast
C008327,2026-05-17,paid_social,comcast.net,55-64,Southeast
C008761,2026-06-18,paid_search,gmail.com,25-34,West
C002171,2025-06-04,Organic,hotmail.com,45-54,Midwest
C009003,2026-06-12,paid_social,gmail.com,35-44,Southeast
C001387,2025-04-27,Referral Program,icloud.com,45-54,Northeast
C005027,2025-12-05,Referral Program,gmail.com,55-64,Northeast
C008919,2026-06-17,paid_social,gmail.com,25-34,Northeast
C010813,2026-08-07,paid_social,icloud.com,45-54,Midwest
C005844,2026-02-02,organic_search,comcast.net,35-44,Northeast
C000609,2025-02-23,Podcast,gmail.com,45-54,West
C006641,2026-03-02,paid_social,outlook.com,35-44,West
C008749,2026-06-30,paid_search,gmail.com,55-64,West
C009965,2026-07-16,paid_social,gmail.com,35-44,Northeast
C003472,2025-09-10,Organic,gmail.com,45-54,West
C001527,2025-04-18,Google Ads,gmail.com,35-44,West
C000478,2025-02-03,Organic,icloud.com,55-64,Northeast
C010449,2026-08-15,paid_search,proton.me,65+,West
C008269,2026-05-06,paid_social,outlook.com,45-54,Southeast
C002910,2025-07-05,Facebook Ads,gmail.com,35-44,Southeast
C004565,2025-11-07,Referral Program,outlook.com,45-54,Northeast
C005824,2026-02-14,organic_search,outlook.com,45-54,Southeast
C011231,2026-09-01,paid_social,gmail.com,25-34,Northeast
C006225,2026-03-17,organic_search,comcast.net,45-54,West
C000670,2025-02-17,Google Ads,yahoo.com,55-64,West
C010608,2026-08-23,paid_social,yahoo.com,25-34,Northeast
C010051,2026-07-01,paid_social,gmail.com,25-34,Midwest
C007442,2026-04-06,paid_social,icloud.com,35-44,Southeast
C005862,2026-02-28,organic_search,gmail.com,35-44,Southeast
C007451,2026-04-02,paid_social,icloud.com,45-54,Northeast
C002573,2025-07-07,Organic,icloud.com,25-34,Northeast
C005717,2026-01-14,Facebook Ads,gmail.com,35-44,Southwest
C004880,2025-12-23,Organic,outlook.com,35-44,Midwest
C007748,2026-05-03,organic_search,gmail.com,35-44,Midwest
C005439,2026-01-18,Referral Program,gmail.com,55-64,West
C004322,2025-10-09,Facebook Ads,hotmail.com,25-34,West
C004800,2025-11-26,Facebook Ads,yahoo.com,25-34,Southwest
C001923,2025-05-27,Podcast,gmail.com,45-54,West
C001371,2025-04-15,Organic,hotmail.com,25-34,Northeast
C009730,2026-07-20,paid_social,gmail.com,45-54,Northeast
C010922,2026-08-03,paid_social,proton.me,25-34,West
C002565,2025-07-21,Organic,gmail.com,55-64,Southwest
C010448,2026-08-16,paid_search,icloud.com,35-44,Southeast
C004666,2025-11-22,Google Ads,gmail.com,35-44,West
C000828,2025-03-27,Organic,gmail.com,35-44,Northeast
C009728,2026-07-29,paid_social,outlook.com,55-64,Southeast
C005118,2025-12-03,Google Ads,gmail.com,35-44,Southeast
C010785,2026-08-12,paid_social,gmail.com,45-54,West
C004358,2025-11-29,Organic,icloud.com,45-54,Northeast
C009436,2026-07-30,referral,gmail.com,35-44,West
C009329,2026-07-24,organic_search,gmail.com,25-34,Midwest
C008931,2026-06-14,paid_social,outlook.com,55-64,Northeast
C004594,2025-11-23,Podcast,yahoo.com,35-44,West
C004363,2025-11-01,Organic,gmail.com,25-34,West
C009428,2026-07-26,organic_search,yahoo.com,45-54,Southeast
C010739,2026-08-13,paid_social,gmail.com,65+,Southeast
C010454,2026-08-24,paid_search,gmail.com,25-34,Midwest
C009783,2026-07-04,paid_social,gmail.com,65+,Midwest
C006125,2026-02-07,paid_social,gmail.com,45-54,Southeast
C010427,2026-08-08,podcast,gmail.com,65+,Midwest
C010713,2026-08-10,paid_social,gmail.com,35-44,Southwest
C008579,2026-06-16,referral,gmail.com,45-54,Northeast
C005880,2026-02-27,organic_search,gmail.com,45-54,Midwest
C005342,2026-01-15,Organic,hotmail.com,35-44,Southwest
C009777,2026-07-16,paid_social,yahoo.com,45-54,Southwest
C006406,2026-03-28,referral,gmail.com,25-34,Midwest
C001438,2025-04-16,Referral Program,gmail.com,25-34,Southwest
C009635,2026-07-03,paid_search,gmail.com,35-44,Southeast
C001268,2025-04-10,Organic,yahoo.com,25-34,West
C001007,2025-03-03,Referral Program,hotmail.com,25-34,Southeast
C005329,2026-01-23,Organic,gmail.com,25-34,Southeast
C008701,2026-06-18,paid_search,yahoo.com,45-54,Southeast
C000380,2025-01-13,Facebook Ads,icloud.com,45-54,Midwest
C009684,2026-07-18,paid_social,gmail.com,35-44,Southeast
C000366,2025-01-02,Facebook Ads,comcast.net,45-54,West
C005489,2026-01-23,Referral Program,gmail.com,35-44,Southwest
C002972,2025-08-19,Organic,icloud.com,35-44,Midwest
C005444,2026-01-03,Referral Program,yahoo.com,25-34,West
C009404,2026-07-14,organic_search,gmail.com,35-44,Northeast
C004199,2025-10-16,Google Ads,gmail.com,55-64,Southeast
C009347,2026-07-06,organic_search,gmail.com,55-64,Midwest
C005529,2026-01-20,Podcast,gmail.com,25-34,Southwest
C004848,2025-12-16,Organic,icloud.com,45-54,Southwest
C001650,2025-04-02,Facebook Ads,comcast.net,45-54,Northeast
C002760,2025-07-26,Podcast,gmail.com,35-44,Southwest
C005216,2025-12-12,Facebook Ads,gmail.com,25-34,West
C006269,2026-03-18,organic_search,gmail.com,45-54,West
C007488,2026-04-12,paid_social,gmail.com,45-54,West
C001290,2025-04-13,Organic,gmail.com,35-44,Northeast
C007909,2026-05-09,paid_search,gmail.com,25-34,Northeast
C011025,2026-09-04,organic_search,yahoo.com,25-34,Midwest
C003526,2025-09-24,Organic,gmail.com,35-44,Midwest
C009231,2026-06-11,paid_social,hotmail.com,35-44,Southwest
C001080,2025-03-27,Podcast,comcast.net,55-64,Southeast
C007233,2026-04-01,paid_search,yahoo.com,35-44,Midwest
C004046,2025-10-18,,gmail.com,35-44,Midwest
C001099,2025-03-26,Google Ads,comcast.net,25-34,Midwest
C010047,2026-07-30,paid_social,outlook.com,35-44,Midwest
C007852,2026-05-07,podcast,yahoo.com,35-44,Midwest
C002815,2025-07-30,Google Ads,icloud.com,25-34,Southeast
C002049,2025-05-02,Facebook Ads,gmail.com,55-64,Southwest
C010948,2026-08-07,paid_social,outlook.com,45-54,Northeast
C006702,2026-03-09,paid_social,gmail.com,45-54,Southeast
C000144,2025-01-20,Referral Program,outlook.com,45-54,Northeast
C006013,2026-02-16,podcast,hotmail.com,45-54,Southeast
C000914,2025-03-25,Organic,gmail.com,35-44,Southeast
C002821,2025-07-10,Google Ads,outlook.com,45-54,West
C007686,2026-05-23,organic_search,yahoo.com,25-34,Midwest
C001361,2025-04-21,Organic,gmail.com,45-54,Northeast
C001768,2025-05-08,Organic,hotmail.com,35-44,West
C008900,2026-06-28,paid_social,gmail.com,35-44,Midwest
C000885,2025-03-12,Organic,hotmail.com,55-64,West
C003349,2025-08-23,Facebook Ads,gmail.com,35-44,West
C006470,2026-03-12,podcast,gmail.com,55-64,Southeast
C005108,2025-12-09,Google Ads,yahoo.com,65+,Midwest
C000201,2025-01-29,Podcast,gmail.com,45-54,Northeast
C008973,2026-06-19,paid_social,proton.me,35-44,Southeast
C000999,2025-03-03,Referral Program,gmail.com,25-34,Southwest
C007215,2026-04-24,paid_search,gmail.com,45-54,Southeast
C005948,2026-02-07,referral,icloud.com,55-64,Southeast
C002226,2025-06-20,Referral Program,icloud.com,65+,Southeast
C010173,2026-08-09,organic_search,proton.me,35-44,Northeast
C009432,2026-07-13,referral,gmail.com,35-44,Midwest
C010549,2026-08-26,paid_search,yahoo.com,25-34,Southeast
C008869,2026-06-02,paid_social,hotmail.com,65+,Northeast
C006779,2026-03-28,paid_social,icloud.com,45-54,West
C010556,2026-08-28,paid_social,gmail.com,35-44,Northeast
C002267,2025-06-17,Referral Program,gmail.com,25-34,Southwest
C004231,2025-10-20,Google Ads,gmail.com,45-54,Northeast
C006359,2026-03-11,referral,gmail.com,35-44,Northeast
C002852,2025-07-23,Google Ads,yahoo.com,35-44,Southwest
C009637,2026-07-17,paid_search,outlook.com,45-54,West
C009228,2026-06-27,paid_social,gmail.com,25-34,Midwest
C001789,2025-05-31,Organic,gmail.com,35-44,Midwest
C003295,2025-08-15,Google Ads,gmail.com,45-54,Southeast
C010522,2026-08-21,paid_search,yahoo.com,35-44,Midwest
C006717,2026-03-05,paid_social,gmail.com,25-34,West
C000549,2025-02-14,Referral Program,gmail.com,35-44,Midwest
C003074,2025-08-09,Organic,icloud.com,55-64,Northeast
C010745,2026-08-14,paid_social,gmail.com,55-64,West
C000216,2025-01-04,Podcast,yahoo.com,65+,Southwest
C007334,2026-04-16,paid_social,gmail.com,35-44,Southwest
C001785,2025-05-18,Organic,outlook.com,35-44,Southeast
C007644,2026-04-01,paid_social,yahoo.com,25-34,Northeast
C000449,2025-02-19,Organic,gmail.com,45-54,Southwest
C001914,2025-05-16,Podcast,outlook.com,35-44,Northeast
C007557,2026-04-26,paid_social,icloud.com,25-34,Southwest
C010593,2026-08-30,paid_social,outlook.com,35-44,West
C007409,2026-04-21,paid_social,gmail.com,45-54,Midwest
C008537,2026-06-21,organic_search,gmail.com,55-64,Midwest
C000238,2025-01-03,Podcast,yahoo.com,35-44,Midwest
C006963,2026-04-16,organic_search,gmail.com,35-44,Southeast
C009840,2026-07-02,paid_social,gmail.com,25-34,West
C010111,2026-08-05,organic_search,comcast.net,25-34,Southwest
C000748,2025-02-14,Facebook Ads,proton.me,35-44,Southwest
C006801,2026-03-27,paid_social,icloud.com,65+,Northeast
C010806,2026-08-27,paid_social,icloud.com,35-44,Northeast
C007201,2026-04-13,paid_search,yahoo.com,55-64,Northeast
C007353,2026-04-17,paid_social,outlook.com,45-54,Southeast
C009181,2026-06-09,paid_social,gmail.com,55-64,Northeast
C008292,2026-05-03,paid_social,yahoo.com,45-54,Southeast
C008213,2026-05-23,paid_social,gmail.com,55-64,Southeast
C000642,2025-02-14,Podcast,gmail.com,55-64,Midwest
C006180,2026-02-03,paid_social,outlook.com,25-34,Southeast
C010380,2026-08-01,podcast,yahoo.com,35-44,Southwest
C007524,2026-04-29,paid_social,gmail.com,45-54,Southeast
C000521,2025-02-28,Organic,gmail.com,25-34,Midwest
C004566,2025-11-19,Referral Program,gmail.com,35-44,Midwest
C009611,2026-07-15,paid_search,hotmail.com,45-54,Northeast
C001145,2025-03-20,Google Ads,gmail.com,45-54,Southeast
C011169,2026-09-07,paid_search,icloud.com,35-44,Northeast
C009016,2026-06-01,paid_social,gmail.com,55-64,West
C006979,2026-04-15,organic_search,hotmail.com,55-64,Southeast
C004750,2025-11-30,Facebook Ads,yahoo.com,25-34,Northeast
C000233,2025-01-19,Podcast,gmail.com,45-54,Southeast
C001815,2025-05-30,Referral Program,hotmail.com,45-54,Midwest
C000617,2025-02-06,Podcast,hotmail.com,65+,West
C010061,2026-07-20,paid_social,gmail.com,35-44,Southeast
C001348,2025-04-14,Organic,outlook.com,45-54,Northeast
C011014,2026-09-13,organic_search,proton.me,35-44,Northeast
C001625,2025-04-07,Facebook Ads,gmail.com,35-44,Southwest
C008315,2026-05-21,paid_social,gmail.com,45-54,Northeast
C004464,2025-11-09,Organic,gmail.com,45-54,Southwest
C008860,2026-06-28,paid_social,hotmail.com,45-54,Northeast
C007203,2026-04-14,paid_search,gmail.com,55-64,Northeast
C006398,2026-03-01,referral,hotmail.com,45-54,Midwest
C000241,2025-01-27,Podcast,gmail.com,25-34,Midwest
C000154,2025-01-19,Referral Program,icloud.com,35-44,West
C004295,2025-10-16,Facebook Ads,yahoo.com,55-64,Southwest
C006311,2026-03-15,organic_search,gmail.com,45-54,Southwest
C006700,2026-03-25,paid_social,gmail.com,55-64,West
C009828,2026-07-26,paid_social,gmail.com,35-44,West
C003887,2025-10-14,Organic,gmail.com,35-44,Midwest
C010329,2026-08-13,referral,gmail.com,25-34,Midwest
C007468,2026-04-11,paid_social,gmail.com,45-54,Southeast
C010583,2026-08-26,paid_social,outlook.com,25-34,West
C007189,2026-04-08,paid_search,yahoo.com,35-44,Midwest
C007327,2026-04-18,paid_social,comcast.net,65+,Midwest
C009508,2026-07-08,referral,comcast.net,35-44,Southwest
C008260,2026-05-01,paid_social,hotmail.com,45-54,Southeast
C001786,2025-05-23,Organic,gmail.com,45-54,Southeast
C002679,2025-07-13,Referral Program,gmail.com,45-54,Midwest
C004186,2025-10-14,Google Ads,outlook.com,35-44,Southwest
C007106,2026-04-27,podcast,gmail.com,55-64,Southeast
C000465,2025-02-14,Organic,outlook.com,35-44,Southwest
C007986,2026-05-09,paid_social,gmail.com,45-54,Southeast
C011228,2026-09-03,paid_social,gmail.com,35-44,West
C005508,2026-01-18,Podcast,gmail.com,35-44,Northeast
C007710,2026-05-24,organic_search,gmail.com,65+,Southeast
C008435,2026-06-04,organic_search,gmail.com,55-64,West
C006568,2026-03-22,paid_search,gmail.com,55-64,Midwest
C005812,2026-02-11,organic_search,yahoo.com,65+,West
C006475,2026-03-01,podcast,yahoo.com,35-44,Northeast
C002346,2025-06-17,Google Ads,yahoo.com,25-34,Northeast
C007967,2026-05-23,paid_search,comcast.net,45-54,Northeast
C002319,2025-06-07,Podcast,yahoo.com,25-34,Southwest
C000242,2025-01-05,Podcast,gmail.com,45-54,Midwest
C008374,2026-05-11,paid_social,gmail.com,55-64,West
C009121,2026-06-20,paid_social,gmail.com,35-44,Southwest
C005192,2025-12-13,Google Ads,comcast.net,35-44,Southwest
C001127,2025-03-03,Google Ads,gmail.com,35-44,Midwest
C008341,2026-05-10,paid_social,icloud.com,35-44,Northeast
C005288,2026-01-29,Organic,gmail.com,25-34,Southeast
C009055,2026-06-09,paid_social,gmail.com,45-54,West
C004703,2025-11-07,Google Ads,proton.me,35-44,Southwest
C007606,2026-04-05,paid_social,gmail.com,45-54,Southwest
C010210,2026-08-24,organic_search,gmail.com,65+,West
C001450,2025-04-08,Referral Program,comcast.net,35-44,Midwest
C010844,2026-08-20,paid_social,gmail.com,55-64,Southeast
C009622,2026-07-04,paid_search,gmail.com,35-44,Southeast
C007833,2026-05-11,referral,gmail.com,35-44,Southwest
C010823,2026-08-24,paid_social,proton.me,25-34,Midwest
C005834,2026-02-18,organic_search,outlook.com,45-54,Northeast
C007903,2026-05-23,paid_search,gmail.com,35-44,Midwest
C001328,2025-04-26,Organic,hotmail.com,45-54,Southeast
C004280,2025-10-12,Facebook Ads,outlook.com,45-54,Northeast
C004926,2025-12-19,Organic,gmail.com,55-64,Northeast
C000936,2025-03-05,Organic,gmail.com,35-44,Southeast
C001845,2025-05-14,Referral Program,outlook.com,55-64,West
C009310,2026-06-20,,gmail.com,45-54,West
C002716,2025-07-20,Podcast,gmail.com,45-54,Northeast
C010472,2026-08-19,paid_search,gmail.com,25-34,Midwest
C005381,2026-01-06,Organic,gmail.com,35-44,West
C001331,2025-04-30,Organic,gmail.com,35-44,West
C004361,2025-11-04,Organic,proton.me,45-54,West
C005724,2026-01-31,Facebook Ads,outlook.com,35-44,West
C008252,2026-05-25,paid_social,gmail.com,35-44,Northeast
C009398,2026-07-07,organic_search,yahoo.com,55-64,Southwest
C008544,2026-06-04,organic_search,gmail.com,45-54,West
C005638,2026-01-30,Google Ads,icloud.com,45-54,West
C005628,2026-01-06,Google Ads,gmail.com,45-54,Southwest
C009531,2026-07-16,podcast,hotmail.com,55-64,Northeast
C003057,2025-08-16,Organic,gmail.com,35-44,West
C008371,2026-05-10,paid_social,outlook.com,55-64,Midwest
C000781,2025-02-24,Facebook Ads,gmail.com,25-34,Southwest
C002996,2025-08-30,Organic,hotmail.com,45-54,Northeast
C000033,2025-01-06,Organic,comcast.net,35-44,Southwest
C011191,2026-09-09,paid_social,gmail.com,25-34,Southeast
C009224,2026-06-02,paid_social,gmail.com,45-54,West
C009104,2026-06-10,paid_social,gmail.com,45-54,Northeast
C002420,2025-06-23,Facebook Ads,outlook.com,55-64,West
C009445,2026-07-12,referral,gmail.com,55-64,West
C010927,2026-08-10,paid_social,outlook.com,35-44,West
C003912,2025-10-01,Organic,gmail.com,55-64,Northeast
C007797,2026-05-05,referral,gmail.com,55-64,Northeast
C003795,2025-09-18,Facebook Ads,gmail.com,55-64,Southeast
C009297,2026-06-25,paid_social,gmail.com,35-44,West
C004072,2025-10-25,Referral Program,gmail.com,55-64,Northeast
C002018,2025-05-06,Google Ads,gmail.com,45-54,Southeast
C008644,2026-06-09,podcast,outlook.com,25-34,Northeast
C008036,2026-05-28,paid_social,outlook.com,55-64,West
C009202,2026-06-28,paid_social,gmail.com,25-34,West
C005171,2025-12-26,Google Ads,hotmail.com,65+,West
C006189,2026-02-01,paid_social,gmail.com,35-44,Northeast
C004924,2025-12-21,Organic,gmail.com,25-34,Southwest
C003304,2025-08-20,Google Ads,comcast.net,35-44,West
C001473,2025-04-13,Podcast,gmail.com,25-34,Northeast
C007817,2026-05-09,referral,yahoo.com,25-34,Northeast
C009418,2026-07-03,organic_search,yahoo.com,45-54,Midwest
C009745,2026-07-18,paid_social,gmail.com,25-34,Southeast
C006381,2026-03-14,referral,gmail.com,45-54,Northeast
C007047,2026-04-07,referral,gmail.com,45-54,Midwest
C011172,2026-09-09,paid_search,outlook.com,45-54,West
C006084,2026-02-05,paid_search,gmail.com,45-54,Southeast
C004422,2025-11-15,Organic,gmail.com,55-64,Southeast
C002449,2025-06-19,Facebook Ads,gmail.com,25-34,Midwest
C000234,2025-01-05,Podcast,yahoo.com,35-44,Midwest
C000137,2025-01-15,Referral Program,gmail.com,55-64,West
C004826,2025-12-16,Organic,gmail.com,55-64,Southeast
C010293,2026-08-09,referral,yahoo.com,25-34,Southwest
C008688,2026-06-17,,gmail.com,35-44,West
C000145,2025-01-15,,gmail.com,35-44,West
C002394,2025-06-12,Google Ads,comcast.net,35-44,Southeast
C008918,2026-06-29,paid_social,hotmail.com,55-64,Southeast
C010264,2026-08-02,organic_search,gmail.com,25-34,Southwest
C001615,2025-04-12,Facebook Ads,comcast.net,45-54,West
C000421,2025-02-04,Organic,yahoo.com,35-44,Northeast
C010817,2026-08-07,paid_social,gmail.com,55-64,Northeast
C000567,2025-02-24,Referral Program,outlook.com,45-54,Northeast
C008501,2026-06-06,organic_search,gmail.com,45-54,Northeast
C004460,2025-11-16,Organic,yahoo.com,45-54,Northeast
C001621,2025-04-12,Facebook Ads,yahoo.com,35-44,Southeast
C009493,2026-07-21,referral,hotmail.com,45-54,Northeast
C005756,2026-02-15,organic_search,gmail.com,35-44,West
C003026,2025-08-28,Organic,outlook.com,65+,Midwest
C003177,2025-08-16,Podcast,yahoo.com,25-34,Midwest
C005060,2025-12-15,Podcast,gmail.com,25-34,Midwest
C009809,2026-07-28,paid_social,gmail.com,35-44,Midwest
C004285,2025-10-16,Facebook Ads,gmail.com,25-34,Northeast
C000663,2025-02-18,Google Ads,gmail.com,25-34,Midwest
C010918,2026-08-06,paid_social,comcast.net,25-34,Midwest
C001245,2025-03-23,Facebook Ads,comcast.net,55-64,Midwest
C008871,2026-06-03,paid_social,gmail.com,55-64,Midwest
C003632,2025-09-16,Podcast,gmail.com,45-54,Southeast
C004147,2025-10-01,Podcast,gmail.com,25-34,Southeast
C009359,2026-07-30,organic_search,yahoo.com,45-54,Southeast
C003505,2025-09-06,Organic,gmail.com,25-34,West
C009173,2026-06-08,paid_social,gmail.com,35-44,Midwest
C001114,2025-03-11,Google Ads,outlook.com,55-64,Southeast
C009289,2026-06-24,paid_social,gmail.com,45-54,Southwest
C003297,2025-08-27,Google Ads,gmail.com,25-34,Northeast
C003685,2025-09-19,Google Ads,outlook.com,25-34,Southeast
C006585,2026-03-26,paid_social,gmail.com,55-64,West
C010327,2026-08-17,referral,yahoo.com,35-44,Southeast
C000769,2025-02-09,Facebook Ads,outlook.com,25-34,West
C004192,2025-10-15,Google Ads,icloud.com,25-34,West
C006823,2026-03-06,paid_social,gmail.com,25-34,Northeast
C002401,2025-06-12,Google Ads,hotmail.com,45-54,Southeast
C007839,2026-05-11,podcast,hotmail.com,25-34,West
C008139,2026-05-01,paid_social,gmail.com,35-44,Southeast
C000899,2025-03-23,Organic,gmail.com,35-44,Northeast
C006308,2026-03-09,organic_search,gmail.com,35-44,Northeast
C000993,2025-03-30,Referral Program,yahoo.com,25-34,West
C008158,2026-05-05,paid_social,hotmail.com,55-64,Northeast
C001996,2025-05-25,Google Ads,yahoo.com,35-44,Southeast
C006685,2026-03-21,paid_social,gmail.com,45-54,Southwest
C011372,2025-01-27,Organic,harbormoney.com,45-54,Northeast
C003586,2025-09-10,Referral Program,gmail.com,35-44,Southeast
C008984,2026-06-28,paid_social,icloud.com,45-54,Southeast
C004753,2025-11-25,Facebook Ads,icloud.com,25-34,Southeast
C002024,2025-05-25,Google Ads,outlook.com,65+,Southeast
C011399,2025-01-12,Organic,harbormoney.com,55-64,West
C006738,2026-03-21,paid_social,outlook.com,25-34,Southwest
C010105,2026-08-15,organic_search,gmail.com,45-54,West
C007676,2026-05-26,organic_search,yahoo.com,35-44,Southwest
C002688,2025-07-26,Referral Program,outlook.com,35-44,Southeast
C009574,2026-07-23,podcast,yahoo.com,25-34,Southwest
C000312,2025-01-07,Google Ads,gmail.com,45-54,Northeast
C002340,2025-06-15,Google Ads,gmail.com,45-54,Northeast
C005296,2026-01-10,Organic,gmail.com,35-44,Southwest
C002098,2025-05-12,Facebook Ads,gmail.com,45-54,Midwest
C002421,2025-06-14,Facebook Ads,outlook.com,35-44,Midwest
C003653,2025-09-24,Podcast,icloud.com,55-64,Southeast
C001265,2025-04-01,Organic,gmail.com,45-54,Southeast
C002849,2025-07-18,Google Ads,gmail.com,35-44,Southeast
C010478,2026-08-14,paid_search,gmail.com,45-54,Northeast
C002277,2025-06-09,Podcast,proton.me,35-44,Midwest
C002793,2025-07-24,Google Ads,yahoo.com,45-54,West
C008473,2026-06-17,organic_search,hotmail.com,45-54,Southwest
C011116,2026-09-12,podcast,gmail.com,25-34,West
C007525,2026-04-27,paid_social,comcast.net,25-34,Northeast
C002059,2025-05-01,Facebook Ads,proton.me,45-54,Southeast
C007388,2026-04-05,paid_social,gmail.com,35-44,Southwest
C002168,2025-06-17,Organic,yahoo.com,35-44,West
C004665,2025-11-08,Google Ads,yahoo.com,45-54,Southwest
C005223,2025-12-17,Facebook Ads,outlook.com,35-44,Northeast
C007983,2026-05-12,paid_social,gmail.com,35-44,Northeast
C009367,2026-07-14,organic_search,comcast.net,35-44,Northeast
C006849,2026-03-02,paid_social,gmail.com,45-54,Midwest
C000938,2025-03-24,Organic,hotmail.com,35-44,Northeast
C000078,2025-01-12,Organic,proton.me,35-44,West
C011371,2026-08-03,organic_search,harbormoney.com,35-44,West
C005658,2026-01-02,Google Ads,gmail.com,25-34,Northeast
C009888,2026-07-20,paid_social,gmail.com,45-54,Southwest
C009205,2026-06-26,paid_social,gmail.com,55-64,Southwest
C000653,2025-02-26,Google Ads,gmail.com,65+,Southeast
C010750,2026-08-12,paid_social,outlook.com,55-64,West
C010716,2026-08-07,paid_social,gmail.com,35-44,West
C005238,2025-12-09,Facebook Ads,yahoo.com,65+,Midwest
C003406,2025-08-18,Facebook Ads,outlook.com,25-34,Midwest
C004769,2025-11-08,Facebook Ads,icloud.com,65+,Northeast
C000600,2025-02-07,Podcast,icloud.com,25-34,Northeast
C003954,2025-10-30,Organic,gmail.com,45-54,Northeast
C003573,2025-09-29,Referral Program,gmail.com,25-34,West
C010560,2026-08-08,paid_social,gmail.com,35-44,Southeast
C001813,2025-05-03,Referral Program,gmail.com,55-64,West
C001138,2025-03-25,Google Ads,gmail.com,25-34,Northeast
C002082,2025-05-04,Facebook Ads,icloud.com,35-44,West
C002047,2025-05-13,Facebook Ads,icloud.com,35-44,Northeast
C004958,2025-12-12,Referral Program,comcast.net,35-44,Southeast
C001391,2025-04-22,Referral Program,gmail.com,25-34,Northeast
C008779,2026-06-23,paid_search,gmail.com,35-44,Northeast
C009875,2026-07-30,paid_social,gmail.com,45-54,Southwest
C004618,2025-11-10,Podcast,outlook.com,35-44,Northeast
C002870,2025-07-21,Google Ads,gmail.com,35-44,Southwest
C004776,2025-11-22,Facebook Ads,yahoo.com,35-44,Southwest
C004262,2025-10-29,Google Ads,gmail.com,45-54,Midwest
C003228,2025-08-04,Google Ads,gmail.com,55-64,Southeast
C003488,2025-09-22,Organic,gmail.com,25-34,Northeast
C004564,2025-11-25,Referral Program,gmail.com,45-54,Southeast
C000900,2025-03-15,Organic,yahoo.com,45-54,West
C002529,2025-07-19,Organic,gmail.com,55-64,Southeast
C005576,2026-01-08,Google Ads,gmail.com,45-54,Northeast
C000635,2025-02-03,Podcast,comcast.net,55-64,Southeast
C000059,2025-01-26,Organic,icloud.com,45-54,Northeast
C004437,2025-11-04,Organic,gmail.com,55-64,Southwest
C004681,2025-11-10,Google Ads,proton.me,25-34,West
C005366,2026-01-15,Organic,gmail.com,35-44,Midwest
C006171,2026-02-25,paid_social,outlook.com,45-54,West
C010423,2026-08-09,podcast,outlook.com,25-34,West
C003534,2025-09-30,Referral Program,gmail.com,55-64,Southeast
C004091,2025-10-18,Referral Program,outlook.com,35-44,Midwest
C008576,2026-06-03,referral,hotmail.com,25-34,Southeast
C011106,2026-09-02,referral,gmail.com,45-54,Southwest
C000797,2025-02-07,Facebook Ads,outlook.com,35-44,Southeast
C004886,2025-12-11,Organic,gmail.com,45-54,West
C000376,2025-01-15,Facebook Ads,proton.me,25-34,West
C002161,2025-06-27,Organic,gmail.com,25-34,Midwest
C003479,2025-09-25,Organic,yahoo.com,45-54,Northeast
C011079,2026-09-08,referral,outlook.com,35-44,Southeast
C008730,2026-06-29,paid_search,gmail.com,25-34,Southeast
C007988,2026-05-05,paid_social,outlook.com,25-34,Southeast
C007998,2026-05-01,paid_social,yahoo.com,45-54,Northeast
C002923,2025-07-10,Facebook Ads,icloud.com,35-44,Northeast
C000547,2025-02-26,Referral Program,gmail.com,35-44,Southeast
C010667,2026-08-28,paid_social,hotmail.com,45-54,Northeast
C003041,2025-08-27,Organic,hotmail.com,45-54,West
C006581,2026-03-08,paid_search,gmail.com,35-44,West
C006706,2026-03-16,paid_social,gmail.com,55-64,Midwest
C003740,2025-09-13,Google Ads,gmail.com,55-64,Northeast
C008401,2026-05-28,paid_social,gmail.com,55-64,Northeast
C009213,2026-06-08,paid_social,gmail.com,25-34,West
C001006,2025-03-20,Referral Program,outlook.com,35-44,Northeast
C004892,2025-12-03,Organic,yahoo.com,55-64,Southwest
C007366,2026-04-13,paid_social,yahoo.com,45-54,Southeast
C005768,2026-02-02,organic_search,gmail.com,35-44,Southeast
C002616,2025-07-18,Organic,gmail.com,35-44,Southeast
C004906,2025-12-28,Organic,gmail.com,65+,Midwest
C002696,2025-07-13,Referral Program,gmail.com,35-44,Southwest
C010479,2026-08-01,paid_search,gmail.com,35-44,Northeast
C007415,2026-04-12,paid_social,gmail.com,35-44,Northeast
C005443,2026-01-22,Referral Program,outlook.com,45-54,West
C009094,2026-06-25,paid_social,gmail.com,45-54,West
C005384,2026-01-17,Organic,gmail.com,45-54,West
C000657,2025-02-14,Google Ads,icloud.com,35-44,Midwest
C008867,2026-06-29,paid_social,gmail.com,35-44,Northeast
C004319,2025-10-22,Facebook Ads,icloud.com,35-44,Southeast
C006777,2026-03-11,paid_social,gmail.com,35-44,Southwest
C009054,2026-06-05,paid_social,gmail.com,45-54,Southeast
C004448,2025-11-19,Organic,gmail.com,35-44,Southwest
C007163,2026-04-27,paid_search,comcast.net,25-34,Midwest
C002143,2025-06-17,Organic,hotmail.com,45-54,Southwest
C007352,2026-04-26,paid_social,outlook.com,35-44,Northeast
C008001,2026-05-27,paid_social,gmail.com,25-34,Midwest
C004268,2025-10-20,Facebook Ads,gmail.com,35-44,Midwest
C005504,2026-01-07,Referral Program,gmail.com,35-44,Southwest
C008481,2026-06-29,,gmail.com,35-44,Northeast
C003169,2025-08-30,Podcast,gmail.com,25-34,Northeast
C002913,2025-07-23,Facebook Ads,gmail.com,25-34,Southwest
C006114,2026-02-16,paid_search,gmail.com,45-54,Midwest
C000730,2025-02-12,Google Ads,gmail.com,35-44,Northeast
C004246,2025-10-07,Google Ads,outlook.com,25-34,West
C000187,2025-01-29,Podcast,gmail.com,25-34,Northeast
C004148,2025-10-03,Podcast,gmail.com,25-34,Northeast
C003079,2025-08-25,Referral Program,gmail.com,45-54,Southwest
C009430,2026-07-16,organic_search,gmail.com,35-44,Northeast
C011135,2026-09-09,podcast,gmail.com,65+,Northeast
C004425,2025-11-11,Organic,gmail.com,25-34,Southeast
C004702,2025-11-21,Google Ads,yahoo.com,45-54,West
C008474,2026-06-05,organic_search,outlook.com,45-54,Southeast
C007701,2026-05-28,organic_search,icloud.com,25-34,Southwest
C000230,2025-01-26,Podcast,gmail.com,35-44,Southeast
C000104,2025-01-02,,gmail.com,25-34,Southeast
C001576,2025-04-23,Google Ads,proton.me,45-54,West
C000586,2025-02-10,Referral Program,gmail.com,25-34,Northeast
C003250,2025-08-04,Google Ads,yahoo.com,25-34,West
C002612,2025-07-03,Organic,yahoo.com,45-54,Midwest
C001828,2025-05-22,Referral Program,gmail.com,35-44,Southeast
C006607,2026-03-25,paid_social,gmail.com,45-54,Northeast
C005763,2026-02-26,organic_search,yahoo.com,65+,Southeast
C001507,2025-04-18,Podcast,gmail.com,55-64,Southeast
C000662,2025-02-23,Google Ads,gmail.com,45-54,Southeast
C011207,2026-09-02,paid_social,gmail.com,25-34,Northeast
C003630,2025-09-01,Podcast,hotmail.com,35-44,Southeast
C007668,2026-05-06,organic_search,gmail.com,65+,Northeast
C007046,2026-04-19,referral,outlook.com,45-54,Southeast
C005164,2025-12-08,Google Ads,outlook.com,45-54,Midwest
C000330,2025-01-15,Google Ads,gmail.com,35-44,Southeast
C005198,2025-12-19,Google Ads,yahoo.com,25-34,Midwest
C011136,2026-09-03,paid_search,gmail.com,35-44,West
C006257,2026-03-26,organic_search,hotmail.com,35-44,Southeast
C010060,2026-07-28,paid_social,gmail.com,35-44,Northeast
C007850,2026-05-11,podcast,gmail.com,55-64,Southeast
C006410,2026-03-22,referral,gmail.com,35-44,West
C010671,2026-08-12,paid_social,comcast.net,55-64,Southwest
C002366,2025-06-26,Google Ads,outlook.com,35-44,West
C006710,2026-03-05,paid_social,gmail.com,45-54,Northeast
C005177,2025-12-20,Google Ads,icloud.com,35-44,West
C007138,2026-04-16,podcast,yahoo.com,25-34,West
C001485,2025-04-19,Podcast,gmail.com,45-54,Southeast
C005767,2026-02-02,organic_search,comcast.net,45-54,Southwest
C005321,2026-01-14,Organic,gmail.com,35-44,Southeast
C011027,2026-09-02,organic_search,gmail.com,25-34,Southeast
C005301,2026-01-12,Organic,gmail.com,45-54,Southwest
C000634,2025-02-28,Podcast,hotmail.com,45-54,Southwest
C004225,2025-10-20,Google Ads,gmail.com,45-54,Southwest
C006444,2026-03-11,podcast,yahoo.com,45-54,West
C002994,2025-08-16,Organic,yahoo.com,35-44,Northeast
C000532,2025-02-22,Referral Program,hotmail.com,35-44,Northeast
C002801,2025-07-08,Google Ads,gmail.com,35-44,Southeast
C005233,2025-12-23,Facebook Ads,gmail.com,25-34,Southeast
C000125,2025-01-23,Referral Program,gmail.com,35-44,Southeast
C001670,2025-04-04,Facebook Ads,icloud.com,25-34,Southeast
C009298,2026-06-12,paid_social,gmail.com,45-54,Northeast
C004327,2025-10-22,Facebook Ads,gmail.com,35-44,Southeast
C008122,2026-05-07,paid_social,gmail.com,45-54,Northeast
C008396,2026-05-01,paid_social,gmail.com,45-54,Midwest
C004656,2025-11-04,Google Ads,gmail.com,35-44,West
C007075,2026-04-10,referral,gmail.com,35-44,Southwest
C002593,2025-07-25,Organic,icloud.com,35-44,Northeast
C003734,2025-09-05,Google Ads,outlook.com,35-44,West
C008846,2026-06-20,paid_social,proton.me,35-44,Southwest
C010675,2026-08-18,,gmail.com,35-44,Midwest
C006647,2026-03-18,paid_social,gmail.com,55-64,Southeast
C009590,2026-07-12,paid_search,icloud.com,35-44,Southwest
C006525,2026-03-09,paid_search,gmail.com,65+,Southwest
C000678,2025-02-27,Google Ads,gmail.com,35-44,Northeast
C010837,2026-08-12,paid_social,gmail.com,45-54,Southeast
C010482,2026-08-05,paid_search,gmail.com,45-54,Southwest
C003872,2025-10-28,Organic,gmail.com,25-34,Northeast
C002514,2025-07-13,Organic,yahoo.com,45-54,Northeast
C004089,2025-10-20,Referral Program,hotmail.com,35-44,Midwest
C002417,2025-06-01,Google Ads,icloud.com,45-54,Northeast
C006147,2026-02-11,paid_social,gmail.com,55-64,Southeast
C002916,2025-07-22,Facebook Ads,gmail.com,25-34,West
C000507,2025-02-05,Organic,gmail.com,45-54,Southeast
C006934,2026-04-20,organic_search,gmail.com,45-54,Southeast
C004772,2025-11-06,Facebook Ads,gmail.com,45-54,Southwest
C008830,2026-06-25,paid_social,outlook.com,45-54,Southwest
C008475,2026-06-10,organic_search,icloud.com,35-44,West
C002044,2025-05-27,Facebook Ads,outlook.com,35-44,Northeast
C006447,2026-03-15,podcast,gmail.com,45-54,Southwest
C002391,2025-06-12,Google Ads,gmail.com,25-34,Southeast
C007275,2026-04-24,paid_social,gmail.com,45-54,Midwest
C009748,2026-07-06,paid_social,gmail.com,65+,Southwest
C001282,2025-04-29,Organic,gmail.com,35-44,Northeast
C000856,2025-03-26,Organic,gmail.com,35-44,West
C003978,2025-10-23,Organic,icloud.com,35-44,West
C010098,2026-07-12,paid_social,gmail.com,35-44,Southeast
C010695,2026-08-07,paid_social,gmail.com,65+,Southeast
C009798,2026-07-12,paid_social,comcast.net,25-34,West
C007436,2026-04-20,paid_social,hotmail.com,25-34,West
C002558,2025-07-28,Organic,gmail.com,55-64,West
C000204,2025-01-18,Podcast,outlook.com,35-44,Southeast
C003497,2025-09-15,Organic,icloud.com,35-44,Northeast
C010295,2026-08-09,referral,gmail.com,45-54,Northeast
C006866,2026-04-09,organic_search,gmail.com,65+,Midwest
C007144,2026-04-03,podcast,gmail.com,25-34,Southeast
C000665,2025-02-26,Google Ads,yahoo.com,45-54,Southwest
C005964,2026-02-15,podcast,gmail.com,25-34,Midwest
C010320,2026-08-18,referral,gmail.com,35-44,West
C001038,2025-03-13,Podcast,gmail.com,45-54,Northeast
C001800,2025-05-26,Organic,hotmail.com,65+,Southeast
C007597,2026-04-10,paid_social,gmail.com,45-54,Midwest
C010487,2026-08-28,paid_search,gmail.com,45-54,Midwest
C003982,2025-10-20,Organic,gmail.com,35-44,Northeast
C008691,2026-06-29,podcast,gmail.com,25-34,Midwest
C000889,2025-03-19,Organic,outlook.com,35-44,Northeast
C002987,2025-08-23,Organic,gmail.com,35-44,West
C007256,2026-04-08,paid_social,gmail.com,45-54,Southeast
C010703,2026-08-15,paid_social,gmail.com,35-44,West
C002061,2025-05-04,Facebook Ads,gmail.com,45-54,Southeast
C000222,2025-01-26,Podcast,gmail.com,65+,Southeast
C009389,2026-07-04,organic_search,gmail.com,35-44,Southeast
C005564,2026-01-12,Google Ads,gmail.com,45-54,West
C001228,2025-03-27,Facebook Ads,gmail.com,45-54,West
C010533,2026-08-22,paid_search,gmail.com,45-54,Northeast
C005736,2026-01-11,Facebook Ads,yahoo.com,55-64,Southwest
C008145,2026-05-13,paid_social,gmail.com,65+,West
C002528,2025-07-26,Organic,gmail.com,35-44,Southwest
C007376,2026-04-26,paid_social,gmail.com,45-54,Southeast
C005403,2026-01-25,Organic,gmail.com,35-44,Northeast
C009648,2026-07-26,paid_search,yahoo.com,35-44,Southwest
C010975,2026-08-27,paid_social,proton.me,35-44,Southwest
C008646,2026-06-01,podcast,gmail.com,25-34,West
C006980,2026-04-17,organic_search,yahoo.com,45-54,West
C005484,2026-01-19,Referral Program,hotmail.com,35-44,Southwest
C006577,2026-03-16,paid_search,outlook.com,45-54,Southeast
C006387,2026-03-07,referral,comcast.net,65+,West
C004967,2025-12-27,Referral Program,gmail.com,25-34,Northeast
C002914,2025-07-08,Facebook Ads,gmail.com,45-54,Northeast
C003615,2025-09-26,Podcast,gmail.com,35-44,Southeast
C005761,2026-02-17,organic_search,gmail.com,65+,Midwest
C006059,2026-02-07,paid_search,gmail.com,45-54,Southwest
C008662,2026-06-26,podcast,gmail.com,65+,West
C004884,2025-12-14,Organic,gmail.com,35-44,Southeast
C009182,2026-06-07,paid_social,gmail.com,35-44,Southwest
C001273,2025-04-07,Organic,icloud.com,45-54,Southeast
C005809,2026-02-18,organic_search,yahoo.com,25-34,West
C010337,2026-08-31,referral,gmail.com,45-54,Southeast
C004505,2025-11-27,Referral Program,gmail.com,35-44,Southeast
C009146,2026-06-11,paid_social,gmail.com,35-44,Southeast
C004073,2025-10-10,Referral Program,gmail.com,35-44,Southeast
C000485,2025-02-05,,icloud.com,45-54,West
C010751,2026-08-24,paid_social,yahoo.com,55-64,West
C002132,2025-06-16,Organic,gmail.com,35-44,Midwest
C006376,2026-03-14,referral,yahoo.com,35-44,Northeast
C000200,2025-01-30,Podcast,comcast.net,35-44,Southwest
C011158,2026-09-02,paid_search,icloud.com,25-34,Southeast
C001771,2025-05-30,Organic,hotmail.com,35-44,Midwest
C007147,2026-04-16,,gmail.com,35-44,Midwest
C009761,2026-07-22,paid_social,gmail.com,25-34,West
C002709,2025-07-10,Podcast,gmail.com,55-64,Midwest
C007029,2026-04-04,referral,gmail.com,35-44,Southeast
C006186,2026-02-10,paid_social,hotmail.com,35-44,Midwest
C003358,2025-08-18,Facebook Ads,gmail.com,45-54,Northeast
C011440,2025-11-25,Organic,harbormoney.com,25-34,Southwest
C003434,2025-09-27,Organic,gmail.com,45-54,Northeast
C007867,2026-05-09,podcast,gmail.com,25-34,Midwest
C002967,2025-08-09,Organic,gmail.com,45-54,Southeast
C007730,2026-05-01,organic_search,yahoo.com,35-44,Northeast
C007108,2026-04-20,podcast,gmail.com,55-64,Southeast
C009334,2026-07-05,organic_search,hotmail.com,35-44,West
C008990,2026-06-06,paid_social,gmail.com,35-44,Southeast
C010344,2026-08-04,referral,outlook.com,55-64,Midwest
C011226,2026-09-03,paid_social,gmail.com,45-54,Midwest
C002358,2025-06-30,Google Ads,comcast.net,35-44,Midwest
C005337,2026-01-19,Organic,yahoo.com,45-54,Midwest
C007518,2026-04-02,paid_social,icloud.com,45-54,Midwest
C002196,2025-06-30,Organic,yahoo.com,35-44,Northeast
C009580,2026-07-28,paid_search,icloud.com,55-64,Northeast
C004944,2025-12-11,Organic,gmail.com,35-44,Northeast
C005779,2026-02-20,organic_search,gmail.com,45-54,Southeast
C009037,2026-06-28,paid_social,gmail.com,55-64,Midwest
C000533,2025-02-15,Referral Program,icloud.com,25-34,Southwest
C003168,2025-08-14,Podcast,comcast.net,55-64,Southeast
C006023,2026-02-26,paid_search,gmail.com,25-34,Northeast
C001427,2025-04-11,,gmail.com,35-44,Northeast
C002474,2025-06-26,Facebook Ads,gmail.com,45-54,Southwest
C003874,2025-10-16,Organic,outlook.com,35-44,Northeast
C004851,2025-12-22,Organic,yahoo.com,45-54,Midwest
C000292,2025-01-21,Google Ads,icloud.com,25-34,West
C007652,2026-04-16,paid_social,gmail.com,25-34,Midwest
C011377,2025-11-27,Organic,harbormoney.com,55-64,Northeast
C008856,2026-06-23,paid_social,icloud.com,55-64,Midwest
C004325,2025-10-11,,yahoo.com,35-44,Southeast
C000224,2025-01-31,Podcast,gmail.com,45-54,Southeast
C005826,2026-02-13,organic_search,gmail.com,35-44,Southeast
C003511,2025-09-26,Organic,yahoo.com,45-54,Southeast
C007497,2026-04-28,paid_social,yahoo.com,45-54,West
C007471,2026-04-05,paid_social,gmail.com,35-44,Southeast
C011187,2026-09-06,paid_social,gmail.com,35-44,Northeast
C000807,2025-02-01,Facebook Ads,comcast.net,45-54,West
C007907,2026-05-28,paid_search,comcast.net,65+,Midwest
C006599,2026-03-24,paid_social,hotmail.com,55-64,Northeast
C007161,2026-04-28,paid_search,gmail.com,45-54,West
C005186,2025-12-16,Google Ads,hotmail.com,45-54,West
C003009,2025-08-05,Organic,gmail.com,55-64,Midwest
C007427,2026-04-01,paid_social,gmail.com,45-54,Northeast
C007176,2026-04-13,paid_search,yahoo.com,35-44,West
C007952,2026-05-22,paid_search,gmail.com,45-54,Northeast
C005670,2026-01-09,Facebook Ads,icloud.com,25-34,West
C003760,2025-09-08,Google Ads,gmail.com,25-34,Southwest
C001160,2025-03-25,Google Ads,icloud.com,45-54,Southwest
C007431,2026-04-06,paid_social,outlook.com,55-64,Northeast
C000928,2025-03-02,Organic,gmail.com,55-64,Northeast
C006722,2026-03-17,paid_social,comcast.net,45-54,Southeast
C000141,2025-01-16,Referral Program,gmail.com,55-64,Southeast
C009052,2026-06-07,paid_social,gmail.com,25-34,Northeast
C004455,2025-11-03,Organic,outlook.com,35-44,Southwest
C000493,2025-02-21,Organic,gmail.com,35-44,Midwest
C001746,2025-05-16,Organic,comcast.net,25-34,West
C003155,2025-08-02,Referral Program,gmail.com,45-54,Midwest
C003064,2025-08-03,Organic,gmail.com,55-64,West
C008760,2026-06-29,paid_search,outlook.com,35-44,West
C008214,2026-05-22,paid_social,gmail.com,35-44,Northeast
C007057,2026-04-21,referral,outlook.com,25-34,Northeast
C006896,2026-04-27,organic_search,yahoo.com,25-34,Northeast
C002034,2025-05-13,Facebook Ads,gmail.com,35-44,Southeast
C008218,2026-05-07,paid_social,proton.me,35-44,Southeast
C006798,2026-03-30,paid_social,gmail.com,35-44,Northeast
C010546,2026-08-12,paid_search,gmail.com,45-54,Midwest
C008585,2026-06-23,referral,outlook.com,25-34,Southeast
C010871,2026-08-14,paid_social,gmail.com,45-54,Southeast
C005590,2026-01-31,Google Ads,gmail.com,25-34,Midwest
C005927,2026-02-11,referral,icloud.com,25-34,Southwest
C002925,2025-07-08,Facebook Ads,gmail.com,25-34,West
C006206,2026-03-18,organic_search,gmail.com,35-44,West
C008939,2026-06-23,paid_social,hotmail.com,45-54,Southeast
C008242,2026-05-24,paid_social,yahoo.com,45-54,Northeast
C007007,2026-04-01,organic_search,gmail.com,35-44,Northeast
C007289,2026-04-16,paid_social,gmail.com,35-44,Midwest
C000495,2025-02-03,Organic,gmail.com,35-44,Midwest
C002671,2025-07-19,Referral Program,gmail.com,45-54,Northeast
C000738,2025-02-08,Google Ads,gmail.com,45-54,Southeast
C003207,2025-08-03,Podcast,hotmail.com,25-34,Southwest
C011227,2026-09-12,paid_social,gmail.com,35-44,Southeast
C004786,2025-11-24,Facebook Ads,gmail.com,25-34,Northeast
C005125,2025-12-04,Google Ads,comcast.net,45-54,West
C004001,2025-10-31,Organic,gmail.com,45-54,West
C010169,2026-08-14,organic_search,gmail.com,45-54,West
C009714,2026-07-06,paid_social,gmail.com,35-44,Northeast
C005232,2025-12-22,Facebook Ads,hotmail.com,35-44,Southeast
C004936,2025-12-02,Organic,outlook.com,55-64,West
C010605,2026-08-28,paid_social,gmail.com,55-64,Northeast
C008408,2026-06-21,organic_search,icloud.com,35-44,Southeast
C000858,2025-03-17,Organic,icloud.com,25-34,Midwest
C003833,2025-09-19,Facebook Ads,gmail.com,25-34,West
C009437,2026-07-27,referral,gmail.com,45-54,West
C004877,2025-12-29,Organic,gmail.com,35-44,West
C002479,2025-06-13,Facebook Ads,gmail.com,35-44,Northeast
C006204,2026-02-12,paid_social,yahoo.com,35-44,Northeast
C005393,2026-01-08,Organic,gmail.com,55-64,Southwest
C008170,2026-05-10,paid_social,icloud.com,45-54,Northeast
C009467,2026-07-15,referral,gmail.com,45-54,West
C006746,2026-03-03,paid_social,yahoo.com,55-64,Southeast
C000397,2025-02-04,Organic,hotmail.com,45-54,Southeast
C005669,2026-01-11,,gmail.com,55-64,Southeast
C000423,2025-02-17,Organic,gmail.com,35-44,Southwest
C009795,2026-07-29,paid_social,gmail.com,55-64,West
C006148,2026-02-09,paid_social,gmail.com,65+,Southeast
C002153,2025-06-16,Organic,gmail.com,45-54,Northeast
C010732,2026-08-26,,gmail.com,45-54,West
C010654,2026-08-24,paid_social,gmail.com,25-34,West
C003588,2025-09-16,Referral Program,gmail.com,65+,West
C005043,2025-12-20,Podcast,hotmail.com,25-34,Northeast
C010613,2026-08-26,paid_social,hotmail.com,35-44,Southwest
C007249,2026-04-28,paid_social,icloud.com,35-44,Southeast
C007288,2026-04-24,paid_social,hotmail.com,45-54,Southeast
C006840,2026-03-08,paid_social,gmail.com,25-34,Northeast
C009805,2026-07-15,paid_social,yahoo.com,25-34,Southeast
C006603,2026-03-21,paid_social,gmail.com,35-44,Southeast
C009621,2026-07-26,,proton.me,35-44,Southwest
C007336,2026-04-15,paid_social,gmail.com,25-34,Southeast
C005400,2026-01-02,Organic,gmail.com,35-44,Southeast
C006288,2026-03-19,organic_search,gmail.com,65+,Southwest
C003973,2025-10-27,Organic,icloud.com,35-44,Northeast
C003442,2025-09-02,Organic,gmail.com,45-54,West
C007551,2026-04-04,paid_social,outlook.com,35-44,Northeast
C007879,2026-05-20,podcast,gmail.com,35-44,Northeast
C007546,2026-04-25,paid_social,hotmail.com,35-44,Southeast
C005062,2025-12-14,Podcast,yahoo.com,55-64,West
C007949,2026-05-10,paid_search,gmail.com,35-44,Southeast
C009451,2026-07-14,referral,yahoo.com,25-34,Southwest
C007094,2026-04-13,podcast,gmail.com,55-64,Midwest
C005143,2025-12-06,Google Ads,hotmail.com,45-54,Northeast
C009058,2026-06-11,paid_social,gmail.com,25-34,Midwest
C001541,2025-04-17,Google Ads,gmail.com,55-64,Southeast
C003223,2025-08-06,Google Ads,gmail.com,25-34,Southeast
C004921,2025-12-08,Organic,gmail.com,45-54,Northeast
C003160,2025-08-25,Referral Program,gmail.com,55-64,Southeast
C000789,2025-02-20,Facebook Ads,outlook.com,55-64,Northeast
C005146,2025-12-14,,gmail.com,35-44,Southeast
C001764,2025-05-08,Organic,yahoo.com,45-54,West
C003149,2025-08-25,Referral Program,gmail.com,35-44,Southwest
C009750,2026-07-28,paid_social,comcast.net,35-44,Southwest
C004791,2025-11-12,Facebook Ads,gmail.com,45-54,Midwest
C010231,2026-08-15,organic_search,icloud.com,35-44,Midwest
C006498,2026-03-25,paid_search,gmail.com,65+,Northeast
C009328,2026-07-04,organic_search,yahoo.com,45-54,West
C009184,2026-06-19,paid_social,comcast.net,45-54,Northeast
C001585,2025-04-28,Google Ads,yahoo.com,35-44,Midwest
C009137,2026-06-22,paid_social,gmail.com,45-54,Northeast
C011380,2026-05-20,organic_search,harbormoney.com,35-44,West
C003713,2025-09-18,Google Ads,gmail.com,45-54,Northeast
C004873,2025-12-04,Organic,yahoo.com,25-34,West
C009320,2026-07-08,organic_search,gmail.com,35-44,Midwest
C008615,2026-06-21,referral,gmail.com,45-54,Southwest
C010455,2026-08-23,paid_search,gmail.com,25-34,Midwest
C008302,2026-05-27,paid_social,icloud.com,35-44,Northeast
C000631,2025-02-11,Podcast,gmail.com,25-34,Southeast
C002036,2025-05-26,Facebook Ads,comcast.net,25-34,Southeast
C005663,2026-01-21,Google Ads,yahoo.com,35-44,Southeast
C004558,2025-11-30,Referral Program,gmail.com,45-54,Northeast
C006089,2026-02-26,paid_search,gmail.com,45-54,Southeast
C006677,2026-03-12,paid_social,yahoo.com,25-34,Midwest
C011195,2026-09-11,paid_social,gmail.com,55-64,Southwest
C008386,2026-05-15,paid_social,gmail.com,55-64,Northeast
C004220,2025-10-19,Google Ads,gmail.com,45-54,Southeast
C007066,2026-04-27,referral,gmail.com,25-34,Southeast
C006122,2026-02-05,paid_social,gmail.com,55-64,Southwest
C000716,2025-02-07,Google Ads,gmail.com,35-44,Midwest
C004824,2025-12-23,Organic,icloud.com,35-44,Southeast
C004058,2025-10-05,Referral Program,outlook.com,25-34,West
C002949,2025-08-25,Organic,hotmail.com,35-44,West
C000302,2025-01-01,Google Ads,gmail.com,45-54,Midwest
C008294,2026-05-11,paid_social,gmail.com,65+,Midwest
C004935,2025-12-03,Organic,gmail.com,45-54,West
C002165,2025-06-05,Organic,gmail.com,25-34,Northeast
C001893,2025-05-03,Podcast,gmail.com,45-54,West
C003908,2025-10-05,Organic,hotmail.com,55-64,Midwest
C003399,2025-08-20,Facebook Ads,yahoo.com,45-54,Northeast
C005746,2026-01-18,Facebook Ads,gmail.com,25-34,Midwest
C001714,2025-05-17,Organic,gmail.com,45-54,West
C006255,2026-03-07,organic_search,yahoo.com,25-34,Northeast
C008384,2026-05-15,paid_social,gmail.com,25-34,Midwest
C005447,2026-01-06,Referral Program,outlook.com,35-44,Southeast
C007173,2026-04-15,paid_search,gmail.com,45-54,West
C001029,2025-03-28,Podcast,hotmail.com,55-64,Midwest
C010963,2026-08-10,paid_social,outlook.com,25-34,West
C004773,2025-11-19,Facebook Ads,gmail.com,45-54,Northeast
C007276,2026-04-20,paid_social,gmail.com,35-44,West
C004488,2025-11-18,Organic,comcast.net,35-44,Southeast
C003080,2025-08-19,Referral Program,proton.me,45-54,West
C006332,2026-03-31,organic_search,gmail.com,55-64,Southwest
C000659,2025-02-01,Google Ads,gmail.com,25-34,Midwest
C000775,2025-02-09,Facebook Ads,gmail.com,25-34,Southeast
C000301,2025-01-17,Google Ads,gmail.com,35-44,Midwest
C000251,2025-01-08,,gmail.com,35-44,Southwest
C000295,2025-01-26,Google Ads,comcast.net,45-54,West
C008923,2026-06-05,paid_social,gmail.com,55-64,Southwest
C005362,2026-01-16,Organic,gmail.com,35-44,Northeast
C002601,2025-07-19,Organic,comcast.net,45-54,West
C002842,2025-07-25,Google Ads,gmail.com,35-44,Southwest
C001544,2025-04-20,Google Ads,gmail.com,35-44,Northeast
C006277,2026-03-03,organic_search,outlook.com,25-34,Northeast
C011271,2026-09-08,paid_social,gmail.com,55-64,West
C007041,2026-04-19,referral,gmail.com,35-44,Midwest
C006819,2026-03-22,paid_social,outlook.com,35-44,Midwest
C009302,2026-06-13,paid_social,proton.me,35-44,Southwest
C000088,2025-01-12,Organic,gmail.com,35-44,Midwest
C005224,2025-12-18,Facebook Ads,outlook.com,25-34,Southeast
C000248,2025-01-12,Podcast,yahoo.com,35-44,Southeast
C010412,2026-08-06,podcast,icloud.com,35-44,Midwest
C005136,2025-12-30,Google Ads,gmail.com,25-34,Southeast
C001926,2025-05-27,Podcast,yahoo.com,25-34,Southwest
C003350,2025-08-05,Facebook Ads,proton.me,55-64,Midwest
C002286,2025-06-26,Podcast,outlook.com,25-34,Midwest
C001733,2025-05-03,Organic,gmail.com,45-54,Southeast
C003828,2025-09-15,Facebook Ads,gmail.com,45-54,West
C003217,2025-08-17,Podcast,gmail.com,25-34,Southeast
C009890,2026-07-05,paid_social,yahoo.com,55-64,West
C007842,2026-05-17,podcast,gmail.com,55-64,West
C010784,2026-08-04,paid_social,gmail.com,45-54,Northeast
C001885,2025-05-09,Podcast,gmail.com,45-54,Midwest
C006351,2026-03-18,referral,outlook.com,35-44,West
C003548,2025-09-06,Referral Program,comcast.net,35-44,West
C008330,2026-05-01,paid_social,gmail.com,55-64,Northeast
C002769,2025-07-15,Podcast,icloud.com,25-34,Midwest
C003418,2025-09-17,Organic,gmail.com,35-44,Southeast
C001539,2025-04-23,Google Ads,gmail.com,35-44,Midwest
C008878,2026-06-11,paid_social,icloud.com,35-44,Midwest
C003880,2025-10-14,Organic,icloud.com,35-44,Southeast
C004808,2025-11-29,Facebook Ads,gmail.com,35-44,Southeast
C011145,2026-09-08,paid_search,gmail.com,35-44,Midwest
C005920,2026-02-12,referral,yahoo.com,35-44,Southeast
C000979,2025-03-24,Referral Program,gmail.com,55-64,Midwest
C010908,2026-08-03,paid_social,gmail.com,45-54,Midwest
C011239,2026-09-07,paid_social,hotmail.com,25-34,West
C000697,2025-02-16,Google Ads,gmail.com,35-44,West
C006720,2026-03-10,paid_social,gmail.com,55-64,Northeast
C011114,2026-09-03,podcast,yahoo.com,35-44,Southwest
C000528,2025-02-15,Organic,outlook.com,35-44,Southeast
C003008,2025-08-11,Organic,gmail.com,35-44,Southeast
C002645,2025-07-07,Referral Program,gmail.com,25-34,Southeast
C010761,2026-08-24,paid_social,gmail.com,35-44,Southeast
C005622,2026-01-07,Google Ads,hotmail.com,45-54,Southeast
C003020,2025-08-01,Organic,comcast.net,35-44,Northeast
C010657,2026-08-18,paid_social,outlook.com,35-44,West
C004950,2025-12-30,Organic,gmail.com,35-44,Midwest
C010058,2026-07-27,paid_social,outlook.com,35-44,Northeast
C010122,2026-08-01,organic_search,icloud.com,45-54,Southeast
C003604,2025-09-01,Referral Program,proton.me,35-44,West
C000633,2025-02-28,Podcast,yahoo.com,65+,West
C004008,2025-10-25,Organic,gmail.com,45-54,West
C010230,2026-08-27,organic_search,gmail.com,25-34,Southeast
C009461,2026-07-27,referral,gmail.com,45-54,Midwest
C009345,2026-07-05,organic_search,yahoo.com,35-44,Southeast
C009916,2026-07-23,paid_social,gmail.com,25-34,Southeast
C002556,2025-07-24,Organic,gmail.com,45-54,Southwest
C001559,2025-04-24,Google Ads,gmail.com,55-64,West
C002268,2025-06-26,Podcast,gmail.com,35-44,Southeast
C011004,2026-08-07,paid_social,gmail.com,35-44,Southwest
C010756,2026-08-10,paid_social,gmail.com,55-64,Northeast
C006968,2026-04-26,organic_search,icloud.com,45-54,Southeast
C010916,2026-08-22,paid_social,gmail.com,35-44,Southeast
C006675,2026-03-30,paid_social,gmail.com,55-64,Northeast
C010078,2026-07-18,paid_social,gmail.com,55-64,West
C003293,2025-08-24,Google Ads,outlook.com,65+,Southwest
C010544,2026-08-06,paid_search,gmail.com,65+,Northeast
C000412,2025-02-17,Organic,hotmail.com,35-44,West
C003856,2025-09-28,Facebook Ads,icloud.com,35-44,Southeast
C001572,2025-04-26,Google Ads,yahoo.com,55-64,Northeast
C004876,2025-12-12,Organic,gmail.com,65+,West
C009628,2026-07-05,paid_search,gmail.com,45-54,Midwest
C002014,2025-05-27,Google Ads,gmail.com,25-34,Southeast
C011221,2026-09-09,paid_social,hotmail.com,35-44,Midwest
C000909,2025-03-23,Organic,outlook.com,45-54,West
C009896,2026-07-19,paid_social,outlook.com,55-64,West
C000698,2025-02-23,Google Ads,comcast.net,25-34,Southwest
C001231,2025-03-05,Facebook Ads,gmail.com,25-34,Midwest
C010903,2026-08-22,paid_social,outlook.com,55-64,Northeast
C000062,2025-01-04,Organic,gmail.com,25-34,West
C009742,2026-07-27,,outlook.com,45-54,Midwest
C004323,2025-10-14,Facebook Ads,gmail.com,25-34,Midwest
C004683,2025-11-28,Google Ads,hotmail.com,55-64,West
C000850,2025-03-21,Organic,comcast.net,55-64,Southwest
C001488,2025-04-10,,gmail.com,65+,Southeast
C001606,2025-04-03,Facebook Ads,comcast.net,25-34,Southwest
C002635,2025-07-19,Referral Program,gmail.com,35-44,Northeast
C008912,2026-06-15,paid_social,comcast.net,35-44,Northeast
C002511,2025-07-24,Organic,gmail.com,45-54,Southeast
C009077,2026-06-16,paid_social,icloud.com,65+,Northeast
C006283,2026-03-05,organic_search,gmail.com,35-44,West
C006254,2026-03-26,organic_search,gmail.com,35-44,Northeast
C005178,2025-12-11,Google Ads,hotmail.com,45-54,Southwest
C000652,2025-02-03,Google Ads,icloud.com,65+,Southeast
C010499,2026-08-13,paid_search,gmail.com,45-54,Midwest
C008131,2026-05-23,paid_social,gmail.com,55-64,Southeast
C008336,2026-05-23,paid_social,hotmail.com,45-54,Northeast
C005952,2026-02-01,referral,gmail.com,55-64,Southwest
C005479,2026-01-27,Referral Program,icloud.com,45-54,Southeast
C009925,2026-07-10,paid_social,icloud.com,35-44,Southeast
C009420,2026-07-12,organic_search,gmail.com,25-34,Southeast
C001440,2025-04-13,Referral Program,gmail.com,45-54,West
C008684,2026-06-09,podcast,comcast.net,45-54,Midwest
C008409,2026-06-16,organic_search,gmail.com,25-34,Midwest
C009598,2026-07-04,paid_search,gmail.com,35-44,Southwest
C010748,2026-08-12,paid_social,gmail.com,35-44,Southeast
C000737,2025-02-01,Google Ads,yahoo.com,35-44,Midwest
C010596,2026-08-24,paid_social,gmail.com,45-54,Southeast
C010840,2026-08-12,paid_social,gmail.com,45-54,Southeast
C004657,2025-11-16,Google Ads,outlook.com,45-54,Midwest
C002867,2025-07-30,Google Ads,hotmail.com,25-34,West
C006060,2026-02-09,paid_search,gmail.com,65+,Northeast
C009268,2026-06-28,paid_social,gmail.com,25-34,Northeast
C003212,2025-08-26,Podcast,gmail.com,45-54,Northeast
C001110,2025-03-12,Google Ads,hotmail.com,25-34,Southwest
C009447,2026-07-24,referral,yahoo.com,35-44,Southwest
C009211,2026-06-20,paid_social,yahoo.com,45-54,West
C001229,2025-03-10,Facebook Ads,outlook.com,45-54,Southeast
C007051,2026-04-13,referral,gmail.com,55-64,Southwest
C010517,2026-08-12,paid_search,icloud.com,25-34,Southeast
C004553,2025-11-27,Referral Program,gmail.com,25-34,Midwest
C007205,2026-04-29,paid_search,gmail.com,35-44,Midwest
C000499,2025-02-04,Organic,yahoo.com,25-34,Northeast
C003937,2025-10-10,Organic,yahoo.com,35-44,West
C002674,2025-07-26,Referral Program,gmail.com,25-34,West
C003209,2025-08-23,Podcast,gmail.com,45-54,Northeast
C005214,2025-12-01,Facebook Ads,proton.me,35-44,West
C009734,2026-07-29,paid_social,hotmail.com,55-64,Midwest
C001448,2025-04-24,Referral Program,comcast.net,25-34,Southwest
C001465,2025-04-01,Podcast,gmail.com,35-44,West
C002472,2025-06-22,Facebook Ads,yahoo.com,45-54,Southwest
C010774,2026-08-29,paid_social,hotmail.com,55-64,Southeast
C002677,2025-07-02,Referral Program,gmail.com,65+,West
C006102,2026-02-07,paid_search,gmail.com,35-44,Southeast
C000904,2025-03-01,Organic,gmail.com,25-34,Midwest
C005124,2025-12-25,Google Ads,gmail.com,45-54,Northeast
C008273,2026-05-03,paid_social,gmail.com,25-34,West
C005157,2025-12-27,Google Ads,gmail.com,35-44,Northeast
C005821,2026-02-11,organic_search,icloud.com,65+,Midwest
C011416,2025-12-26,Organic,harbormoney.com,55-64,West
C004101,2025-10-30,Podcast,gmail.com,45-54,West
C003869,2025-10-06,Organic,gmail.com,55-64,West
C004931,2025-12-16,Organic,gmail.com,45-54,Southwest
C011337,2026-09-07,paid_social,gmail.com,25-34,Northeast
C002548,2025-07-10,Organic,comcast.net,25-34,Southwest
C002813,2025-07-10,Google Ads,gmail.com,65+,Southwest
C004713,2025-11-24,Google Ads,gmail.com,45-54,Northeast
C005969,2026-02-22,podcast,gmail.com,45-54,Midwest
C002154,2025-06-09,Organic,outlook.com,45-54,Southeast
C007167,2026-04-26,paid_search,gmail.com,25-34,Southeast
C002649,2025-07-22,Referral Program,gmail.com,35-44,Northeast
C004861,2025-12-06,Organic,gmail.com,45-54,Northeast
C007162,2026-04-19,paid_search,gmail.com,25-34,Southeast
C006133,2026-02-20,paid_social,gmail.com,35-44,Northeast
C003237,2025-08-21,Google Ads,outlook.com,25-34,Southeast
C002470,2025-06-14,Facebook Ads,yahoo.com,35-44,West
C009380,2026-07-04,organic_search,outlook.com,35-44,Northeast
C006544,2026-03-26,paid_search,outlook.com,45-54,West
C009115,2026-06-24,paid_social,gmail.com,45-54,Southwest
C005455,2026-01-13,Referral Program,gmail.com,45-54,Midwest
C009544,2026-07-13,podcast,outlook.com,45-54,West
C000516,2025-02-13,Organic,comcast.net,35-44,Southwest
C005886,2026-02-14,referral,yahoo.com,25-34,Southeast
C002600,2025-07-02,Organic,gmail.com,25-34,Northeast
C007078,2026-04-18,referral,gmail.com,45-54,West
C003267,2025-08-19,Google Ads,yahoo.com,35-44,Northeast
C001770,2025-05-01,Organic,yahoo.com,25-34,Midwest
C004439,2025-11-20,Organic,gmail.com,25-34,Southwest
C007413,2026-04-28,paid_social,gmail.com,55-64,Northeast
C010102,2026-07-27,paid_social,outlook.com,45-54,Southeast
C008822,2026-06-17,paid_social,gmail.com,25-34,Northeast
C006372,2026-03-06,referral,gmail.com,35-44,Southwest
C004032,2025-10-06,Referral Program,proton.me,25-34,West
C000336,2025-01-20,Facebook Ads,icloud.com,35-44,Midwest
C006460,2026-03-17,podcast,gmail.com,25-34,Midwest
C011293,2026-09-10,paid_social,outlook.com,35-44,Southwest
C009142,2026-06-10,paid_social,comcast.net,35-44,Southeast
C010400,2026-08-18,podcast,outlook.com,35-44,Midwest
C011050,2026-09-03,organic_search,gmail.com,25-34,Southeast
C003550,2025-09-27,Referral Program,gmail.com,45-54,West
C009846,2026-07-24,paid_social,gmail.com,45-54,Southeast
C005989,2026-02-28,podcast,outlook.com,35-44,West
C010023,2026-07-14,paid_social,yahoo.com,25-34,Northeast
C003502,2025-09-01,Organic,gmail.com,35-44,West
C001514,2025-04-14,Google Ads,icloud.com,45-54,Northeast
C003190,2025-08-24,,comcast.net,55-64,Northeast
C000477,2025-02-22,Organic,yahoo.com,25-34,Southeast
C000724,2025-02-25,Google Ads,gmail.com,55-64,Midwest
C001069,2025-03-27,Podcast,gmail.com,35-44,Midwest
C005690,2026-01-28,Facebook Ads,gmail.com,45-54,Southeast
C001155,2025-03-23,Google Ads,icloud.com,25-34,Midwest
C004343,2025-10-27,Facebook Ads,hotmail.com,25-34,Southeast
C003095,2025-08-05,Referral Program,hotmail.com,45-54,West
C007280,2026-04-06,paid_social,yahoo.com,25-34,Southeast
C004897,2025-12-28,Organic,gmail.com,25-34,West
C009505,2026-07-03,referral,yahoo.com,55-64,Northeast
C000066,2025-01-01,Organic,outlook.com,35-44,Southeast
C007450,2026-04-11,paid_social,proton.me,35-44,Northeast
C010305,2026-08-08,referral,gmail.com,25-34,Northeast
C008612,2026-06-06,referral,gmail.com,35-44,West
C001962,2025-05-26,Google Ads,gmail.com,35-44,West
C000054,2025-01-13,Organic,outlook.com,45-54,Midwest
C009944,2026-07-14,,hotmail.com,55-64,Southeast
C001087,2025-03-08,Google Ads,yahoo.com,25-34,Southeast
C000401,2025-02-08,Organic,yahoo.com,25-34,Southeast
C009566,2026-07-08,podcast,gmail.com,25-34,Midwest
C009543,2026-07-12,podcast,outlook.com,25-34,Midwest
C007536,2026-04-22,paid_social,comcast.net,45-54,Midwest
C004130,2025-10-16,Podcast,yahoo.com,55-64,Midwest
C008629,2026-06-10,referral,icloud.com,25-34,Midwest
C010655,2026-08-07,paid_social,hotmail.com,45-54,Northeast
C010510,2026-08-22,paid_search,outlook.com,35-44,Southeast
C005240,2025-12-19,Facebook Ads,hotmail.com,35-44,Midwest
C006477,2026-03-03,podcast,yahoo.com,45-54,Northeast
C011047,2026-09-04,organic_search,outlook.com,25-34,Southwest
C007140,2026-04-10,podcast,icloud.com,35-44,Southwest
C006487,2026-03-08,podcast,gmail.com,45-54,West
C008941,2026-06-06,paid_social,gmail.com,25-34,West
C002812,2025-07-14,Google Ads,gmail.com,35-44,Northeast
C004126,2025-10-03,Podcast,gmail.com,45-54,Midwest
C009568,2026-07-09,podcast,gmail.com,45-54,Southwest
C006743,2026-03-16,paid_social,gmail.com,45-54,Northeast
C001143,2025-03-30,Google Ads,gmail.com,35-44,Southeast
C000214,2025-01-19,Podcast,gmail.com,55-64,West
C010664,2026-08-12,paid_social,hotmail.com,45-54,Midwest
C010464,2026-08-30,paid_search,gmail.com,35-44,Southwest
C004857,2025-12-22,Organic,outlook.com,35-44,Midwest
C009275,2026-06-24,paid_social,gmail.com,55-64,Northeast
C004789,2025-11-29,Facebook Ads,yahoo.com,35-44,Northeast
C002480,2025-06-21,Facebook Ads,yahoo.com,55-64,Northeast
C001772,2025-05-23,Organic,gmail.com,45-54,Southwest
C002539,2025-07-12,Organic,yahoo.com,35-44,Midwest
C008590,2026-06-04,referral,gmail.com,25-34,West
C005912,2026-02-02,referral,icloud.com,35-44,Midwest
C005685,2026-01-01,Facebook Ads,gmail.com,35-44,Southeast
C007405,2026-04-28,paid_social,gmail.com,25-34,West
C007904,2026-05-07,paid_search,proton.me,35-44,Southeast
C004816,2025-12-16,Organic,hotmail.com,45-54,Southeast
C004596,2025-11-05,Podcast,outlook.com,35-44,Midwest
C005835,2026-02-21,organic_search,outlook.com,35-44,Southwest
C003089,2025-08-19,Referral Program,gmail.com,45-54,Southeast
C002486,2025-06-22,Facebook Ads,gmail.com,35-44,Southeast
C011084,2026-09-03,referral,yahoo.com,65+,Southeast
C004025,2025-10-15,Referral Program,icloud.com,35-44,Midwest
C007049,2026-04-06,referral,gmail.com,65+,Northeast
C008082,2026-05-03,paid_social,outlook.com,25-34,West
C006565,2026-03-28,paid_search,gmail.com,45-54,West
C008394,2026-05-11,paid_social,gmail.com,45-54,West
C000660,2025-02-09,Google Ads,icloud.com,65+,Southeast
C005921,2026-02-22,referral,gmail.com,55-64,Southwest
C007401,2026-04-07,paid_social,proton.me,35-44,Southeast
C010497,2026-08-08,paid_search,gmail.com,35-44,Midwest
C006453,2026-03-31,podcast,yahoo.com,45-54,Northeast
C010450,2026-08-04,paid_search,gmail.com,25-34,Northeast
C003432,2025-09-14,Organic,hotmail.com,35-44,Midwest
C011049,2026-09-01,organic_search,gmail.com,45-54,Northeast
C009539,2026-07-21,podcast,hotmail.com,45-54,Midwest
C011077,2026-09-14,referral,gmail.com,45-54,West
C007469,2026-04-25,paid_social,gmail.com,25-34,Northeast
C004043,2025-10-05,Referral Program,gmail.com,45-54,Southeast
C006920,2026-04-13,organic_search,proton.me,25-34,Southeast
C010815,2026-08-06,paid_social,gmail.com,45-54,Midwest
C011412,2025-11-17,Organic,harbormoney.com,45-54,West
C005994,2026-02-04,podcast,gmail.com,25-34,Midwest
C005132,2025-12-18,Google Ads,comcast.net,25-34,Midwest
C000695,2025-02-19,Google Ads,hotmail.com,45-54,Northeast
C004356,2025-11-02,Organic,comcast.net,35-44,West
C001743,2025-05-07,Organic,gmail.com,35-44,Midwest
C008385,2026-05-07,paid_social,gmail.com,45-54,West
C003340,2025-08-18,Facebook Ads,gmail.com,45-54,Midwest
C004235,2025-10-20,Google Ads,icloud.com,65+,Northeast
C006315,2026-03-14,organic_search,gmail.com,25-34,Midwest
C004273,2025-10-06,Facebook Ads,comcast.net,25-34,Midwest
C007656,2026-05-10,organic_search,icloud.com,35-44,Southeast
C010537,2026-08-31,,gmail.com,35-44,West
C005346,2026-01-28,Organic,gmail.com,45-54,West
C011326,2026-09-12,paid_social,yahoo.com,45-54,Northeast
C009364,2026-07-19,organic_search,yahoo.com,35-44,Northeast
C005916,2026-02-05,referral,comcast.net,35-44,West
C005915,2026-02-07,referral,gmail.com,35-44,Southeast
C003002,2025-08-06,Organic,yahoo.com,25-34,Northeast
C003626,2025-09-18,Podcast,outlook.com,35-44,Southwest
C005673,2026-01-05,Facebook Ads,gmail.com,35-44,Northeast
C009830,2026-07-01,paid_social,gmail.com,35-44,Southeast
C008922,2026-06-01,paid_social,hotmail.com,35-44,Midwest
C011461,2026-08-26,organic_search,harbormoney.com,25-34,West
C005368,2026-01-01,Organic,gmail.com,45-54,West
C003128,2025-08-08,Referral Program,yahoo.com,35-44,West
C003334,2025-08-05,Facebook Ads,hotmail.com,25-34,West
C009048,2026-06-06,paid_social,gmail.com,35-44,Southeast
C007742,2026-05-17,organic_search,gmail.com,35-44,West
C006909,2026-04-23,organic_search,yahoo.com,35-44,Midwest
C006885,2026-04-06,organic_search,gmail.com,25-34,Southwest
C009677,2026-07-14,paid_search,yahoo.com,45-54,Southeast
C007629,2026-04-26,paid_social,gmail.com,35-44,Southeast
C006958,2026-04-06,organic_search,gmail.com,25-34,Northeast
C011212,2026-09-02,paid_social,proton.me,35-44,West
C007845,2026-05-29,podcast,gmail.com,35-44,Midwest
C006916,2026-04-04,organic_search,gmail.com,35-44,Northeast
C009327,2026-07-23,organic_search,gmail.com,25-34,Southwest
C005290,2026-01-18,Organic,gmail.com,35-44,Midwest
C010934,2026-08-29,paid_social,gmail.com,55-64,West
C010594,2026-08-04,paid_social,hotmail.com,45-54,Northeast
C010597,2026-08-03,paid_social,gmail.com,35-44,West
C006814,2026-03-09,paid_social,gmail.com,25-34,Midwest
C005340,2026-01-12,Organic,gmail.com,65+,Southeast
C001112,2025-03-08,Google Ads,comcast.net,45-54,Midwest
C001056,2025-03-28,Podcast,gmail.com,65+,West
C002885,2025-07-10,Facebook Ads,gmail.com,35-44,West
C005251,2025-12-26,Facebook Ads,gmail.com,35-44,Southwest
C004477,2025-11-08,Organic,gmail.com,35-44,West
C007117,2026-04-08,podcast,icloud.com,45-54,Midwest
C001864,2025-05-04,Referral Program,gmail.com,45-54,West
C005870,2026-02-02,organic_search,hotmail.com,45-54,West
C007620,2026-04-29,paid_social,outlook.com,35-44,Southwest
C002521,2025-07-07,Organic,gmail.com,35-44,Southwest
C006732,2026-03-24,paid_social,gmail.com,25-34,Southeast
C008643,2026-06-26,podcast,gmail.com,45-54,Southwest
C006425,2026-03-05,podcast,gmail.com,45-54,Northeast
C009330,2026-07-28,organic_search,gmail.com,45-54,West
C005925,2026-02-11,referral,yahoo.com,35-44,Northeast
C006993,2026-04-07,organic_search,gmail.com,45-54,Northeast
C008002,2026-05-15,paid_social,gmail.com,65+,Southeast
C006266,2026-03-18,organic_search,gmail.com,35-44,Northeast
C009844,2026-07-14,paid_social,icloud.com,25-34,Northeast
C009928,2026-07-10,paid_social,hotmail.com,45-54,Midwest
C010164,2026-08-31,organic_search,gmail.com,55-64,West
C006213,2026-03-27,organic_search,gmail.com,35-44,Southeast
C009884,2026-07-25,paid_social,gmail.com,45-54,West
C001172,2025-03-25,Facebook Ads,gmail.com,35-44,Northeast
C007011,2026-04-01,organic_search,gmail.com,35-44,West
C010436,2026-08-01,paid_search,gmail.com,55-64,Southeast
C009193,2026-06-13,paid_social,yahoo.com,25-34,West
C011305,2026-09-03,paid_social,gmail.com,45-54,Northeast
C004747,2025-11-13,Facebook Ads,gmail.com,55-64,West
C006354,2026-03-15,referral,gmail.com,35-44,Northeast
C005196,2025-12-05,Google Ads,gmail.com,45-54,Northeast
C003311,2025-08-21,Google Ads,outlook.com,35-44,West
C006699,2026-03-15,paid_social,yahoo.com,35-44,West
C001207,2025-03-27,Facebook Ads,yahoo.com,45-54,West
C001852,2025-05-10,Referral Program,gmail.com,55-64,Northeast
C001586,2025-04-12,Google Ads,gmail.com,35-44,Northeast
C001497,2025-04-19,Podcast,gmail.com,35-44,Southeast
C003741,2025-09-16,Google Ads,gmail.com,45-54,West
C006587,2026-03-30,paid_social,outlook.com,55-64,Midwest
C008183,2026-05-26,paid_social,gmail.com,55-64,Southwest
C003860,2025-09-02,Facebook Ads,gmail.com,35-44,West
C002866,2025-07-01,Google Ads,hotmail.com,45-54,Southwest
C006009,2026-02-10,podcast,gmail.com,25-34,Southeast
C001467,2025-04-01,Podcast,gmail.com,35-44,Midwest
C001104,2025-03-13,Google Ads,gmail.com,35-44,West
C010836,2026-08-25,paid_social,gmail.com,45-54,Southeast
C009008,2026-06-20,paid_social,gmail.com,55-64,Northeast
C009694,2026-07-09,paid_social,outlook.com,25-34,Northeast
C005099,2025-12-20,Google Ads,outlook.com,45-54,West
C008466,2026-06-27,organic_search,icloud.com,45-54,West
C004180,2025-10-04,Google Ads,gmail.com,35-44,West
C008028,2026-05-27,paid_social,gmail.com,55-64,West
C004173,2025-10-04,Google Ads,gmail.com,35-44,Southwest
C000492,2025-02-25,Organic,hotmail.com,65+,Northeast
C010074,2026-07-24,paid_social,gmail.com,25-34,Northeast
C003423,2025-09-27,Organic,outlook.com,45-54,West
C007434,2026-04-11,paid_social,outlook.com,25-34,West
C006373,2026-03-26,referral,gmail.com,55-64,Southwest
C008661,2026-06-04,podcast,gmail.com,35-44,West
C010434,2026-08-02,paid_search,yahoo.com,55-64,Southeast
C009283,2026-06-23,paid_social,yahoo.com,45-54,Southeast
C000722,2025-02-19,Google Ads,outlook.com,25-34,Southeast
C000903,2025-03-31,Organic,yahoo.com,35-44,Southwest
C010340,2026-08-13,referral,gmail.com,55-64,Midwest
C005760,2026-02-27,organic_search,gmail.com,45-54,West
C006071,2026-02-23,paid_search,comcast.net,35-44,Midwest
C000254,2025-01-15,Google Ads,yahoo.com,25-34,West
C000787,2025-02-28,Facebook Ads,icloud.com,65+,Southeast
C010860,2026-08-22,paid_social,gmail.com,35-44,Southeast
C003977,2025-10-16,Organic,outlook.com,25-34,Midwest
C000247,2025-01-20,Podcast,gmail.com,35-44,Northeast
C000133,2025-01-26,Referral Program,gmail.com,65+,Southeast
C010604,2026-08-04,paid_social,outlook.com,55-64,Midwest
C007672,2026-05-09,organic_search,gmail.com,35-44,Northeast
C006010,2026-02-07,,icloud.com,35-44,Southeast
C003720,2025-09-10,Google Ads,yahoo.com,45-54,West
C001243,2025-03-22,Facebook Ads,gmail.com,35-44,Southeast
C007777,2026-05-21,referral,hotmail.com,35-44,West
C008186,2026-05-17,paid_social,gmail.com,45-54,Northeast
C008477,2026-06-22,organic_search,gmail.com,45-54,West
C004450,2025-11-23,Organic,gmail.com,25-34,West
C002579,2025-07-21,Organic,gmail.com,35-44,Northeast
C010759,2026-08-06,paid_social,hotmail.com,25-34,Midwest
C005133,2025-12-16,Google Ads,outlook.com,45-54,West
C010067,2026-07-06,paid_social,outlook.com,35-44,West
C005620,2026-01-21,Google Ads,gmail.com,45-54,Northeast
C008231,2026-05-24,paid_social,gmail.com,25-34,Northeast
C003710,2025-09-06,Google Ads,outlook.com,35-44,Midwest
C001632,2025-04-14,Facebook Ads,yahoo.com,55-64,Northeast
C008513,2026-06-20,organic_search,gmail.com,25-34,Northeast
C008802,2026-06-21,paid_search,gmail.com,55-64,Southeast
C004654,2025-11-30,Google Ads,gmail.com,45-54,West
C001749,2025-05-19,Organic,icloud.com,35-44,Midwest
C005094,2025-12-11,Podcast,gmail.com,25-34,Northeast
C009200,2026-06-17,paid_social,yahoo.com,55-64,Midwest
C002223,2025-06-25,Referral Program,gmail.com,45-54,West
C009772,2026-07-03,paid_social,icloud.com,45-54,Southeast
C005710,2026-01-30,Facebook Ads,gmail.com,55-64,Northeast
C002236,2025-06-23,Referral Program,hotmail.com,35-44,Northeast
C004675,2025-11-07,Google Ads,gmail.com,35-44,Northeast
C000114,2025-01-19,Organic,gmail.com,25-34,West
C003777,2025-09-16,Facebook Ads,gmail.com,35-44,Northeast
C004943,2025-12-26,Organic,gmail.com,25-34,Northeast
C002127,2025-06-17,Organic,gmail.com,35-44,Southwest
C005427,2026-01-03,Referral Program,gmail.com,35-44,Southeast
C002766,2025-07-31,Podcast,gmail.com,45-54,Northeast
C000281,2025-01-01,Google Ads,outlook.com,65+,Southeast
C009170,2026-06-07,paid_social,gmail.com,35-44,Northeast
C006126,2026-02-09,paid_social,comcast.net,25-34,West
C010016,2026-07-03,paid_social,yahoo.com,35-44,West
C005044,2025-12-15,Podcast,gmail.com,35-44,Southwest
C004128,2025-10-05,Podcast,gmail.com,65+,Midwest
C007346,2026-04-20,paid_social,comcast.net,25-34,Southeast
C000525,2025-02-01,Organic,gmail.com,45-54,Northeast
C000838,2025-03-04,Organic,gmail.com,35-44,Midwest
C010972,2026-08-30,paid_social,comcast.net,25-34,Midwest
C007573,2026-04-19,paid_social,icloud.com,35-44,Southwest
C011438,2026-04-21,organic_search,harbormoney.com,55-64,Southeast
C010261,2026-08-19,organic_search,gmail.com,65+,Northeast
C003021,2025-08-17,Organic,gmail.com,65+,Northeast
C005071,2025-12-14,Podcast,outlook.com,25-34,Southeast
C008383,2026-05-04,paid_social,outlook.com,35-44,Northeast
C007615,2026-04-28,paid_social,yahoo.com,45-54,Northeast
C002347,2025-06-29,Google Ads,gmail.com,35-44,Northeast
C007951,2026-05-27,paid_search,gmail.com,35-44,Southwest
C009473,2026-07-29,referral,yahoo.com,35-44,Midwest
C007653,2026-04-15,paid_social,gmail.com,35-44,Midwest
C004804,2025-11-07,Facebook Ads,icloud.com,45-54,Southwest
C003284,2025-08-18,Google Ads,outlook.com,35-44,West
C005554,2026-01-07,Podcast,gmail.com,45-54,Southwest
C010558,2026-08-19,paid_social,icloud.com,35-44,Northeast
C002918,2025-07-14,Facebook Ads,icloud.com,55-64,Southwest
C003623,2025-09-17,Podcast,icloud.com,25-34,Southeast
C008531,2026-06-12,organic_search,gmail.com,25-34,West
C006456,2026-03-13,podcast,gmail.com,45-54,Southwest
C007877,2026-05-07,podcast,gmail.com,35-44,Southeast
C002118,2025-06-30,Organic,gmail.com,45-54,Northeast
C002440,2025-06-17,Facebook Ads,icloud.com,35-44,Northeast
C003386,2025-08-19,Facebook Ads,gmail.com,35-44,Southwest
C005353,2026-01-22,Organic,yahoo.com,45-54,Midwest
C007812,2026-05-06,referral,gmail.com,35-44,Midwest
C002005,2025-05-14,Google Ads,gmail.com,55-64,Northeast
C003024,2025-08-03,Organic,gmail.com,25-34,Southwest
C007495,2026-04-24,paid_social,comcast.net,35-44,West
C003895,2025-10-06,Organic,gmail.com,45-54,West
C007922,2026-05-09,paid_search,outlook.com,35-44,Midwest
C006631,2026-03-01,paid_social,gmail.com,35-44,Midwest
C002732,2025-07-04,Podcast,comcast.net,55-64,West
C001278,2025-04-24,Organic,gmail.com,45-54,Southeast
C002632,2025-07-30,Referral Program,gmail.com,35-44,Northeast
C009462,2026-07-22,referral,gmail.com,35-44,West
C009366,2026-07-12,organic_search,gmail.com,35-44,West
C004433,2025-11-28,Organic,gmail.com,25-34,Northeast
C001846,2025-05-15,Referral Program,gmail.com,45-54,Southwest
C002228,2025-06-09,Referral Program,yahoo.com,55-64,Southeast
C000279,2025-01-26,Google Ads,gmail.com,65+,West
C008751,2026-06-07,paid_search,gmail.com,65+,Midwest
C001801,2025-05-01,Organic,outlook.com,55-64,Southwest
C010632,2026-08-14,paid_social,gmail.com,45-54,Southeast
C010287,2026-08-24,referral,gmail.com,35-44,Southwest
C001301,2025-04-04,Organic,gmail.com,35-44,Midwest
C001067,2025-03-28,Podcast,outlook.com,35-44,Midwest
C005740,2026-01-13,Facebook Ads,gmail.com,35-44,Southeast
C004145,2025-10-18,Podcast,outlook.com,25-34,Southeast
C010409,2026-08-02,,gmail.com,65+,Northeast
C002893,2025-07-17,Facebook Ads,gmail.com,65+,West
C001150,2025-03-12,Google Ads,yahoo.com,35-44,Southeast
C001025,2025-03-25,Podcast,gmail.com,35-44,West
C005064,2025-12-14,Podcast,hotmail.com,55-64,Southwest
C001106,2025-03-25,Google Ads,icloud.com,45-54,West
C009702,2026-07-18,paid_social,icloud.com,35-44,West
C009089,2026-06-05,paid_social,proton.me,35-44,Southeast
C009623,2026-07-21,paid_search,outlook.com,55-64,Southeast
C000512,2025-02-22,Organic,gmail.com,45-54,Southeast
C002483,2025-06-13,Facebook Ads,comcast.net,45-54,Southeast
C006652,2026-03-05,paid_social,gmail.com,45-54,Southeast
C001654,2025-04-28,Facebook Ads,hotmail.com,25-34,Northeast
C010030,2026-07-09,paid_social,comcast.net,45-54,Southeast
C004922,2025-12-25,Organic,gmail.com,25-34,Southeast
C001563,2025-04-13,Google Ads,outlook.com,25-34,West
C002530,2025-07-08,Organic,gmail.com,45-54,Northeast
C006469,2026-03-13,podcast,gmail.com,45-54,Northeast
C006622,2026-03-03,paid_social,yahoo.com,35-44,Northeast
C002770,2025-07-27,Podcast,gmail.com,25-34,Southwest
C008147,2026-05-23,paid_social,outlook.com,25-34,Southwest
C001466,2025-04-19,Podcast,gmail.com,25-34,Northeast
C005114,2025-12-08,Google Ads,gmail.com,45-54,West
C000164,2025-01-10,Referral Program,gmail.com,45-54,West
C009352,2026-07-28,organic_search,gmail.com,35-44,West
C000995,2025-03-29,Referral Program,comcast.net,35-44,Midwest
C003389,2025-08-25,Facebook Ads,comcast.net,35-44,Southwest
C001146,2025-03-16,Google Ads,yahoo.com,35-44,Southeast
C001992,2025-05-24,Google Ads,gmail.com,25-34,Southeast
C010146,2026-08-04,organic_search,outlook.com,35-44,Midwest
C003314,2025-08-04,Google Ads,comcast.net,35-44,Southwest
C001734,2025-05-23,Organic,gmail.com,65+,Northeast
C001685,2025-05-17,Organic,gmail.com,55-64,Northeast
C010611,2026-08-12,paid_social,gmail.com,45-54,Northeast
C005074,2025-12-21,Podcast,gmail.com,45-54,West
C000611,2025-02-14,Podcast,gmail.com,35-44,Southwest
C003271,2025-08-06,Google Ads,gmail.com,45-54,West
C000271,2025-01-16,Google Ads,comcast.net,45-54,Midwest
C009189,2026-06-19,paid_social,proton.me,35-44,Northeast
C005516,2026-01-17,Podcast,icloud.com,25-34,Northeast
C007736,2026-05-10,organic_search,outlook.com,45-54,Southwest
C009861,2026-07-18,paid_social,gmail.com,45-54,Northeast
C010697,2026-08-27,paid_social,proton.me,35-44,Southwest
C003911,2025-10-09,Organic,gmail.com,45-54,Northeast
C006545,2026-03-18,paid_search,gmail.com,35-44,Southeast
C008171,2026-05-19,paid_social,proton.me,45-54,West
C002164,2025-06-05,Organic,gmail.com,65+,Southeast
C000672,2025-02-06,Google Ads,hotmail.com,45-54,West
C005797,2026-02-20,organic_search,gmail.com,45-54,Northeast
C004838,2025-12-23,Organic,icloud.com,55-64,Northeast
C002069,2025-05-15,Facebook Ads,icloud.com,35-44,West
C005582,2026-01-11,Google Ads,gmail.com,25-34,Northeast
C007591,2026-04-08,paid_social,icloud.com,35-44,West
C008173,2026-05-05,paid_social,proton.me,25-34,Northeast
C006067,2026-02-10,,proton.me,45-54,Northeast
C004267,2025-10-08,Facebook Ads,gmail.com,25-34,Southwest
C007211,2026-04-13,paid_search,gmail.com,25-34,Midwest
C007377,2026-04-19,paid_social,icloud.com,55-64,West
C009602,2026-07-26,paid_search,gmail.com,35-44,West
C009099,2026-06-06,paid_social,gmail.com,55-64,Northeast
C000455,2025-02-11,Organic,outlook.com,25-34,West
C002148,2025-06-16,Organic,icloud.com,25-34,Northeast
C003913,2025-10-25,Organic,outlook.com,35-44,Northeast
C001217,2025-03-30,Facebook Ads,gmail.com,35-44,Northeast
C002215,2025-06-18,Referral Program,gmail.com,25-34,West
C000637,2025-02-25,Podcast,icloud.com,35-44,West
C008645,2026-06-01,podcast,gmail.com,25-34,Southeast
C008567,2026-06-27,referral,gmail.com,35-44,Northeast
C006811,2026-03-11,paid_social,gmail.com,65+,West
C001900,2025-05-24,Podcast,gmail.com,45-54,Northeast
C006483,2026-03-22,,gmail.com,65+,Northeast
C005592,2026-01-07,Google Ads,comcast.net,55-64,Northeast
C003712,2025-09-14,Google Ads,outlook.com,45-54,West
C005831,2026-02-21,organic_search,proton.me,25-34,West
C003122,2025-08-15,Referral Program,gmail.com,35-44,Southwest
C008842,2026-06-24,paid_social,gmail.com,35-44,Midwest
C008737,2026-06-15,paid_search,gmail.com,35-44,Southwest
C001382,2025-04-12,Organic,gmail.com,35-44,Midwest
C001663,2025-04-16,Facebook Ads,gmail.com,35-44,Southeast
C002873,2025-07-02,Google Ads,outlook.com,25-34,Northeast
C009718,2026-07-05,paid_social,outlook.com,25-34,Midwest
C004894,2025-12-09,Organic,gmail.com,45-54,Northeast
C006915,2026-04-24,,comcast.net,55-64,Southeast
C000065,2025-01-02,Organic,gmail.com,35-44,Southeast
C010913,2026-08-18,paid_social,outlook.com,45-54,Midwest
C003970,2025-10-02,Organic,gmail.com,55-64,Midwest
C007688,2026-05-01,organic_search,gmail.com,25-34,Southeast
C007911,2026-05-09,paid_search,gmail.com,25-34,Southwest
C004299,2025-10-17,Facebook Ads,gmail.com,35-44,West
C005150,2025-12-12,Google Ads,gmail.com,25-34,Midwest
C003266,2025-08-17,Google Ads,gmail.com,35-44,Southeast
C003603,2025-09-30,Referral Program,gmail.com,25-34,West
C005292,2026-01-12,Organic,gmail.com,35-44,Northeast
C006905,2026-04-23,organic_search,hotmail.com,35-44,Southwest
C011349,2025-09-17,Organic,harbormoney.com,45-54,Southeast
C001709,2025-05-06,Organic,yahoo.com,25-34,West
C001210,2025-03-14,Facebook Ads,gmail.com,35-44,Northeast
C007891,2026-05-06,paid_search,gmail.com,45-54,Northeast
C003011,2025-08-31,Organic,gmail.com,45-54,Northeast
C007151,2026-04-22,paid_search,gmail.com,35-44,West
C010930,2026-08-06,,icloud.com,55-64,Northeast
C008960,2026-06-19,paid_social,hotmail.com,25-34,Southeast
C010842,2026-08-24,paid_social,yahoo.com,55-64,Southwest
C006747,2026-03-25,paid_social,gmail.com,45-54,Midwest
C001078,2025-03-26,Podcast,comcast.net,35-44,Northeast
C008762,2026-06-06,paid_search,yahoo.com,25-34,West
C000894,2025-03-12,Organic,gmail.com,35-44,Southwest
C010186,2026-08-18,organic_search,gmail.com,35-44,West
C010766,2026-08-11,paid_social,gmail.com,25-34,West
C002112,2025-06-29,Organic,outlook.com,45-54,Northeast
C008202,2026-05-27,paid_social,gmail.com,35-44,West
C003943,2025-10-17,Organic,gmail.com,45-54,West
C002803,2025-07-15,Google Ads,gmail.com,35-44,Northeast
C004508,2025-11-05,Referral Program,outlook.com,25-34,Southeast
C011081,2026-09-07,referral,gmail.com,35-44,Southwest
C008780,2026-06-01,paid_search,outlook.com,55-64,Southeast
C008793,2026-06-06,paid_search,gmail.com,35-44,Midwest
C011362,2025-02-17,Organic,harbormoney.com,45-54,West
C006055,2026-02-09,paid_search,gmail.com,25-34,Southwest
C007552,2026-04-06,paid_social,hotmail.com,25-34,West
C006846,2026-03-06,paid_social,gmail.com,45-54,Northeast
C000122,2025-01-05,Referral Program,outlook.com,35-44,West
C010133,2026-08-18,organic_search,outlook.com,55-64,Southeast
C001009,2025-03-26,Referral Program,gmail.com,25-34,Northeast
C005968,2026-02-21,podcast,gmail.com,45-54,Northeast
C008897,2026-06-16,paid_social,outlook.com,35-44,Northeast
C000460,2025-02-24,Organic,yahoo.com,55-64,West
C006190,2026-02-03,paid_social,gmail.com,55-64,Southeast
C009824,2026-07-03,paid_social,yahoo.com,35-44,Southwest
C002561,2025-07-24,Organic,hotmail.com,25-34,Southwest
C007519,2026-04-09,paid_social,gmail.com,25-34,West
C002876,2025-07-10,,icloud.com,55-64,Southeast
C008562,2026-06-01,referral,yahoo.com,35-44,Midwest
C008140,2026-05-29,paid_social,gmail.com,25-34,Northeast
C007571,2026-04-04,paid_social,gmail.com,55-64,Midwest
C003007,2025-08-27,Organic,yahoo.com,55-64,Southeast
C001520,2025-04-18,Google Ads,outlook.com,25-34,Northeast
C004790,2025-11-04,Facebook Ads,yahoo.com,55-64,Northeast
C002149,2025-06-15,Organic,outlook.com,25-34,Southeast
C003595,2025-09-14,Referral Program,comcast.net,55-64,West
C002254,2025-06-03,Referral Program,gmail.com,65+,Northeast
C006883,2026-04-24,organic_search,hotmail.com,35-44,West
C000973,2025-03-30,Referral Program,icloud.com,45-54,Midwest
C002025,2025-05-26,Google Ads,icloud.com,35-44,Southeast
C001911,2025-05-02,Podcast,gmail.com,55-64,Northeast
C005369,2026-01-23,Organic,gmail.com,55-64,Southeast
C008244,2026-05-13,paid_social,icloud.com,35-44,West
C003506,2025-09-20,Organic,gmail.com,45-54,Midwest
C001769,2025-05-27,Organic,icloud.com,35-44,Southeast
C005982,2026-02-09,podcast,comcast.net,45-54,Southwest
C011450,2026-01-14,Organic,harbormoney.com,45-54,Southwest
C001062,2025-03-10,Podcast,outlook.com,45-54,Midwest
C009726,2026-07-20,paid_social,gmail.com,45-54,Northeast
C011196,2026-09-07,paid_social,outlook.com,65+,Southeast
C001429,2025-04-01,Referral Program,gmail.com,25-34,Northeast
C001613,2025-04-20,Facebook Ads,outlook.com,45-54,Northeast
C008017,2026-05-11,paid_social,gmail.com,55-64,West
C001057,2025-03-26,Podcast,gmail.com,35-44,Midwest
C004651,2025-11-13,Google Ads,icloud.com,45-54,Northeast
C008648,2026-06-08,podcast,gmail.com,55-64,Southeast
C009906,2026-07-19,paid_social,outlook.com,25-34,West
C007297,2026-04-08,paid_social,gmail.com,25-34,Midwest
C011361,2025-11-12,Organic,harbormoney.com,55-64,West
C009360,2026-07-17,organic_search,gmail.com,35-44,Southwest
C001016,2025-03-28,Referral Program,yahoo.com,35-44,Southwest
C004496,2025-11-07,Organic,gmail.com,55-64,Northeast
C009113,2026-06-17,paid_social,outlook.com,55-64,Midwest
C005549,2026-01-22,Podcast,gmail.com,65+,West
C002848,2025-07-09,Google Ads,outlook.com,35-44,Southeast
C010339,2026-08-18,referral,gmail.com,45-54,Southwest
C002134,2025-06-24,Organic,yahoo.com,35-44,Midwest
C003774,2025-09-16,Facebook Ads,gmail.com,25-34,Southwest
C010524,2026-08-27,paid_search,icloud.com,45-54,Southwest
C000428,2025-02-26,Organic,gmail.com,45-54,Midwest
C001041,2025-03-07,Podcast,gmail.com,45-54,Northeast
C001284,2025-04-25,Organic,gmail.com,45-54,Northeast
C008681,2026-06-01,podcast,gmail.com,35-44,Northeast
C000339,2025-01-26,Facebook Ads,gmail.com,35-44,Southeast
C009940,2026-07-02,paid_social,gmail.com,35-44,Southeast
C009043,2026-06-03,paid_social,icloud.com,25-34,Midwest
C000972,2025-03-06,Referral Program,hotmail.com,65+,Southeast
C006501,2026-03-27,paid_search,gmail.com,55-64,Southeast
C004227,2025-10-27,Google Ads,proton.me,35-44,Southeast
C003176,2025-08-30,Podcast,icloud.com,55-64,Southeast
C007923,2026-05-01,paid_search,comcast.net,25-34,Southeast
C007221,2026-04-22,paid_search,gmail.com,25-34,Northeast
C008949,2026-06-29,paid_social,gmail.com,55-64,Midwest
C002557,2025-07-05,Organic,yahoo.com,35-44,Northeast
C007287,2026-04-12,paid_social,icloud.com,25-34,Northeast
C009278,2026-06-03,paid_social,outlook.com,55-64,Midwest
C008241,2026-05-15,paid_social,gmail.com,55-64,Northeast
C002643,2025-07-26,Referral Program,gmail.com,45-54,Midwest
C003071,2025-08-09,Organic,gmail.com,65+,West
C003482,2025-09-09,Organic,gmail.com,35-44,Northeast
C007743,2026-05-26,organic_search,outlook.com,65+,Northeast
C000024,2025-01-12,Organic,yahoo.com,35-44,Southeast
C006575,2026-03-25,paid_search,gmail.com,25-34,Midwest
C000884,2025-03-08,Organic,icloud.com,45-54,Midwest
C006152,2026-02-09,paid_social,gmail.com,35-44,Southeast
C006011,2026-02-03,podcast,gmail.com,45-54,Midwest
C004959,2025-12-25,Referral Program,hotmail.com,45-54,Midwest
C001973,2025-05-26,Google Ads,hotmail.com,45-54,Southwest
C004792,2025-11-14,Facebook Ads,proton.me,35-44,West
C004107,2025-10-20,Podcast,gmail.com,45-54,Midwest
C005404,2026-01-24,Organic,yahoo.com,55-64,Northeast
C001416,2025-04-25,Referral Program,gmail.com,45-54,Southwest
C010717,2026-08-12,paid_social,yahoo.com,25-34,Northeast
C008433,2026-06-03,organic_search,gmail.com,45-54,Southeast
C011317,2026-09-03,paid_social,gmail.com,35-44,Midwest
C007503,2026-04-11,paid_social,outlook.com,35-44,Southeast
C006449,2026-03-05,podcast,yahoo.com,45-54,West
C007014,2026-04-17,,gmail.com,55-64,West
C006872,2026-04-13,organic_search,hotmail.com,35-44,Southeast
C005563,2026-01-12,Google Ads,hotmail.com,35-44,West
C006108,2026-02-24,paid_search,outlook.com,55-64,Northeast
C005348,2026-01-24,Organic,yahoo.com,35-44,Southwest
C009160,2026-06-28,paid_social,gmail.com,25-34,Southwest
C000591,2025-02-28,Podcast,gmail.com,65+,Northeast
C008378,2026-05-11,paid_social,yahoo.com,35-44,Southeast
C007924,2026-05-17,paid_search,gmail.com,45-54,West
C008849,2026-06-05,paid_social,yahoo.com,25-34,West
C003114,2025-08-18,Referral Program,gmail.com,35-44,Northeast
C000107,2025-01-27,Organic,gmail.com,45-54,Midwest
C004641,2025-11-23,Google Ads,gmail.com,45-54,Midwest
C002617,2025-07-29,Organic,yahoo.com,25-34,Northeast
C006655,2026-03-13,paid_social,yahoo.com,35-44,Southeast
C003135,2025-08-03,Referral Program,yahoo.com,35-44,Southwest
C002379,2025-06-18,,yahoo.com,55-64,Southwest
C006997,2026-04-16,organic_search,gmail.com,25-34,Northeast
C001638,2025-04-12,Facebook Ads,gmail.com,55-64,West
C010259,2026-08-31,organic_search,hotmail.com,65+,Southeast
C000276,2025-01-25,Google Ads,comcast.net,45-54,Southeast
C009660,2026-07-17,paid_search,gmail.com,25-34,Midwest
C006974,2026-04-25,organic_search,yahoo.com,55-64,Southeast
C006235,2026-03-08,organic_search,gmail.com,25-34,West
C002627,2025-07-21,Organic,gmail.com,45-54,Northeast
C007081,2026-04-20,referral,yahoo.com,45-54,Southeast
C011407,2026-02-23,organic_search,harbormoney.com,25-34,Southeast
C006348,2026-03-21,referral,yahoo.com,55-64,Midwest
C006178,2026-02-01,paid_social,proton.me,55-64,Southwest
C006510,2026-03-22,paid_search,yahoo.com,55-64,West
C001469,2025-04-15,Podcast,gmail.com,45-54,Southeast
C004138,2025-10-14,Podcast,outlook.com,45-54,Southeast
C005753,2026-02-09,organic_search,gmail.com,35-44,Southeast
C000447,2025-02-16,Organic,yahoo.com,55-64,Northeast
C010986,2026-08-06,paid_social,icloud.com,65+,Midwest
C003232,2025-08-03,Google Ads,gmail.com,35-44,Midwest
C003840,2025-09-20,Facebook Ads,gmail.com,35-44,West
C001019,2025-03-22,,gmail.com,45-54,Northeast
C000109,2025-01-28,Organic,hotmail.com,25-34,Midwest
C009238,2026-06-11,paid_social,gmail.com,55-64,Southeast
C007422,2026-04-03,paid_social,gmail.com,55-64,Midwest
C007389,2026-04-09,paid_social,comcast.net,35-44,Midwest
C005682,2026-01-18,Facebook Ads,gmail.com,35-44,Midwest
C002200,2025-06-16,Organic,icloud.com,45-54,West
C009515,2026-07-01,referral,gmail.com,25-34,West
C002077,2025-05-10,Facebook Ads,icloud.com,35-44,Southwest
C000844,2025-03-29,Organic,hotmail.com,65+,West
C003533,2025-09-24,Referral Program,yahoo.com,45-54,Southeast
C003111,2025-08-28,Referral Program,gmail.com,35-44,Southeast
C001904,2025-05-19,Podcast,gmail.com,25-34,West
C005173,2025-12-30,Google Ads,icloud.com,65+,West
C000822,2025-02-28,Facebook Ads,comcast.net,45-54,Midwest
C003424,2025-09-08,Organic,gmail.com,35-44,Midwest
C007311,2026-04-07,paid_social,gmail.com,25-34,Southwest
C000396,2025-02-11,Organic,gmail.com,45-54,Southeast
C004850,2025-12-27,Organic,gmail.com,45-54,Midwest
C005236,2025-12-26,Facebook Ads,gmail.com,25-34,Northeast
C001988,2025-05-02,Google Ads,yahoo.com,45-54,Southeast
C007074,2026-04-07,referral,gmail.com,55-64,Southwest
C007498,2026-04-06,paid_social,icloud.com,35-44,Midwest
C010317,2026-08-10,referral,gmail.com,45-54,Southeast
C000384,2025-01-31,Facebook Ads,gmail.com,35-44,West
C008234,2026-05-12,paid_social,gmail.com,65+,Northeast
C006955,2026-04-04,organic_search,proton.me,55-64,West
C009731,2026-07-26,paid_social,outlook.com,35-44,Southeast
C001047,2025-03-17,Podcast,gmail.com,45-54,Midwest
C000557,2025-02-09,Referral Program,gmail.com,25-34,Northeast
C003837,2025-09-07,Facebook Ads,gmail.com,45-54,Northeast
C007992,2026-05-25,paid_social,gmail.com,65+,Northeast
C010736,2026-08-07,paid_social,gmail.com,35-44,Southeast
C009337,2026-07-28,organic_search,gmail.com,35-44,Southeast
C009630,2026-07-12,paid_search,outlook.com,35-44,Midwest
C000443,2025-02-02,Organic,gmail.com,35-44,Southeast
C003143,2025-08-30,Referral Program,hotmail.com,25-34,Northeast
C000382,2025-01-27,Facebook Ads,gmail.com,35-44,West
C008270,2026-05-23,paid_social,outlook.com,35-44,Midwest
C005687,2026-01-19,Facebook Ads,gmail.com,45-54,Northeast
C002974,2025-08-22,Organic,gmail.com,25-34,Midwest
C000986,2025-03-24,Referral Program,gmail.com,35-44,Northeast
C004081,2025-10-01,Referral Program,icloud.com,25-34,Southeast
C000536,2025-02-04,Referral Program,gmail.com,35-44,Southwest
C008626,2026-06-28,referral,yahoo.com,35-44,Midwest
C008787,2026-06-14,paid_search,yahoo.com,35-44,Southeast
C001752,2025-05-02,Organic,hotmail.com,45-54,Southeast
C008638,2026-06-11,podcast,gmail.com,45-54,Midwest
C009496,2026-07-01,referral,yahoo.com,35-44,West
C001017,2025-03-03,Referral Program,yahoo.com,35-44,Northeast
C011408,2025-02-28,Organic,harbormoney.com,25-34,West
C008700,2026-06-04,paid_search,gmail.com,25-34,Northeast
C003096,2025-08-03,Referral Program,gmail.com,45-54,Northeast
C004669,2025-11-27,Google Ads,gmail.com,35-44,Midwest
C006338,2026-03-07,referral,gmail.com,45-54,Southwest
C009582,2026-07-20,paid_search,gmail.com,35-44,Midwest
C008229,2026-05-02,paid_social,gmail.com,55-64,Southwest
C009148,2026-06-29,paid_social,gmail.com,35-44,Northeast
C001351,2025-04-19,,comcast.net,55-64,Midwest
C002455,2025-06-22,Facebook Ads,gmail.com,35-44,Midwest
C009343,2026-07-12,organic_search,gmail.com,35-44,Southeast
C004603,2025-11-01,Podcast,gmail.com,45-54,Northeast
C004539,2025-11-15,Referral Program,outlook.com,45-54,West
C009374,2026-07-17,organic_search,proton.me,35-44,West
C009571,2026-07-11,podcast,gmail.com,35-44,West
C009860,2026-07-30,paid_social,gmail.com,25-34,Southeast
C010447,2026-08-08,paid_search,yahoo.com,45-54,West
C000466,2025-02-11,Organic,gmail.com,35-44,Midwest
C006176,2026-02-08,paid_social,gmail.com,25-34,West
C007971,2026-05-12,paid_search,gmail.com,25-34,Southeast
C000474,2025-02-08,Organic,gmail.com,35-44,Northeast
C009827,2026-07-02,paid_social,gmail.com,65+,Northeast
C002595,2025-07-20,Organic,icloud.com,35-44,Southeast
C002993,2025-08-10,Organic,gmail.com,45-54,Southwest
C002824,2025-07-23,Google Ads,gmail.com,45-54,Midwest
C011130,2026-09-01,podcast,outlook.com,35-44,Northeast
C003183,2025-08-20,Podcast,gmail.com,35-44,West
C005827,2026-02-04,organic_search,proton.me,45-54,West
C005378,2026-01-26,Organic,gmail.com,65+,Midwest
C004915,2025-12-19,Organic,gmail.com,55-64,Southwest
C007054,2026-04-16,referral,gmail.com,35-44,Southeast
C002242,2025-06-14,Referral Program,gmail.com,35-44,West
C007482,2026-04-20,paid_social,gmail.com,25-34,Southeast
C008086,2026-05-19,paid_social,gmail.com,45-54,West
C002492,2025-06-11,,outlook.com,25-34,Southeast
C004357,2025-11-03,Organic,gmail.com,35-44,Southeast
C006836,2026-03-28,paid_social,gmail.com,35-44,West
C002027,2025-05-08,Google Ads,gmail.com,35-44,Northeast
C000960,2025-03-07,Referral Program,gmail.com,35-44,West
C000680,2025-02-06,Google Ads,yahoo.com,35-44,Northeast
C009370,2026-07-29,organic_search,icloud.com,45-54,Southeast
C006752,2026-03-16,paid_social,gmail.com,25-34,Northeast
C011011,2026-09-02,organic_search,outlook.com,55-64,West
C001626,2025-04-03,Facebook Ads,comcast.net,35-44,Southeast
C002231,2025-06-06,Referral Program,gmail.com,45-54,Northeast
C002203,2025-06-12,Referral Program,gmail.com,45-54,Southeast
C003161,2025-08-08,Referral Program,icloud.com,35-44,Midwest
C001518,2025-04-03,Google Ads,proton.me,35-44,Northeast
C010397,2026-08-27,,gmail.com,65+,Southeast
C007269,2026-04-10,paid_social,gmail.com,25-34,Southwest
C009338,2026-07-07,organic_search,gmail.com,45-54,Southeast
C005861,2026-02-16,organic_search,gmail.com,35-44,West
C003925,2025-10-28,Organic,hotmail.com,55-64,Southwest
C001821,2025-05-04,Referral Program,comcast.net,45-54,Midwest
C002409,2025-06-05,Google Ads,gmail.com,35-44,Northeast
C001820,2025-05-13,Referral Program,yahoo.com,25-34,Southwest
C007934,2026-05-30,paid_search,hotmail.com,35-44,Northeast
C007142,2026-04-15,podcast,gmail.com,65+,West
C008236,2026-05-21,paid_social,icloud.com,25-34,Southwest
C009047,2026-06-11,paid_social,yahoo.com,35-44,Southwest
C009294,2026-06-16,paid_social,yahoo.com,35-44,West
C009035,2026-06-06,paid_social,icloud.com,35-44,Southeast
C000341,2025-01-29,Facebook Ads,icloud.com,35-44,Northeast
C006833,2026-03-21,paid_social,icloud.com,55-64,Southwest
C004799,2025-11-26,Facebook Ads,yahoo.com,65+,Midwest
C008982,2026-06-21,paid_social,icloud.com,25-34,Northeast
C009229,2026-06-04,paid_social,gmail.com,35-44,Northeast
C006617,2026-03-21,paid_social,icloud.com,55-64,Southwest
C009853,2026-07-10,paid_social,outlook.com,45-54,Southeast
C002839,2025-07-04,,gmail.com,25-34,Southeast
C007202,2026-04-29,paid_search,gmail.com,45-54,Southeast
C003699,2025-09-02,Google Ads,gmail.com,35-44,Midwest
C000282,2025-01-01,Google Ads,gmail.com,25-34,Southeast
C005711,2026-01-06,Facebook Ads,icloud.com,35-44,Northeast
C004883,2025-12-12,Organic,gmail.com,35-44,Northeast
C001381,2025-04-08,Organic,gmail.com,45-54,Midwest
C008370,2026-05-08,paid_social,gmail.com,35-44,Southwest
C000275,2025-01-19,Google Ads,gmail.com,25-34,Southeast
C006949,2026-04-08,organic_search,gmail.com,35-44,Midwest
C008911,2026-06-11,paid_social,gmail.com,45-54,Northeast
C008144,2026-05-13,paid_social,gmail.com,45-54,Midwest
C001458,2025-04-19,Podcast,icloud.com,35-44,Midwest
C002794,2025-07-20,Google Ads,comcast.net,45-54,Northeast
C007026,2026-04-23,referral,hotmail.com,25-34,Southwest
C000892,2025-03-30,Organic,gmail.com,25-34,Midwest
C006701,2026-03-09,paid_social,yahoo.com,25-34,Southeast
C009721,2026-07-26,paid_social,gmail.com,35-44,Northeast
C001339,2025-04-19,Organic,yahoo.com,45-54,Northeast
C000151,2025-01-21,Referral Program,hotmail.com,35-44,Southeast
C007343,2026-04-03,paid_social,gmail.com,55-64,Northeast
C004168,2025-10-10,Google Ads,gmail.com,35-44,Northeast
C011299,2026-09-01,paid_social,gmail.com,45-54,Southeast
C004434,2025-11-09,Organic,gmail.com,25-34,West
C010399,2026-08-23,podcast,gmail.com,35-44,Southeast
C000879,2025-03-21,Organic,gmail.com,35-44,West
C008828,2026-06-24,paid_social,hotmail.com,35-44,Northeast
C004899,2025-12-01,Organic,gmail.com,45-54,West
C008143,2026-05-16,paid_social,proton.me,35-44,West
C004077,2025-10-12,Referral Program,proton.me,25-34,Northeast
C001662,2025-04-11,Facebook Ads,hotmail.com,45-54,Northeast
C000340,2025-01-21,Facebook Ads,icloud.com,35-44,Northeast
C002484,2025-06-15,Facebook Ads,gmail.com,35-44,Southwest
C003768,2025-09-30,Facebook Ads,proton.me,35-44,Midwest
C010144,2026-08-12,organic_search,comcast.net,35-44,West
C003468,2025-09-30,Organic,gmail.com,65+,Southwest
C005016,2025-12-07,Referral Program,gmail.com,35-44,Northeast
C008423,2026-06-01,organic_search,yahoo.com,35-44,Southeast
C002167,2025-06-08,Organic,gmail.com,55-64,Southeast
C000709,2025-02-10,Google Ads,gmail.com,35-44,West
C008365,2026-05-08,paid_social,yahoo.com,65+,West
C004947,2025-12-29,Organic,gmail.com,35-44,Midwest
C000197,2025-01-04,Podcast,gmail.com,45-54,Northeast
C000644,2025-02-14,Podcast,gmail.com,35-44,West
C007180,2026-04-09,paid_search,gmail.com,55-64,West
C004308,2025-10-30,Facebook Ads,gmail.com,35-44,West
C006630,2026-03-05,paid_social,gmail.com,55-64,Northeast
C001807,2025-05-01,Organic,hotmail.com,55-64,Northeast
C010816,2026-08-19,paid_social,gmail.com,35-44,Southwest
C007473,2026-04-08,,gmail.com,55-64,Midwest
C003014,2025-08-12,Organic,gmail.com,55-64,Midwest
C009245,2026-06-15,paid_social,gmail.com,25-34,Southeast
C005703,2026-01-20,Facebook Ads,gmail.com,45-54,Midwest
C010131,2026-08-19,organic_search,hotmail.com,35-44,Northeast
C005617,2026-01-28,Google Ads,gmail.com,25-34,West
C002039,2025-05-24,Facebook Ads,gmail.com,35-44,Northeast
C003279,2025-08-17,Google Ads,gmail.com,25-34,West
C010335,2026-08-27,referral,yahoo.com,35-44,West
C001862,2025-05-18,Referral Program,icloud.com,35-44,Northeast
C008212,2026-05-13,paid_social,gmail.com,35-44,Midwest
C010279,2026-08-12,referral,gmail.com,35-44,Midwest
C001792,2025-05-30,Organic,gmail.com,55-64,West
C001177,2025-03-27,Facebook Ads,gmail.com,45-54,West
C002064,2025-05-24,Facebook Ads,gmail.com,45-54,Midwest
C010909,2026-08-22,paid_social,gmail.com,45-54,Midwest
C007529,2026-04-23,paid_social,gmail.com,25-34,Southwest
C004569,2025-11-01,Referral Program,gmail.com,35-44,Southeast
C009258,2026-06-11,paid_social,comcast.net,25-34,Southwest
C005822,2026-02-26,organic_search,gmail.com,35-44,Southeast
C011444,2026-07-04,organic_search,harbormoney.com,55-64,Southeast
C008926,2026-06-01,paid_social,gmail.com,25-34,Northeast
C005398,2026-01-03,Organic,icloud.com,35-44,Southeast
C005257,2025-12-17,Facebook Ads,yahoo.com,25-34,Midwest
C004984,2025-12-18,Referral Program,hotmail.com,25-34,West
C007042,2026-04-05,referral,icloud.com,35-44,Southeast
C001194,2025-03-27,Facebook Ads,hotmail.com,45-54,Southeast
C004061,2025-10-06,Referral Program,gmail.com,45-54,Southeast
C003131,2025-08-31,Referral Program,proton.me,35-44,Southeast
C006654,2026-03-15,paid_social,yahoo.com,35-44,Northeast
C009168,2026-06-30,,hotmail.com,35-44,Northeast
C010463,2026-08-16,paid_search,gmail.com,45-54,Southeast
C002248,2025-06-09,Referral Program,comcast.net,35-44,Northeast
C000437,2025-02-04,Organic,icloud.com,35-44,Southeast
C009674,2026-07-19,paid_search,gmail.com,45-54,Northeast
C003412,2025-09-13,Organic,gmail.com,25-34,Southeast
C011355,2025-06-24,Organic,harbormoney.com,35-44,Midwest
C003939,2025-10-05,Organic,gmail.com,45-54,Midwest
C000643,2025-02-01,Podcast,comcast.net,25-34,Midwest
C003308,2025-08-08,Google Ads,outlook.com,35-44,Southeast
C005907,2026-02-26,referral,gmail.com,35-44,Midwest
C005076,2025-12-01,Podcast,comcast.net,45-54,West
C006295,2026-03-29,organic_search,gmail.com,65+,Southeast
C004647,2025-11-30,Google Ads,icloud.com,35-44,Midwest
C006056,2026-02-21,paid_search,gmail.com,35-44,Northeast
C003596,2025-09-12,Referral Program,proton.me,35-44,Southeast
C003480,2025-09-15,Organic,yahoo.com,35-44,Northeast
C000323,2025-01-28,Google Ads,proton.me,55-64,Midwest
C000313,2025-01-29,Google Ads,yahoo.com,45-54,Southwest
C002711,2025-07-19,Podcast,gmail.com,55-64,Southeast
C003179,2025-08-07,Podcast,yahoo.com,45-54,Northeast
C009775,2026-07-20,paid_social,gmail.com,25-34,West
C009313,2026-06-14,paid_social,outlook.com,25-34,Southeast
C009556,2026-07-09,podcast,comcast.net,45-54,Midwest
C007437,2026-04-27,paid_social,outlook.com,35-44,Southeast
C005072,2025-12-14,Podcast,yahoo.com,45-54,Northeast
C005850,2026-02-08,organic_search,yahoo.com,55-64,Southeast
C010829,2026-08-10,paid_social,gmail.com,35-44,Northeast
C006887,2026-04-10,organic_search,gmail.com,25-34,Northeast
C004953,2025-12-03,Referral Program,yahoo.com,55-64,Midwest
C011080,2026-09-02,referral,gmail.com,55-64,Southwest
C003649,2025-09-20,Podcast,yahoo.com,45-54,Northeast
C003916,2025-10-20,Organic,gmail.com,35-44,Midwest
C003113,2025-08-17,Referral Program,icloud.com,25-34,Southeast
C001176,2025-03-28,Facebook Ads,yahoo.com,45-54,West
C004698,2025-11-05,Google Ads,outlook.com,45-54,Southeast
C001421,2025-04-02,Referral Program,hotmail.com,25-34,Southeast
C001508,2025-04-07,Podcast,gmail.com,45-54,Southeast
C002604,2025-07-28,Organic,gmail.com,35-44,Northeast
C003818,2025-09-19,Facebook Ads,gmail.com,25-34,Midwest
C005686,2026-01-05,,hotmail.com,35-44,Southeast
C010481,2026-08-06,paid_search,yahoo.com,45-54,Midwest
C003500,2025-09-29,Organic,gmail.com,45-54,Northeast
C002011,2025-05-13,Google Ads,gmail.com,35-44,West
C008601,2026-06-04,referral,hotmail.com,35-44,Midwest
C007991,2026-05-28,paid_social,gmail.com,35-44,Northeast
C011070,2026-09-07,referral,gmail.com,45-54,Northeast
C004016,2025-10-02,Referral Program,outlook.com,35-44,Midwest
C007206,2026-04-25,paid_search,gmail.com,45-54,Northeast
C008272,2026-05-06,paid_social,yahoo.com,45-54,Southeast
C002610,2025-07-14,Organic,gmail.com,25-34,Northeast
C007417,2026-04-23,paid_social,proton.me,25-34,Northeast
C002003,2025-05-19,Google Ads,gmail.com,45-54,Midwest
C001677,2025-05-14,Organic,gmail.com,25-34,Midwest
C001720,2025-05-13,Organic,yahoo.com,25-34,West
C000071,2025-01-15,Organic,yahoo.com,25-34,Southwest
C009941,2026-07-08,paid_social,gmail.com,55-64,Northeast
C000058,2025-01-28,Organic,comcast.net,65+,Midwest
C009267,2026-06-16,paid_social,hotmail.com,25-34,West
C003395,2025-08-26,Facebook Ads,gmail.com,25-34,Midwest
C004146,2025-10-23,Podcast,gmail.com,35-44,Northeast
C007424,2026-04-09,paid_social,hotmail.com,45-54,Southwest
C004757,2025-11-10,Facebook Ads,gmail.com,45-54,Southeast
C006982,2026-04-01,organic_search,gmail.com,55-64,Northeast
C009161,2026-06-11,paid_social,gmail.com,35-44,Midwest
C002979,2025-08-01,Organic,gmail.com,35-44,West
C009487,2026-07-31,referral,outlook.com,25-34,West
C007457,2026-04-26,paid_social,hotmail.com,55-64,West
C011076,2026-09-03,referral,gmail.com,25-34,Northeast
C006197,2026-02-22,paid_social,yahoo.com,25-34,Midwest
C008267,2026-05-14,paid_social,gmail.com,45-54,Southeast
C010606,2026-08-07,paid_social,gmail.com,45-54,Southeast
C010332,2026-08-03,referral,icloud.com,55-64,Southeast
C003637,2025-09-01,Podcast,comcast.net,45-54,West
C010723,2026-08-24,paid_social,icloud.com,25-34,Southeast
C006768,2026-03-12,paid_social,gmail.com,65+,Southeast
C002316,2025-06-25,Podcast,yahoo.com,45-54,Southeast
C004479,2025-11-25,Organic,outlook.com,35-44,West
C005823,2026-02-05,organic_search,gmail.com,35-44,Southeast
C001905,2025-05-06,Podcast,outlook.com,65+,West
C005855,2026-02-08,organic_search,hotmail.com,25-34,Midwest
C011115,2026-09-02,podcast,hotmail.com,35-44,Southeast
C000592,2025-02-20,Podcast,yahoo.com,25-34,Northeast
C010630,2026-08-16,paid_social,hotmail.com,55-64,Southeast
C003949,2025-10-04,Organic,gmail.com,55-64,Northeast
C010911,2026-08-28,paid_social,gmail.com,45-54,Southwest
C007294,2026-04-12,paid_social,gmail.com,25-34,Southwest
C002448,2025-06-30,Facebook Ads,gmail.com,55-64,Southwest
C003919,2025-10-14,Organic,gmail.com,45-54,Northeast
C008988,2026-06-22,paid_social,gmail.com,35-44,Midwest
C001066,2025-03-05,Podcast,gmail.com,35-44,Southwest
C001657,2025-04-27,Facebook Ads,yahoo.com,45-54,Northeast
C006357,2026-03-23,referral,icloud.com,35-44,Southwest
C001011,2025-03-04,Referral Program,gmail.com,35-44,Southwest
C003246,2025-08-29,Google Ads,gmail.com,65+,Northeast
C002634,2025-07-03,Referral Program,gmail.com,55-64,Midwest
C004212,2025-10-20,Google Ads,gmail.com,45-54,Southwest
C006592,2026-03-21,paid_social,gmail.com,25-34,Southwest
C002928,2025-07-11,Facebook Ads,yahoo.com,35-44,Midwest
C001503,2025-04-08,Podcast,outlook.com,45-54,Midwest
C008975,2026-06-04,paid_social,gmail.com,35-44,Northeast
C005317,2026-01-03,Organic,outlook.com,45-54,Northeast
C001972,2025-05-26,Google Ads,gmail.com,55-64,Southeast
C008293,2026-05-24,paid_social,hotmail.com,35-44,Northeast
C000612,2025-02-07,Podcast,outlook.com,35-44,Southwest
C003393,2025-08-13,Facebook Ads,yahoo.com,45-54,West
C006246,2026-03-21,organic_search,gmail.com,35-44,Midwest
C006900,2026-04-09,organic_search,gmail.com,25-34,Southwest
C010647,2026-08-14,paid_social,gmail.com,45-54,Northeast
C007534,2026-04-01,paid_social,gmail.com,35-44,Northeast
C007185,2026-04-14,paid_search,gmail.com,35-44,Midwest
C007733,2026-05-04,organic_search,gmail.com,35-44,Southeast
C006439,2026-03-02,podcast,outlook.com,25-34,Midwest
C002452,2025-06-15,Facebook Ads,yahoo.com,45-54,Southwest
C009227,2026-06-23,paid_social,gmail.com,55-64,Northeast
C008577,2026-06-23,referral,gmail.com,55-64,Southeast
C010388,2026-08-04,podcast,gmail.com,25-34,Northeast
C000022,2025-01-26,Organic,icloud.com,35-44,Northeast
C011314,2026-09-14,paid_social,gmail.com,25-34,Northeast
C000092,2025-01-28,Organic,outlook.com,35-44,West
C009068,2026-06-26,paid_social,hotmail.com,45-54,West
C008148,2026-05-17,paid_social,outlook.com,45-54,Southeast
C003788,2025-09-28,Facebook Ads,yahoo.com,25-34,Southeast
C001717,2025-05-14,Organic,hotmail.com,45-54,West
C002020,2025-05-15,Google Ads,gmail.com,45-54,Midwest
C003532,2025-09-23,Organic,gmail.com,55-64,Southeast
C001476,2025-04-05,Podcast,gmail.com,55-64,Southwest
C007788,2026-05-05,referral,outlook.com,25-34,Northeast
C008150,2026-05-12,paid_social,gmail.com,25-34,Southeast
C008589,2026-06-20,referral,outlook.com,55-64,West
C001631,2025-04-29,Facebook Ads,proton.me,35-44,Midwest
C003726,2025-09-21,Google Ads,gmail.com,55-64,West
C005070,2025-12-25,Podcast,outlook.com,35-44,West
C004929,2025-12-13,Organic,outlook.com,25-34,Midwest
C005185,2025-12-17,Google Ads,yahoo.com,45-54,Midwest
C007999,2026-05-22,paid_social,proton.me,45-54,Northeast
C010495,2026-08-29,paid_search,gmail.com,45-54,Southeast
C003862,2025-10-15,Organic,gmail.com,45-54,Northeast
C008461,2026-06-27,organic_search,comcast.net,45-54,Southwest
C009682,2026-07-25,paid_search,yahoo.com,45-54,Midwest
C002690,2025-07-02,Referral Program,gmail.com,55-64,West
C008023,2026-05-19,paid_social,gmail.com,55-64,West
C010225,2026-08-18,organic_search,gmail.com,35-44,West
C004275,2025-10-10,Facebook Ads,gmail.com,25-34,West
C010093,2026-07-12,paid_social,gmail.com,25-34,West
C006025,2026-02-13,paid_search,hotmail.com,25-34,Southeast
C004253,2025-10-20,Google Ads,outlook.com,45-54,Northeast
C005860,2026-02-08,organic_search,gmail.com,35-44,Southeast
C000985,2025-03-19,Referral Program,hotmail.com,45-54,Southeast
C010490,2026-08-02,paid_search,comcast.net,45-54,Southeast
C002844,2025-07-16,Google Ads,proton.me,35-44,Southwest
C010347,2026-08-17,referral,gmail.com,35-44,Midwest
C007785,2026-05-13,referral,yahoo.com,35-44,West
C009536,2026-07-22,podcast,gmail.com,25-34,Southeast
C008530,2026-06-24,organic_search,gmail.com,25-34,Southwest
C008153,2026-05-27,paid_social,gmail.com,25-34,West
C000207,2025-01-19,Podcast,yahoo.com,45-54,Midwest
C001322,2025-04-29,Organic,gmail.com,35-44,West
C001936,2025-05-05,Podcast,gmail.com,55-64,Southwest
C009613,2026-07-24,paid_search,yahoo.com,25-34,Southeast
C006323,2026-03-11,organic_search,outlook.com,35-44,West
C007847,2026-05-11,podcast,gmail.com,35-44,West
C006465,2026-03-10,podcast,hotmail.com,35-44,Northeast
C000821,2025-02-03,Facebook Ads,gmail.com,25-34,Southeast
C006455,2026-03-15,podcast,gmail.com,35-44,West
C004966,2025-12-26,Referral Program,gmail.com,35-44,Southeast
C008851,2026-06-25,paid_social,gmail.com,45-54,Northeast
C007782,2026-05-19,referral,gmail.com,55-64,Southwest
C001703,2025-05-27,Organic,gmail.com,35-44,Northeast
C002437,2025-06-08,Facebook Ads,gmail.com,25-34,Southeast
C009307,2026-06-21,paid_social,gmail.com,65+,West
C005235,2025-12-25,Facebook Ads,gmail.com,45-54,Northeast
C008412,2026-06-06,organic_search,proton.me,45-54,Southwest
C008831,2026-06-04,,outlook.com,45-54,Southeast
C000265,2025-01-17,Google Ads,gmail.com,35-44,Northeast
C001378,2025-04-20,Organic,icloud.com,55-64,Northeast
C003796,2025-09-19,Facebook Ads,gmail.com,25-34,Northeast
C007866,2026-05-26,podcast,gmail.com,25-34,Midwest
C001739,2025-05-21,Organic,yahoo.com,65+,Northeast
C008065,2026-05-19,paid_social,icloud.com,55-64,Northeast
C005896,2026-02-10,referral,gmail.com,55-64,West
C009961,2026-07-27,paid_social,icloud.com,65+,West
C009465,2026-07-04,referral,yahoo.com,55-64,Northeast
C005846,2026-02-15,organic_search,proton.me,45-54,Northeast
C002828,2025-07-28,Google Ads,gmail.com,55-64,West
C000337,2025-01-14,Facebook Ads,yahoo.com,45-54,Northeast
C002092,2025-05-21,Facebook Ads,gmail.com,45-54,Midwest
C003932,2025-10-23,Organic,gmail.com,35-44,Northeast
C001751,2025-05-28,Organic,hotmail.com,35-44,West
C009513,2026-07-04,referral,proton.me,35-44,West
C005052,2025-12-01,Podcast,gmail.com,45-54,West
C009740,2026-07-01,paid_social,gmail.com,25-34,Southwest
C010202,2026-08-26,organic_search,gmail.com,45-54,Southeast
C001258,2025-04-18,Organic,proton.me,35-44,West
C004470,2025-11-01,Organic,gmail.com,55-64,Northeast
C009124,2026-06-18,paid_social,gmail.com,45-54,West
C008149,2026-05-09,paid_social,comcast.net,45-54,Midwest
C001724,2025-05-24,Organic,icloud.com,35-44,Southwest
C008486,2026-06-24,organic_search,yahoo.com,55-64,Northeast
C009629,2026-07-10,paid_search,gmail.com,55-64,Midwest
C010152,2026-08-29,organic_search,outlook.com,55-64,Midwest
C000542,2025-02-24,Referral Program,gmail.com,55-64,Southeast
C006196,2026-02-18,paid_social,hotmail.com,35-44,West
C003346,2025-08-21,Facebook Ads,gmail.com,25-34,Northeast
C002713,2025-07-02,Podcast,gmail.com,45-54,Southwest
C004751,2025-11-05,Facebook Ads,hotmail.com,25-34,Midwest
C002115,2025-06-04,Organic,gmail.com,45-54,Northeast
C000303,2025-01-15,Google Ads,outlook.com,35-44,Southeast
C002816,2025-07-15,Google Ads,comcast.net,35-44,Southwest
C007712,2026-05-06,organic_search,gmail.com,45-54,West
C002105,2025-06-14,,gmail.com,55-64,Midwest
C005463,2026-01-07,Referral Program,gmail.com,35-44,West
C007166,2026-04-18,paid_search,icloud.com,45-54,Midwest
C005358,2026-01-26,Organic,gmail.com,45-54,Midwest
C003421,2025-09-29,Organic,outlook.com,25-34,Midwest
C010170,2026-08-20,organic_search,gmail.com,45-54,West
C001065,2025-03-08,Podcast,gmail.com,45-54,Midwest
C000288,2025-01-01,Google Ads,gmail.com,45-54,West
C000286,2025-01-22,Google Ads,gmail.com,25-34,Midwest
C001347,2025-04-22,Organic,comcast.net,45-54,West
C006926,2026-04-03,organic_search,gmail.com,45-54,Southeast
C001185,2025-03-14,Facebook Ads,hotmail.com,35-44,Midwest
C010540,2026-08-18,paid_search,outlook.com,45-54,Southeast
C008820,2026-06-04,paid_social,gmail.com,25-34,Northeast
C003173,2025-08-10,Podcast,outlook.com,25-34,Northeast
C008864,2026-06-26,paid_social,gmail.com,45-54,West
C002367,2025-06-08,Google Ads,gmail.com,35-44,Midwest
C006693,2026-03-02,paid_social,hotmail.com,55-64,Southwest
C007862,2026-05-14,podcast,gmail.com,45-54,West
C005593,2026-01-18,Google Ads,outlook.com,25-34,Midwest
C003004,2025-08-13,Organic,gmail.com,35-44,Midwest
C005700,2026-01-29,Facebook Ads,gmail.com,45-54,Southeast
C010007,2026-07-17,paid_social,icloud.com,65+,Southeast
C003969,2025-10-03,Organic,comcast.net,55-64,Southeast
C003318,2025-08-16,Google Ads,gmail.com,55-64,West
C001392,2025-04-03,Referral Program,hotmail.com,25-34,Northeast
C009506,2026-07-10,referral,gmail.com,45-54,Midwest
C007582,2026-04-30,paid_social,gmail.com,25-34,Southeast
C011453,2025-04-05,Organic,harbormoney.com,45-54,Northeast
C010500,2026-08-10,paid_search,comcast.net,35-44,Southwest
C000128,2025-01-15,Referral Program,yahoo.com,45-54,Northeast
C010026,2026-07-29,paid_social,outlook.com,35-44,Southeast
C001408,2025-04-07,Referral Program,yahoo.com,25-34,Southeast
C002890,2025-07-18,Facebook Ads,icloud.com,35-44,Midwest
C006531,2026-03-26,paid_search,gmail.com,55-64,Midwest
C011285,2026-09-14,paid_social,gmail.com,65+,Midwest
C007304,2026-04-11,paid_social,gmail.com,45-54,Midwest
C003956,2025-10-17,Organic,outlook.com,55-64,West
C008865,2026-06-12,paid_social,gmail.com,35-44,Midwest
C007699,2026-05-25,organic_search,gmail.com,35-44,Northeast
C010579,2026-08-24,paid_social,gmail.com,45-54,Northeast
C007996,2026-05-25,paid_social,outlook.com,45-54,Northeast
C011327,2026-09-10,paid_social,gmail.com,65+,Midwest
C005868,2026-02-10,organic_search,gmail.com,45-54,Southwest
C005616,2026-01-01,Google Ads,yahoo.com,35-44,Midwest
C001327,2025-04-10,Organic,outlook.com,55-64,West
C003239,2025-08-24,Google Ads,gmail.com,35-44,Midwest
C003486,2025-09-04,Organic,gmail.com,55-64,West
C006408,2026-03-17,referral,outlook.com,25-34,West
C005491,2026-01-18,Referral Program,gmail.com,35-44,Southeast
C005145,2025-12-11,Google Ads,gmail.com,25-34,West
C002272,2025-06-24,Podcast,comcast.net,35-44,Southeast
C003053,2025-08-05,Organic,gmail.com,55-64,Southeast
C008133,2026-05-17,paid_social,gmail.com,35-44,Southwest
C007580,2026-04-21,paid_social,gmail.com,45-54,Northeast
C010503,2026-08-01,paid_search,gmail.com,35-44,Northeast
C001431,2025-04-04,Referral Program,yahoo.com,45-54,Southeast
C009625,2026-07-05,paid_search,outlook.com,45-54,West
C002588,2025-07-03,Organic,gmail.com,55-64,Northeast
C001966,2025-05-28,Google Ads,hotmail.com,25-34,West
C004597,2025-11-14,Podcast,gmail.com,25-34,Northeast
C007649,2026-04-25,paid_social,gmail.com,35-44,West
C001132,2025-03-24,Google Ads,gmail.com,55-64,Midwest
C006141,2026-02-02,paid_social,gmail.com,55-64,Midwest
C010990,2026-08-16,paid_social,gmail.com,35-44,Northeast
C002441,2025-06-03,Facebook Ads,yahoo.com,55-64,West
C001129,2025-03-02,Google Ads,outlook.com,25-34,Midwest
C008617,2026-06-23,referral,gmail.com,35-44,Midwest
C000952,2025-03-31,Referral Program,gmail.com,35-44,West
C002909,2025-07-06,Facebook Ads,yahoo.com,55-64,Northeast
C003265,2025-08-05,Google Ads,gmail.com,35-44,West
C004119,2025-10-23,Podcast,gmail.com,25-34,Northeast
C001475,2025-04-16,Podcast,comcast.net,35-44,Midwest
C001687,2025-05-09,Organic,icloud.com,25-34,Southwest
C002298,2025-06-16,Podcast,gmail.com,25-34,West
C008455,2026-06-29,,gmail.com,45-54,Northeast
C000359,2025-01-23,Facebook Ads,gmail.com,55-64,West
C005675,2026-01-10,Facebook Ads,outlook.com,35-44,Southwest
C006175,2026-02-26,paid_social,yahoo.com,45-54,Southwest
C002506,2025-07-15,Organic,gmail.com,25-34,Northeast
C005940,2026-02-02,referral,gmail.com,45-54,Southeast
C000360,2025-01-18,Facebook Ads,gmail.com,55-64,Southwest
C004053,2025-10-30,Referral Program,gmail.com,35-44,Southeast
C010268,2026-08-24,organic_search,yahoo.com,55-64,Midwest
C000431,2025-02-27,Organic,gmail.com,35-44,Southwest
C004152,2025-10-20,Podcast,gmail.com,25-34,Southeast
C004662,2025-11-10,Google Ads,yahoo.com,65+,Midwest
C010040,2026-07-14,paid_social,hotmail.com,35-44,Midwest
C005854,2026-02-18,organic_search,comcast.net,25-34,West
C006129,2026-02-08,paid_social,gmail.com,45-54,West
C002323,2025-06-28,Podcast,gmail.com,35-44,Southwest
C007687,2026-05-29,organic_search,outlook.com,35-44,West
C010721,2026-08-01,paid_social,gmail.com,35-44,Northeast
C006694,2026-03-15,paid_social,outlook.com,65+,Midwest
C002861,2025-07-31,Google Ads,gmail.com,35-44,Northeast
C008232,2026-05-28,paid_social,gmail.com,35-44,Northeast
C002078,2025-05-19,Facebook Ads,gmail.com,35-44,Midwest
C007134,2026-04-11,podcast,gmail.com,35-44,Southwest
C002983,2025-08-21,Organic,outlook.com,25-34,West
C005326,2026-01-09,Organic,yahoo.com,25-34,Southeast
C010881,2026-08-25,paid_social,proton.me,35-44,West
C007130,2026-04-25,podcast,icloud.com,35-44,Northeast
C005903,2026-02-26,referral,gmail.com,35-44,Northeast
C003097,2025-08-24,Referral Program,gmail.com,35-44,Southeast
C002950,2025-08-19,Organic,gmail.com,65+,Southeast
C006606,2026-03-22,paid_social,gmail.com,45-54,Southwest
C000005,2025-01-30,Organic,gmail.com,25-34,Southeast
C006471,2026-03-28,podcast,gmail.com,25-34,Southwest
C001362,2025-04-22,Organic,gmail.com,25-34,Southeast
C010324,2026-08-29,referral,hotmail.com,35-44,Northeast
C010642,2026-08-01,paid_social,outlook.com,45-54,Midwest
C009680,2026-07-21,paid_search,outlook.com,55-64,West
C007602,2026-04-18,paid_social,outlook.com,35-44,Northeast
C004233,2025-10-18,Google Ads,icloud.com,35-44,Northeast
C003329,2025-08-01,Facebook Ads,gmail.com,35-44,West
C000328,2025-01-19,Google Ads,gmail.com,25-34,Northeast
C007092,2026-04-20,podcast,icloud.com,35-44,West
C004324,2025-10-15,Facebook Ads,gmail.com,55-64,Southeast
C001666,2025-04-13,Facebook Ads,gmail.com,45-54,Southeast
C010183,2026-08-21,organic_search,outlook.com,25-34,Southeast
C010375,2026-08-06,podcast,gmail.com,35-44,Southeast
C006881,2026-04-28,organic_search,gmail.com,25-34,West
C001578,2025-04-09,Google Ads,icloud.com,35-44,West
C007618,2026-04-16,paid_social,gmail.com,25-34,Northeast
C001603,2025-04-15,Google Ads,gmail.com,25-34,Northeast
C003268,2025-08-20,Google Ads,comcast.net,45-54,Southwest
C000392,2025-01-01,Facebook Ads,comcast.net,35-44,Southwest
C008999,2026-06-04,paid_social,gmail.com,25-34,West
C006374,2026-03-07,referral,hotmail.com,45-54,Southwest
C007486,2026-04-03,paid_social,gmail.com,45-54,West
C007635,2026-04-21,,gmail.com,35-44,Southeast
C004249,2025-10-12,Google Ads,gmail.com,45-54,Northeast
C007685,2026-05-06,,hotmail.com,55-64,Midwest
C008321,2026-05-02,paid_social,gmail.com,35-44,Southeast
C010839,2026-08-24,paid_social,gmail.com,45-54,Southeast
C005810,2026-02-19,organic_search,icloud.com,25-34,Southeast
C003601,2025-09-21,Referral Program,yahoo.com,65+,Southeast
C010398,2026-08-24,podcast,gmail.com,45-54,Southwest
C010879,2026-08-07,paid_social,icloud.com,25-34,Northeast
C004410,2025-11-28,Organic,comcast.net,55-64,West
C001675,2025-04-03,Facebook Ads,comcast.net,25-34,Northeast
C002576,2025-07-26,Organic,hotmail.com,25-34,Southwest
C006850,2026-03-05,paid_social,comcast.net,25-34,Southeast
C009060,2026-06-11,paid_social,icloud.com,35-44,Midwest
C001651,2025-04-10,Facebook Ads,yahoo.com,55-64,Southwest
C005319,2026-01-06,Organic,icloud.com,45-54,West
C008399,2026-05-22,paid_social,gmail.com,65+,Southwest
C002633,2025-07-02,Referral Program,gmail.com,35-44,Southeast
C005718,2026-01-02,Facebook Ads,gmail.com,25-34,Midwest
C008048,2026-05-17,paid_social,gmail.com,25-34,Southeast
C001390,2025-04-08,Referral Program,hotmail.com,25-34,Southwest
C000451,2025-02-15,Organic,gmail.com,45-54,Southwest
C002655,2025-07-23,Referral Program,gmail.com,45-54,Northeast
C008019,2026-05-19,paid_social,gmail.com,25-34,West
C009293,2026-06-11,paid_social,gmail.com,35-44,West
C004206,2025-10-12,Google Ads,gmail.com,35-44,Northeast
C007000,2026-04-24,organic_search,gmail.com,55-64,Southeast
C011018,2026-09-12,organic_search,yahoo.com,55-64,Southwest
C009820,2026-07-31,paid_social,gmail.com,35-44,Midwest
C006265,2026-03-31,organic_search,gmail.com,55-64,Northeast
C010548,2026-08-01,paid_search,gmail.com,35-44,Southwest
C010614,2026-08-18,paid_social,gmail.com,35-44,West
C004782,2025-11-30,Facebook Ads,gmail.com,25-34,West
C004283,2025-10-08,Facebook Ads,comcast.net,35-44,Northeast
C009371,2026-07-21,organic_search,gmail.com,25-34,Northeast
C002927,2025-07-23,Facebook Ads,outlook.com,45-54,Northeast
C008570,2026-06-16,referral,gmail.com,45-54,Southeast
C010055,2026-07-18,paid_social,gmail.com,25-34,West
C010015,2026-07-28,paid_social,yahoo.com,25-34,Northeast
C000402,2025-02-21,Organic,gmail.com,45-54,Southeast
C007887,2026-05-05,podcast,icloud.com,35-44,Southeast
C000776,2025-02-22,Facebook Ads,gmail.com,65+,Midwest
C006830,2026-03-26,paid_social,outlook.com,35-44,Southeast
C009836,2026-07-10,paid_social,icloud.com,45-54,Northeast
C006610,2026-03-19,paid_social,gmail.com,65+,Northeast
C003194,2025-08-21,Podcast,gmail.com,55-64,Southeast
C005370,2026-01-18,Organic,gmail.com,35-44,West
C007090,2026-04-11,podcast,hotmail.com,45-54,Midwest
C005873,2026-02-23,organic_search,gmail.com,55-64,Midwest
C003689,2025-09-11,Google Ads,outlook.com,35-44,Southeast
C007270,2026-04-11,paid_social,yahoo.com,25-34,Midwest
C011288,2026-09-03,paid_social,gmail.com,35-44,Southwest
C003976,2025-10-04,Organic,gmail.com,35-44,West
C000568,2025-02-23,Referral Program,comcast.net,45-54,Southeast
C010167,2026-08-22,organic_search,icloud.com,55-64,Southeast
C008967,2026-06-23,paid_social,gmail.com,45-54,Midwest
C008653,2026-06-25,podcast,yahoo.com,35-44,Northeast
C007367,2026-04-21,paid_social,gmail.com,45-54,Northeast
C002792,2025-07-21,Google Ads,gmail.com,35-44,Northeast
C002541,2025-07-27,Organic,yahoo.com,45-54,Northeast
C003971,2025-10-05,Organic,yahoo.com,35-44,Northeast
C000847,2025-03-05,Organic,gmail.com,25-34,West
C006588,2026-03-11,paid_social,gmail.com,25-34,Midwest
C003844,2025-09-12,Facebook Ads,gmail.com,35-44,Northeast
C010590,2026-08-17,paid_social,gmail.com,35-44,West
C001627,2025-04-20,Facebook Ads,gmail.com,35-44,Midwest
C002749,2025-07-27,Podcast,icloud.com,35-44,Midwest
C004672,2025-11-14,Google Ads,gmail.com,25-34,Northeast
C010368,2026-08-14,podcast,proton.me,55-64,Southwest
C005967,2026-02-16,podcast,outlook.com,35-44,Northeast
C005449,2026-01-15,Referral Program,gmail.com,45-54,West
C005512,2026-01-02,Podcast,gmail.com,35-44,Northeast
C009712,2026-07-13,paid_social,gmail.com,35-44,Northeast
C006646,2026-03-20,paid_social,icloud.com,35-44,Midwest
C002457,2025-06-04,Facebook Ads,gmail.com,45-54,West
C000798,2025-02-15,Facebook Ads,comcast.net,35-44,Midwest
C010940,2026-08-04,paid_social,yahoo.com,45-54,Southwest
C008258,2026-05-02,paid_social,outlook.com,45-54,Southeast
C001898,2025-05-10,Podcast,hotmail.com,35-44,West
C000079,2025-01-18,Organic,comcast.net,25-34,Southeast
C004725,2025-11-02,Facebook Ads,yahoo.com,55-64,Midwest
C010075,2026-07-13,,yahoo.com,35-44,Southeast
C006514,2026-03-19,paid_search,icloud.com,45-54,Southeast
C000496,2025-02-07,Organic,gmail.com,35-44,Southeast
C007977,2026-05-29,,outlook.com,55-64,West
C007025,2026-04-30,referral,yahoo.com,45-54,Northeast
C000688,2025-02-05,Google Ads,gmail.com,35-44,Northeast
C010974,2026-08-21,paid_social,outlook.com,65+,Southwest
C006142,2026-02-03,paid_social,comcast.net,45-54,Midwest
C009046,2026-06-14,paid_social,gmail.com,45-54,Midwest
C007191,2026-04-19,paid_search,comcast.net,35-44,Southeast
C002768,2025-07-14,,gmail.com,45-54,Southwest
C001329,2025-04-30,Organic,comcast.net,35-44,Southeast
C009790,2026-07-01,paid_social,gmail.com,35-44,West
C006695,2026-03-25,paid_social,gmail.com,45-54,Midwest
C004988,2025-12-04,Referral Program,outlook.com,45-54,Northeast
C005165,2025-12-28,Google Ads,gmail.com,25-34,Southeast
C005833,2026-02-19,organic_search,yahoo.com,35-44,West
C005456,2026-01-27,Referral Program,outlook.com,45-54,Southeast
C003598,2025-09-18,Referral Program,outlook.com,35-44,Northeast
C001690,2025-05-10,Organic,gmail.com,25-34,West
C003426,2025-09-06,Organic,gmail.com,55-64,Midwest
C002819,2025-07-25,Google Ads,comcast.net,55-64,Midwest
C004515,2025-11-04,Referral Program,gmail.com,35-44,Northeast
C001472,2025-04-30,Podcast,outlook.com,45-54,Northeast
C004590,2025-11-06,Podcast,proton.me,55-64,Midwest
C003083,2025-08-04,Referral Program,hotmail.com,35-44,Midwest
C004482,2025-11-12,Organic,comcast.net,35-44,Northeast
C002023,2025-05-15,Google Ads,gmail.com,55-64,Northeast
C003507,2025-09-04,Organic,gmail.com,45-54,West
C001716,2025-05-03,Organic,gmail.com,55-64,Midwest
C011150,2026-09-07,paid_search,gmail.com,45-54,Northeast
C003907,2025-10-07,Organic,yahoo.com,25-34,Southeast
C002159,2025-06-24,Organic,gmail.com,55-64,West
C000101,2025-01-30,Organic,gmail.com,45-54,Northeast
C011113,2026-09-08,podcast,comcast.net,35-44,West
C009356,2026-07-12,organic_search,gmail.com,55-64,Southwest
C006753,2026-03-14,paid_social,outlook.com,25-34,Northeast
C000873,2025-03-27,,gmail.com,25-34,Northeast
C003516,2025-09-21,Organic,gmail.com,45-54,West
C000095,2025-01-22,Organic,gmail.com,35-44,Northeast
C007954,2026-05-24,,icloud.com,45-54,Midwest
C011312,2026-09-08,paid_social,outlook.com,25-34,Northeast
C010184,2026-08-18,organic_search,gmail.com,25-34,Southwest
C003664,2025-09-29,Podcast,gmail.com,45-54,Northeast
C009522,2026-07-22,podcast,gmail.com,35-44,West
C008310,2026-05-13,paid_social,gmail.com,25-34,West
C005532,2026-01-09,Podcast,gmail.com,25-34,West
C002214,2025-06-20,Referral Program,yahoo.com,55-64,West
C000691,2025-02-09,Google Ads,yahoo.com,45-54,Southeast
C006054,2026-02-26,paid_search,gmail.com,35-44,Southwest
C006609,2026-03-28,paid_social,gmail.com,45-54,Northeast
C008157,2026-05-31,paid_social,icloud.com,35-44,West
C005693,2026-01-17,Facebook Ads,yahoo.com,35-44,Northeast
C002066,2025-05-14,Facebook Ads,outlook.com,35-44,Southwest
C008521,2026-06-20,organic_search,proton.me,25-34,Northeast
C006139,2026-02-21,paid_social,gmail.com,25-34,Southeast
C003372,2025-08-13,Facebook Ads,gmail.com,45-54,Northeast
C006252,2026-03-16,organic_search,gmail.com,45-54,West
C009032,2026-06-21,paid_social,gmail.com,35-44,Southeast
C005160,2025-12-01,Google Ads,gmail.com,35-44,Southwest
C002306,2025-06-10,Podcast,outlook.com,35-44,Southwest
C004974,2025-12-19,Referral Program,gmail.com,35-44,Midwest
C011396,2025-12-06,Organic,harbormoney.com,25-34,Midwest
C002938,2025-07-24,Facebook Ads,comcast.net,25-34,Midwest
C004223,2025-10-23,Google Ads,yahoo.com,25-34,Northeast
C005664,2026-01-07,Facebook Ads,gmail.com,25-34,West
C007843,2026-05-01,podcast,outlook.com,55-64,West
C007537,2026-04-11,paid_social,comcast.net,35-44,West
C007870,2026-05-09,podcast,gmail.com,25-34,Southwest
C004910,2025-12-31,Organic,gmail.com,35-44,Southwest
C000418,2025-02-01,Organic,gmail.com,45-54,West
C007758,2026-05-10,organic_search,gmail.com,55-64,Southeast
C002009,2025-05-05,Google Ads,proton.me,25-34,Northeast
C002937,2025-07-12,Facebook Ads,proton.me,25-34,West
C003785,2025-09-18,Facebook Ads,icloud.com,45-54,Midwest
C001186,2025-03-08,Facebook Ads,gmail.com,25-34,Northeast
C007441,2026-04-27,paid_social,gmail.com,35-44,West
C009863,2026-07-26,paid_social,gmail.com,35-44,Southeast
C005904,2026-02-17,referral,gmail.com,55-64,West
C005373,2026-01-04,Organic,gmail.com,55-64,Southwest
C002055,2025-05-27,Facebook Ads,hotmail.com,35-44,West
C003328,2025-08-26,Facebook Ads,gmail.com,55-64,Midwest
C007146,2026-04-21,podcast,gmail.com,55-64,Southeast
C005085,2025-12-03,Podcast,yahoo.com,45-54,Southwest
C006271,2026-03-12,organic_search,gmail.com,55-64,Southeast
C004096,2025-10-20,Referral Program,gmail.com,35-44,Northeast
C007694,2026-05-16,organic_search,hotmail.com,35-44,Southwest
C003821,2025-09-05,Facebook Ads,gmail.com,45-54,Northeast
C005928,2026-02-14,referral,yahoo.com,25-34,Southeast
C001236,2025-03-24,Facebook Ads,yahoo.com,55-64,Midwest
C000853,2025-03-30,Organic,gmail.com,25-34,Southeast
C003558,2025-09-18,Referral Program,gmail.com,35-44,Midwest
C010734,2026-08-17,paid_social,comcast.net,35-44,Southeast
C009826,2026-07-04,paid_social,gmail.com,35-44,Northeast
C000014,2025-01-07,Organic,gmail.com,35-44,Midwest
C010710,2026-08-11,paid_social,yahoo.com,25-34,West
C007579,2026-04-16,paid_social,gmail.com,25-34,Northeast
C008026,2026-05-27,paid_social,gmail.com,55-64,Northeast
C002571,2025-07-21,Organic,gmail.com,35-44,Southeast
C001655,2025-04-17,Facebook Ads,gmail.com,25-34,Northeast
C008735,2026-06-09,paid_search,gmail.com,45-54,Northeast
C001443,2025-04-01,Referral Program,outlook.com,55-64,Midwest
C002546,2025-07-05,Organic,comcast.net,25-34,West
C005566,2026-01-10,Google Ads,yahoo.com,35-44,Northeast
C008034,2026-05-16,paid_social,yahoo.com,45-54,Northeast
C011448,2026-06-24,organic_search,harbormoney.com,35-44,Southeast
C006975,2026-04-09,organic_search,gmail.com,35-44,Northeast
C009316,2026-07-10,organic_search,gmail.com,35-44,Southeast
C000246,2025-01-05,Podcast,outlook.com,55-64,Midwest
C003055,2025-08-03,Organic,gmail.com,25-34,West
C010773,2026-08-28,paid_social,gmail.com,35-44,West
C009435,2026-07-11,referral,yahoo.com,35-44,Southeast
C001750,2025-05-21,Organic,gmail.com,35-44,Southwest
C009503,2026-07-06,referral,yahoo.com,35-44,Southwest
C005636,2026-01-02,Google Ads,gmail.com,45-54,Southeast
C002222,2025-06-18,Referral Program,gmail.com,45-54,Southeast
C002299,2025-06-17,Podcast,gmail.com,65+,Northeast
C003868,2025-10-25,Organic,yahoo.com,35-44,West
C009220,2026-06-04,paid_social,icloud.com,55-64,Southwest
C004841,2025-12-01,Organic,gmail.com,45-54,Southeast
C007725,2026-05-18,organic_search,icloud.com,55-64,Southwest
C010266,2026-08-23,organic_search,icloud.com,45-54,West
C007804,2026-05-11,referral,gmail.com,35-44,Midwest
C007764,2026-05-14,referral,gmail.com,65+,Southeast
C008674,2026-06-12,podcast,gmail.com,25-34,Northeast
C007392,2026-04-13,paid_social,icloud.com,35-44,Southwest
C010369,2026-08-27,podcast,icloud.com,55-64,Southeast
C004500,2025-11-11,Referral Program,gmail.com,25-34,Midwest
C007689,2026-05-18,organic_search,outlook.com,35-44,Southeast
C010013,2026-07-06,paid_social,gmail.com,55-64,Southeast
C001276,2025-04-13,Organic,gmail.com,35-44,Northeast
C002954,2025-08-16,Organic,gmail.com,35-44,West
C000755,2025-02-11,Facebook Ads,gmail.com,45-54,Northeast
C007565,2026-04-23,paid_social,gmail.com,55-64,West
C007786,2026-05-06,referral,outlook.com,35-44,Midwest
C000463,2025-02-03,Organic,gmail.com,35-44,Southeast
C001523,2025-04-13,Google Ads,gmail.com,25-34,Southwest
C005522,2026-01-08,Podcast,gmail.com,65+,Midwest
C006210,2026-03-17,organic_search,gmail.com,45-54,Southeast
C002524,2025-07-21,Organic,yahoo.com,55-64,West
C008004,2026-05-25,paid_social,gmail.com,35-44,Southeast
C003747,2025-09-02,Google Ads,proton.me,25-34,Southeast
C002728,2025-07-16,Podcast,gmail.com,45-54,Northeast
C000300,2025-01-19,Google Ads,gmail.com,65+,Southwest
C009796,2026-07-17,paid_social,yahoo.com,45-54,West
C002995,2025-08-29,Organic,gmail.com,45-54,West
C007691,2026-05-11,organic_search,gmail.com,45-54,Northeast
C000961,2025-03-06,Referral Program,yahoo.com,55-64,West
C011389,2026-04-02,organic_search,harbormoney.com,55-64,Midwest
C008722,2026-06-19,paid_search,proton.me,35-44,Southeast
C001883,2025-05-31,Podcast,gmail.com,45-54,Midwest
C007126,2026-04-18,podcast,icloud.com,35-44,Northeast
C004457,2025-11-23,Organic,yahoo.com,45-54,Midwest
C004017,2025-10-27,Referral Program,yahoo.com,65+,Southeast
C004198,2025-10-13,Google Ads,yahoo.com,25-34,Southeast
C006285,2026-03-04,organic_search,gmail.com,55-64,Northeast
C011007,2026-09-07,organic_search,gmail.com,35-44,West
C002764,2025-07-09,Podcast,gmail.com,25-34,West
C011206,2026-09-03,paid_social,icloud.com,45-54,Midwest
C003316,2025-08-08,Google Ads,gmail.com,35-44,Northeast
C006827,2026-03-20,paid_social,outlook.com,45-54,West
C007674,2026-05-24,organic_search,comcast.net,25-34,Northeast
C004304,2025-10-11,Facebook Ads,gmail.com,55-64,Southeast
C009175,2026-06-14,paid_social,outlook.com,35-44,West
C009208,2026-06-23,paid_social,outlook.com,35-44,Northeast
C002550,2025-07-02,Organic,icloud.com,45-54,Northeast
C006154,2026-02-06,paid_social,yahoo.com,35-44,West
C010346,2026-08-25,,gmail.com,25-34,Southwest
C006943,2026-04-02,organic_search,hotmail.com,45-54,Northeast
C003858,2025-09-09,Facebook Ads,yahoo.com,35-44,Southwest
C009422,2026-07-16,organic_search,gmail.com,35-44,West
C004622,2025-11-03,Podcast,gmail.com,25-34,West
C002597,2025-07-24,Organic,gmail.com,45-54,Northeast
C000720,2025-02-02,Google Ads,gmail.com,55-64,West
C010200,2026-08-27,organic_search,outlook.com,25-34,Midwest
C010415,2026-08-16,podcast,outlook.com,35-44,West
C004082,2025-10-22,Referral Program,gmail.com,45-54,West
C006388,2026-03-26,referral,icloud.com,45-54,Southeast
C009326,2026-07-23,organic_search,gmail.com,45-54,Midwest
C005953,2026-02-24,referral,gmail.com,45-54,Southeast
C005858,2026-02-13,organic_search,hotmail.com,25-34,Southeast
C007267,2026-04-14,paid_social,gmail.com,25-34,Southwest
C000742,2025-02-10,Facebook Ads,proton.me,35-44,West
C000964,2025-03-22,Referral Program,gmail.com,25-34,Southwest
C002342,2025-06-27,Google Ads,gmail.com,45-54,Southwest
C008499,2026-06-03,organic_search,gmail.com,65+,Southwest
C001130,2025-03-05,Google Ads,yahoo.com,35-44,Northeast
C007950,2026-05-05,paid_search,gmail.com,35-44,West
C009243,2026-06-03,paid_social,outlook.com,35-44,Midwest
C004942,2025-12-30,Organic,outlook.com,25-34,Northeast
C004030,2025-10-05,Referral Program,gmail.com,45-54,Southwest
C001144,2025-03-19,Google Ads,yahoo.com,35-44,Southeast
C009911,2026-07-18,paid_social,outlook.com,45-54,Southwest
C003369,2025-08-25,Facebook Ads,outlook.com,35-44,Northeast
C007751,2026-05-16,organic_search,gmail.com,55-64,Southeast
C001978,2025-05-17,Google Ads,hotmail.com,35-44,West
C003185,2025-08-15,Podcast,gmail.com,35-44,West
C010623,2026-08-05,paid_social,gmail.com,45-54,Southwest
C000175,2025-01-29,Referral Program,gmail.com,45-54,West
C008548,2026-06-07,referral,gmail.com,25-34,Northeast
C008836,2026-06-06,paid_social,outlook.com,45-54,Southeast
C000388,2025-01-13,Facebook Ads,outlook.com,35-44,West
C005941,2026-02-11,referral,comcast.net,55-64,Southwest
C003902,2025-10-27,Organic,icloud.com,55-64,West
C009934,2026-07-07,paid_social,proton.me,35-44,Southwest
C009612,2026-07-16,paid_search,yahoo.com,45-54,West
C000331,2025-01-19,Facebook Ads,gmail.com,45-54,Northeast
C001254,2025-03-31,Facebook Ads,gmail.com,35-44,Southeast
C007542,2026-04-26,paid_social,gmail.com,35-44,West
C010342,2026-08-19,referral,gmail.com,45-54,West
C006945,2026-04-13,organic_search,yahoo.com,35-44,Midwest
C009342,2026-07-22,organic_search,yahoo.com,25-34,Southeast
C010163,2026-08-10,organic_search,gmail.com,45-54,Southeast
C011061,2026-09-07,organic_search,gmail.com,25-34,Southwest
C010796,2026-08-26,paid_social,gmail.com,35-44,West
C010960,2026-08-19,paid_social,gmail.com,35-44,Northeast
C003878,2025-10-05,Organic,gmail.com,35-44,Southwest
C008098,2026-05-26,paid_social,gmail.com,35-44,Southeast
C006804,2026-03-18,paid_social,gmail.com,25-34,Southeast
C000625,2025-02-23,Podcast,icloud.com,25-34,Midwest
C008146,2026-05-05,paid_social,comcast.net,45-54,Southwest
C003676,2025-09-18,Podcast,yahoo.com,55-64,Midwest
C009606,2026-07-28,paid_search,gmail.com,45-54,Southeast
C005294,2026-01-22,Organic,yahoo.com,35-44,Midwest
C004226,2025-10-11,Google Ads,gmail.com,35-44,Southeast
C001806,2025-05-14,Organic,gmail.com,35-44,West
C005656,2026-01-20,Google Ads,gmail.com,25-34,Midwest
C007594,2026-04-05,paid_social,gmail.com,25-34,Southeast
C010906,2026-08-01,paid_social,gmail.com,45-54,Southwest
C010191,2026-08-03,organic_search,gmail.com,25-34,West
C000699,2025-02-19,Google Ads,gmail.com,25-34,Northeast
C005269,2025-12-27,Facebook Ads,gmail.com,35-44,Northeast
C006072,2026-02-01,paid_search,comcast.net,45-54,Southeast
C001192,2025-03-25,Facebook Ads,gmail.com,35-44,West
C007298,2026-04-04,paid_social,comcast.net,45-54,Southeast
C002985,2025-08-01,Organic,gmail.com,25-34,Midwest
C005804,2026-02-15,organic_search,gmail.com,35-44,Midwest
C009000,2026-06-11,paid_social,yahoo.com,45-54,Northeast
C011133,2026-09-10,podcast,proton.me,25-34,Northeast
C006028,2026-02-18,paid_search,gmail.com,35-44,Southwest
C000562,2025-02-03,Referral Program,gmail.com,25-34,Southwest
C007611,2026-04-01,,outlook.com,55-64,Northeast
C001045,2025-03-20,Podcast,gmail.com,25-34,West
C010433,2026-08-11,paid_search,outlook.com,25-34,West
C007290,2026-04-05,paid_social,comcast.net,35-44,Northeast
C007778,2026-05-25,referral,gmail.com,25-34,Southwest
C007946,2026-05-31,paid_search,yahoo.com,35-44,Northeast
C005219,2025-12-15,Facebook Ads,hotmail.com,35-44,Northeast
C009948,2026-07-14,paid_social,outlook.com,35-44,Northeast
C008189,2026-05-04,paid_social,hotmail.com,25-34,Southwest
C008770,2026-06-22,paid_search,icloud.com,35-44,Midwest
C005315,2026-01-25,Organic,comcast.net,25-34,Northeast
C006903,2026-04-15,organic_search,outlook.com,55-64,Northeast
C002239,2025-06-02,Referral Program,comcast.net,55-64,Southwest
C008778,2026-06-29,paid_search,gmail.com,55-64,Southwest
C007391,2026-04-20,paid_social,gmail.com,25-34,Southwest
C006214,2026-03-11,organic_search,gmail.com,35-44,Northeast
C010475,2026-08-20,paid_search,hotmail.com,45-54,Northeast
C004797,2025-11-02,Facebook Ads,comcast.net,65+,West
C001340,2025-04-16,Organic,gmail.com,25-34,Southwest
C010886,2026-08-09,paid_social,gmail.com,55-64,West
C001583,2025-04-08,Google Ads,gmail.com,35-44,Southwest
C005606,2026-01-17,Google Ads,gmail.com,55-64,Southeast
C010363,2026-08-06,podcast,gmail.com,45-54,Southwest
C007107,2026-04-02,podcast,gmail.com,45-54,Southeast
C001949,2025-05-06,Google Ads,gmail.com,25-34,Northeast
C000582,2025-02-06,Referral Program,yahoo.com,35-44,Northeast
C007612,2026-04-26,paid_social,gmail.com,45-54,Southeast
C002378,2025-06-12,,gmail.com,35-44,Midwest
C002606,2025-07-19,Organic,gmail.com,55-64,Midwest
C008262,2026-05-22,paid_social,gmail.com,45-54,Midwest
C003327,2025-08-04,Facebook Ads,gmail.com,35-44,Northeast
C010239,2026-08-31,organic_search,gmail.com,25-34,Northeast
C000053,2025-01-02,Organic,comcast.net,55-64,Southwest
C004723,2025-11-06,Google Ads,outlook.com,45-54,West
C009970,2026-07-09,paid_social,gmail.com,35-44,Northeast
C004582,2025-11-28,Podcast,gmail.com,25-34,West
C006365,2026-03-10,referral,gmail.com,55-64,Midwest
C004820,2025-12-16,Organic,gmail.com,55-64,Midwest
C000280,2025-01-20,Google Ads,gmail.com,25-34,West
C005104,2025-12-03,Google Ads,outlook.com,35-44,Southwest
C004501,2025-11-24,Referral Program,outlook.com,35-44,West
C003257,2025-08-27,Google Ads,comcast.net,25-34,Southwest
C011154,2026-09-02,paid_search,hotmail.com,35-44,Southwest
C001979,2025-05-07,Google Ads,gmail.com,55-64,Midwest
C004111,2025-10-20,Podcast,gmail.com,45-54,West
C004080,2025-10-08,Referral Program,gmail.com,25-34,West
C010285,2026-08-30,referral,gmail.com,35-44,Midwest
C001380,2025-04-15,,icloud.com,35-44,West
C000529,2025-02-18,Organic,yahoo.com,25-34,Southeast
C002798,2025-07-23,Google Ads,gmail.com,55-64,Northeast
C001505,2025-04-18,Podcast,gmail.com,35-44,Southeast
C005721,2026-01-24,Facebook Ads,icloud.com,35-44,West
C008714,2026-06-15,,gmail.com,25-34,West
C009909,2026-07-03,paid_social,icloud.com,55-64,Northeast
C002114,2025-06-03,Organic,gmail.com,35-44,West
C005619,2026-01-10,Google Ads,gmail.com,45-54,Southeast
C008874,2026-06-30,paid_social,icloud.com,25-34,Midwest
C004153,2025-10-14,Podcast,gmail.com,45-54,West
C001434,2025-04-22,Referral Program,yahoo.com,25-34,West
C008853,2026-06-22,paid_social,gmail.com,45-54,Southeast
C005199,2025-12-05,Google Ads,gmail.com,35-44,Northeast
C001957,2025-05-05,Google Ads,hotmail.com,35-44,Northeast
C006596,2026-03-01,,yahoo.com,25-34,West
C004250,2025-10-06,Google Ads,gmail.com,35-44,Midwest
C003156,2025-08-06,Referral Program,gmail.com,35-44,West
C008090,2026-05-15,paid_social,outlook.com,25-34,Northeast
C003749,2025-09-03,Google Ads,yahoo.com,25-34,West
C009857,2026-07-17,paid_social,gmail.com,35-44,West
C009066,2026-06-19,paid_social,hotmail.com,35-44,Northeast
C003461,2025-09-20,Organic,gmail.com,35-44,West
C006369,2026-03-14,referral,yahoo.com,45-54,Northeast
C007061,2026-04-29,referral,gmail.com,55-64,West
C001649,2025-04-06,Facebook Ads,gmail.com,45-54,Midwest
C004989,2025-12-10,Referral Program,gmail.com,45-54,Northeast
C008123,2026-05-11,paid_social,icloud.com,45-54,Southeast
C005012,2025-12-18,Referral Program,gmail.com,35-44,Northeast
C008772,2026-06-15,paid_search,gmail.com,35-44,Midwest
C004686,2025-11-14,Google Ads,gmail.com,55-64,Southeast
C008569,2026-06-02,referral,outlook.com,25-34,Northeast
C010116,2026-08-13,organic_search,gmail.com,55-64,Northeast
C002552,2025-07-14,Organic,gmail.com,35-44,West
C011146,2026-09-10,paid_search,outlook.com,35-44,Southwest
C009554,2026-07-05,podcast,gmail.com,55-64,Southwest
C002879,2025-07-02,Facebook Ads,icloud.com,45-54,Southeast
C002040,2025-05-04,Facebook Ads,icloud.com,55-64,Southeast
C001863,2025-05-15,Referral Program,gmail.com,65+,Midwest
C006837,2026-03-24,paid_social,comcast.net,35-44,Northeast
C007913,2026-05-20,paid_search,gmail.com,55-64,Southeast
C010504,2026-08-17,paid_search,gmail.com,55-64,Northeast
C006524,2026-03-06,paid_search,outlook.com,55-64,Northeast
C003995,2025-10-11,Organic,hotmail.com,35-44,Northeast
C010446,2026-08-27,paid_search,outlook.com,35-44,Northeast
C007425,2026-04-06,paid_social,hotmail.com,25-34,Southwest
C010459,2026-08-01,paid_search,gmail.com,25-34,Southwest
C006031,2026-02-15,paid_search,yahoo.com,35-44,Southeast
C000111,2025-01-22,Organic,gmail.com,35-44,Northeast
C010874,2026-08-02,paid_social,gmail.com,25-34,West
C000762,2025-02-22,Facebook Ads,gmail.com,45-54,Southeast
C003352,2025-08-02,Facebook Ads,hotmail.com,25-34,West
C002194,2025-06-17,Organic,gmail.com,35-44,Northeast
C005282,2025-12-05,Facebook Ads,proton.me,45-54,Northeast
C002936,2025-07-29,Facebook Ads,gmail.com,25-34,Northeast
C000790,2025-02-23,Facebook Ads,yahoo.com,35-44,Northeast
C010541,2026-08-13,paid_search,gmail.com,25-34,Southwest
C009017,2026-06-30,paid_social,yahoo.com,45-54,Southwest
C008682,2026-06-15,podcast,yahoo.com,35-44,Northeast
C004758,2025-11-01,Facebook Ads,outlook.com,45-54,Southwest
C011179,2026-09-12,paid_search,gmail.com,35-44,West
C004350,2025-11-28,Organic,comcast.net,55-64,Southwest
C008580,2026-06-28,referral,gmail.com,55-64,Southwest
C003566,2025-09-10,Referral Program,comcast.net,35-44,Midwest
C009587,2026-07-15,paid_search,gmail.com,55-64,Southeast
C005851,2026-02-25,organic_search,yahoo.com,45-54,Southeast
C002117,2025-06-22,Organic,gmail.com,65+,Southwest
C010405,2026-08-23,podcast,yahoo.com,45-54,Southeast
C009439,2026-07-12,referral,gmail.com,55-64,West
C005743,2026-01-23,Facebook Ads,gmail.com,45-54,Southeast
C006822,2026-03-02,paid_social,gmail.com,25-34,Northeast
C010872,2026-08-18,paid_social,icloud.com,35-44,West
C009358,2026-07-28,organic_search,outlook.com,45-54,West
C006898,2026-04-13,organic_search,gmail.com,35-44,Northeast
C004015,2025-10-22,Referral Program,gmail.com,35-44,West
C008015,2026-05-04,paid_social,proton.me,65+,Southeast
C005530,2026-01-04,Podcast,comcast.net,35-44,Southwest
C009706,2026-07-20,paid_social,gmail.com,35-44,Northeast
C007218,2026-04-08,paid_search,yahoo.com,25-34,Southeast
C002321,2025-06-26,Podcast,gmail.com,35-44,West
C008970,2026-06-04,paid_social,gmail.com,35-44,Northeast
C010334,2026-08-29,referral,comcast.net,55-64,Northeast
C010726,2026-08-13,paid_social,outlook.com,45-54,West
C001187,2025-03-01,Facebook Ads,proton.me,25-34,Midwest
C003051,2025-08-13,Organic,gmail.com,25-34,West
C003356,2025-08-20,Facebook Ads,gmail.com,55-64,Midwest
C007238,2026-04-20,paid_search,gmail.com,35-44,West
C004734,2025-11-23,Facebook Ads,gmail.com,45-54,Northeast
C010933,2026-08-09,paid_social,gmail.com,25-34,Southeast
C005338,2026-01-30,Organic,icloud.com,25-34,Southeast
C005138,2025-12-04,Google Ads,gmail.com,45-54,Southwest
C010670,2026-08-31,paid_social,gmail.com,45-54,Southwest
C005811,2026-02-11,organic_search,gmail.com,35-44,Southwest
C001854,2025-05-23,Referral Program,gmail.com,35-44,Midwest
C003388,2025-08-19,Facebook Ads,yahoo.com,35-44,Southeast
C006275,2026-03-21,organic_search,comcast.net,35-44,Southeast
C006511,2026-03-02,paid_search,gmail.com,55-64,Northeast
C008707,2026-06-13,paid_search,gmail.com,25-34,Southeast
C007072,2026-04-25,referral,proton.me,35-44,Southwest
C002951,2025-08-30,Organic,outlook.com,35-44,Northeast
C008400,2026-05-09,paid_social,gmail.com,35-44,Midwest
C004821,2025-12-10,Organic,gmail.com,35-44,West
C007875,2026-05-30,podcast,gmail.com,35-44,Northeast
C003845,2025-09-07,Facebook Ads,gmail.com,55-64,Southeast
C008187,2026-05-07,paid_social,gmail.com,55-64,West
C011120,2026-09-14,podcast,icloud.com,45-54,Midwest
C001917,2025-05-08,Podcast,outlook.com,65+,Southwest
C003827,2025-09-24,Facebook Ads,outlook.com,45-54,Southwest
C003763,2025-09-17,Google Ads,comcast.net,35-44,Northeast
C006500,2026-03-07,paid_search,gmail.com,35-44,Northeast
C006529,2026-03-25,paid_search,gmail.com,25-34,Midwest
C004454,2025-11-17,Organic,gmail.com,35-44,Northeast
C008803,2026-06-02,paid_search,gmail.com,25-34,Northeast
C003928,2025-10-16,Organic,yahoo.com,35-44,Midwest
C008419,2026-06-20,organic_search,gmail.com,35-44,West
C010690,2026-08-02,paid_social,comcast.net,25-34,Southwest
C007663,2026-05-20,organic_search,gmail.com,35-44,Northeast
C000560,2025-02-02,Referral Program,gmail.com,45-54,West
C006552,2026-03-09,paid_search,gmail.com,55-64,West
C010176,2026-08-27,organic_search,yahoo.com,55-64,Southeast
C004694,2025-11-19,Google Ads,gmail.com,35-44,Midwest
C007053,2026-04-01,referral,gmail.com,25-34,Northeast
C004765,2025-11-01,Facebook Ads,icloud.com,55-64,Southwest
C006559,2026-03-07,paid_search,gmail.com,45-54,West
C005153,2025-12-16,Google Ads,gmail.com,45-54,West
C010520,2026-08-11,paid_search,outlook.com,25-34,Midwest
C005053,2025-12-24,Podcast,yahoo.com,35-44,Southeast
C001490,2025-04-07,Podcast,gmail.com,55-64,West
C004872,2025-12-17,Organic,gmail.com,65+,Southwest
C001201,2025-03-08,Facebook Ads,gmail.com,45-54,West
C005033,2025-12-08,Referral Program,gmail.com,45-54,Southwest
C006358,2026-03-13,referral,gmail.com,45-54,Midwest
C005152,2025-12-12,Google Ads,gmail.com,35-44,Southeast
C006168,2026-02-06,paid_social,icloud.com,45-54,Northeast
C001400,2025-04-06,Referral Program,gmail.com,55-64,Southeast
C008705,2026-06-11,paid_search,gmail.com,45-54,Midwest
C005237,2025-12-16,Facebook Ads,yahoo.com,45-54,Northeast
C006121,2026-02-03,paid_social,comcast.net,35-44,West
C003068,2025-08-24,Organic,gmail.com,35-44,West
C003101,2025-08-11,Referral Program,icloud.com,25-34,Northeast
C004788,2025-11-24,Facebook Ads,outlook.com,25-34,Midwest
C006202,2026-02-21,paid_social,gmail.com,45-54,Southeast
C007690,2026-05-20,organic_search,gmail.com,35-44,West
C006518,2026-03-07,paid_search,yahoo.com,55-64,Southeast
C008633,2026-06-07,podcast,outlook.com,25-34,Southeast
C009781,2026-07-15,paid_social,yahoo.com,45-54,Northeast
C007714,2026-05-15,organic_search,gmail.com,45-54,Southeast
C002173,2025-06-02,Organic,comcast.net,45-54,Southeast
C000354,2025-01-24,Facebook Ads,gmail.com,45-54,West
C000221,2025-01-24,Podcast,icloud.com,35-44,Southwest
C009814,2026-07-26,paid_social,hotmail.com,65+,Midwest
C003644,2025-09-07,Podcast,gmail.com,25-34,West
C011258,2026-09-10,paid_social,gmail.com,55-64,West
C009847,2026-07-24,paid_social,comcast.net,45-54,Southeast
C006662,2026-03-31,paid_social,hotmail.com,25-34,Southeast
C004478,2025-11-09,Organic,gmail.com,35-44,Midwest
C000760,2025-02-02,Facebook Ads,gmail.com,25-34,West
C006999,2026-04-04,organic_search,gmail.com,35-44,Midwest
C004893,2025-12-27,Organic,gmail.com,25-34,West
C002980,2025-08-06,Organic,gmail.com,45-54,Northeast
C001778,2025-05-05,Organic,gmail.com,35-44,Northeast
C009284,2026-06-28,paid_social,gmail.com,35-44,Southeast
C010121,2026-08-18,organic_search,icloud.com,25-34,West
C000011,2025-01-25,Organic,gmail.com,55-64,Midwest
C007062,2026-04-19,referral,gmail.com,25-34,Northeast
C011183,2026-09-11,paid_search,hotmail.com,45-54,Southwest
C001059,2025-03-03,Podcast,yahoo.com,55-64,West
C005500,2026-01-27,Referral Program,gmail.com,25-34,Midwest
C003235,2025-08-25,Google Ads,gmail.com,55-64,Southeast
C011108,2026-09-06,referral,icloud.com,25-34,Midwest
C009524,2026-07-22,podcast,proton.me,45-54,West
C006403,2026-03-24,referral,icloud.com,35-44,Northeast
C007955,2026-05-10,paid_search,yahoo.com,45-54,Midwest
C007277,2026-04-30,paid_social,gmail.com,35-44,West
C002301,2025-06-09,Podcast,gmail.com,25-34,Southwest
C002513,2025-07-09,Organic,gmail.com,45-54,West
C007328,2026-04-27,paid_social,yahoo.com,45-54,Northeast
C009592,2026-07-07,paid_search,gmail.com,35-44,Southeast
C007480,2026-04-01,paid_social,outlook.com,35-44,Northeast
C003495,2025-09-19,Organic,outlook.com,45-54,Southeast
C007331,2026-04-29,paid_social,outlook.com,35-44,Midwest
C004912,2025-12-11,Organic,yahoo.com,45-54,Southwest
C000422,2025-02-07,Organic,gmail.com,55-64,Southeast
C004699,2025-11-13,Google Ads,gmail.com,45-54,West
C004365,2025-11-26,Organic,gmail.com,55-64,Southwest
C007089,2026-04-19,podcast,proton.me,35-44,Northeast
C009419,2026-07-26,organic_search,yahoo.com,25-34,Midwest
C009597,2026-07-01,paid_search,icloud.com,35-44,Midwest
C004987,2025-12-03,Referral Program,outlook.com,35-44,Southeast
C006848,2026-03-02,paid_social,hotmail.com,35-44,Midwest
C009502,2026-07-18,referral,proton.me,45-54,Southeast
C000038,2025-01-09,Organic,outlook.com,25-34,Northeast
C008733,2026-06-01,paid_search,gmail.com,35-44,Midwest
C006564,2026-03-13,paid_search,icloud.com,35-44,Southeast
C010491,2026-08-29,paid_search,gmail.com,55-64,Southeast
C009800,2026-07-17,paid_social,gmail.com,35-44,West
C002833,2025-07-15,Google Ads,yahoo.com,65+,West
C008837,2026-06-22,paid_social,gmail.com,35-44,West
C009869,2026-07-20,paid_social,comcast.net,45-54,Northeast
C007795,2026-05-21,referral,icloud.com,45-54,Southwest
C002406,2025-06-03,Google Ads,outlook.com,35-44,Northeast
C009605,2026-07-04,paid_search,proton.me,25-34,West
C004421,2025-11-02,Organic,gmail.com,45-54,West
C005694,2026-01-25,Facebook Ads,yahoo.com,25-34,Midwest
C010502,2026-08-10,paid_search,gmail.com,45-54,Northeast
C001950,2025-05-25,Google Ads,icloud.com,35-44,Northeast
C001478,2025-04-23,,gmail.com,25-34,Southeast
C008934,2026-06-21,paid_social,yahoo.com,35-44,Southeast
C009564,2026-07-17,podcast,outlook.com,45-54,Midwest
C006380,2026-03-24,referral,gmail.com,55-64,Midwest
C003645,2025-09-29,Podcast,gmail.com,45-54,Northeast
C007344,2026-04-08,paid_social,proton.me,25-34,Southeast
C004216,2025-10-20,Google Ads,gmail.com,45-54,Midwest
C002031,2025-05-05,Facebook Ads,gmail.com,35-44,Northeast
C003273,2025-08-02,Google Ads,icloud.com,45-54,Midwest
C010326,2026-08-08,referral,yahoo.com,55-64,Northeast
C011048,2026-09-03,organic_search,yahoo.com,45-54,Southeast
C011104,2026-09-06,referral,gmail.com,25-34,Southwest
C006562,2026-03-18,paid_search,gmail.com,25-34,Southwest
C007082,2026-04-09,referral,gmail.com,25-34,Southwest
C010281,2026-08-14,referral,yahoo.com,45-54,Northeast
C003255,2025-08-16,Google Ads,gmail.com,35-44,Midwest
C006626,2026-03-06,paid_social,comcast.net,45-54,Northeast
C001219,2025-03-23,Facebook Ads,gmail.com,35-44,Southwest
C007823,2026-05-29,referral,gmail.com,45-54,Northeast
C003594,2025-09-06,Referral Program,gmail.com,25-34,Northeast
C008410,2026-06-20,organic_search,yahoo.com,45-54,West
C001502,2025-04-07,Podcast,gmail.com,35-44,Midwest
C004452,2025-11-07,Organic,gmail.com,65+,Midwest
C009705,2026-07-11,paid_social,gmail.com,45-54,Southwest
C009715,2026-07-07,paid_social,gmail.com,45-54,Southeast
C009397,2026-07-21,organic_search,gmail.com,65+,Northeast
C001953,2025-05-16,Google Ads,icloud.com,35-44,Southeast
C008810,2026-06-29,paid_social,proton.me,35-44,Midwest
C006704,2026-03-09,paid_social,gmail.com,35-44,Midwest
C010868,2026-08-23,paid_social,outlook.com,35-44,West
C000414,2025-02-19,Organic,comcast.net,35-44,West
C000002,2025-01-17,Organic,proton.me,25-34,Southeast
C007251,2026-04-16,paid_social,gmail.com,35-44,Southwest
C001516,2025-04-30,Google Ads,gmail.com,35-44,Midwest
C009155,2026-06-30,paid_social,gmail.com,25-34,Northeast
C007718,2026-05-08,organic_search,yahoo.com,45-54,Southwest
C005089,2025-12-05,Podcast,gmail.com,45-54,Southwest
C003037,2025-08-06,Organic,gmail.com,35-44,Northeast
C009842,2026-07-08,paid_social,hotmail.com,45-54,West
C001189,2025-03-17,Facebook Ads,gmail.com,35-44,Midwest
C011122,2026-09-14,podcast,outlook.com,35-44,Midwest
C010870,2026-08-07,paid_social,gmail.com,35-44,Midwest
C001441,2025-04-29,Referral Program,gmail.com,45-54,Northeast
C003904,2025-10-19,Organic,gmail.com,25-34,Southeast
C008049,2026-05-13,paid_social,icloud.com,65+,Southwest
C009396,2026-07-15,organic_search,icloud.com,25-34,Northeast
C010273,2026-08-24,organic_search,gmail.com,25-34,West
C005697,2026-01-17,Facebook Ads,yahoo.com,25-34,Midwest
C003193,2025-08-04,Podcast,gmail.com,35-44,Midwest
C004116,2025-10-03,Podcast,hotmail.com,45-54,Southeast
C000424,2025-02-25,Organic,gmail.com,45-54,Southeast
C004882,2025-12-29,Organic,gmail.com,45-54,West
C003278,2025-08-29,Google Ads,gmail.com,45-54,Midwest
C001193,2025-03-02,Facebook Ads,gmail.com,35-44,Midwest
C000503,2025-02-12,Organic,gmail.com,45-54,West
C000777,2025-02-10,Facebook Ads,gmail.com,35-44,Midwest
C005248,2025-12-20,Facebook Ads,outlook.com,35-44,Northeast
C010109,2026-08-14,organic_search,gmail.com,65+,Midwest
C001500,2025-04-16,Podcast,outlook.com,45-54,Southeast
C005459,2026-01-11,Referral Program,gmail.com,55-64,Northeast
C006174,2026-02-02,paid_social,gmail.com,65+,West
C000220,2025-01-07,Podcast,hotmail.com,25-34,West
C009593,2026-07-31,paid_search,yahoo.com,35-44,Southwest
C009458,2026-07-02,referral,comcast.net,25-34,West
C010861,2026-08-12,paid_social,comcast.net,35-44,Midwest
C001077,2025-03-21,Podcast,proton.me,45-54,Southwest
C004345,2025-10-10,Facebook Ads,proton.me,25-34,Southeast
C003454,2025-09-24,Organic,gmail.com,35-44,Northeast
C004592,2025-11-09,Podcast,yahoo.com,35-44,Northeast
C008209,2026-05-02,paid_social,gmail.com,45-54,Northeast
C005526,2026-01-11,Podcast,icloud.com,35-44,Southeast
C002084,2025-05-01,,gmail.com,45-54,Northeast
C004856,2025-12-31,Organic,gmail.com,35-44,West
C007447,2026-04-16,paid_social,icloud.com,35-44,Southwest
C010416,2026-08-01,podcast,comcast.net,35-44,Midwest
C008938,2026-06-15,paid_social,gmail.com,35-44,Northeast
C008736,2026-06-03,paid_search,gmail.com,35-44,Southeast
C009751,2026-07-15,paid_social,outlook.com,35-44,Midwest
C007576,2026-04-06,paid_social,yahoo.com,45-54,West
C008631,2026-06-19,podcast,gmail.com,25-34,Southeast
C007168,2026-04-12,paid_search,yahoo.com,25-34,West
C000211,2025-01-14,Podcast,gmail.com,25-34,Southeast
C001881,2025-05-31,Referral Program,gmail.com,25-34,West
C002553,2025-07-11,Organic,icloud.com,35-44,Southwest
C010453,2026-08-21,paid_search,gmail.com,55-64,Southeast
C004580,2025-11-25,Podcast,gmail.com,55-64,Midwest
C004416,2025-11-06,Organic,yahoo.com,35-44,Northeast
C001225,2025-03-20,Facebook Ads,icloud.com,25-34,Southeast
C003224,2025-08-18,Google Ads,gmail.com,55-64,Southeast
C003422,2025-09-05,Organic,gmail.com,25-34,Midwest
C000149,2025-01-24,Referral Program,hotmail.com,25-34,Southwest
C009188,2026-06-10,paid_social,gmail.com,35-44,Southeast
C006812,2026-03-27,paid_social,gmail.com,65+,West
C003711,2025-09-09,Google Ads,gmail.com,35-44,West
C004278,2025-10-11,Facebook Ads,yahoo.com,55-64,Midwest
C006895,2026-04-29,organic_search,hotmail.com,55-64,Southeast
C001997,2025-05-15,Google Ads,gmail.com,25-34,Southeast
C010049,2026-07-19,paid_social,gmail.com,55-64,Southeast
C006203,2026-02-28,paid_social,comcast.net,25-34,West
C002988,2025-08-30,Organic,gmail.com,45-54,Southeast
C007876,2026-05-18,podcast,gmail.com,55-64,Southeast
C004103,2025-10-09,Podcast,gmail.com,65+,West
C002542,2025-07-28,Organic,outlook.com,35-44,West
C004684,2025-11-26,Google Ads,gmail.com,25-34,West
C000025,2025-01-22,Organic,gmail.com,45-54,Southeast
C001297,2025-04-09,Organic,gmail.com,35-44,Midwest
C002719,2025-07-17,Podcast,gmail.com,35-44,Southeast
C009065,2026-06-22,paid_social,proton.me,45-54,Midwest
C004113,2025-10-30,,gmail.com,35-44,Southeast
C001125,2025-03-19,Google Ads,comcast.net,45-54,Midwest
C009640,2026-07-17,paid_search,gmail.com,45-54,West
C003754,2025-09-26,Google Ads,gmail.com,45-54,West
C001410,2025-04-17,Referral Program,icloud.com,35-44,Northeast
C005813,2026-02-14,organic_search,gmail.com,45-54,Northeast
C007560,2026-04-26,paid_social,gmail.com,25-34,Midwest
C005913,2026-02-03,,proton.me,25-34,Midwest
C007880,2026-05-21,podcast,gmail.com,45-54,Midwest
C003218,2025-08-31,Podcast,comcast.net,45-54,West
C007972,2026-05-10,paid_search,gmail.com,25-34,West
C005667,2026-01-05,Facebook Ads,gmail.com,45-54,West
C008505,2026-06-08,organic_search,gmail.com,45-54,West
C007936,2026-05-18,paid_search,gmail.com,35-44,West
C007824,2026-05-17,referral,comcast.net,45-54,Southeast
C004221,2025-10-10,Google Ads,gmail.com,35-44,Southwest
C004305,2025-10-08,Facebook Ads,gmail.com,55-64,Southeast
C003841,2025-09-06,Facebook Ads,gmail.com,55-64,Northeast
C007893,2026-05-22,paid_search,gmail.com,25-34,Northeast
C004055,2025-10-03,Referral Program,gmail.com,55-64,West
C001669,2025-04-04,Facebook Ads,outlook.com,55-64,Northeast
C001375,2025-04-16,Organic,comcast.net,35-44,Southeast
C006651,2026-03-28,paid_social,outlook.com,55-64,Southwest
C001004,2025-03-16,Referral Program,icloud.com,35-44,Northeast
C004427,2025-11-25,Organic,yahoo.com,25-34,Southeast
C004115,2025-10-26,Podcast,outlook.com,55-64,West
C010845,2026-08-15,,yahoo.com,35-44,West
C011423,2026-04-03,organic_search,harbormoney.com,35-44,Southwest
C006421,2026-03-25,podcast,gmail.com,35-44,Midwest
C001600,2025-04-15,Google Ads,gmail.com,65+,Midwest
C006001,2026-02-22,podcast,gmail.com,25-34,Midwest
C000896,2025-03-28,Organic,gmail.com,45-54,Northeast
C011280,2026-09-02,paid_social,hotmail.com,25-34,West
C005478,2026-01-10,Referral Program,gmail.com,35-44,Northeast
C005462,2026-01-26,Referral Program,icloud.com,45-54,Northeast
C003696,2025-09-18,Google Ads,gmail.com,45-54,West
C002178,2025-06-29,Organic,icloud.com,35-44,Northeast
C003718,2025-09-29,Google Ads,gmail.com,45-54,Northeast
C008134,2026-05-15,paid_social,icloud.com,35-44,Midwest
C005079,2025-12-25,Podcast,icloud.com,25-34,Southeast
C006008,2026-02-02,podcast,gmail.com,55-64,Midwest
C006870,2026-04-04,organic_search,gmail.com,35-44,Northeast
C005195,2025-12-31,Google Ads,outlook.com,45-54,Southeast
C005720,2026-01-24,Facebook Ads,hotmail.com,35-44,Midwest
C001534,2025-04-15,Google Ads,gmail.com,25-34,Midwest
C004550,2025-11-09,Referral Program,outlook.com,25-34,Northeast
C009722,2026-07-27,paid_social,gmail.com,25-34,West
C001976,2025-05-12,Google Ads,gmail.com,35-44,Midwest
C010889,2026-08-06,paid_social,gmail.com,45-54,West
C009989,2026-07-10,paid_social,gmail.com,45-54,West
C009664,2026-07-21,paid_search,gmail.com,65+,Southeast
C004177,2025-10-14,Google Ads,outlook.com,25-34,Northeast
C005163,2025-12-06,Google Ads,hotmail.com,25-34,Southeast
C006250,2026-03-01,organic_search,gmail.com,35-44,Southeast
C007607,2026-04-15,paid_social,gmail.com,45-54,Northeast
C009557,2026-07-14,podcast,outlook.com,35-44,Southeast
C004960,2025-12-25,Referral Program,comcast.net,55-64,Northeast
C003917,2025-10-24,Organic,icloud.com,45-54,Northeast
C005885,2026-02-07,referral,yahoo.com,45-54,Southeast
C007045,2026-04-08,referral,yahoo.com,35-44,West
C009363,2026-07-16,organic_search,gmail.com,55-64,Southeast
C007125,2026-04-04,podcast,comcast.net,35-44,West
C008553,2026-06-28,referral,comcast.net,45-54,West
C010224,2026-08-06,organic_search,gmail.com,55-64,Southwest
C010932,2026-08-22,paid_social,gmail.com,35-44,Southeast
C008613,2026-06-02,referral,gmail.com,45-54,West
C007619,2026-04-18,paid_social,outlook.com,35-44,Midwest
C009464,2026-07-19,referral,gmail.com,35-44,West
C005011,2025-12-15,Referral Program,yahoo.com,25-34,Southeast
C006756,2026-03-11,paid_social,gmail.com,35-44,West
C010554,2026-08-29,paid_social,gmail.com,35-44,Northeast
C007407,2026-04-17,paid_social,icloud.com,35-44,Southeast
C007643,2026-04-10,paid_social,gmail.com,45-54,Midwest
C000308,2025-01-26,Google Ads,gmail.com,25-34,Midwest
C008382,2026-05-10,paid_social,hotmail.com,35-44,Southwest
C011214,2026-09-03,paid_social,gmail.com,55-64,Midwest
C008543,2026-06-09,organic_search,yahoo.com,45-54,Northeast
C008963,2026-06-16,paid_social,gmail.com,25-34,Southeast
C005998,2026-02-20,podcast,yahoo.com,35-44,Southeast
C009572,2026-07-18,podcast,gmail.com,55-64,West
C005934,2026-02-19,referral,gmail.com,45-54,Northeast
C010646,2026-08-18,paid_social,yahoo.com,45-54,Midwest
C009519,2026-07-07,podcast,gmail.com,25-34,Southwest
C011236,2026-09-10,paid_social,hotmail.com,35-44,Southeast
C007148,2026-04-25,podcast,gmail.com,25-34,Southwest
C000587,2025-02-07,Referral Program,gmail.com,25-34,West
C010228,2026-08-13,organic_search,icloud.com,45-54,Southwest
C010984,2026-08-11,paid_social,gmail.com,35-44,West
C005847,2026-02-22,organic_search,gmail.com,25-34,West
C000146,2025-01-06,Referral Program,yahoo.com,25-34,Northeast
C008695,2026-06-26,podcast,gmail.com,35-44,West
C006078,2026-02-18,paid_search,hotmail.com,45-54,Northeast
C007679,2026-05-30,,icloud.com,35-44,Southwest
C008857,2026-06-02,paid_social,gmail.com,35-44,West
C009416,2026-07-02,organic_search,comcast.net,45-54,West
C006074,2026-02-09,paid_search,gmail.com,55-64,Midwest
C000886,2025-03-14,Organic,gmail.com,45-54,Southeast
C006795,2026-03-11,paid_social,gmail.com,55-64,Southeast
C010668,2026-08-28,paid_social,yahoo.com,45-54,West
C011284,2026-09-09,paid_social,gmail.com,45-54,West
C011241,2026-09-04,paid_social,proton.me,45-54,Southwest
C004414,2025-11-29,Organic,gmail.com,35-44,Southwest
C002948,2025-08-26,Organic,hotmail.com,45-54,Midwest
C005051,2025-12-27,Podcast,gmail.com,65+,Northeast
C005464,2026-01-19,Referral Program,comcast.net,35-44,Southeast
C007031,2026-04-25,referral,yahoo.com,55-64,Southeast
C003085,2025-08-25,Referral Program,icloud.com,35-44,Southwest
C006378,2026-03-11,referral,gmail.com,55-64,Midwest
C002090,2025-05-09,Facebook Ads,gmail.com,55-64,West
C001712,2025-05-26,Organic,outlook.com,55-64,Southwest
C000094,2025-01-23,Organic,icloud.com,35-44,Northeast
C005204,2025-12-13,Google Ads,outlook.com,35-44,Midwest
C009509,2026-07-26,referral,gmail.com,65+,West
C009631,2026-07-12,paid_search,gmail.com,55-64,Northeast
C007001,2026-04-13,organic_search,gmail.com,55-64,West
C010776,2026-08-29,paid_social,icloud.com,25-34,Midwest
C001043,2025-03-06,Podcast,proton.me,45-54,Southeast
C007086,2026-04-19,podcast,gmail.com,35-44,West
C011269,2026-09-11,paid_social,gmail.com,55-64,Midwest
C008471,2026-06-07,organic_search,hotmail.com,25-34,Northeast
C007182,2026-04-12,paid_search,icloud.com,45-54,Northeast
C004499,2025-11-28,Referral Program,gmail.com,25-34,Northeast
C011267,2026-09-12,paid_social,hotmail.com,45-54,Northeast
C006230,2026-03-07,organic_search,yahoo.com,35-44,Southeast
C002312,2025-06-23,Podcast,gmail.com,45-54,West
C000171,2025-01-09,Referral Program,gmail.com,55-64,Southwest
C009438,2026-07-11,referral,gmail.com,35-44,Northeast
C006509,2026-03-06,paid_search,gmail.com,25-34,West
C010181,2026-08-18,organic_search,gmail.com,45-54,Midwest
C000009,2025-01-10,Organic,icloud.com,65+,Midwest
C007394,2026-04-18,paid_social,outlook.com,35-44,Southeast
C001366,2025-04-12,Organic,gmail.com,25-34,West
C005972,2026-02-08,podcast,gmail.com,55-64,West
C007522,2026-04-03,paid_social,yahoo.com,45-54,Southeast
C001238,2025-03-31,Facebook Ads,outlook.com,25-34,Southwest
C008750,2026-06-24,paid_search,comcast.net,35-44,Northeast
C002831,2025-07-09,Google Ads,icloud.com,45-54,Southeast
C009662,2026-07-27,paid_search,gmail.com,25-34,Southeast
C000931,2025-03-26,Organic,gmail.com,35-44,West
C010001,2026-07-19,paid_social,gmail.com,45-54,Midwest
C001419,2025-04-13,Referral Program,gmail.com,35-44,Southeast
C010345,2026-08-14,referral,gmail.com,25-34,West
C008442,2026-06-11,organic_search,outlook.com,45-54,Northeast
C002903,2025-07-18,Facebook Ads,gmail.com,25-34,Northeast
C004485,2025-11-28,Organic,gmail.com,35-44,Southwest
C003208,2025-08-15,Podcast,icloud.com,35-44,Southwest
C001557,2025-04-28,Google Ads,outlook.com,35-44,Southeast
C005800,2026-02-03,organic_search,gmail.com,45-54,Midwest
C006353,2026-03-19,referral,gmail.com,25-34,Southwest
C004798,2025-11-19,Facebook Ads,yahoo.com,25-34,Northeast
C011283,2026-09-01,paid_social,gmail.com,45-54,Southwest
C004538,2025-11-05,Referral Program,yahoo.com,35-44,West
C009996,2026-07-11,paid_social,outlook.com,45-54,Midwest
C011029,2026-09-01,organic_search,outlook.com,55-64,Southwest
C004156,2025-10-22,Podcast,hotmail.com,55-64,Northeast
C008415,2026-06-20,organic_search,yahoo.com,65+,Northeast
C011346,2025-10-27,Organic,harbormoney.com,25-34,Northeast
C003127,2025-08-08,Referral Program,gmail.com,55-64,Southeast
C003801,2025-09-03,Facebook Ads,gmail.com,55-64,Southwest
C003081,2025-08-26,Referral Program,gmail.com,35-44,Northeast
C003219,2025-08-03,Podcast,gmail.com,45-54,Midwest
C006869,2026-04-30,organic_search,yahoo.com,45-54,Southeast
C002986,2025-08-18,Organic,outlook.com,45-54,Southwest
C008886,2026-06-02,paid_social,gmail.com,35-44,Northeast
C005497,2026-01-05,Referral Program,gmail.com,55-64,Southwest
C006284,2026-03-09,organic_search,yahoo.com,35-44,Midwest
C009985,2026-07-18,paid_social,gmail.com,25-34,Southeast
C000409,2025-02-08,Organic,gmail.com,35-44,Southeast
C010929,2026-08-26,paid_social,hotmail.com,45-54,Northeast
C002253,2025-06-26,Referral Program,hotmail.com,35-44,Northeast
C007408,2026-04-07,paid_social,icloud.com,35-44,Midwest
C005744,2026-01-09,Facebook Ads,yahoo.com,25-34,Southeast
C010677,2026-08-23,paid_social,yahoo.com,55-64,West
C008924,2026-06-18,paid_social,gmail.com,65+,Northeast
C003381,2025-08-13,Facebook Ads,gmail.com,25-34,Midwest
C000793,2025-02-04,Facebook Ads,gmail.com,45-54,West
C004472,2025-11-21,Organic,comcast.net,25-34,Southwest
C009518,2026-07-15,podcast,yahoo.com,25-34,Northeast
C000574,2025-02-26,Referral Program,comcast.net,25-34,Northeast
C000453,2025-02-05,Organic,gmail.com,45-54,Southeast
C010720,2026-08-01,paid_social,gmail.com,35-44,Southeast
C010555,2026-08-18,paid_social,gmail.com,55-64,Northeast
C011367,2026-03-06,organic_search,harbormoney.com,65+,Midwest
C002694,2025-07-02,Referral Program,gmail.com,45-54,Southeast
C007669,2026-05-22,organic_search,gmail.com,25-34,Southeast
C005270,2025-12-25,Facebook Ads,gmail.com,35-44,Midwest
C004728,2025-11-01,Facebook Ads,icloud.com,45-54,West
C003968,2025-10-13,Organic,hotmail.com,25-34,Midwest
C010939,2026-08-13,paid_social,gmail.com,35-44,Southwest
C011095,2026-09-05,referral,outlook.com,25-34,Northeast
C010366,2026-08-08,podcast,gmail.com,25-34,Southeast
C005735,2026-01-04,Facebook Ads,gmail.com,55-64,Southeast
C001313,2025-04-27,Organic,gmail.com,25-34,Northeast
C008043,2026-05-17,paid_social,outlook.com,35-44,West
C008113,2026-05-25,paid_social,comcast.net,45-54,Southwest
C001676,2025-05-11,Organic,gmail.com,45-54,Northeast
C004997,2025-12-18,Referral Program,gmail.com,55-64,Midwest
C009892,2026-07-01,paid_social,gmail.com,45-54,Southwest
C009530,2026-07-06,podcast,gmail.com,25-34,Northeast
C000991,2025-03-18,Referral Program,icloud.com,25-34,Southwest
C003890,2025-10-30,Organic,gmail.com,25-34,West
C004812,2025-11-13,Facebook Ads,gmail.com,35-44,Southwest
C007212,2026-04-23,paid_search,gmail.com,35-44,West
C006020,2026-02-20,paid_search,outlook.com,25-34,West
C010724,2026-08-20,paid_social,gmail.com,35-44,West
C001951,2025-05-20,Google Ads,gmail.com,35-44,Southeast
C002076,2025-05-15,Facebook Ads,outlook.com,55-64,Midwest
C006183,2026-02-05,paid_social,gmail.com,25-34,West
C008342,2026-05-24,paid_social,gmail.com,55-64,Southeast
C008031,2026-05-26,paid_social,gmail.com,35-44,Southeast
C005000,2025-12-26,Referral Program,yahoo.com,45-54,Midwest
C003901,2025-10-23,Organic,comcast.net,35-44,West
C009353,2026-07-22,organic_search,yahoo.com,55-64,West
C005325,2026-01-09,Organic,gmail.com,35-44,West
C000311,2025-01-07,Google Ads,outlook.com,25-34,Midwest
C001196,2025-03-18,Facebook Ads,hotmail.com,45-54,Southwest
C010269,2026-08-15,organic_search,icloud.com,25-34,Northeast
C001398,2025-04-21,Referral Program,outlook.com,35-44,Southeast
C009710,2026-07-24,paid_social,gmail.com,45-54,Southwest
C010316,2026-08-31,referral,gmail.com,35-44,Midwest
C006118,2026-02-24,paid_search,gmail.com,45-54,Southeast
C010043,2026-07-28,paid_social,yahoo.com,25-34,Midwest
C007768,2026-05-03,referral,gmail.com,55-64,Northeast
C005203,2025-12-05,Google Ads,hotmail.com,25-34,Northeast
C002373,2025-06-02,Google Ads,outlook.com,55-64,Southeast
C005745,2026-01-19,Facebook Ads,gmail.com,25-34,Southeast
C004533,2025-11-30,Referral Program,gmail.com,45-54,West
C006805,2026-03-05,paid_social,gmail.com,45-54,West
C008102,2026-05-21,paid_social,gmail.com,25-34,Southwest
C002376,2025-06-14,Google Ads,gmail.com,35-44,Southeast
C010292,2026-08-03,referral,proton.me,45-54,Southwest
C002284,2025-06-20,Podcast,comcast.net,45-54,Midwest
C000472,2025-02-15,Organic,gmail.com,45-54,Southeast
C006712,2026-03-20,paid_social,outlook.com,35-44,Southeast
C010808,2026-08-27,paid_social,icloud.com,35-44,Southeast
C007243,2026-04-07,paid_search,gmail.com,35-44,Northeast
C006083,2026-02-28,paid_search,yahoo.com,45-54,Northeast
C010401,2026-08-15,podcast,gmail.com,35-44,Midwest
C004811,2025-11-05,Facebook Ads,gmail.com,35-44,Northeast
C010588,2026-08-07,paid_social,yahoo.com,55-64,Southeast
C002623,2025-07-22,Organic,gmail.com,55-64,Midwest
C003443,2025-09-03,Organic,gmail.com,55-64,Southwest
C006791,2026-03-16,paid_social,yahoo.com,45-54,Northeast
C008861,2026-06-23,paid_social,proton.me,45-54,Northeast
C000467,2025-02-24,Organic,gmail.com,45-54,Northeast
C005390,2026-01-13,Organic,icloud.com,35-44,Midwest
C007713,2026-05-26,organic_search,gmail.com,45-54,West
C009920,2026-07-01,paid_social,gmail.com,55-64,West
C003717,2025-09-24,Google Ads,yahoo.com,35-44,Southwest
C009577,2026-07-15,paid_search,outlook.com,35-44,West
C001913,2025-05-10,Podcast,comcast.net,25-34,Northeast
C004806,2025-11-06,Facebook Ads,gmail.com,35-44,Northeast
C009392,2026-07-31,organic_search,gmail.com,35-44,Northeast
C010250,2026-08-02,organic_search,gmail.com,35-44,Southeast
C002603,2025-07-06,Organic,gmail.com,45-54,Midwest
C000227,2025-01-30,Podcast,gmail.com,45-54,Midwest
C009971,2026-07-26,paid_social,gmail.com,35-44,Northeast
C004381,2025-11-28,Organic,gmail.com,35-44,Southwest
C005640,2026-01-22,Google Ads,yahoo.com,25-34,Northeast
C008035,2026-05-20,paid_social,gmail.com,35-44,Southwest
C011313,2026-09-01,paid_social,gmail.com,35-44,West
C006363,2026-03-29,referral,gmail.com,45-54,Northeast
C003196,2025-08-27,Podcast,gmail.com,65+,Southeast
C002602,2025-07-04,Organic,yahoo.com,25-34,West
C008243,2026-05-22,paid_social,proton.me,35-44,Midwest
C010998,2026-08-08,paid_social,gmail.com,35-44,Northeast
C006377,2026-03-31,referral,icloud.com,35-44,Northeast
C002065,2025-05-06,Facebook Ads,proton.me,35-44,Northeast
C004572,2025-11-26,,gmail.com,45-54,Northeast
C006558,2026-03-08,paid_search,gmail.com,35-44,Southeast
C003264,2025-08-05,Google Ads,gmail.com,45-54,Northeast
C007472,2026-04-17,paid_social,gmail.com,45-54,Northeast
C004845,2025-12-18,Organic,proton.me,35-44,Northeast
C005947,2026-02-07,referral,comcast.net,25-34,West
C004994,2025-12-26,Referral Program,icloud.com,25-34,West
C009024,2026-06-03,paid_social,gmail.com,35-44,Midwest
C005154,2025-12-27,Google Ads,yahoo.com,35-44,Northeast
C002294,2025-06-09,Podcast,gmail.com,45-54,Midwest
C008668,2026-06-15,podcast,icloud.com,45-54,Southeast
C005268,2025-12-07,Facebook Ads,gmail.com,35-44,Northeast
C010373,2026-08-27,podcast,gmail.com,35-44,West
C003998,2025-10-23,Organic,gmail.com,35-44,Northeast
C006362,2026-03-07,referral,icloud.com,55-64,West
C006119,2026-02-02,paid_search,outlook.com,35-44,Midwest
C008010,2026-05-03,paid_social,outlook.com,45-54,West
C002755,2025-07-13,Podcast,gmail.com,25-34,Southeast
C011023,2026-09-14,organic_search,yahoo.com,55-64,West
C003387,2025-08-23,Facebook Ads,proton.me,55-64,West
C000217,2025-01-08,Podcast,gmail.com,55-64,West
C007863,2026-05-17,podcast,gmail.com,35-44,Midwest
C002336,2025-06-16,Google Ads,gmail.com,45-54,Southeast
C003330,2025-08-14,Facebook Ads,gmail.com,35-44,Southeast
C000759,2025-02-11,Facebook Ads,gmail.com,35-44,Southwest
C008495,2026-06-03,organic_search,gmail.com,45-54,Southeast
C003498,2025-09-14,Organic,hotmail.com,45-54,Southeast
C006757,2026-03-10,paid_social,icloud.com,65+,Midwest
C008755,2026-06-12,paid_search,yahoo.com,65+,West
C005764,2026-02-27,organic_search,comcast.net,45-54,Midwest
C005008,2025-12-31,Referral Program,hotmail.com,25-34,Northeast
C002869,2025-07-01,Google Ads,outlook.com,35-44,Southeast
C003091,2025-08-13,Referral Program,proton.me,65+,Northeast
C005787,2026-02-18,organic_search,gmail.com,55-64,Southeast
C010408,2026-08-03,podcast,gmail.com,45-54,Northeast
C009542,2026-07-09,podcast,gmail.com,45-54,Southeast
C009240,2026-06-09,paid_social,gmail.com,25-34,Southeast
C010631,2026-08-13,paid_social,yahoo.com,25-34,Southeast
C009336,2026-07-28,organic_search,yahoo.com,25-34,Southeast
C003636,2025-09-24,Podcast,gmail.com,35-44,Northeast
C007183,2026-04-21,paid_search,gmail.com,45-54,Southwest
C010577,2026-08-25,paid_social,gmail.com,45-54,Northeast
C003759,2025-09-24,Google Ads,yahoo.com,25-34,Northeast
C000181,2025-01-14,Referral Program,icloud.com,45-54,Northeast
C010701,2026-08-14,paid_social,yahoo.com,35-44,Midwest
C007511,2026-04-24,paid_social,gmail.com,35-44,West
C004568,2025-11-16,Referral Program,gmail.com,45-54,Midwest
C005222,2025-12-11,Facebook Ads,gmail.com,35-44,West
C007811,2026-05-02,referral,gmail.com,45-54,Midwest
C005490,2026-01-27,Referral Program,gmail.com,25-34,Northeast
C010064,2026-07-29,paid_social,proton.me,65+,Northeast
C011024,2026-09-06,organic_search,gmail.com,55-64,Southeast
C000444,2025-02-03,,outlook.com,45-54,Southwest
C003620,2025-09-21,Podcast,comcast.net,35-44,West
C004642,2025-11-06,Google Ads,hotmail.com,45-54,West
C006690,2026-03-21,paid_social,outlook.com,35-44,Southeast
C001697,2025-05-25,Organic,gmail.com,25-34,Southwest
C009872,2026-07-30,paid_social,gmail.com,35-44,Southeast
C003152,2025-08-07,Referral Program,gmail.com,45-54,Southeast
C009101,2026-06-09,paid_social,gmail.com,45-54,West
C001581,2025-04-06,Google Ads,gmail.com,25-34,Midwest
C007948,2026-05-23,paid_search,hotmail.com,45-54,West
C008239,2026-05-19,paid_social,proton.me,25-34,Southwest
C006674,2026-03-14,paid_social,gmail.com,45-54,West
C004102,2025-10-22,Podcast,gmail.com,35-44,Midwest
C002502,2025-07-16,Organic,gmail.com,45-54,Northeast
C001251,2025-03-09,Facebook Ads,icloud.com,45-54,Midwest
C001601,2025-04-29,Google Ads,gmail.com,25-34,Midwest
C002425,2025-06-05,Facebook Ads,gmail.com,55-64,Southeast
C008313,2026-05-01,paid_social,gmail.com,25-34,Southwest
C009264,2026-06-20,paid_social,outlook.com,35-44,West
C006935,2026-04-27,organic_search,gmail.com,35-44,West
C009287,2026-06-29,paid_social,outlook.com,55-64,Midwest
C001975,2025-05-03,Google Ads,outlook.com,25-34,Northeast
C008069,2026-05-02,paid_social,gmail.com,25-34,West
C000953,2025-03-19,Referral Program,outlook.com,25-34,Southeast
C001645,2025-04-23,Facebook Ads,yahoo.com,35-44,West
C000989,2025-03-23,Referral Program,gmail.com,45-54,West
C002705,2025-07-20,Referral Program,outlook.com,55-64,Midwest
C010961,2026-08-30,,gmail.com,55-64,Southwest
C007044,2026-04-15,referral,gmail.com,25-34,West
C001072,2025-03-02,Podcast,gmail.com,35-44,Southeast
C009448,2026-07-15,referral,icloud.com,55-64,Northeast
C006167,2026-02-12,paid_social,gmail.com,35-44,Northeast
C009614,2026-07-26,paid_search,proton.me,35-44,Midwest
C008724,2026-06-03,paid_search,gmail.com,25-34,Southeast
C006493,2026-03-08,paid_search,gmail.com,25-34,Southeast
C002180,2025-06-25,Organic,gmail.com,35-44,Northeast
C010162,2026-08-06,organic_search,yahoo.com,25-34,Southeast
C004726,2025-11-27,Facebook Ads,gmail.com,55-64,Southeast
C007476,2026-04-01,paid_social,gmail.com,35-44,Northeast
C005585,2026-01-16,Google Ads,hotmail.com,35-44,West
C010725,2026-08-08,paid_social,icloud.com,35-44,Southeast
C006057,2026-02-20,paid_search,gmail.com,55-64,Midwest
C006769,2026-03-31,paid_social,gmail.com,35-44,Southeast
C006137,2026-02-14,paid_social,gmail.com,35-44,Northeast
C009793,2026-07-02,paid_social,gmail.com,45-54,West
C002989,2025-08-26,Organic,yahoo.com,65+,Northeast
C002138,2025-06-02,Organic,gmail.com,55-64,Southeast
C000046,2025-01-30,Organic,gmail.com,45-54,Southeast
C000198,2025-01-23,Podcast,yahoo.com,45-54,Southwest
C002187,2025-06-14,Organic,gmail.com,35-44,Southwest
C002906,2025-07-26,Facebook Ads,outlook.com,25-34,Northeast
C007634,2026-04-29,paid_social,gmail.com,35-44,West
C008510,2026-06-10,organic_search,icloud.com,55-64,Southeast
C003930,2025-10-05,Organic,hotmail.com,35-44,West
C003797,2025-09-26,Facebook Ads,outlook.com,35-44,Midwest
C005383,2026-01-12,Organic,gmail.com,25-34,Midwest
C008680,2026-06-07,podcast,gmail.com,45-54,West
C001333,2025-04-21,Organic,gmail.com,25-34,Midwest
C003898,2025-10-12,Organic,gmail.com,25-34,West
C005182,2025-12-18,Google Ads,proton.me,35-44,Southeast
C009011,2026-06-05,paid_social,gmail.com,35-44,Southwest
C006930,2026-04-21,organic_search,proton.me,55-64,Midwest
C010299,2026-08-27,referral,outlook.com,45-54,West
C009402,2026-07-25,organic_search,gmail.com,35-44,Southwest
C009725,2026-07-07,paid_social,outlook.com,45-54,Southeast
C011402,2025-04-19,Organic,harbormoney.com,65+,Southeast
C005058,2025-12-15,Podcast,gmail.com,45-54,West
C005291,2026-01-08,Organic,hotmail.com,65+,West
C009671,2026-07-25,paid_search,gmail.com,35-44,West
C008309,2026-05-01,paid_social,hotmail.com,65+,West
C006038,2026-02-23,paid_search,yahoo.com,35-44,West
C003129,2025-08-11,,comcast.net,45-54,Southwest
C004187,2025-10-10,Google Ads,icloud.com,35-44,Southeast
C004379,2025-11-09,Organic,gmail.com,55-64,Southeast
C005732,2026-01-08,Facebook Ads,gmail.com,45-54,Midwest
C002265,2025-06-18,Referral Program,proton.me,45-54,Southwest
C010674,2026-08-09,paid_social,gmail.com,35-44,Midwest
C010086,2026-07-13,paid_social,gmail.com,65+,Northeast
C004494,2025-11-23,Organic,gmail.com,25-34,Northeast
C007767,2026-05-11,referral,outlook.com,45-54,Northeast
C008534,2026-06-04,organic_search,gmail.com,35-44,Southeast
C009303,2026-06-11,paid_social,outlook.com,35-44,Southwest
C009201,2026-06-23,paid_social,gmail.com,25-34,Northeast
C006842,2026-03-03,paid_social,yahoo.com,35-44,Midwest
C000523,2025-02-17,Organic,gmail.com,35-44,West
C005762,2026-02-25,organic_search,hotmail.com,35-44,Northeast
C004497,2025-11-27,Organic,gmail.com,45-54,Midwest
C007531,2026-04-30,paid_social,outlook.com,25-34,Northeast
C010505,2026-08-01,,gmail.com,35-44,Northeast
C006643,2026-03-17,paid_social,gmail.com,55-64,Southwest
C008222,2026-05-13,paid_social,comcast.net,45-54,Midwest
C010602,2026-08-27,paid_social,yahoo.com,45-54,Midwest
C009484,2026-07-21,referral,icloud.com,55-64,Northeast
C007439,2026-04-20,paid_social,outlook.com,65+,West
C002878,2025-07-25,Facebook Ads,gmail.com,45-54,Midwest
C005794,2026-02-22,organic_search,gmail.com,25-34,Southwest
C001335,2025-04-03,Organic,gmail.com,55-64,Southeast
C010059,2026-07-02,paid_social,icloud.com,45-54,Southeast
C004664,2025-11-11,Google Ads,yahoo.com,35-44,Northeast
C011378,2025-12-09,Organic,harbormoney.com,35-44,West
C006241,2026-03-09,organic_search,gmail.com,25-34,Midwest
C002334,2025-06-08,Google Ads,gmail.com,35-44,Northeast
C005144,2025-12-10,Google Ads,gmail.com,35-44,Northeast
C009204,2026-06-03,paid_social,gmail.com,45-54,West
C003377,2025-08-16,Facebook Ads,gmail.com,55-64,Southwest
C007003,2026-04-03,organic_search,gmail.com,25-34,Midwest
C002341,2025-06-25,Google Ads,yahoo.com,55-64,West
C000134,2025-01-12,Referral Program,gmail.com,55-64,West
C001532,2025-04-25,Google Ads,gmail.com,65+,Midwest
C001141,2025-03-28,Google Ads,gmail.com,35-44,Northeast
C005435,2026-01-14,Referral Program,outlook.com,35-44,Northeast
C010134,2026-08-23,organic_search,gmail.com,25-34,Northeast
C002795,2025-07-15,Google Ads,gmail.com,35-44,Southwest
C009723,2026-07-14,paid_social,gmail.com,25-34,Southwest
C001256,2025-04-30,Organic,gmail.com,45-54,West
C001148,2025-03-09,,outlook.com,35-44,Northeast
C000784,2025-02-26,Facebook Ads,gmail.com,65+,Northeast
C010955,2026-08-19,paid_social,yahoo.com,35-44,Northeast
C006787,2026-03-17,paid_social,gmail.com,55-64,West
C002905,2025-07-09,Facebook Ads,gmail.com,45-54,Southeast
C000577,2025-02-07,Referral Program,outlook.com,45-54,Midwest
C001686,2025-05-10,Organic,comcast.net,35-44,West
C003861,2025-10-26,Organic,gmail.com,45-54,Midwest
C007667,2026-05-12,organic_search,gmail.com,35-44,West
C009253,2026-06-17,paid_social,gmail.com,45-54,Southeast
C010971,2026-08-19,paid_social,proton.me,35-44,West
C010235,2026-08-12,organic_search,hotmail.com,55-64,Southeast
C007271,2026-04-10,paid_social,gmail.com,55-64,Southwest
C002133,2025-06-10,Organic,gmail.com,35-44,West
C007039,2026-04-12,referral,gmail.com,35-44,Southeast
C005926,2026-02-08,referral,gmail.com,45-54,Southeast
C002574,2025-07-08,Organic,gmail.com,35-44,Midwest
C010618,2026-08-11,paid_social,outlook.com,45-54,West
C010145,2026-08-22,organic_search,gmail.com,45-54,Northeast
C006821,2026-03-26,paid_social,comcast.net,45-54,Southeast
C008184,2026-05-05,paid_social,gmail.com,25-34,Midwest
C000994,2025-03-16,Referral Program,gmail.com,35-44,Southwest
C002362,2025-06-16,Google Ads,comcast.net,45-54,West
C003859,2025-09-20,Facebook Ads,comcast.net,25-34,Southeast
C005382,2026-01-01,Organic,gmail.com,35-44,West
C007494,2026-04-20,paid_social,comcast.net,35-44,West
C006199,2026-02-01,paid_social,comcast.net,25-34,Southeast
C000845,2025-03-04,Organic,gmail.com,55-64,West
C005180,2025-12-03,Google Ads,comcast.net,25-34,Midwest
C011002,2026-08-14,paid_social,gmail.com,25-34,Southeast
C009899,2026-07-26,paid_social,gmail.com,35-44,Southeast
C006033,2026-02-27,paid_search,gmail.com,35-44,Southeast
C007257,2026-04-19,paid_social,comcast.net,45-54,Southeast
C009406,2026-07-04,organic_search,yahoo.com,45-54,Southeast
C008247,2026-05-06,paid_social,gmail.com,35-44,Southwest
C003842,2025-09-21,Facebook Ads,outlook.com,25-34,Southeast
C011369,2026-06-24,organic_search,harbormoney.com,55-64,West
C006182,2026-02-02,paid_social,gmail.com,55-64,Northeast
C005560,2026-01-23,Podcast,gmail.com,45-54,Northeast
C001260,2025-04-02,Organic,hotmail.com,35-44,Midwest
C008743,2026-06-17,paid_search,outlook.com,25-34,Southeast
C011168,2026-09-12,paid_search,comcast.net,35-44,Midwest
C006669,2026-03-10,paid_social,gmail.com,35-44,Southwest
C003735,2025-09-24,Google Ads,gmail.com,45-54,Midwest
C010052,2026-07-20,paid_social,gmail.com,35-44,Northeast
C000667,2025-02-03,Google Ads,gmail.com,25-34,Midwest
C003444,2025-09-03,Organic,gmail.com,45-54,Northeast
C000304,2025-01-25,Google Ads,gmail.com,25-34,Midwest
C001159,2025-03-09,Google Ads,yahoo.com,55-64,Northeast
C007959,2026-05-19,paid_search,gmail.com,45-54,Midwest
C009033,2026-06-25,paid_social,yahoo.com,35-44,Southwest
C003256,2025-08-15,Google Ads,comcast.net,35-44,Southeast
C001684,2025-05-09,Organic,gmail.com,35-44,West
C011405,2025-11-23,Organic,harbormoney.com,35-44,Northeast
C003092,2025-08-05,Referral Program,outlook.com,55-64,West
C004366,2025-11-15,Organic,icloud.com,45-54,Southeast
C008520,2026-06-15,organic_search,gmail.com,45-54,Southeast
C005255,2025-12-21,Facebook Ads,gmail.com,45-54,West
C004829,2025-12-05,Organic,gmail.com,35-44,Northeast
C010297,2026-08-16,referral,gmail.com,45-54,West
C010877,2026-08-15,paid_social,gmail.com,65+,Midwest
C005495,2026-01-30,Referral Program,gmail.com,25-34,Southeast
C005660,2026-01-10,Google Ads,yahoo.com,35-44,Southeast
C001105,2025-03-20,Google Ads,proton.me,45-54,Southeast
C003018,2025-08-04,Organic,icloud.com,35-44,Northeast
C008640,2026-06-17,podcast,gmail.com,35-44,West
C006155,2026-02-01,paid_social,yahoo.com,45-54,Southeast
C006272,2026-03-24,organic_search,gmail.com,35-44,West
C009517,2026-07-07,referral,gmail.com,25-34,Southeast
C002130,2025-06-20,Organic,yahoo.com,35-44,West
C004320,2025-10-04,Facebook Ads,gmail.com,45-54,Southwest
C006788,2026-03-04,paid_social,proton.me,45-54,Southeast
C007278,2026-04-16,paid_social,gmail.com,35-44,West
C011184,2026-09-07,paid_search,outlook.com,35-44,Northeast
C004591,2025-11-14,Podcast,yahoo.com,65+,Northeast
C009803,2026-07-29,paid_social,proton.me,25-34,Southwest
C004836,2025-12-26,Organic,proton.me,25-34,Southeast
C006370,2026-03-08,referral,outlook.com,45-54,Southeast
C009455,2026-07-14,referral,gmail.com,45-54,Midwest
C010740,2026-08-01,paid_social,gmail.com,35-44,Midwest
C008742,2026-06-15,paid_search,gmail.com,45-54,Northeast
C005701,2026-01-30,Facebook Ads,icloud.com,25-34,Southwest
C006157,2026-02-14,paid_social,gmail.com,25-34,Midwest
C005259,2025-12-08,Facebook Ads,gmail.com,25-34,Midwest
C005414,2026-01-18,Organic,outlook.com,35-44,Midwest
C001700,2025-05-01,Organic,gmail.com,35-44,Southeast
C007159,2026-04-11,paid_search,gmail.com,55-64,West
C010438,2026-08-01,paid_search,icloud.com,55-64,Southeast
C004617,2025-11-04,,gmail.com,35-44,Northeast
C004256,2025-10-30,Google Ads,gmail.com,45-54,Southwest
C001567,2025-04-13,Google Ads,outlook.com,65+,Southwest
C010440,2026-08-07,paid_search,gmail.com,35-44,Northeast
C010383,2026-08-08,podcast,outlook.com,45-54,Southeast
C005162,2025-12-10,Google Ads,hotmail.com,35-44,Southeast
C010518,2026-08-04,paid_search,outlook.com,45-54,Midwest
C008404,2026-06-08,organic_search,outlook.com,45-54,West
C009318,2026-07-13,organic_search,outlook.com,35-44,Midwest
C003164,2025-08-09,Podcast,gmail.com,65+,Southeast
C002461,2025-06-13,Facebook Ads,gmail.com,25-34,Northeast
C009852,2026-07-30,,gmail.com,55-64,Southwest
C003668,2025-09-23,Podcast,hotmail.com,35-44,Southwest
C003612,2025-09-22,Podcast,gmail.com,35-44,Midwest
C002285,2025-06-26,Podcast,gmail.com,35-44,Southwest
C007939,2026-05-06,paid_search,gmail.com,35-44,Northeast
C005212,2025-12-30,Facebook Ads,gmail.com,35-44,Southeast
C000132,2025-01-14,Referral Program,gmail.com,25-34,Midwest
C006132,2026-02-03,paid_social,gmail.com,35-44,Midwest
C003360,2025-08-29,Facebook Ads,comcast.net,45-54,Midwest
C001215,2025-03-16,Facebook Ads,gmail.com,55-64,Northeast
C006140,2026-02-11,paid_social,icloud.com,45-54,Northeast
C002351,2025-06-06,Google Ads,gmail.com,35-44,Southeast
C010071,2026-07-13,paid_social,gmail.com,65+,West
C009553,2026-07-11,podcast,outlook.com,25-34,Southeast
C010394,2026-08-18,podcast,gmail.com,25-34,Northeast
C006996,2026-04-01,organic_search,gmail.com,55-64,West
C000655,2025-02-04,Google Ads,hotmail.com,35-44,Southeast
C007020,2026-04-01,organic_search,gmail.com,35-44,West
C005604,2026-01-14,Google Ads,gmail.com,35-44,Southeast
C000266,2025-01-28,Google Ads,gmail.com,35-44,Southeast
C000854,2025-03-08,Organic,comcast.net,25-34,Southeast
C001126,2025-03-04,Google Ads,hotmail.com,25-34,Northeast
C002026,2025-05-11,Google Ads,outlook.com,65+,West
C000965,2025-03-15,Referral Program,gmail.com,25-34,Southwest
C010221,2026-08-03,organic_search,proton.me,25-34,Southeast
C003473,2025-09-21,Organic,gmail.com,55-64,West
C008818,2026-06-30,paid_social,gmail.com,25-34,Southeast
C002177,2025-06-22,Organic,gmail.com,35-44,West
C001560,2025-04-26,Google Ads,outlook.com,35-44,Southwest
C004548,2025-11-08,Referral Program,gmail.com,45-54,Southwest
C001344,2025-04-15,Organic,gmail.com,35-44,Northeast
C010484,2026-08-22,paid_search,icloud.com,35-44,Midwest
C004612,2025-11-10,Podcast,gmail.com,55-64,Midwest
C000694,2025-02-26,Google Ads,gmail.com,25-34,Northeast
C008719,2026-06-10,paid_search,gmail.com,35-44,Southeast
C003994,2025-10-09,Organic,gmail.com,25-34,Northeast
C011123,2026-09-13,podcast,gmail.com,55-64,Southwest
C005725,2026-01-28,Facebook Ads,outlook.com,35-44,Northeast
C003331,2025-08-06,Facebook Ads,gmail.com,25-34,Midwest
C008301,2026-05-14,paid_social,outlook.com,35-44,Southeast
C005626,2026-01-19,Google Ads,outlook.com,35-44,Midwest
C001454,2025-04-29,Podcast,gmail.com,45-54,Southeast
C008041,2026-05-07,paid_social,comcast.net,45-54,Southwest
C004276,2025-10-04,Facebook Ads,yahoo.com,45-54,Northeast
C008097,2026-05-07,paid_social,comcast.net,35-44,Southeast
C005971,2026-02-26,podcast,gmail.com,65+,Southeast
C004384,2025-11-15,Organic,gmail.com,35-44,Southwest
C005111,2025-12-30,Google Ads,icloud.com,25-34,West
C000818,2025-02-01,Facebook Ads,outlook.com,35-44,West
C010662,2026-08-25,paid_social,gmail.com,35-44,Northeast
C000345,2025-01-19,Facebook Ads,gmail.com,55-64,Northeast
C002352,2025-06-04,Google Ads,gmail.com,45-54,Southwest
C006520,2026-03-31,paid_search,gmail.com,65+,Northeast
C008284,2026-05-23,paid_social,proton.me,25-34,Northeast
C007632,2026-04-17,paid_social,gmail.com,35-44,Southeast
C000491,2025-02-16,Organic,gmail.com,25-34,Northeast
C011428,2025-07-28,Organic,harbormoney.com,25-34,West
C006523,2026-03-16,paid_search,gmail.com,25-34,Southeast
C002939,2025-07-17,Facebook Ads,gmail.com,25-34,Midwest
C005168,2025-12-08,Google Ads,yahoo.com,25-34,Southwest
C008127,2026-05-30,paid_social,icloud.com,35-44,West
C002851,2025-07-21,Google Ads,gmail.com,35-44,Southwest
C010826,2026-08-17,paid_social,icloud.com,35-44,West
C008366,2026-05-05,paid_social,gmail.com,25-34,West
C004619,2025-11-27,Podcast,gmail.com,25-34,Southeast
C001628,2025-04-13,Facebook Ads,icloud.com,25-34,Southeast
C011262,2026-09-04,paid_social,gmail.com,55-64,Midwest
C004021,2025-10-18,Referral Program,hotmail.com,45-54,Southwest
C005600,2026-01-09,Google Ads,icloud.com,45-54,Southeast
C009490,2026-07-12,referral,gmail.com,45-54,Northeast
C006399,2026-03-11,referral,gmail.com,45-54,West
C002618,2025-07-04,Organic,gmail.com,65+,West
C003935,2025-10-13,Organic,yahoo.com,35-44,West
C000990,2025-03-08,Referral Program,yahoo.com,35-44,Northeast
C003946,2025-10-08,Organic,hotmail.com,45-54,Northeast
C000795,2025-02-18,Facebook Ads,gmail.com,25-34,West
C010125,2026-08-19,organic_search,gmail.com,55-64,Southwest
C010083,2026-07-03,paid_social,gmail.com,35-44,West
C000344,2025-01-25,Facebook Ads,hotmail.com,25-34,Northeast
C003045,2025-08-10,Organic,gmail.com,35-44,West
C005842,2026-02-24,organic_search,proton.me,55-64,Midwest
C009756,2026-07-23,paid_social,gmail.com,25-34,Northeast
C007638,2026-04-05,paid_social,gmail.com,45-54,West
C010627,2026-08-16,paid_social,yahoo.com,45-54,Southeast
C010586,2026-08-07,paid_social,gmail.com,35-44,West
C010321,2026-08-17,referral,yahoo.com,25-34,Midwest
C002324,2025-06-25,Podcast,gmail.com,35-44,Southwest
C007651,2026-04-08,paid_social,outlook.com,25-34,Southwest
C011003,2026-08-24,paid_social,gmail.com,55-64,Northeast
C001294,2025-04-29,Organic,gmail.com,25-34,Southwest
C009931,2026-07-02,paid_social,yahoo.com,55-64,Southwest
C010444,2026-08-21,paid_search,gmail.com,35-44,Northeast
C009067,2026-06-29,paid_social,outlook.com,45-54,Northeast
C002782,2025-07-31,Google Ads,outlook.com,45-54,Southwest
C006728,2026-03-22,paid_social,gmail.com,25-34,Midwest
C011232,2026-09-09,paid_social,gmail.com,25-34,Northeast
C010568,2026-08-06,,yahoo.com,45-54,Midwest
C003850,2025-09-21,Facebook Ads,gmail.com,55-64,Northeast
C007973,2026-05-28,paid_search,gmail.com,35-44,West
C011306,2026-09-02,paid_social,gmail.com,25-34,West
C008311,2026-05-05,paid_social,icloud.com,35-44,Southeast
C001941,2025-05-02,Google Ads,outlook.com,25-34,Southwest
C007364,2026-04-20,paid_social,gmail.com,55-64,Southwest
C005893,2026-02-21,referral,gmail.com,45-54,Southeast
C008895,2026-06-04,paid_social,gmail.com,55-64,West
C009610,2026-07-06,paid_search,comcast.net,45-54,Southeast
C006504,2026-03-26,paid_search,proton.me,25-34,Midwest
C003048,2025-08-27,Organic,icloud.com,25-34,Northeast
C008216,2026-05-26,paid_social,gmail.com,65+,Southwest
C002510,2025-07-04,Organic,yahoo.com,55-64,West
C007324,2026-04-29,paid_social,icloud.com,25-34,Midwest
C003929,2025-10-17,Organic,gmail.com,25-34,Southwest
C004862,2025-12-24,Organic,gmail.com,55-64,Northeast
C000976,2025-03-21,Referral Program,yahoo.com,35-44,Northeast
C005990,2026-02-27,podcast,gmail.com,25-34,Southeast
C002244,2025-06-14,Referral Program,gmail.com,45-54,Southeast
C002088,2025-05-16,Facebook Ads,hotmail.com,25-34,West
C005986,2026-02-05,podcast,yahoo.com,35-44,Southeast
C002575,2025-07-26,Organic,gmail.com,45-54,Southeast
C003047,2025-08-17,Organic,icloud.com,55-64,Midwest
C001384,2025-04-08,Organic,yahoo.com,55-64,Northeast
C001055,2025-03-29,Podcast,gmail.com,25-34,Midwest
C001008,2025-03-30,Referral Program,yahoo.com,35-44,Southwest
C008221,2026-05-21,paid_social,comcast.net,25-34,Southwest
C007760,2026-05-04,referral,yahoo.com,45-54,West
C002703,2025-07-31,Referral Program,outlook.com,45-54,Southeast
C000356,2025-01-12,Facebook Ads,gmail.com,45-54,Northeast
C011178,2026-09-09,paid_search,outlook.com,45-54,Southeast
C004707,2025-11-16,Google Ads,outlook.com,35-44,Northeast
C007645,2026-04-22,paid_social,comcast.net,35-44,Northeast
C000320,2025-01-05,Google Ads,gmail.com,35-44,Southeast
C009851,2026-07-06,paid_social,comcast.net,65+,West
C005245,2025-12-15,Facebook Ads,gmail.com,45-54,West
C010607,2026-08-02,paid_social,gmail.com,55-64,Midwest
C006103,2026-02-23,paid_search,gmail.com,45-54,West
C011360,2026-02-12,organic_search,harbormoney.com,35-44,Northeast
C006624,2026-03-25,paid_social,outlook.com,35-44,Northeast
C007731,2026-05-19,organic_search,yahoo.com,25-34,Midwest
C002477,2025-06-24,Facebook Ads,gmail.com,55-64,Midwest
C011147,2026-09-06,paid_search,outlook.com,25-34,Southwest
C003819,2025-09-13,Facebook Ads,gmail.com,25-34,Midwest
C003584,2025-09-27,Referral Program,outlook.com,35-44,West
C009737,2026-07-19,paid_social,gmail.com,45-54,Midwest
C005707,2026-01-10,Facebook Ads,gmail.com,55-64,Southeast
C005170,2025-12-06,Google Ads,gmail.com,35-44,Midwest
C001974,2025-05-06,Google Ads,gmail.com,25-34,Midwest
C006761,2026-03-31,paid_social,comcast.net,45-54,Midwest
C004774,2025-11-01,Facebook Ads,gmail.com,45-54,Southeast
C002525,2025-07-08,Organic,yahoo.com,35-44,Northeast
C000811,2025-02-04,Facebook Ads,gmail.com,25-34,Northeast
C002779,2025-07-09,Google Ads,yahoo.com,25-34,West
C002912,2025-07-13,Facebook Ads,gmail.com,35-44,Northeast
C011032,2026-09-02,organic_search,gmail.com,65+,Midwest
C001665,2025-04-09,Facebook Ads,gmail.com,35-44,Southwest
C008111,2026-05-09,paid_social,gmail.com,45-54,Midwest
C006506,2026-03-03,paid_search,gmail.com,55-64,Midwest
C009778,2026-07-14,paid_social,gmail.com,35-44,West
C011222,2026-09-11,paid_social,gmail.com,25-34,Northeast
C008768,2026-06-11,paid_search,gmail.com,45-54,Northeast
C008790,2026-06-09,paid_search,yahoo.com,35-44,Midwest
C002946,2025-08-20,Organic,outlook.com,25-34,Midwest
C000434,2025-02-06,Organic,hotmail.com,35-44,West
C001022,2025-03-24,Referral Program,yahoo.com,65+,Northeast
C000441,2025-02-02,Organic,icloud.com,35-44,Northeast
C001956,2025-05-22,Google Ads,yahoo.com,35-44,West
C010104,2026-07-02,paid_social,comcast.net,45-54,West
C007452,2026-04-29,paid_social,gmail.com,25-34,Southeast
C008525,2026-06-21,organic_search,gmail.com,45-54,Southeast
C001526,2025-04-25,Google Ads,outlook.com,35-44,Northeast
C000068,2025-01-03,Organic,yahoo.com,55-64,Midwest
C003852,2025-09-11,Facebook Ads,yahoo.com,45-54,Northeast
C008463,2026-06-07,organic_search,outlook.com,25-34,Southwest
C008072,2026-05-22,paid_social,yahoo.com,35-44,Midwest
C003370,2025-08-25,Facebook Ads,gmail.com,25-34,Southeast
C001131,2025-03-16,Google Ads,gmail.com,35-44,Northeast
C011383,2026-04-09,organic_search,harbormoney.com,55-64,Southeast
C006684,2026-03-18,paid_social,yahoo.com,55-64,West
C007197,2026-04-01,paid_search,gmail.com,25-34,Northeast
C009876,2026-07-20,paid_social,gmail.com,35-44,Midwest
C002771,2025-07-18,Podcast,gmail.com,35-44,Midwest
C005857,2026-02-10,organic_search,yahoo.com,35-44,Southeast
C005215,2025-12-23,Facebook Ads,gmail.com,35-44,Northeast
C007834,2026-05-04,referral,gmail.com,45-54,Southeast
C001735,2025-05-05,Organic,comcast.net,45-54,West
C001787,2025-05-09,Organic,gmail.com,35-44,Northeast
C006081,2026-02-05,paid_search,icloud.com,45-54,West
C003491,2025-09-19,Organic,icloud.com,35-44,Southwest
C001309,2025-04-25,Organic,gmail.com,55-64,West
C003211,2025-08-15,Podcast,gmail.com,25-34,West
C009720,2026-07-16,paid_social,gmail.com,35-44,Northeast
C003124,2025-08-19,Referral Program,gmail.com,45-54,West
C004141,2025-10-16,Podcast,gmail.com,25-34,West
C009233,2026-06-10,paid_social,gmail.com,45-54,Southeast
C011124,2026-09-05,podcast,hotmail.com,45-54,Midwest
C000780,2025-02-02,Facebook Ads,gmail.com,35-44,Northeast
C002667,2025-07-06,Referral Program,outlook.com,45-54,Northeast
C010182,2026-08-12,organic_search,gmail.com,35-44,West
C011205,2026-09-06,paid_social,hotmail.com,35-44,Southwest
C004571,2025-11-25,Referral Program,gmail.com,35-44,Midwest
C005547,2026-01-12,Podcast,gmail.com,35-44,Southeast
C000031,2025-01-15,Organic,outlook.com,35-44,Southwest
C010103,2026-07-24,paid_social,outlook.com,35-44,Midwest
C011257,2026-09-06,paid_social,gmail.com,35-44,Southwest
C006584,2026-03-08,paid_social,gmail.com,35-44,Midwest
C003099,2025-08-12,Referral Program,hotmail.com,45-54,Northeast
C002559,2025-07-15,Organic,gmail.com,35-44,Northeast
C004914,2025-12-13,Organic,comcast.net,35-44,Southwest
C003673,2025-09-04,Podcast,gmail.com,55-64,Northeast
C011052,2026-09-11,organic_search,gmail.com,25-34,Northeast
C008834,2026-06-11,paid_social,gmail.com,35-44,West
C008116,2026-05-04,paid_social,gmail.com,35-44,Southeast
C002407,2025-06-11,Google Ads,icloud.com,45-54,Southwest
C010017,2026-07-21,paid_social,comcast.net,55-64,Midwest
C007759,2026-05-05,referral,gmail.com,25-34,Southwest
C006682,2026-03-10,paid_social,gmail.com,25-34,West
C010132,2026-08-26,organic_search,comcast.net,55-64,Northeast
C004306,2025-10-10,Facebook Ads,gmail.com,55-64,West
C003631,2025-09-11,Podcast,comcast.net,45-54,Midwest
C002531,2025-07-10,Organic,outlook.com,25-34,Northeast
C008357,2026-05-18,paid_social,gmail.com,45-54,Southwest
C000261,2025-01-11,Google Ads,gmail.com,55-64,West
C004975,2025-12-16,Referral Program,gmail.com,45-54,Southeast
C006392,2026-03-28,referral,proton.me,35-44,Southwest
C009323,2026-07-02,organic_search,gmail.com,35-44,West
C007787,2026-05-28,referral,gmail.com,45-54,Midwest
C004144,2025-10-02,Podcast,gmail.com,35-44,Southeast
C009282,2026-06-17,paid_social,comcast.net,35-44,Northeast
C008430,2026-06-25,organic_search,comcast.net,35-44,Midwest
C002811,2025-07-06,Google Ads,outlook.com,35-44,Southwest
C001101,2025-03-23,Google Ads,gmail.com,45-54,West
C004990,2025-12-22,Referral Program,yahoo.com,55-64,Southeast
C008297,2026-05-18,paid_social,gmail.com,65+,Midwest
C008296,2026-05-01,paid_social,gmail.com,35-44,Southwest
C010204,2026-08-12,organic_search,gmail.com,65+,Northeast
C003062,2025-08-14,Organic,gmail.com,25-34,Northeast
C003695,2025-09-17,Google Ads,outlook.com,45-54,Southeast
C004108,2025-10-21,Podcast,gmail.com,35-44,Southwest
C000548,2025-02-20,Referral Program,outlook.com,35-44,Northeast
C010894,2026-08-01,paid_social,icloud.com,35-44,Northeast
C008350,2026-05-30,paid_social,hotmail.com,55-64,Midwest
C003108,2025-08-03,Referral Program,comcast.net,45-54,Southeast
C000540,2025-02-03,Referral Program,gmail.com,45-54,Northeast
C000641,2025-02-10,Podcast,hotmail.com,45-54,Southeast
C001553,2025-04-09,Google Ads,yahoo.com,35-44,Midwest
C011194,2026-09-06,paid_social,gmail.com,55-64,West
C003727,2025-09-24,Google Ads,gmail.com,25-34,Northeast
C003853,2025-09-21,Facebook Ads,gmail.com,35-44,West
C008104,2026-05-03,paid_social,icloud.com,45-54,Southwest
C005039,2025-12-25,Referral Program,yahoo.com,55-64,Northeast
C003991,2025-10-18,Organic,comcast.net,45-54,West
C011443,2026-08-08,organic_search,harbormoney.com,55-64,West
C008398,2026-05-13,paid_social,gmail.com,45-54,Southeast
C008711,2026-06-22,paid_search,gmail.com,55-64,Northeast
C004312,2025-10-10,Facebook Ads,yahoo.com,35-44,Northeast
C009626,2026-07-30,paid_search,outlook.com,55-64,Southeast
C004211,2025-10-28,Google Ads,gmail.com,65+,Southeast
C006628,2026-03-12,paid_social,proton.me,65+,Southwest
C009771,2026-07-12,paid_social,icloud.com,55-64,Southwest
C007647,2026-04-21,paid_social,yahoo.com,55-64,Southwest
C010411,2026-08-03,podcast,gmail.com,25-34,Midwest
C005752,2026-02-15,organic_search,gmail.com,35-44,Midwest
C008547,2026-06-22,referral,icloud.com,35-44,Southeast
C000273,2025-01-28,Google Ads,gmail.com,65+,Northeast
C010847,2026-08-09,paid_social,gmail.com,45-54,Midwest
C011345,2025-01-23,Organic,harbormoney.com,35-44,Midwest
C007835,2026-05-22,podcast,gmail.com,45-54,West
C001413,2025-04-14,,gmail.com,35-44,West
C003446,2025-09-13,Organic,yahoo.com,45-54,Northeast
C006875,2026-04-27,organic_search,gmail.com,35-44,Southeast
C003652,2025-09-01,Podcast,yahoo.com,25-34,West
C006017,2026-02-14,podcast,yahoo.com,25-34,Southeast
C010966,2026-08-12,paid_social,outlook.com,55-64,Northeast
C000902,2025-03-31,Organic,gmail.com,55-64,West
C010931,2026-08-29,paid_social,gmail.com,35-44,Southeast
C006296,2026-03-23,organic_search,gmail.com,65+,Midwest
C009412,2026-07-20,organic_search,hotmail.com,45-54,Midwest
C009028,2026-06-06,paid_social,gmail.com,55-64,Northeast
C009650,2026-07-24,paid_search,hotmail.com,35-44,Northeast
C007838,2026-05-06,podcast,gmail.com,45-54,Northeast
C003667,2025-09-01,Podcast,comcast.net,35-44,Southwest
C004347,2025-11-12,Organic,gmail.com,25-34,Southwest
C002526,2025-07-09,Organic,gmail.com,45-54,Northeast
C008675,2026-06-23,podcast,yahoo.com,65+,Southwest
C000956,2025-03-10,Referral Program,gmail.com,35-44,Northeast
C008739,2026-06-11,paid_search,gmail.com,55-64,West
C003281,2025-08-12,Google Ads,gmail.com,45-54,West
C010547,2026-08-21,paid_search,outlook.com,45-54,Southwest
C005646,2026-01-25,Google Ads,gmail.com,55-64,Southwest
C006635,2026-03-17,paid_social,hotmail.com,35-44,West
C001710,2025-05-08,Organic,gmail.com,25-34,Midwest
C010277,2026-08-23,referral,gmail.com,45-54,Southeast
C003082,2025-08-21,Referral Program,yahoo.com,35-44,Northeast
C011359,2026-08-19,organic_search,harbormoney.com,45-54,Midwest
C011435,2025-12-18,Organic,harbormoney.com,65+,Northeast
C000881,2025-03-27,Organic,gmail.com,35-44,Southwest
C001725,2025-05-08,Organic,hotmail.com,55-64,Midwest
C008434,2026-06-26,organic_search,gmail.com,55-64,Southeast
C002896,2025-07-06,Facebook Ads,yahoo.com,35-44,Southeast
C009647,2026-07-09,paid_search,gmail.com,25-34,Northeast
C009456,2026-07-02,referral,gmail.com,65+,Northeast
C007515,2026-04-13,paid_social,hotmail.com,45-54,West
C005759,2026-02-20,organic_search,outlook.com,65+,Southwest
C004767,2025-11-15,Facebook Ads,gmail.com,25-34,Southeast
C004172,2025-10-15,Google Ads,gmail.com,35-44,Midwest
C006356,2026-03-28,referral,outlook.com,45-54,Northeast
C001376,2025-04-30,Organic,icloud.com,35-44,Southeast
C000794,2025-02-22,Facebook Ads,icloud.com,45-54,Northeast
C009866,2026-07-23,paid_social,gmail.com,45-54,Southeast
C004729,2025-11-13,Facebook Ads,proton.me,45-54,Northeast
C007646,2026-04-02,paid_social,outlook.com,25-34,West
C009831,2026-07-05,paid_social,yahoo.com,25-34,Southeast
C008713,2026-06-01,paid_search,gmail.com,25-34,Midwest
C005086,2025-12-02,Podcast,proton.me,65+,West
C002229,2025-06-05,Referral Program,yahoo.com,45-54,Southeast
C002856,2025-07-20,Google Ads,hotmail.com,35-44,Midwest
C005276,2025-12-01,Facebook Ads,hotmail.com,55-64,Midwest
C003195,2025-08-05,Podcast,gmail.com,35-44,Southeast
C011128,2026-09-13,podcast,gmail.com,25-34,Southwest
C004732,2025-11-16,Facebook Ads,gmail.com,35-44,Northeast
C005410,2026-01-03,Organic,gmail.com,45-54,Northeast
C006615,2026-03-13,paid_social,hotmail.com,35-44,Midwest
C010356,2026-08-10,referral,gmail.com,55-64,West
C009949,2026-07-12,paid_social,icloud.com,45-54,Southwest
C000702,2025-02-24,Google Ads,comcast.net,45-54,Southeast
C011433,2025-11-23,Organic,harbormoney.com,35-44,Northeast
C007169,2026-04-03,paid_search,gmail.com,45-54,West
C009975,2026-07-29,paid_social,comcast.net,55-64,West
C000929,2025-03-06,Organic,gmail.com,45-54,Southeast
C001822,2025-05-16,Referral Program,gmail.com,25-34,West
C007220,2026-04-25,,gmail.com,55-64,Northeast
C006773,2026-03-17,paid_social,hotmail.com,25-34,Northeast
C007337,2026-04-18,paid_social,icloud.com,45-54,Southwest
C002395,2025-06-11,Google Ads,hotmail.com,25-34,Midwest
C007527,2026-04-13,paid_social,hotmail.com,25-34,Midwest
C007874,2026-05-02,podcast,proton.me,25-34,Midwest
C005231,2025-12-08,Facebook Ads,proton.me,35-44,Southeast
C010888,2026-08-04,paid_social,proton.me,45-54,Midwest
C002490,2025-06-20,Facebook Ads,proton.me,35-44,West
C006707,2026-03-20,paid_social,comcast.net,35-44,Northeast
C001394,2025-04-11,Referral Program,gmail.com,55-64,Southwest
C008799,2026-06-14,paid_search,hotmail.com,55-64,West
C006316,2026-03-18,organic_search,gmail.com,55-64,Southeast
C004512,2025-11-26,Referral Program,gmail.com,25-34,Midwest
C002781,2025-07-24,Google Ads,gmail.com,35-44,West
C002086,2025-05-14,Facebook Ads,gmail.com,45-54,Southeast
C002827,2025-07-19,Google Ads,gmail.com,25-34,West
C000278,2025-01-20,Google Ads,yahoo.com,25-34,Southeast
C004204,2025-10-14,Google Ads,gmail.com,55-64,Southeast
C009440,2026-07-14,referral,yahoo.com,55-64,Midwest
C006715,2026-03-29,paid_social,gmail.com,45-54,Southwest
C004520,2025-11-13,Referral Program,hotmail.com,25-34,Southwest
C007501,2026-04-29,paid_social,yahoo.com,45-54,Southwest
C010302,2026-08-16,,gmail.com,55-64,Northeast
C003515,2025-09-16,Organic,gmail.com,35-44,Northeast
C001908,2025-05-23,Podcast,gmail.com,25-34,West
C005227,2025-12-29,Facebook Ads,yahoo.com,55-64,West
C006264,2026-03-10,organic_search,gmail.com,35-44,West
C002998,2025-08-18,Organic,gmail.com,45-54,Southwest
C010466,2026-08-05,paid_search,gmail.com,45-54,Midwest
C009604,2026-07-16,paid_search,outlook.com,35-44,Northeast
C001554,2025-04-28,Google Ads,gmail.com,25-34,Northeast
C008439,2026-06-05,organic_search,icloud.com,25-34,Midwest
C000263,2025-01-20,Google Ads,gmail.com,25-34,West
C006019,2026-02-16,paid_search,gmail.com,25-34,Southeast
C007323,2026-04-13,paid_social,hotmail.com,35-44,Southwest
C002361,2025-06-02,,outlook.com,35-44,Southeast
C003784,2025-09-17,Facebook Ads,gmail.com,35-44,Southwest
C001085,2025-03-06,Google Ads,gmail.com,35-44,West
C003698,2025-09-07,Google Ads,gmail.com,35-44,West
C004991,2025-12-05,Referral Program,gmail.com,55-64,Northeast
C003738,2025-09-25,Google Ads,gmail.com,65+,Southeast
C006482,2026-03-26,podcast,gmail.com,35-44,Northeast
C007956,2026-05-30,paid_search,yahoo.com,35-44,West
C004190,2025-10-29,Google Ads,gmail.com,55-64,Southeast
C010629,2026-08-21,paid_social,gmail.com,25-34,Midwest
C004059,2025-10-10,Referral Program,yahoo.com,45-54,Midwest
C000744,2025-02-24,Facebook Ads,gmail.com,35-44,Northeast
C001859,2025-05-15,Referral Program,hotmail.com,35-44,West
C005098,2025-12-01,Podcast,icloud.com,45-54,Midwest
C008838,2026-06-23,paid_social,yahoo.com,45-54,Northeast
C008390,2026-05-29,paid_social,gmail.com,35-44,Southeast
C000042,2025-01-10,Organic,gmail.com,35-44,Northeast
C002693,2025-07-31,Referral Program,gmail.com,45-54,Northeast
C005524,2026-01-08,Podcast,gmail.com,55-64,Midwest
C008358,2026-05-30,paid_social,outlook.com,35-44,Southwest
C006776,2026-03-18,paid_social,gmail.com,35-44,West
C005363,2026-01-27,Organic,yahoo.com,35-44,Southeast
C007236,2026-04-21,paid_search,yahoo.com,25-34,Southwest
C008388,2026-05-17,paid_social,gmail.com,35-44,Midwest
C000357,2025-01-16,Facebook Ads,yahoo.com,45-54,Northeast
C001579,2025-04-28,Google Ads,hotmail.com,25-34,Northeast
C000060,2025-01-09,Organic,gmail.com,35-44,Midwest
C008288,2026-05-06,paid_social,gmail.com,25-34,West
C010218,2026-08-09,organic_search,outlook.com,55-64,Southeast
C001095,2025-03-08,Google Ads,gmail.com,65+,Northeast
C002113,2025-06-23,Organic,outlook.com,45-54,West
C003512,2025-09-06,,gmail.com,25-34,West
C000863,2025-03-21,Organic,gmail.com,45-54,Northeast
C003576,2025-09-30,Referral Program,icloud.com,35-44,Northeast
C000992,2025-03-17,Referral Program,gmail.com,35-44,Northeast
C002752,2025-07-19,Podcast,gmail.com,25-34,West
C001178,2025-03-31,Facebook Ads,gmail.com,45-54,Midwest
C006270,2026-03-14,organic_search,proton.me,55-64,Southeast
C004700,2025-11-03,Google Ads,gmail.com,45-54,West
C004992,2025-12-19,Referral Program,gmail.com,45-54,Midwest
C002507,2025-07-11,Organic,gmail.com,35-44,Southeast
C002070,2025-05-15,Facebook Ads,yahoo.com,35-44,Southwest
C003666,2025-09-19,Podcast,yahoo.com,55-64,Southwest
C007608,2026-04-17,paid_social,outlook.com,35-44,West
C011381,2025-08-20,Organic,harbormoney.com,35-44,Southeast
C005995,2026-02-03,podcast,comcast.net,45-54,Southwest
C001940,2025-05-29,Podcast,gmail.com,25-34,Southeast
C007295,2026-04-11,paid_social,yahoo.com,45-54,Northeast
C011190,2026-09-02,paid_social,proton.me,45-54,Northeast
C002724,2025-07-19,Podcast,yahoo.com,25-34,Southwest
C003220,2025-08-29,Google Ads,hotmail.com,35-44,Southeast
C003952,2025-10-25,Organic,gmail.com,35-44,Southeast
C004396,2025-11-10,Organic,icloud.com,45-54,West
C007723,2026-05-12,organic_search,icloud.com,45-54,Northeast
C008753,2026-06-16,paid_search,yahoo.com,35-44,Northeast
C001280,2025-04-27,Organic,gmail.com,25-34,Northeast
C005412,2026-01-16,Organic,icloud.com,35-44,Southwest
C007281,2026-04-30,paid_social,gmail.com,25-34,Northeast
C006226,2026-03-28,organic_search,gmail.com,35-44,West
C007245,2026-04-28,paid_search,gmail.com,35-44,Southeast
C010636,2026-08-18,paid_social,yahoo.com,35-44,West
C003270,2025-08-13,Google Ads,gmail.com,45-54,Northeast
C010284,2026-08-18,referral,gmail.com,35-44,Southwest
C009695,2026-07-30,paid_social,comcast.net,35-44,Southwest
C002354,2025-06-23,Google Ads,outlook.com,35-44,Southwest
C000411,2025-02-21,Organic,gmail.com,25-34,Southeast
C000890,2025-03-04,Organic,gmail.com,35-44,Southeast
C010050,2026-07-23,paid_social,gmail.com,55-64,Northeast
C010385,2026-08-22,podcast,gmail.com,35-44,Northeast
C000076,2025-01-25,Organic,gmail.com,35-44,Midwest
C009471,2026-07-05,referral,gmail.com,25-34,Southwest
C002926,2025-07-25,,gmail.com,45-54,Midwest
C006620,2026-03-05,paid_social,gmail.com,25-34,Northeast
C011296,2026-09-09,paid_social,gmail.com,55-64,Southwest
C000098,2025-01-30,Organic,gmail.com,25-34,Southwest
C008003,2026-05-22,,gmail.com,35-44,Southwest
C000803,2025-02-18,Facebook Ads,outlook.com,35-44,Midwest
C001064,2025-03-16,Podcast,yahoo.com,35-44,Southeast
C006548,2026-03-14,paid_search,gmail.com,35-44,Northeast
C003831,2025-09-13,Facebook Ads,icloud.com,45-54,Northeast
C005775,2026-02-20,organic_search,gmail.com,45-54,Midwest
C005078,2025-12-29,Podcast,outlook.com,25-34,Midwest
C007920,2026-05-26,paid_search,hotmail.com,25-34,Northeast
C008482,2026-06-01,organic_search,gmail.com,55-64,Midwest
C006948,2026-04-25,organic_search,gmail.com,55-64,Midwest
C009932,2026-07-30,paid_social,comcast.net,25-34,West
C003146,2025-08-25,,yahoo.com,45-54,Midwest
C005158,2025-12-22,Google Ads,yahoo.com,25-34,West
C008089,2026-05-17,paid_social,gmail.com,65+,Southeast
C006670,2026-03-31,paid_social,gmail.com,35-44,West
C001644,2025-04-11,Facebook Ads,gmail.com,45-54,Northeast
C006016,2026-02-12,podcast,gmail.com,35-44,Northeast
C005375,2026-01-12,Organic,gmail.com,35-44,West
C009696,2026-07-17,paid_social,outlook.com,35-44,Northeast
C009816,2026-07-15,paid_social,proton.me,65+,Midwest
C000719,2025-02-06,Google Ads,gmail.com,45-54,Northeast
C004189,2025-10-07,Google Ads,gmail.com,45-54,Southeast
C010820,2026-08-02,paid_social,proton.me,25-34,Northeast
C004954,2025-12-27,Referral Program,icloud.com,45-54,Northeast
C009132,2026-06-08,paid_social,gmail.com,45-54,Southwest
C011352,2025-02-10,Organic,harbormoney.com,25-34,Northeast
C002466,2025-06-26,Facebook Ads,gmail.com,35-44,West
C005115,2025-12-17,Google Ads,yahoo.com,35-44,Southwest
C008188,2026-05-07,paid_social,gmail.com,65+,West
C000978,2025-03-24,Referral Program,comcast.net,35-44,Southeast
C009765,2026-07-07,paid_social,gmail.com,25-34,Midwest
C006992,2026-04-14,organic_search,gmail.com,25-34,Southwest
C008559,2026-06-06,referral,gmail.com,45-54,Northeast
C000922,2025-03-11,Organic,yahoo.com,45-54,Northeast
C005470,2026-01-31,Referral Program,icloud.com,55-64,Midwest
C001811,2025-05-14,Organic,gmail.com,25-34,Northeast
C004005,2025-10-07,,gmail.com,25-34,Northeast
C003310,2025-08-06,Google Ads,gmail.com,25-34,Northeast
C006329,2026-03-09,organic_search,gmail.com,25-34,Southwest
C006303,2026-03-18,organic_search,gmail.com,45-54,Northeast
C002611,2025-07-10,Organic,outlook.com,55-64,Midwest
C009481,2026-07-13,referral,gmail.com,45-54,Northeast
C000253,2025-01-13,Google Ads,gmail.com,35-44,Northeast
C005446,2026-01-27,Referral Program,gmail.com,55-64,Southeast
C005758,2026-02-15,organic_search,hotmail.com,65+,West
C009333,2026-07-11,organic_search,yahoo.com,55-64,Northeast
C005433,2026-01-06,Referral Program,yahoo.com,45-54,Southwest
C009780,2026-07-31,paid_social,outlook.com,55-64,Midwest
C008659,2026-06-05,podcast,gmail.com,45-54,Midwest
C009413,2026-07-04,organic_search,icloud.com,35-44,Northeast
C002739,2025-07-09,Podcast,yahoo.com,35-44,Southeast
C008817,2026-06-19,paid_social,outlook.com,35-44,Midwest
C000598,2025-02-12,Podcast,gmail.com,45-54,Midwest
C011053,2026-09-11,organic_search,gmail.com,35-44,Southwest
C004151,2025-10-23,Podcast,yahoo.com,45-54,Northeast
C002278,2025-06-29,Podcast,gmail.com,35-44,Southeast
C006800,2026-03-15,paid_social,gmail.com,35-44,Southeast
C008669,2026-06-24,podcast,icloud.com,55-64,Northeast
C007085,2026-04-25,referral,gmail.com,45-54,Northeast
C000140,2025-01-15,Referral Program,gmail.com,55-64,West
C004219,2025-10-30,Google Ads,gmail.com,45-54,West
C009361,2026-07-08,organic_search,gmail.com,35-44,Southeast
C004716,2025-11-03,Google Ads,gmail.com,55-64,Midwest
C004644,2025-11-27,Google Ads,comcast.net,45-54,West
C010890,2026-08-12,paid_social,gmail.com,35-44,West
C006725,2026-03-16,paid_social,outlook.com,65+,West
C001321,2025-04-08,Organic,outlook.com,35-44,Midwest
C002015,2025-05-04,Google Ads,gmail.com,35-44,West
C007861,2026-05-14,podcast,gmail.com,25-34,West
C004833,2025-12-11,Organic,gmail.com,35-44,West
C001407,2025-04-28,Referral Program,gmail.com,25-34,Southeast
C004002,2025-10-16,Organic,gmail.com,35-44,Midwest
C007332,2026-04-30,paid_social,hotmail.com,45-54,Northeast
C004426,2025-11-12,Organic,gmail.com,25-34,Northeast
C006172,2026-02-20,paid_social,gmail.com,35-44,West
C010738,2026-08-08,paid_social,gmail.com,35-44,Southeast
C005336,2026-01-15,Organic,gmail.com,35-44,Northeast
C003542,2025-09-09,Referral Program,yahoo.com,55-64,Southeast
C003414,2025-09-01,Organic,gmail.com,25-34,Southeast
C000090,2025-01-09,Organic,gmail.com,25-34,Southeast
C003167,2025-08-23,Podcast,gmail.com,55-64,Midwest
C000035,2025-01-15,Organic,icloud.com,35-44,West
C001455,2025-04-28,Podcast,proton.me,25-34,Midwest
C002305,2025-06-21,Podcast,gmail.com,45-54,West
C002631,2025-07-23,Organic,gmail.com,25-34,Northeast
C011040,2026-09-07,organic_search,gmail.com,35-44,Southeast
C007475,2026-04-19,paid_social,hotmail.com,55-64,West
C006360,2026-03-08,referral,gmail.com,55-64,Southwest
C010392,2026-08-22,podcast,proton.me,35-44,Southwest
C004487,2025-11-10,Organic,gmail.com,35-44,Southeast
C004606,2025-11-03,Podcast,yahoo.com,45-54,Midwest
C000770,2025-02-22,Facebook Ads,yahoo.com,45-54,Southeast
C010127,2026-08-19,organic_search,yahoo.com,35-44,West
C008983,2026-06-12,paid_social,outlook.com,35-44,Midwest
C009031,2026-06-04,paid_social,proton.me,25-34,Northeast
C005634,2026-01-29,Google Ads,gmail.com,55-64,Midwest
C002639,2025-07-07,Referral Program,yahoo.com,35-44,Northeast
C000706,2025-02-11,Google Ads,gmail.com,35-44,Midwest
C006931,2026-04-19,organic_search,gmail.com,25-34,West
C007119,2026-04-20,podcast,hotmail.com,25-34,Northeast
C005958,2026-02-14,podcast,comcast.net,25-34,West
C007888,2026-05-24,podcast,gmail.com,35-44,Northeast
C005334,2026-01-15,Organic,gmail.com,35-44,Northeast
C005176,2025-12-28,Google Ads,gmail.com,35-44,Midwest
C008783,2026-06-09,paid_search,gmail.com,55-64,Midwest
C006385,2026-03-18,referral,icloud.com,45-54,Southeast
C005979,2026-02-22,podcast,gmail.com,65+,Southeast
C006810,2026-03-30,paid_social,gmail.com,25-34,Midwest
C003900,2025-10-02,Organic,icloud.com,35-44,Southeast
C005109,2025-12-12,Google Ads,outlook.com,45-54,Midwest
C005528,2026-01-18,Podcast,yahoo.com,35-44,Northeast
C003192,2025-08-06,Podcast,yahoo.com,45-54,Southeast
C000743,2025-02-19,Facebook Ads,gmail.com,25-34,Northeast
C007671,2026-05-05,organic_search,yahoo.com,45-54,Northeast
C001107,2025-03-11,Google Ads,gmail.com,35-44,Midwest
C003303,2025-08-30,Google Ads,gmail.com,45-54,Northeast
C009788,2026-07-23,paid_social,yahoo.com,35-44,Midwest
C004948,2025-12-16,Organic,gmail.com,25-34,Northeast
C000534,2025-02-15,Referral Program,gmail.com,45-54,West
C001289,2025-04-05,Organic,gmail.com,65+,Southwest
C005096,2025-12-21,Podcast,icloud.com,45-54,Northeast
C002652,2025-07-06,Referral Program,proton.me,45-54,Southwest
C004412,2025-11-04,Organic,outlook.com,25-34,Northeast
C000696,2025-02-21,Google Ads,outlook.com,35-44,Southwest
C007491,2026-04-03,paid_social,gmail.com,35-44,Northeast
C000202,2025-01-10,Podcast,outlook.com,35-44,West
C006419,2026-03-07,podcast,yahoo.com,35-44,West
C002577,2025-07-01,Organic,gmail.com,45-54,West
C002505,2025-07-20,Organic,outlook.com,35-44,Southeast
C000260,2025-01-14,Google Ads,icloud.com,35-44,Midwest
C008765,2026-06-18,paid_search,outlook.com,35-44,Northeast
C001223,2025-03-25,Facebook Ads,gmail.com,25-34,Southwest
C004462,2025-11-07,Organic,outlook.com,45-54,Northeast
C008074,2026-05-19,paid_social,yahoo.com,45-54,Southwest
C006906,2026-04-23,organic_search,proton.me,25-34,Midwest
C005399,2026-01-19,Organic,yahoo.com,45-54,Midwest
C001640,2025-04-11,Facebook Ads,yahoo.com,25-34,Northeast
C001496,2025-04-11,Podcast,yahoo.com,65+,West
C007004,2026-04-23,organic_search,gmail.com,35-44,Southeast
C005918,2026-02-23,referral,outlook.com,35-44,Midwest
C001982,2025-05-19,Google Ads,gmail.com,35-44,Southeast
C005488,2026-01-29,Referral Program,comcast.net,25-34,Northeast
C007902,2026-05-19,paid_search,hotmail.com,35-44,Southeast
C003675,2025-09-24,Podcast,gmail.com,25-34,Midwest
C007091,2026-04-05,podcast,icloud.com,35-44,Midwest
C002898,2025-07-11,Facebook Ads,gmail.com,45-54,Midwest
C004514,2025-11-24,Referral Program,gmail.com,35-44,West
C004502,2025-11-19,Referral Program,yahoo.com,45-54,Midwest
C004451,2025-11-15,Organic,gmail.com,25-34,Northeast
C009895,2026-07-02,paid_social,comcast.net,35-44,Southwest
C006100,2026-02-20,paid_search,icloud.com,45-54,West
C010217,2026-08-31,organic_search,icloud.com,45-54,Northeast
C009854,2026-07-05,,comcast.net,45-54,West
C007910,2026-05-06,paid_search,yahoo.com,25-34,Northeast
C002825,2025-07-10,Google Ads,outlook.com,65+,Northeast
C004214,2025-10-08,Google Ads,hotmail.com,35-44,Southeast
C008863,2026-06-01,paid_social,gmail.com,25-34,Southwest
C002915,2025-07-23,Facebook Ads,gmail.com,25-34,Northeast
C009937,2026-07-15,paid_social,gmail.com,25-34,Southwest
C002160,2025-06-09,Organic,comcast.net,35-44,Southwest
C002274,2025-06-18,Podcast,gmail.com,35-44,West
C001659,2025-04-07,Facebook Ads,proton.me,55-64,West
C010571,2026-08-28,paid_social,gmail.com,45-54,Northeast
C003243,2025-08-09,Google Ads,hotmail.com,25-34,Southeast
C002099,2025-05-12,Facebook Ads,gmail.com,35-44,Midwest
C000819,2025-02-15,Facebook Ads,outlook.com,25-34,West
C000773,2025-02-22,Facebook Ads,gmail.com,25-34,West
C002013,2025-05-24,Google Ads,gmail.com,45-54,Northeast
C007272,2026-04-29,paid_social,gmail.com,45-54,Southeast
C002806,2025-07-22,Google Ads,gmail.com,55-64,Midwest
C011016,2026-09-14,organic_search,gmail.com,35-44,Southwest
C004525,2025-11-19,Referral Program,gmail.com,45-54,Southeast
C010004,2026-07-09,paid_social,outlook.com,35-44,Northeast
C003692,2025-09-13,Google Ads,yahoo.com,25-34,Southeast
C002858,2025-07-30,,gmail.com,45-54,Southeast
C003628,2025-09-13,Podcast,proton.me,25-34,Southwest
C004648,2025-11-29,Google Ads,gmail.com,45-54,Midwest
C010705,2026-08-08,paid_social,gmail.com,35-44,Southwest
C005871,2026-02-08,organic_search,gmail.com,35-44,West
C000504,2025-02-17,Organic,gmail.com,45-54,West
C002174,2025-06-14,Organic,gmail.com,45-54,Midwest
C001250,2025-03-23,Facebook Ads,outlook.com,35-44,Southwest
C004952,2025-12-12,Referral Program,yahoo.com,35-44,Midwest
C006207,2026-03-15,organic_search,yahoo.com,25-34,West
C007440,2026-04-29,paid_social,gmail.com,35-44,Midwest
C004036,2025-10-08,Referral Program,icloud.com,35-44,Northeast
C010073,2026-07-08,paid_social,gmail.com,35-44,West
C003333,2025-08-13,Facebook Ads,gmail.com,25-34,Southwest
C000746,2025-02-18,Facebook Ads,gmail.com,25-34,Southwest
C006960,2026-04-11,organic_search,gmail.com,25-34,West
C004154,2025-10-17,Podcast,gmail.com,35-44,Southeast
C011434,2025-07-31,Organic,harbormoney.com,35-44,Southwest
C008992,2026-06-23,paid_social,gmail.com,25-34,Southeast
C006158,2026-02-19,paid_social,comcast.net,35-44,West
C001868,2025-05-22,Referral Program,yahoo.com,45-54,Southeast
C001109,2025-03-13,Google Ads,outlook.com,45-54,Southeast
C001524,2025-04-18,Google Ads,gmail.com,35-44,Southeast
C006638,2026-03-07,paid_social,comcast.net,35-44,Midwest
C003322,2025-08-27,Google Ads,gmail.com,65+,Midwest
C006153,2026-02-04,paid_social,comcast.net,25-34,Midwest
C000074,2025-01-25,Organic,gmail.com,25-34,Northeast
C002328,2025-06-09,Podcast,icloud.com,45-54,Southeast
C008616,2026-06-09,referral,yahoo.com,35-44,Southeast
C002485,2025-06-27,Facebook Ads,gmail.com,35-44,Northeast
C007448,2026-04-18,paid_social,proton.me,25-34,West
C004611,2025-11-30,Podcast,gmail.com,55-64,West
C003883,2025-10-04,Organic,outlook.com,25-34,Northeast
C007421,2026-04-30,paid_social,proton.me,35-44,Southwest
C002491,2025-06-01,Facebook Ads,gmail.com,25-34,Southeast
C002192,2025-06-09,Organic,hotmail.com,25-34,Northeast
C007890,2026-05-05,podcast,outlook.com,45-54,Southwest
C007604,2026-04-12,paid_social,icloud.com,35-44,West
C003835,2025-09-13,Facebook Ads,yahoo.com,35-44,Northeast
C011336,2026-09-07,paid_social,yahoo.com,25-34,Southeast
C005048,2025-12-16,Podcast,gmail.com,45-54,Midwest
C001517,2025-04-26,Google Ads,comcast.net,45-54,Northeast
C004874,2025-12-02,Organic,gmail.com,45-54,West
C001020,2025-03-12,Referral Program,icloud.com,25-34,Southeast
C007901,2026-05-15,paid_search,outlook.com,35-44,Midwest
C005323,2026-01-20,Organic,yahoo.com,45-54,Northeast
C007446,2026-04-30,paid_social,gmail.com,25-34,Northeast
C002266,2025-06-15,,gmail.com,35-44,Southeast
C002311,2025-06-26,Podcast,gmail.com,45-54,Northeast
C001220,2025-03-06,Facebook Ads,outlook.com,25-34,West
C007088,2026-04-14,podcast,gmail.com,35-44,Midwest
C004918,2025-12-29,Organic,gmail.com,55-64,Midwest
C007021,2026-04-12,organic_search,gmail.com,25-34,Northeast
C009251,2026-06-11,paid_social,gmail.com,55-64,Northeast
C001068,2025-03-15,Podcast,icloud.com,35-44,Southwest
C002442,2025-06-29,Facebook Ads,yahoo.com,35-44,Southwest
C007397,2026-04-03,paid_social,hotmail.com,25-34,Southwest
C010243,2026-08-29,organic_search,gmail.com,35-44,Northeast
C001164,2025-03-18,Google Ads,gmail.com,35-44,Southeast
C000860,2025-03-08,Organic,gmail.com,35-44,Northeast
C006395,2026-03-04,referral,outlook.com,35-44,West
C001513,2025-04-02,Google Ads,gmail.com,45-54,Northeast
C008728,2026-06-04,paid_search,hotmail.com,35-44,Northeast
C009403,2026-07-16,organic_search,gmail.com,35-44,West
C004471,2025-11-14,Organic,yahoo.com,45-54,Northeast
C007810,2026-05-02,referral,hotmail.com,55-64,Southwest
C002370,2025-06-12,Google Ads,gmail.com,45-54,Northeast
C006809,2026-03-11,paid_social,proton.me,25-34,Northeast
C003681,2025-09-04,Google Ads,outlook.com,25-34,Northeast
C005035,2025-12-22,Referral Program,gmail.com,45-54,West
C002657,2025-07-19,Referral Program,comcast.net,35-44,Southwest
C003855,2025-09-09,Facebook Ads,yahoo.com,25-34,West
C010341,2026-08-04,referral,gmail.com,25-34,Southeast
C004373,2025-11-16,Organic,yahoo.com,35-44,Northeast
C006143,2026-02-06,paid_social,gmail.com,45-54,Southwest
C010625,2026-08-03,paid_social,gmail.com,35-44,West
C011370,2025-09-25,Organic,harbormoney.com,35-44,Southeast
C010153,2026-08-22,organic_search,yahoo.com,35-44,Southwest
C011375,2026-05-21,organic_search,harbormoney.com,25-34,Southwest
C000628,2025-02-17,Podcast,gmail.com,45-54,West
C002170,2025-06-07,Organic,comcast.net,45-54,Midwest
C000573,2025-02-21,Referral Program,gmail.com,55-64,Northeast
C001796,2025-05-05,Organic,yahoo.com,25-34,West
C003094,2025-08-27,Referral Program,gmail.com,35-44,Southwest
C010353,2026-08-04,referral,gmail.com,45-54,Southeast
C007120,2026-04-03,podcast,gmail.com,35-44,Northeast
C005817,2026-02-03,organic_search,outlook.com,35-44,Midwest
C006583,2026-03-18,paid_search,gmail.com,55-64,Southeast
C001337,2025-04-21,Organic,gmail.com,35-44,Northeast
C004314,2025-10-11,Facebook Ads,gmail.com,45-54,West
C006730,2026-03-27,paid_social,gmail.com,35-44,West
C006880,2026-04-10,organic_search,gmail.com,65+,Southeast
C009808,2026-07-22,paid_social,gmail.com,45-54,Southwest
C007127,2026-04-13,podcast,hotmail.com,55-64,Southeast
C002832,2025-07-21,Google Ads,gmail.com,35-44,Southwest
C007015,2026-04-29,organic_search,gmail.com,45-54,Southwest
C008470,2026-06-16,organic_search,comcast.net,35-44,Northeast
C007548,2026-04-14,paid_social,gmail.com,35-44,West
C003234,2025-08-24,Google Ads,gmail.com,25-34,Southwest
C000083,2025-01-12,Organic,gmail.com,35-44,Southeast
C002271,2025-06-18,Podcast,gmail.com,45-54,Southwest
C001182,2025-03-25,Facebook Ads,gmail.com,35-44,Midwest
C010869,2026-08-11,paid_social,gmail.com,55-64,Midwest
C007555,2026-04-11,paid_social,icloud.com,35-44,West
C003236,2025-08-22,Google Ads,gmail.com,55-64,Northeast
C002313,2025-06-26,Podcast,yahoo.com,25-34,Northeast
C009479,2026-07-22,referral,gmail.com,35-44,Northeast
C009837,2026-07-30,paid_social,gmail.com,45-54,Southeast
C006494,2026-03-06,paid_search,gmail.com,25-34,Southeast
C008164,2026-05-12,paid_social,gmail.com,45-54,West
C009904,2026-07-14,paid_social,outlook.com,35-44,Southwest
C000645,2025-02-04,Podcast,gmail.com,45-54,Midwest
C004685,2025-11-08,Google Ads,yahoo.com,55-64,Northeast
C000596,2025-02-06,Podcast,comcast.net,35-44,Southwest
C001861,2025-05-06,Referral Program,hotmail.com,65+,West
C004237,2025-10-07,Google Ads,gmail.com,45-54,Northeast
C005543,2026-01-23,Podcast,gmail.com,65+,Midwest
C008078,2026-05-17,paid_social,gmail.com,45-54,Midwest
C007228,2026-04-06,paid_search,hotmail.com,65+,Northeast
C001782,2025-05-01,Organic,hotmail.com,45-54,Southeast
C005190,2025-12-16,Google Ads,hotmail.com,45-54,Northeast
C001713,2025-05-25,Organic,gmail.com,35-44,West
C006843,2026-03-09,paid_social,gmail.com,25-34,Northeast
C010056,2026-07-04,paid_social,hotmail.com,45-54,Southeast
C005050,2025-12-21,Podcast,yahoo.com,45-54,Northeast
C001494,2025-04-11,Podcast,icloud.com,35-44,Southeast
C008217,2026-05-03,paid_social,outlook.com,25-34,Southeast
C010458,2026-08-01,paid_search,gmail.com,35-44,Midwest
C001295,2025-04-13,Organic,comcast.net,35-44,Northeast
C007670,2026-05-06,organic_search,gmail.com,35-44,Southeast
C009786,2026-07-11,paid_social,gmail.com,35-44,West
C007465,2026-04-27,paid_social,icloud.com,25-34,Southeast
C001489,2025-04-28,Podcast,yahoo.com,35-44,Southwest
C003151,2025-08-09,Referral Program,yahoo.com,45-54,West
C003032,2025-08-23,Organic,proton.me,55-64,West
C008936,2026-06-13,paid_social,outlook.com,35-44,Northeast
C010245,2026-08-13,organic_search,yahoo.com,35-44,Southwest
C000559,2025-02-03,Referral Program,gmail.com,25-34,West
C001005,2025-03-24,Referral Program,gmail.com,45-54,West
C000538,2025-02-13,Referral Program,gmail.com,45-54,Midwest
C000843,2025-03-31,Organic,gmail.com,65+,Northeast
C001032,2025-03-26,Podcast,gmail.com,45-54,Southwest
C002826,2025-07-24,Google Ads,yahoo.com,55-64,Midwest
C001679,2025-05-31,Organic,yahoo.com,35-44,Northeast
C001774,2025-05-12,Organic,outlook.com,35-44,West
C004690,2025-11-13,Google Ads,outlook.com,35-44,Southwest
C007032,2026-04-23,referral,comcast.net,25-34,Northeast
C002817,2025-07-15,Google Ads,yahoo.com,25-34,Midwest
C001287,2025-04-03,Organic,proton.me,45-54,West
C004963,2025-12-16,Referral Program,gmail.com,45-54,West
C006361,2026-03-02,referral,gmail.com,55-64,Northeast
C006806,2026-03-13,paid_social,gmail.com,35-44,Southwest
C010247,2026-08-08,organic_search,yahoo.com,45-54,Southeast
C008876,2026-06-13,paid_social,gmail.com,55-64,Midwest
C010755,2026-08-20,paid_social,hotmail.com,55-64,Northeast
C002584,2025-07-18,Organic,gmail.com,45-54,Southwest
C008163,2026-05-23,paid_social,gmail.com,45-54,Midwest
C004014,2025-10-15,Referral Program,hotmail.com,25-34,Southwest
C000183,2025-01-09,Referral Program,gmail.com,25-34,Southwest
C004289,2025-10-17,Facebook Ads,gmail.com,35-44,West
C008552,2026-06-12,referral,comcast.net,45-54,Southwest
C005432,2026-01-30,Referral Program,gmail.com,55-64,West
C001747,2025-05-25,Organic,yahoo.com,45-54,Northeast
C007443,2026-04-05,paid_social,outlook.com,45-54,Southeast
C000293,2025-01-04,Google Ads,proton.me,25-34,Northeast
C005091,2025-12-02,Podcast,gmail.com,35-44,Southwest
C000438,2025-02-20,Organic,comcast.net,65+,Midwest
C010853,2026-08-31,paid_social,gmail.com,35-44,Northeast
C007715,2026-05-13,organic_search,outlook.com,55-64,Northeast
C001838,2025-05-30,Referral Program,outlook.com,25-34,West
C004909,2025-12-23,Organic,gmail.com,35-44,Northeast
C001969,2025-05-11,Google Ads,yahoo.com,65+,Southeast
C001124,2025-03-13,Google Ads,gmail.com,35-44,Midwest
C002754,2025-07-30,Podcast,gmail.com,35-44,Southeast
C008490,2026-06-24,organic_search,gmail.com,45-54,West
C007510,2026-04-22,paid_social,icloud.com,35-44,Midwest
C004575,2025-11-30,Podcast,gmail.com,35-44,Southwest
C004310,2025-10-07,Facebook Ads,gmail.com,55-64,Southwest
C008847,2026-06-06,paid_social,gmail.com,25-34,Midwest
C000147,2025-01-19,Referral Program,gmail.com,45-54,Southeast
C007444,2026-04-29,paid_social,gmail.com,45-54,West
C010819,2026-08-18,,outlook.com,45-54,Southwest
C001103,2025-03-04,Google Ads,gmail.com,45-54,West
C010029,2026-07-30,paid_social,icloud.com,45-54,Southeast
C007784,2026-05-16,referral,gmail.com,55-64,Midwest
C011153,2026-09-10,paid_search,icloud.com,35-44,West
C011159,2026-09-13,paid_search,icloud.com,45-54,Midwest
C004546,2025-11-29,Referral Program,gmail.com,45-54,Midwest
C002920,2025-07-14,Facebook Ads,gmail.com,35-44,Northeast
C009609,2026-07-01,paid_search,gmail.com,35-44,Midwest
C005519,2026-01-24,Podcast,gmail.com,55-64,Northeast
C009092,2026-06-28,paid_social,hotmail.com,55-64,Southwest
C001091,2025-03-03,Google Ads,gmail.com,35-44,Northeast
C011420,2025-08-19,Organic,harbormoney.com,65+,Midwest
C002589,2025-07-16,Organic,gmail.com,45-54,West
C006325,2026-03-17,organic_search,gmail.com,35-44,Midwest
C001608,2025-04-24,Facebook Ads,comcast.net,35-44,Southeast
C000050,2025-01-02,Organic,comcast.net,65+,Southeast
C009472,2026-07-16,referral,gmail.com,45-54,Midwest
C006386,2026-03-02,referral,yahoo.com,45-54,Northeast
C007283,2026-04-13,paid_social,proton.me,35-44,Northeast
C009776,2026-07-25,paid_social,gmail.com,25-34,Southeast
C008620,2026-06-26,referral,gmail.com,35-44,Northeast
C003999,2025-10-06,Organic,comcast.net,35-44,Midwest
C000837,2025-03-25,Organic,gmail.com,45-54,Midwest
C010361,2026-08-05,podcast,yahoo.com,35-44,Southeast
C002763,2025-07-25,Podcast,gmail.com,45-54,West
C000073,2025-01-11,Organic,yahoo.com,35-44,Southwest
C009618,2026-07-06,paid_search,yahoo.com,45-54,Southeast
C003355,2025-08-13,Facebook Ads,outlook.com,45-54,Southeast
C006937,2026-04-19,organic_search,gmail.com,45-54,Northeast
C004737,2025-11-11,Facebook Ads,gmail.com,25-34,Southeast
C008352,2026-05-27,paid_social,gmail.com,25-34,Midwest
C005297,2026-01-03,Organic,gmail.com,35-44,West
C010563,2026-08-24,paid_social,outlook.com,25-34,Midwest
C005357,2026-01-25,Organic,icloud.com,35-44,West
C002966,2025-08-16,Organic,yahoo.com,55-64,Midwest
C003200,2025-08-06,Podcast,icloud.com,35-44,Midwest
C002941,2025-07-14,Facebook Ads,icloud.com,45-54,Midwest
C001491,2025-04-10,Podcast,gmail.com,45-54,West
C008030,2026-05-14,paid_social,gmail.com,45-54,Northeast
C004965,2025-12-02,Referral Program,gmail.com,55-64,Northeast
C004964,2025-12-20,Referral Program,gmail.com,45-54,Southeast
C010951,2026-08-11,paid_social,hotmail.com,45-54,Midwest
C004834,2025-12-17,Organic,gmail.com,65+,Midwest
C006333,2026-03-14,organic_search,gmail.com,25-34,Northeast
C003294,2025-08-19,Google Ads,gmail.com,45-54,Northeast
C006878,2026-04-05,organic_search,gmail.com,35-44,West
C006185,2026-02-23,paid_social,gmail.com,35-44,Northeast
C009789,2026-07-11,paid_social,gmail.com,35-44,Midwest
C003448,2025-09-18,Organic,gmail.com,35-44,Southeast
C000958,2025-03-31,Referral Program,comcast.net,55-64,Midwest
C001379,2025-04-06,Organic,yahoo.com,45-54,Midwest
C000683,2025-02-14,Google Ads,yahoo.com,55-64,Midwest
C004744,2025-11-14,Facebook Ads,gmail.com,45-54,West
C006435,2026-03-06,podcast,gmail.com,45-54,Midwest
C007371,2026-04-14,paid_social,gmail.com,25-34,Southeast
C001063,2025-03-28,Podcast,gmail.com,35-44,Northeast
C007605,2026-04-01,paid_social,gmail.com,25-34,Southeast
C008606,2026-06-16,referral,yahoo.com,35-44,Midwest
C007279,2026-04-03,paid_social,gmail.com,35-44,Southeast
C004541,2025-11-15,Referral Program,gmail.com,45-54,West
C011252,2026-09-13,paid_social,gmail.com,45-54,West
C002689,2025-07-07,Referral Program,yahoo.com,65+,Midwest
C009088,2026-06-29,paid_social,gmail.com,35-44,West
C010470,2026-08-12,paid_search,comcast.net,55-64,Southwest
C010824,2026-08-17,paid_social,gmail.com,35-44,West
C004956,2025-12-14,Referral Program,hotmail.com,45-54,Midwest
C003633,2025-09-15,Podcast,gmail.com,45-54,Midwest
C009912,2026-07-07,paid_social,yahoo.com,35-44,Southeast
C005205,2025-12-30,Google Ads,hotmail.com,45-54,Southwest
C007204,2026-04-10,paid_search,comcast.net,45-54,West
C005591,2026-01-04,Google Ads,gmail.com,45-54,Southeast
C002388,2025-06-06,Google Ads,gmail.com,35-44,Southeast
C007741,2026-05-25,organic_search,gmail.com,35-44,West
C000816,2025-02-21,Facebook Ads,gmail.com,45-54,Southeast
C005683,2026-01-13,Facebook Ads,outlook.com,45-54,Southeast
C001568,2025-04-10,Google Ads,gmail.com,25-34,Southeast
C001742,2025-05-23,Organic,gmail.com,45-54,Southeast
C009743,2026-07-30,paid_social,gmail.com,25-34,West
C000897,2025-03-18,Organic,gmail.com,35-44,Northeast
C011127,2026-09-04,podcast,yahoo.com,25-34,West
C011143,2026-09-08,paid_search,gmail.com,45-54,Midwest
C009930,2026-07-03,paid_social,gmail.com,45-54,Southwest
C008764,2026-06-09,paid_search,gmail.com,35-44,Southwest
C006473,2026-03-30,,gmail.com,35-44,Southwest
C009679,2026-07-15,paid_search,outlook.com,45-54,Northeast
C002642,2025-07-21,Referral Program,yahoo.com,25-34,Midwest
C010080,2026-07-15,paid_social,icloud.com,45-54,Southeast
C003522,2025-09-17,Organic,outlook.com,35-44,Northeast
C003587,2025-09-12,Referral Program,gmail.com,45-54,West
C003137,2025-08-15,Referral Program,gmail.com,35-44,Midwest
C007680,2026-05-31,organic_search,outlook.com,35-44,Southeast
C001401,2025-04-21,Referral Program,gmail.com,45-54,Southwest
C009983,2026-07-11,paid_social,gmail.com,35-44,Southwest
C011042,2026-09-06,organic_search,icloud.com,25-34,Southeast
C001374,2025-04-09,Organic,yahoo.com,55-64,Southeast
C004602,2025-11-12,Podcast,gmail.com,35-44,Northeast
C007385,2026-04-14,paid_social,icloud.com,45-54,Northeast
C005945,2026-02-16,referral,gmail.com,25-34,Northeast
C007006,2026-04-22,organic_search,gmail.com,25-34,Midwest
C002246,2025-06-01,Referral Program,gmail.com,55-64,Northeast
C001939,2025-05-03,Podcast,gmail.com,35-44,Midwest
C011291,2026-09-04,paid_social,gmail.com,45-54,West
C009144,2026-06-30,paid_social,gmail.com,25-34,Southwest
C007721,2026-05-05,organic_search,hotmail.com,25-34,Southwest
C007896,2026-05-18,paid_search,yahoo.com,25-34,Southeast
C005304,2026-01-16,Organic,gmail.com,25-34,Midwest
C008335,2026-05-10,paid_social,yahoo.com,45-54,Northeast
C008411,2026-06-13,organic_search,gmail.com,35-44,Midwest
C000531,2025-02-09,Referral Program,gmail.com,55-64,Southeast
C000361,2025-01-15,Facebook Ads,outlook.com,65+,West
C009084,2026-06-24,paid_social,gmail.com,35-44,Midwest
C010965,2026-08-14,paid_social,yahoo.com,45-54,Southwest
C010195,2026-08-14,organic_search,hotmail.com,25-34,West
C002144,2025-06-30,Organic,gmail.com,55-64,Midwest
C003543,2025-09-29,Referral Program,hotmail.com,35-44,Northeast
C004492,2025-11-29,Organic,gmail.com,25-34,Southeast
C003966,2025-10-18,Organic,gmail.com,35-44,West
C002608,2025-07-30,Organic,outlook.com,65+,West
C005256,2025-12-29,Facebook Ads,gmail.com,35-44,Northeast
C010151,2026-08-14,organic_search,gmail.com,35-44,West
C008582,2026-06-09,referral,gmail.com,35-44,Midwest
C009755,2026-07-07,paid_social,yahoo.com,35-44,Southeast
C001931,2025-05-16,Podcast,outlook.com,35-44,Northeast
C002585,2025-07-08,Organic,hotmail.com,35-44,West
C003562,2025-09-27,Referral Program,hotmail.com,55-64,Midwest
C002287,2025-06-01,Podcast,gmail.com,55-64,West
C004120,2025-10-05,Podcast,outlook.com,25-34,Midwest
C007070,2026-04-07,referral,outlook.com,45-54,West
C000826,2025-02-10,Facebook Ads,gmail.com,35-44,Southeast
C001428,2025-04-30,Referral Program,proton.me,25-34,Southwest
C010038,2026-07-05,paid_social,proton.me,45-54,Southwest
C003570,2025-09-09,Referral Program,outlook.com,25-34,Southeast
C004400,2025-11-26,Organic,gmail.com,25-34,Midwest
C003201,2025-08-23,Podcast,gmail.com,45-54,Southeast
C011101,2026-09-10,referral,gmail.com,25-34,Northeast
C003510,2025-09-23,Organic,gmail.com,25-34,Northeast
C009926,2026-07-08,paid_social,hotmail.com,45-54,Southwest
C005474,2026-01-17,Referral Program,gmail.com,25-34,West
C001325,2025-04-04,Organic,outlook.com,35-44,West
C004813,2025-12-27,Organic,gmail.com,35-44,Southwest
C006789,2026-03-02,paid_social,proton.me,35-44,Southeast
C007978,2026-05-09,paid_search,hotmail.com,35-44,Midwest
C011281,2026-09-05,paid_social,gmail.com,25-34,West
C002599,2025-07-09,Organic,comcast.net,65+,Midwest
C007631,2026-04-05,paid_social,outlook.com,55-64,Midwest
C010443,2026-08-10,paid_search,comcast.net,35-44,Midwest
C003374,2025-08-02,Facebook Ads,gmail.com,25-34,Southwest
C006713,2026-03-06,paid_social,gmail.com,25-34,Northeast
C007737,2026-05-09,organic_search,icloud.com,35-44,Northeast
C009444,2026-07-22,referral,gmail.com,25-34,Southwest
C000121,2025-01-23,Referral Program,icloud.com,45-54,Northeast
C002416,2025-06-16,,icloud.com,35-44,West
C009073,2026-06-03,paid_social,proton.me,65+,West
C011274,2026-09-07,paid_social,gmail.com,45-54,Northeast
C011223,2026-09-13,paid_social,gmail.com,45-54,West
C005225,2025-12-03,Facebook Ads,gmail.com,25-34,Southwest
C009757,2026-07-20,paid_social,comcast.net,45-54,Midwest
C006237,2026-03-27,organic_search,gmail.com,45-54,Southeast
C007224,2026-04-24,paid_search,gmail.com,45-54,Northeast
C001139,2025-03-15,Google Ads,hotmail.com,35-44,Southeast
C005139,2025-12-24,Google Ads,outlook.com,65+,Northeast
C001317,2025-04-15,Organic,outlook.com,45-54,Northeast
C002258,2025-06-26,Referral Program,hotmail.com,65+,Southeast
C000417,2025-02-15,Organic,icloud.com,55-64,Northeast
C005030,2025-12-14,Referral Program,gmail.com,45-54,Southeast
C006146,2026-02-21,paid_social,outlook.com,25-34,West
C004738,2025-11-13,Facebook Ads,gmail.com,25-34,Midwest
C009955,2026-07-02,paid_social,hotmail.com,25-34,Midwest
C004133,2025-10-03,Podcast,gmail.com,35-44,West
C004397,2025-11-30,Organic,outlook.com,55-64,Midwest
C010882,2026-08-26,paid_social,icloud.com,45-54,Northeast
C000398,2025-02-22,Organic,outlook.com,35-44,West
C008014,2026-05-23,paid_social,gmail.com,35-44,Midwest
C004951,2025-12-04,Referral Program,gmail.com,35-44,West
C000394,2025-01-13,Facebook Ads,outlook.com,65+,West
C005747,2026-02-19,organic_search,proton.me,25-34,West
C004444,2025-11-02,Organic,gmail.com,65+,Northeast
C009639,2026-07-16,paid_search,gmail.com,35-44,Southeast
C009687,2026-07-19,paid_social,icloud.com,45-54,West
C009457,2026-07-28,referral,proton.me,35-44,Southwest
C007073,2026-04-06,referral,gmail.com,55-64,Northeast
C000509,2025-02-17,Organic,outlook.com,55-64,Southeast
C007329,2026-04-12,paid_social,gmail.com,25-34,Southeast
C000157,2025-01-28,Referral Program,hotmail.com,45-54,Southeast
C003016,2025-08-04,Organic,hotmail.com,25-34,West
C004544,2025-11-16,Referral Program,outlook.com,35-44,Southwest
C000210,2025-01-17,Podcast,icloud.com,35-44,Northeast
C006962,2026-04-07,organic_search,gmail.com,25-34,West
C008905,2026-06-07,paid_social,gmail.com,25-34,Midwest
C009567,2026-07-15,podcast,gmail.com,45-54,Southeast
C007931,2026-05-02,paid_search,gmail.com,25-34,Northeast
C010764,2026-08-03,paid_social,hotmail.com,45-54,Midwest
C010712,2026-08-17,paid_social,yahoo.com,35-44,Southeast
C011287,2026-09-14,paid_social,gmail.com,35-44,Southeast
C004378,2025-11-10,Organic,gmail.com,45-54,Midwest
C002051,2025-05-26,,gmail.com,45-54,Midwest
C002019,2025-05-18,Google Ads,icloud.com,35-44,Northeast
C003936,2025-10-11,Organic,gmail.com,25-34,Southwest
C008634,2026-06-26,podcast,gmail.com,45-54,Southeast
C006600,2026-03-06,paid_social,yahoo.com,35-44,Southwest
C008956,2026-06-09,paid_social,gmail.com,45-54,Midwest
C009108,2026-06-22,paid_social,gmail.com,25-34,Southeast
C010211,2026-08-25,organic_search,comcast.net,25-34,Northeast
C003609,2025-09-21,Referral Program,gmail.com,35-44,Northeast
C010005,2026-07-09,paid_social,gmail.com,35-44,Southeast
C006320,2026-03-01,organic_search,hotmail.com,55-64,Southeast
C008572,2026-06-25,referral,gmail.com,55-64,Southwest
C006533,2026-03-08,paid_search,comcast.net,35-44,Southeast
C007716,2026-05-27,organic_search,icloud.com,35-44,Southeast
C011157,2026-09-13,paid_search,gmail.com,45-54,Midwest
C008200,2026-05-30,paid_social,outlook.com,45-54,Southeast
C001296,2025-04-02,Organic,gmail.com,35-44,Northeast
C001190,2025-03-16,Facebook Ads,yahoo.com,25-34,Midwest
C002443,2025-06-29,Facebook Ads,gmail.com,65+,West
C007818,2026-05-29,referral,comcast.net,55-64,West
C009497,2026-07-17,referral,gmail.com,55-64,West
C005780,2026-02-22,organic_search,gmail.com,55-64,West
C008586,2026-06-27,referral,hotmail.com,45-54,Southwest
C001367,2025-04-14,Organic,gmail.com,45-54,Northeast
C010489,2026-08-17,paid_search,yahoo.com,35-44,Southwest
C004714,2025-11-27,Google Ads,gmail.com,25-34,West
C009134,2026-06-06,paid_social,comcast.net,55-64,Southwest
C008560,2026-06-30,referral,comcast.net,45-54,West
C001730,2025-05-30,Organic,gmail.com,35-44,Southwest
C007917,2026-05-02,paid_search,gmail.com,65+,Northeast
C010981,2026-08-01,paid_social,hotmail.com,25-34,Southeast
C006637,2026-03-01,paid_social,outlook.com,45-54,West
C005217,2025-12-28,Facebook Ads,yahoo.com,35-44,West
C001971,2025-05-05,Google Ads,gmail.com,35-44,Midwest
C006797,2026-03-19,paid_social,outlook.com,25-34,West
C002404,2025-06-19,Google Ads,outlook.com,25-34,Southwest
C007354,2026-04-10,paid_social,gmail.com,45-54,West
C009825,2026-07-22,paid_social,gmail.com,55-64,Southeast
C001174,2025-03-05,Facebook Ads,gmail.com,25-34,Midwest
C006807,2026-03-17,paid_social,hotmail.com,25-34,Midwest
C002609,2025-07-30,Organic,gmail.com,35-44,Southeast
C003469,2025-09-01,Organic,gmail.com,45-54,Northeast
C007339,2026-04-26,paid_social,gmail.com,35-44,West
C000636,2025-02-10,Podcast,gmail.com,55-64,Midwest
C006698,2026-03-14,paid_social,gmail.com,35-44,West
C001624,2025-04-11,Facebook Ads,gmail.com,55-64,West
C001180,2025-03-29,Facebook Ads,comcast.net,35-44,Southeast
C004562,2025-11-18,Referral Program,comcast.net,45-54,Northeast
C007184,2026-04-17,paid_search,hotmail.com,25-34,West
C000047,2025-01-16,Organic,yahoo.com,35-44,Midwest
C001934,2025-05-08,Podcast,gmail.com,35-44,Northeast
C002250,2025-06-24,Referral Program,comcast.net,35-44,Northeast
C003477,2025-09-13,Organic,comcast.net,25-34,West
C002017,2025-05-02,Google Ads,gmail.com,35-44,West
C009562,2026-07-12,podcast,gmail.com,35-44,Southeast
C008033,2026-05-11,paid_social,gmail.com,25-34,West
C004674,2025-11-26,Google Ads,gmail.com,35-44,Southwest
C006748,2026-03-17,paid_social,comcast.net,45-54,Southwest
C005505,2026-01-17,Referral Program,outlook.com,45-54,West
C004215,2025-10-30,Google Ads,gmail.com,35-44,Southwest
C005571,2026-01-24,Google Ads,proton.me,25-34,West
C006595,2026-03-16,paid_social,comcast.net,35-44,Southeast
C003924,2025-10-28,Organic,gmail.com,65+,Southwest
C011186,2026-09-07,paid_social,gmail.com,35-44,Southwest
C005978,2026-02-20,podcast,yahoo.com,45-54,Northeast
C005428,2026-01-28,Referral Program,icloud.com,25-34,Northeast
C002106,2025-06-16,Organic,gmail.com,35-44,Southwest
C009136,2026-06-28,paid_social,yahoo.com,45-54,Southeast
C006173,2026-02-06,paid_social,outlook.com,35-44,Southwest
C008859,2026-06-29,paid_social,gmail.com,35-44,Southwest
C007899,2026-05-02,paid_search,gmail.com,45-54,Midwest
C006976,2026-04-14,organic_search,gmail.com,35-44,West
C009172,2026-06-07,paid_social,hotmail.com,65+,Southwest
C002496,2025-06-12,Facebook Ads,gmail.com,45-54,Southeast
C006796,2026-03-18,paid_social,gmail.com,55-64,Southwest
C008777,2026-06-24,paid_search,outlook.com,35-44,Midwest
C009349,2026-07-28,organic_search,gmail.com,55-64,Northeast
C004671,2025-11-10,Google Ads,proton.me,25-34,Southeast
C007798,2026-05-20,referral,hotmail.com,35-44,Southwest
C010483,2026-08-13,paid_search,hotmail.com,35-44,Southwest
C007186,2026-04-13,paid_search,outlook.com,25-34,Northeast
C002971,2025-08-27,Organic,yahoo.com,45-54,Northeast
C006884,2026-04-12,organic_search,comcast.net,45-54,Midwest
C011304,2026-09-14,paid_social,hotmail.com,35-44,Northeast
C005536,2026-01-10,Podcast,gmail.com,45-54,Southeast
C003059,2025-08-06,Organic,icloud.com,45-54,Southeast
C004711,2025-11-05,Google Ads,gmail.com,45-54,Northeast
C007010,2026-04-17,organic_search,yahoo.com,65+,Southeast
C007052,2026-04-10,referral,gmail.com,55-64,Northeast
C008368,2026-05-09,paid_social,gmail.com,45-54,Northeast
C002375,2025-06-29,Google Ads,gmail.com,45-54,Southwest
C000565,2025-02-11,Referral Program,hotmail.com,35-44,West
C003233,2025-08-20,Google Ads,gmail.com,25-34,West
C006629,2026-03-26,paid_social,gmail.com,55-64,West
C008902,2026-06-20,paid_social,yahoo.com,55-64,Southeast
C008890,2026-06-16,paid_social,hotmail.com,45-54,West
C005688,2026-01-17,Facebook Ads,outlook.com,35-44,Northeast
C008402,2026-05-20,paid_social,outlook.com,25-34,West
C011170,2026-09-07,paid_search,icloud.com,45-54,Southeast
C002377,2025-06-03,,yahoo.com,45-54,West
C002855,2025-07-05,Google Ads,gmail.com,55-64,Southeast
C007598,2026-04-25,paid_social,gmail.com,45-54,Northeast
C005041,2025-12-24,Podcast,gmail.com,55-64,Northeast
C003159,2025-08-27,Referral Program,hotmail.com,35-44,West
C008226,2026-05-01,paid_social,gmail.com,25-34,Midwest
C005295,2026-01-24,Organic,icloud.com,35-44,Northeast
C000543,2025-02-27,Referral Program,outlook.com,25-34,Midwest
C010439,2026-08-17,paid_search,outlook.com,45-54,Northeast
C008959,2026-06-13,paid_social,gmail.com,25-34,Southeast
C000179,2025-01-04,Referral Program,gmail.com,35-44,Midwest
C008016,2026-05-26,paid_social,gmail.com,25-34,Southwest
C008554,2026-06-14,referral,hotmail.com,55-64,Midwest
C006021,2026-02-24,paid_search,proton.me,35-44,Northeast
C011098,2026-09-03,referral,yahoo.com,45-54,Southeast
C009198,2026-06-15,paid_social,gmail.com,25-34,Northeast
C000413,2025-02-05,Organic,gmail.com,45-54,Midwest
C006855,2026-03-08,paid_social,gmail.com,25-34,Midwest
C006127,2026-02-16,paid_social,gmail.com,65+,West
C006326,2026-03-16,organic_search,yahoo.com,45-54,West
C006422,2026-03-20,podcast,gmail.com,25-34,West
C010601,2026-08-07,paid_social,gmail.com,25-34,Midwest
C009767,2026-07-13,paid_social,icloud.com,35-44,Northeast
C006745,2026-03-17,paid_social,yahoo.com,35-44,Southwest
C009266,2026-06-01,paid_social,gmail.com,55-64,West
C000290,2025-01-08,Google Ads,gmail.com,25-34,West
C009607,2026-07-22,paid_search,gmail.com,45-54,Northeast
C002653,2025-07-16,Referral Program,yahoo.com,25-34,West
C009082,2026-06-01,paid_social,gmail.com,25-34,West
C001365,2025-04-28,Organic,gmail.com,45-54,Midwest
C004764,2025-11-08,Facebook Ads,gmail.com,35-44,Northeast
C001493,2025-04-22,Podcast,gmail.com,35-44,West
C009059,2026-06-06,paid_social,gmail.com,45-54,Midwest
C007987,2026-05-04,paid_social,gmail.com,35-44,Southeast
C010065,2026-07-01,paid_social,gmail.com,65+,Northeast
C010374,2026-08-27,podcast,gmail.com,35-44,Midwest
C001013,2025-03-11,Referral Program,gmail.com,55-64,West
C004638,2025-11-16,Google Ads,gmail.com,55-64,Midwest
C011217,2026-09-02,paid_social,icloud.com,55-64,Northeast
C006273,2026-03-22,organic_search,hotmail.com,35-44,Northeast
C008362,2026-05-23,paid_social,gmail.com,35-44,Midwest
C009893,2026-07-25,paid_social,comcast.net,35-44,West
C005558,2026-01-04,Podcast,gmail.com,25-34,Southwest
C001609,2025-04-10,Facebook Ads,gmail.com,45-54,Southwest
C007660,2026-05-25,organic_search,gmail.com,45-54,Midwest
C008413,2026-06-27,organic_search,proton.me,35-44,West
C002669,2025-07-22,Referral Program,outlook.com,25-34,Southwest
C003012,2025-08-07,Organic,gmail.com,35-44,Southeast
C001977,2025-05-16,Google Ads,hotmail.com,25-34,Northeast
C010095,2026-07-02,paid_social,gmail.com,35-44,West
C007945,2026-05-25,paid_search,gmail.com,35-44,Midwest
C003104,2025-08-05,Referral Program,gmail.com,35-44,Northeast
C002495,2025-06-20,Facebook Ads,gmail.com,45-54,Midwest
C011235,2026-09-02,paid_social,gmail.com,25-34,West
C007338,2026-04-25,paid_social,hotmail.com,35-44,Northeast
C000270,2025-01-06,Google Ads,icloud.com,45-54,Southeast
C008058,2026-05-20,paid_social,hotmail.com,25-34,Midwest
C003139,2025-08-03,Referral Program,gmail.com,25-34,Southeast
C003483,2025-09-07,Organic,gmail.com,45-54,Southeast
C006091,2026-02-23,paid_search,gmail.com,25-34,Northeast
C006240,2026-03-02,organic_search,gmail.com,35-44,Southwest
C006886,2026-04-15,organic_search,gmail.com,45-54,Midwest
C003401,2025-08-12,Facebook Ads,gmail.com,35-44,Midwest
C004409,2025-11-17,Organic,icloud.com,45-54,Southeast
C002963,2025-08-23,Organic,gmail.com,55-64,Northeast
C011097,2026-09-07,referral,gmail.com,35-44,Southwest
C001839,2025-05-23,Referral Program,icloud.com,45-54,Southwest
C000262,2025-01-15,Google Ads,icloud.com,45-54,Southeast
C003708,2025-09-08,Google Ads,gmail.com,55-64,Southeast
C010702,2026-08-16,paid_social,comcast.net,35-44,West
C003513,2025-09-03,Organic,outlook.com,45-54,Midwest
C000194,2025-01-05,Podcast,yahoo.com,35-44,Midwest
C007739,2026-05-23,organic_search,yahoo.com,45-54,Southeast
C005997,2026-02-23,podcast,comcast.net,45-54,Southeast
C002646,2025-07-23,Referral Program,gmail.com,25-34,Southeast
C007286,2026-04-08,,icloud.com,35-44,Northeast
C007040,2026-04-24,referral,proton.me,35-44,Northeast
C010523,2026-08-12,paid_search,gmail.com,35-44,West
C005642,2026-01-30,Google Ads,gmail.com,55-64,Southeast
C000400,2025-02-08,Organic,gmail.com,25-34,Northeast
C006751,2026-03-02,paid_social,yahoo.com,65+,West
C009510,2026-07-14,referral,gmail.com,25-34,Midwest
C010467,2026-08-02,paid_search,icloud.com,25-34,Southwest
C009865,2026-07-15,paid_social,outlook.com,25-34,West
C007756,2026-05-22,organic_search,icloud.com,25-34,Northeast
C005482,2026-01-25,Referral Program,gmail.com,35-44,Northeast
C008449,2026-06-25,organic_search,gmail.com,45-54,West
C009749,2026-07-30,paid_social,gmail.com,25-34,Midwest
C001266,2025-04-19,Organic,gmail.com,35-44,Southwest
C002970,2025-08-02,Organic,gmail.com,45-54,West
C011447,2025-01-31,Organic,harbormoney.com,45-54,West
C001257,2025-04-07,Organic,yahoo.com,45-54,Northeast
C000249,2025-01-20,Google Ads,outlook.com,45-54,West
C010570,2026-08-05,paid_social,gmail.com,35-44,Southeast
C011033,2026-09-06,organic_search,gmail.com,25-34,Southeast
C001874,2025-05-16,Referral Program,outlook.com,35-44,Northeast
C006553,2026-03-04,paid_search,gmail.com,35-44,West
C000734,2025-02-13,Google Ads,gmail.com,45-54,Southwest
C002309,2025-06-15,Podcast,comcast.net,25-34,Midwest
C010044,2026-07-30,paid_social,icloud.com,35-44,Southwest
C003530,2025-09-13,,gmail.com,25-34,West
C009277,2026-06-23,paid_social,hotmail.com,25-34,Midwest
C007530,2026-04-16,paid_social,yahoo.com,35-44,Northeast
C001405,2025-04-06,Referral Program,yahoo.com,55-64,Southeast
C008268,2026-05-12,,gmail.com,25-34,Southwest
C003077,2025-08-13,Organic,gmail.com,35-44,Northeast
C009942,2026-07-22,paid_social,yahoo.com,35-44,Southwest
C009023,2026-06-22,paid_social,outlook.com,35-44,Midwest
C001540,2025-04-14,Google Ads,gmail.com,25-34,Southwest
C003474,2025-09-20,Organic,gmail.com,65+,Midwest
C010989,2026-08-09,paid_social,gmail.com,35-44,Northeast
C003005,2025-08-25,Organic,outlook.com,35-44,Southwest
C004164,2025-10-28,Google Ads,outlook.com,45-54,Northeast
C008317,2026-05-21,paid_social,hotmail.com,35-44,West
C010634,2026-08-18,paid_social,gmail.com,25-34,Southwest
C004555,2025-11-13,Referral Program,yahoo.com,35-44,Northeast
C007596,2026-04-25,paid_social,gmail.com,45-54,Midwest
C010656,2026-08-09,paid_social,gmail.com,35-44,Northeast
C005981,2026-02-12,podcast,gmail.com,45-54,West
C003627,2025-09-09,Podcast,gmail.com,45-54,West
C005113,2025-12-18,Google Ads,gmail.com,35-44,Midwest
C006708,2026-03-16,paid_social,icloud.com,35-44,West
C002392,2025-06-08,Google Ads,icloud.com,55-64,Midwest
C003813,2025-09-21,Facebook Ads,outlook.com,35-44,Southeast
C008224,2026-05-03,paid_social,gmail.com,35-44,Midwest
C006882,2026-04-09,organic_search,gmail.com,65+,Southeast
C003230,2025-08-05,Google Ads,gmail.com,45-54,Midwest
C001118,2025-03-25,Google Ads,gmail.com,35-44,Southwest
C008418,2026-06-19,organic_search,proton.me,35-44,West
C001424,2025-04-25,Referral Program,yahoo.com,35-44,Southwest
C001773,2025-05-28,Organic,comcast.net,35-44,Northeast
C001519,2025-04-17,Google Ads,gmail.com,25-34,Southeast
C006192,2026-02-15,paid_social,outlook.com,35-44,West
C005425,2026-01-09,Organic,yahoo.com,25-34,West
C004585,2025-11-28,Podcast,outlook.com,25-34,Northeast
C006598,2026-03-29,paid_social,hotmail.com,25-34,West
C006401,2026-03-07,referral,gmail.com,45-54,Northeast
C010381,2026-08-04,podcast,icloud.com,55-64,Southeast
C006868,2026-04-14,organic_search,gmail.com,35-44,Southeast
C009729,2026-07-26,paid_social,outlook.com,25-34,Southeast
C005696,2026-01-05,Facebook Ads,gmail.com,55-64,West
C010155,2026-08-17,organic_search,yahoo.com,25-34,Midwest
C009880,2026-07-29,paid_social,outlook.com,45-54,Southeast
C007547,2026-04-30,paid_social,outlook.com,45-54,Northeast
C000685,2025-02-25,Google Ads,gmail.com,55-64,Northeast
C007856,2026-05-20,podcast,gmail.com,45-54,Southeast
C007214,2026-04-27,paid_search,gmail.com,45-54,Southwest
C009585,2026-07-29,paid_search,gmail.com,25-34,Northeast
C007692,2026-05-16,organic_search,gmail.com,55-64,West
C008841,2026-06-20,paid_social,hotmail.com,25-34,Southeast
C002410,2025-06-22,Google Ads,gmail.com,25-34,Southwest
C001825,2025-05-20,Referral Program,gmail.com,55-64,West
C001216,2025-03-23,Facebook Ads,gmail.com,45-54,West
C007702,2026-05-19,organic_search,gmail.com,45-54,West
C009235,2026-06-30,paid_social,outlook.com,25-34,West
C003815,2025-09-05,Facebook Ads,yahoo.com,55-64,Midwest
C005184,2025-12-08,Google Ads,hotmail.com,65+,West
C003441,2025-09-11,Organic,comcast.net,55-64,Southwest
C006613,2026-03-09,paid_social,gmail.com,35-44,Northeast
C005674,2026-01-20,Facebook Ads,gmail.com,55-64,Southwest
C004083,2025-10-27,Referral Program,icloud.com,35-44,West
C005657,2026-01-09,Google Ads,gmail.com,25-34,Midwest
C006345,2026-03-29,referral,comcast.net,35-44,Midwest
C006299,2026-03-05,organic_search,gmail.com,35-44,Northeast
C010244,2026-08-30,organic_search,outlook.com,35-44,West
C000348,2025-01-13,Facebook Ads,gmail.com,35-44,Southeast
C004971,2025-12-21,Referral Program,gmail.com,25-34,Northeast
C003875,2025-10-19,Organic,gmail.com,35-44,Northeast
C008628,2026-06-25,referral,gmail.com,25-34,West
C002973,2025-08-27,Organic,gmail.com,35-44,Northeast
C011193,2026-09-04,paid_social,gmail.com,35-44,West
C010236,2026-08-06,organic_search,comcast.net,35-44,Northeast
C006036,2026-02-06,paid_search,gmail.com,35-44,Southeast
C007520,2026-04-04,paid_social,gmail.com,35-44,Southeast
C000373,2025-01-14,Facebook Ads,gmail.com,45-54,Midwest
C000619,2025-02-24,Podcast,gmail.com,35-44,Southeast
C000615,2025-02-24,Podcast,gmail.com,35-44,Northeast
C001916,2025-05-08,Podcast,gmail.com,25-34,West
C010018,2026-07-30,paid_social,gmail.com,45-54,Northeast
C010619,2026-08-28,paid_social,proton.me,65+,West
C001281,2025-04-04,Organic,proton.me,55-64,Midwest
C004870,2025-12-20,Organic,yahoo.com,35-44,Midwest
C005796,2026-02-16,organic_search,gmail.com,35-44,Southeast
C009269,2026-06-26,paid_social,gmail.com,25-34,Northeast
C005374,2026-01-06,Organic,gmail.com,55-64,Southeast
C009226,2026-06-13,paid_social,outlook.com,25-34,Northeast
C001346,2025-04-09,Organic,gmail.com,45-54,West
C007588,2026-04-26,paid_social,gmail.com,35-44,Northeast
C004272,2025-10-26,Facebook Ads,yahoo.com,55-64,Midwest
C002681,2025-07-04,Referral Program,gmail.com,65+,Southeast
C006150,2026-02-20,paid_social,gmail.com,35-44,Northeast
C008277,2026-05-05,,gmail.com,45-54,West
C005643,2026-01-01,Google Ads,gmail.com,55-64,West
C001535,2025-04-10,Google Ads,gmail.com,35-44,Southwest
C000912,2025-03-27,Organic,gmail.com,55-64,Southeast
C001851,2025-05-03,Referral Program,gmail.com,25-34,Northeast
C006686,2026-03-30,paid_social,yahoo.com,35-44,Midwest
C008635,2026-06-22,podcast,outlook.com,35-44,West
C002120,2025-06-16,Organic,gmail.com,55-64,Southwest
C007459,2026-04-12,paid_social,icloud.com,35-44,Midwest
C010781,2026-08-19,paid_social,yahoo.com,35-44,Southeast
C002581,2025-07-06,Organic,gmail.com,25-34,West
C000852,2025-03-15,Organic,proton.me,35-44,Midwest
C009973,2026-07-26,paid_social,yahoo.com,45-54,Midwest
C008935,2026-06-02,paid_social,gmail.com,25-34,Southeast
C002108,2025-06-22,Organic,gmail.com,55-64,Northeast
C010589,2026-08-23,paid_social,gmail.com,45-54,Northeast
C011112,2026-09-05,podcast,gmail.com,55-64,West
C008873,2026-06-14,paid_social,gmail.com,35-44,Southwest
C003639,2025-09-13,Podcast,gmail.com,45-54,Midwest
C006644,2026-03-27,paid_social,gmail.com,55-64,Northeast
C008355,2026-05-26,paid_social,gmail.com,45-54,West
C004340,2025-10-29,Facebook Ads,gmail.com,55-64,Northeast
C004019,2025-10-03,Referral Program,gmail.com,45-54,Northeast
C006124,2026-02-06,,outlook.com,25-34,Midwest
C003199,2025-08-15,Podcast,gmail.com,25-34,Northeast
C010253,2026-08-22,organic_search,gmail.com,35-44,Southeast
C008898,2026-06-04,paid_social,gmail.com,45-54,West
C006589,2026-03-04,paid_social,gmail.com,45-54,Southwest
C004578,2025-11-22,Podcast,yahoo.com,25-34,Southwest
C001741,2025-05-17,Organic,outlook.com,55-64,West
C008821,2026-06-27,paid_social,gmail.com,45-54,West
C011446,2025-05-14,Organic,harbormoney.com,25-34,Northeast
C008630,2026-06-26,referral,gmail.com,55-64,West
C009009,2026-06-11,paid_social,gmail.com,45-54,Southeast
C006614,2026-03-07,paid_social,gmail.com,35-44,Northeast
C010179,2026-08-15,organic_search,hotmail.com,35-44,Southwest
C004957,2025-12-11,Referral Program,gmail.com,55-64,Southwest
C010801,2026-08-30,paid_social,gmail.com,45-54,Southeast
C011030,2026-09-06,organic_search,outlook.com,35-44,West
C007410,2026-04-25,paid_social,comcast.net,45-54,Southwest
C008565,2026-06-28,referral,gmail.com,35-44,Midwest
C009956,2026-07-13,paid_social,gmail.com,25-34,Midwest
C005084,2025-12-09,Podcast,gmail.com,45-54,Midwest
C004084,2025-10-19,Referral Program,gmail.com,45-54,Southwest
C010938,2026-08-18,paid_social,proton.me,35-44,West
C007630,2026-04-24,paid_social,yahoo.com,45-54,Midwest
C011411,2026-06-01,organic_search,harbormoney.com,35-44,Midwest
C007136,2026-04-23,podcast,comcast.net,25-34,Southwest
C002850,2025-07-07,Google Ads,outlook.com,35-44,Northeast
C011350,2026-01-06,Organic,harbormoney.com,55-64,Midwest
C000765,2025-02-12,Facebook Ads,gmail.com,55-64,Southeast
C007113,2026-04-05,podcast,gmail.com,45-54,Northeast
C006918,2026-04-05,organic_search,gmail.com,45-54,West
C002280,2025-06-25,Podcast,gmail.com,25-34,Southwest
C011386,2026-02-02,organic_search,harbormoney.com,35-44,Midwest
C008021,2026-05-25,paid_social,hotmail.com,35-44,West
C003259,2025-08-19,Google Ads,gmail.com,25-34,Southwest
C002430,2025-06-17,Facebook Ads,gmail.com,25-34,Northeast
C008155,2026-05-21,paid_social,gmail.com,45-54,Northeast
C008652,2026-06-08,podcast,outlook.com,35-44,Southwest
C006430,2026-03-20,podcast,gmail.com,55-64,Midwest
C011421,2025-12-11,Organic,harbormoney.com,25-34,Southeast
C006778,2026-03-14,paid_social,comcast.net,25-34,Southeast
C006579,2026-03-10,paid_search,gmail.com,45-54,Northeast
C009002,2026-06-14,paid_social,gmail.com,45-54,Southeast
C011107,2026-09-05,referral,gmail.com,25-34,Midwest
C007143,2026-04-13,podcast,gmail.com,45-54,Northeast
C010387,2026-08-30,podcast,gmail.com,35-44,West
C002384,2025-06-30,Google Ads,gmail.com,55-64,Southeast
C003275,2025-08-22,Google Ads,yahoo.com,35-44,Northeast
C006191,2026-02-18,paid_social,gmail.com,35-44,Northeast
C007384,2026-04-13,paid_social,gmail.com,45-54,Midwest
C005816,2026-02-01,organic_search,gmail.com,35-44,Southwest
C010362,2026-08-04,podcast,proton.me,25-34,Midwest
C005082,2025-12-03,Podcast,yahoo.com,55-64,Northeast
C006605,2026-03-08,paid_social,gmail.com,65+,West
C008808,2026-06-11,paid_social,icloud.com,55-64,Northeast
C006578,2026-03-07,paid_search,gmail.com,65+,Northeast
C008715,2026-06-01,paid_search,gmail.com,45-54,Northeast
C005742,2026-01-11,Facebook Ads,icloud.com,45-54,Southeast
C005498,2026-01-20,Referral Program,comcast.net,25-34,Southeast
C009120,2026-06-16,paid_social,gmail.com,25-34,Northeast
C003806,2025-09-10,Facebook Ads,hotmail.com,25-34,West
C000595,2025-02-08,Podcast,gmail.com,55-64,Southwest
C007246,2026-04-21,paid_search,gmail.com,45-54,Northeast
C006420,2026-03-23,podcast,outlook.com,35-44,West
C003686,2025-09-13,Google Ads,gmail.com,45-54,Southeast
C011044,2026-09-05,organic_search,gmail.com,55-64,Southeast
C001551,2025-04-07,Google Ads,gmail.com,45-54,Southeast
C001133,2025-03-06,Google Ads,gmail.com,45-54,West
C011103,2026-09-05,referral,yahoo.com,25-34,Southwest
C009528,2026-07-08,podcast,outlook.com,35-44,Midwest
C010046,2026-07-27,paid_social,gmail.com,25-34,Northeast
C006101,2026-02-20,paid_search,gmail.com,25-34,Southeast
C009126,2026-06-13,paid_social,proton.me,55-64,Northeast
C001954,2025-05-03,Google Ads,proton.me,45-54,Southwest
C002141,2025-06-15,Organic,gmail.com,35-44,West
C008011,2026-05-08,paid_social,gmail.com,25-34,Midwest
C003181,2025-08-19,Podcast,outlook.com,65+,Midwest
C008099,2026-05-21,paid_social,yahoo.com,55-64,Midwest
C007711,2026-05-16,organic_search,gmail.com,45-54,Midwest
C005265,2025-12-25,Facebook Ads,hotmail.com,35-44,Southeast
C011075,2026-09-12,referral,icloud.com,35-44,Northeast
C004775,2025-11-11,Facebook Ads,hotmail.com,65+,Northeast
C002104,2025-06-13,Organic,gmail.com,35-44,Southeast
C005004,2025-12-26,Referral Program,outlook.com,55-64,Northeast
C005193,2025-12-06,Google Ads,gmail.com,65+,Northeast
C011340,2026-09-14,paid_social,gmail.com,35-44,Northeast
C009868,2026-07-19,paid_social,gmail.com,45-54,Southeast
C005666,2026-01-29,Facebook Ads,gmail.com,35-44,Northeast
C008588,2026-06-17,referral,gmail.com,55-64,Southwest
C000188,2025-01-23,Podcast,gmail.com,45-54,West
C003499,2025-09-27,Organic,hotmail.com,45-54,Southeast
C000747,2025-02-15,Facebook Ads,outlook.com,25-34,Southwest
C007155,2026-04-18,paid_search,gmail.com,45-54,Southeast
C006919,2026-04-19,organic_search,hotmail.com,45-54,Southeast
C005570,2026-01-19,Google Ads,gmail.com,55-64,Southwest
C000868,2025-03-03,Organic,icloud.com,35-44,West
C001570,2025-04-18,Google Ads,gmail.com,25-34,Southwest
C009753,2026-07-25,paid_social,gmail.com,35-44,Southwest
C010902,2026-08-01,paid_social,yahoo.com,25-34,West
C005174,2025-12-26,Google Ads,gmail.com,55-64,Northeast
C006256,2026-03-30,organic_search,outlook.com,45-54,Southeast
C008796,2026-06-16,paid_search,outlook.com,35-44,Midwest
C002773,2025-07-30,Google Ads,outlook.com,55-64,Northeast
C004440,2025-11-01,Organic,gmail.com,25-34,Southwest
C008075,2026-05-12,paid_social,outlook.com,35-44,Southeast
C007720,2026-05-14,organic_search,hotmail.com,25-34,Northeast
C006672,2026-03-06,paid_social,gmail.com,55-64,Northeast
C010300,2026-08-08,referral,hotmail.com,45-54,West
C002195,2025-06-29,Organic,yahoo.com,55-64,Northeast
C000298,2025-01-24,Google Ads,gmail.com,35-44,Southeast
C004760,2025-11-15,Facebook Ads,comcast.net,55-64,West
C003134,2025-08-04,Referral Program,gmail.com,45-54,Northeast
C007333,2026-04-09,paid_social,comcast.net,35-44,West
C001682,2025-05-27,Organic,outlook.com,25-34,Southwest
C003789,2025-09-19,Facebook Ads,gmail.com,55-64,Southwest
C006953,2026-04-20,organic_search,outlook.com,35-44,Northeast
C000405,2025-02-16,Organic,gmail.com,35-44,Midwest
C009152,2026-06-06,paid_social,gmail.com,35-44,Midwest
C001564,2025-04-27,Google Ads,outlook.com,65+,West
C007043,2026-04-01,referral,yahoo.com,35-44,Northeast
C006983,2026-04-06,organic_search,gmail.com,55-64,West
C000468,2025-02-02,Organic,gmail.com,35-44,Midwest
C003409,2025-09-30,Organic,gmail.com,45-54,Midwest
C003188,2025-08-22,Podcast,gmail.com,35-44,West
C011072,2026-09-13,referral,proton.me,35-44,West
C000338,2025-01-24,Facebook Ads,hotmail.com,35-44,Northeast
C004200,2025-10-01,Google Ads,gmail.com,45-54,Northeast
C007101,2026-04-18,podcast,outlook.com,35-44,Northeast
C001933,2025-05-16,Podcast,gmail.com,55-64,West
C005477,2026-01-04,Referral Program,comcast.net,25-34,Northeast
C011085,2026-09-07,referral,gmail.com,45-54,Southeast
C007961,2026-05-01,paid_search,outlook.com,25-34,Midwest
C009379,2026-07-14,organic_search,yahoo.com,45-54,Southeast
C011270,2026-09-07,paid_social,gmail.com,45-54,Southeast
C008318,2026-05-25,paid_social,gmail.com,45-54,Southwest
C011413,2026-09-03,organic_search,harbormoney.com,35-44,Midwest
C009594,2026-07-16,paid_search,gmail.com,55-64,Midwest
C008888,2026-06-12,paid_social,gmail.com,25-34,Midwest
C010718,2026-08-16,paid_social,gmail.com,55-64,West
C002408,2025-06-17,Google Ads,icloud.com,35-44,Midwest
C010112,2026-08-10,organic_search,gmail.com,35-44,Midwest
C004481,2025-11-29,Organic,gmail.com,35-44,Midwest
C009460,2026-07-16,referral,hotmail.com,35-44,Southeast
C000639,2025-02-28,Podcast,icloud.com,35-44,Southeast
C006851,2026-03-03,paid_social,gmail.com,25-34,West
C010110,2026-08-30,organic_search,yahoo.com,35-44,Midwest
C009256,2026-06-12,paid_social,gmail.com,65+,Northeast
C007390,2026-04-30,paid_social,gmail.com,65+,West
C009394,2026-07-21,organic_search,gmail.com,45-54,Midwest
C002045,2025-05-23,Facebook Ads,gmail.com,25-34,West
C000835,2025-03-11,Organic,icloud.com,25-34,Northeast
C000138,2025-01-03,Referral Program,gmail.com,45-54,Northeast
C000584,2025-02-07,Referral Program,yahoo.com,25-34,Southwest
C009797,2026-07-13,paid_social,gmail.com,35-44,West
C001808,2025-05-07,Organic,gmail.com,25-34,Southeast
C006790,2026-03-27,paid_social,gmail.com,55-64,Northeast
C009071,2026-06-28,paid_social,outlook.com,35-44,Midwest
C003610,2025-09-11,Referral Program,icloud.com,35-44,West
C005057,2025-12-11,Podcast,comcast.net,65+,Southwest
C003886,2025-10-12,Organic,hotmail.com,35-44,Northeast
C009511,2026-07-16,referral,gmail.com,35-44,Northeast
C008420,2026-06-04,organic_search,icloud.com,45-54,Southeast
C004939,2025-12-07,Organic,gmail.com,55-64,Midwest
C008558,2026-06-04,referral,yahoo.com,35-44,Southeast
C008972,2026-06-25,paid_social,gmail.com,55-64,Southwest
C009178,2026-06-20,paid_social,gmail.com,35-44,West
C003773,2025-09-01,Facebook Ads,gmail.com,35-44,Northeast
C000907,2025-03-04,Organic,outlook.com,35-44,Midwest
C010203,2026-08-09,organic_search,gmail.com,35-44,Southwest
C004933,2025-12-15,Organic,gmail.com,55-64,Midwest
C000013,2025-01-24,Organic,gmail.com,55-64,Southeast
C007641,2026-04-20,paid_social,gmail.com,35-44,Midwest
C006461,2026-03-24,podcast,gmail.com,35-44,Southwest
C002213,2025-06-24,Referral Program,gmail.com,45-54,Midwest
C003564,2025-09-11,Referral Program,gmail.com,35-44,Midwest
C001341,2025-04-16,Organic,icloud.com,45-54,West
C007374,2026-04-21,paid_social,icloud.com,35-44,West
C005324,2026-01-04,Organic,gmail.com,55-64,West
C010648,2026-08-17,paid_social,yahoo.com,45-54,Midwest
C001860,2025-05-30,Referral Program,outlook.com,25-34,Northeast
C009122,2026-06-25,paid_social,hotmail.com,55-64,Northeast
C004341,2025-10-02,Facebook Ads,gmail.com,25-34,West
C005625,2026-01-25,Google Ads,hotmail.com,35-44,Midwest
C001213,2025-03-04,Facebook Ads,gmail.com,55-64,Southwest
C007848,2026-05-10,podcast,gmail.com,25-34,Southwest
C002259,2025-06-11,Referral Program,hotmail.com,55-64,Midwest
C006984,2026-04-24,organic_search,hotmail.com,45-54,Southwest
C005005,2025-12-04,Referral Program,comcast.net,45-54,West
C008437,2026-06-26,organic_search,yahoo.com,35-44,Midwest
C007609,2026-04-20,paid_social,yahoo.com,55-64,Southwest
C007369,2026-04-26,paid_social,gmail.com,55-64,Southeast
C003608,2025-09-29,Referral Program,gmail.com,45-54,Midwest
C000752,2025-02-26,Facebook Ads,gmail.com,55-64,Southeast
C009332,2026-07-23,organic_search,icloud.com,25-34,Southeast
C005938,2026-02-22,referral,gmail.com,35-44,Northeast
C000407,2025-02-05,Organic,icloud.com,35-44,Southeast
C010857,2026-08-07,paid_social,comcast.net,45-54,West
C008312,2026-05-14,paid_social,gmail.com,35-44,Midwest
C007541,2026-04-24,paid_social,hotmail.com,35-44,Northeast
C008344,2026-05-16,paid_social,comcast.net,35-44,West
C005355,2026-01-30,Organic,gmail.com,35-44,Southeast
C007260,2026-04-08,paid_social,yahoo.com,45-54,Midwest
C001584,2025-04-18,Google Ads,yahoo.com,45-54,West
C010414,2026-08-13,podcast,gmail.com,55-64,Northeast
C007728,2026-05-09,organic_search,gmail.com,25-34,West
C006006,2026-02-21,podcast,comcast.net,45-54,West
C007060,2026-04-25,referral,gmail.com,45-54,Southeast
C005843,2026-02-17,organic_search,icloud.com,45-54,Midwest
C002942,2025-07-13,Facebook Ads,hotmail.com,35-44,Northeast
C006041,2026-02-12,paid_search,icloud.com,25-34,Midwest
C004265,2025-10-10,Facebook Ads,yahoo.com,45-54,Midwest
C005665,2026-01-22,Facebook Ads,gmail.com,55-64,Midwest
C004770,2025-11-17,Facebook Ads,gmail.com,25-34,Southeast
C008204,2026-05-26,paid_social,gmail.com,45-54,Midwest
C008507,2026-06-28,organic_search,outlook.com,45-54,Southeast
C002245,2025-06-04,Referral Program,icloud.com,35-44,Southwest
C003354,2025-08-29,Facebook Ads,gmail.com,25-34,Southeast
C010283,2026-08-13,referral,gmail.com,45-54,Midwest
C010562,2026-08-11,paid_social,gmail.com,35-44,Northeast
C009744,2026-07-05,paid_social,gmail.com,25-34,Northeast
C010260,2026-08-02,organic_search,gmail.com,35-44,Southeast
C002820,2025-07-26,Google Ads,gmail.com,55-64,Midwest
C001418,2025-04-24,Referral Program,outlook.com,55-64,Southeast
C002945,2025-07-05,Facebook Ads,gmail.com,35-44,Southwest
C006547,2026-03-22,paid_search,gmail.com,65+,West
C008316,2026-05-08,paid_social,gmail.com,55-64,West
C001158,2025-03-21,Google Ads,yahoo.com,35-44,Southwest
C002201,2025-06-11,,proton.me,25-34,Southeast
C002129,2025-06-16,Organic,outlook.com,35-44,Southeast
C002625,2025-07-17,Organic,outlook.com,45-54,Northeast
C006826,2026-03-19,paid_social,yahoo.com,25-34,Southeast
C009427,2026-07-03,organic_search,hotmail.com,25-34,Southeast
C003065,2025-08-29,Organic,gmail.com,35-44,Southeast
C001364,2025-04-09,Organic,gmail.com,55-64,Southeast
C003671,2025-09-25,Podcast,gmail.com,25-34,Southwest
C009362,2026-07-24,organic_search,comcast.net,45-54,West
C007814,2026-05-29,referral,gmail.com,65+,Southeast
C004175,2025-10-29,Google Ads,gmail.com,55-64,Northeast
C001349,2025-04-13,Organic,outlook.com,35-44,West
C010995,2026-08-03,paid_social,hotmail.com,45-54,Midwest
C009856,2026-07-03,paid_social,hotmail.com,55-64,Southwest
C009855,2026-07-15,paid_social,gmail.com,45-54,West
C006486,2026-03-05,podcast,gmail.com,35-44,Southwest
C009288,2026-06-08,paid_social,gmail.com,65+,Southeast
C006597,2026-03-01,paid_social,gmail.com,45-54,Northeast
C010828,2026-08-24,paid_social,gmail.com,35-44,Northeast
C000135,2025-01-05,Referral Program,gmail.com,65+,Southeast
C003680,2025-09-16,Google Ads,gmail.com,55-64,Northeast
C010367,2026-08-24,podcast,gmail.com,35-44,Northeast
C003884,2025-10-11,Organic,proton.me,35-44,Midwest
C009627,2026-07-17,paid_search,gmail.com,25-34,Southeast
C007258,2026-04-20,paid_social,gmail.com,55-64,Southeast
C011035,2026-09-01,organic_search,comcast.net,45-54,Northeast
C007098,2026-04-21,podcast,gmail.com,35-44,Northeast
C010730,2026-08-27,paid_social,hotmail.com,25-34,Southwest
C010935,2026-08-14,paid_social,gmail.com,35-44,Northeast
C009159,2026-06-07,paid_social,gmail.com,35-44,Southeast
C008287,2026-05-21,paid_social,yahoo.com,65+,Southeast
C009039,2026-06-04,paid_social,icloud.com,55-64,West
C005117,2025-12-06,Google Ads,hotmail.com,55-64,Southeast
C011109,2026-09-07,podcast,gmail.com,35-44,West
C002535,2025-07-16,Organic,gmail.com,55-64,Southeast
C001761,2025-05-19,Organic,outlook.com,45-54,Northeast
C011432,2025-09-03,Organic,harbormoney.com,25-34,Southwest
C004281,2025-10-04,Facebook Ads,gmail.com,45-54,Northeast
C008957,2026-06-07,paid_social,outlook.com,55-64,Northeast
C002071,2025-05-15,Facebook Ads,comcast.net,35-44,West
C008980,2026-06-10,paid_social,gmail.com,25-34,Southeast
C000294,2025-01-28,Google Ads,yahoo.com,35-44,Southwest
C006459,2026-03-21,podcast,gmail.com,25-34,Midwest
C000601,2025-02-04,Podcast,gmail.com,45-54,Southwest
C010873,2026-08-29,paid_social,yahoo.com,25-34,Southwest
C002904,2025-07-21,Facebook Ads,icloud.com,45-54,Southwest
C009279,2026-06-04,paid_social,gmail.com,25-34,Midwest
C008649,2026-06-03,podcast,yahoo.com,45-54,West
C008121,2026-05-02,paid_social,outlook.com,45-54,West
C010338,2026-08-05,referral,gmail.com,35-44,West
C007505,2026-04-13,paid_social,gmail.com,25-34,Northeast
C008177,2026-05-12,paid_social,yahoo.com,35-44,Northeast
C002030,2025-05-05,Facebook Ads,comcast.net,55-64,Southwest
C001740,2025-05-31,Organic,gmail.com,35-44,Midwest
C000715,2025-02-17,Google Ads,gmail.com,55-64,Northeast
C006170,2026-02-05,paid_social,icloud.com,25-34,West
C006601,2026-03-01,paid_social,gmail.com,35-44,Northeast
C000967,2025-03-30,Referral Program,gmail.com,35-44,Northeast
C010620,2026-08-23,paid_social,gmail.com,45-54,Midwest
C000353,2025-01-04,Facebook Ads,comcast.net,35-44,Southwest
C004858,2025-12-28,Organic,gmail.com,65+,Southeast
C009991,2026-07-07,paid_social,gmail.com,35-44,West
C005618,2026-01-24,Google Ads,gmail.com,35-44,Southwest
C004315,2025-10-01,Facebook Ads,outlook.com,25-34,West
C005723,2026-01-27,Facebook Ads,gmail.com,35-44,West
C010991,2026-08-28,paid_social,proton.me,35-44,Southeast
C004150,2025-10-05,Podcast,yahoo.com,45-54,Northeast
C008197,2026-05-19,paid_social,icloud.com,35-44,Northeast
C006238,2026-03-11,organic_search,icloud.com,35-44,Northeast
C004134,2025-10-29,Podcast,yahoo.com,55-64,Northeast
C008056,2026-05-26,paid_social,yahoo.com,25-34,Southeast
C011429,2025-12-10,Organic,harbormoney.com,25-34,West
C002756,2025-07-29,Podcast,gmail.com,55-64,Midwest
C000386,2025-01-02,Facebook Ads,gmail.com,35-44,Northeast
C004165,2025-10-22,Google Ads,gmail.com,25-34,West
C006416,2026-03-23,podcast,gmail.com,25-34,West
C008266,2026-05-20,paid_social,gmail.com,25-34,Southeast
C009573,2026-07-21,podcast,gmail.com,25-34,Southwest
C009651,2026-07-24,paid_search,comcast.net,45-54,West
C000003,2025-01-21,Organic,gmail.com,65+,Southwest
C007492,2026-04-13,paid_social,gmail.com,55-64,Northeast
C004291,2025-10-12,Facebook Ads,gmail.com,35-44,Southwest
C011045,2026-09-09,organic_search,gmail.com,55-64,West
C001925,2025-05-06,Podcast,gmail.com,55-64,Southwest
C010053,2026-07-12,paid_social,icloud.com,35-44,Northeast
C011105,2026-09-06,referral,icloud.com,45-54,Northeast
C006956,2026-04-05,organic_search,yahoo.com,25-34,Northeast
C005654,2026-01-26,Google Ads,yahoo.com,45-54,West
C003191,2025-08-22,Podcast,outlook.com,65+,Northeast
C004615,2025-11-11,Podcast,gmail.com,55-64,West
C005037,2025-12-11,Referral Program,gmail.com,55-64,Southeast
C001388,2025-04-22,Referral Program,comcast.net,45-54,Northeast
C008870,2026-06-02,paid_social,comcast.net,35-44,West
C008080,2026-05-29,paid_social,outlook.com,35-44,West
C007766,2026-05-22,referral,icloud.com,55-64,West
C007124,2026-04-28,podcast,gmail.com,35-44,West
C004486,2025-11-19,Organic,comcast.net,45-54,Midwest
C000391,2025-01-19,Facebook Ads,yahoo.com,45-54,West
C002290,2025-06-21,Podcast,icloud.com,55-64,Southeast
C004932,2025-12-23,Organic,gmail.com,55-64,Southeast
C007831,2026-05-05,referral,yahoo.com,45-54,Northeast
C011301,2026-09-06,paid_social,gmail.com,55-64,West
C008285,2026-05-06,paid_social,gmail.com,25-34,West
C001569,2025-04-18,Google Ads,gmail.com,25-34,Southeast
C003724,2025-09-19,Google Ads,outlook.com,25-34,West
C001288,2025-04-10,Organic,icloud.com,25-34,Northeast
C009905,2026-07-27,paid_social,yahoo.com,35-44,West
C000939,2025-03-19,Organic,hotmail.com,35-44,West
C004194,2025-10-12,Google Ads,gmail.com,25-34,Midwest
C002241,2025-06-11,Referral Program,hotmail.com,45-54,Southwest
C002591,2025-07-06,Organic,gmail.com,35-44,Southwest
C007419,2026-04-30,paid_social,icloud.com,35-44,Southeast
C006347,2026-03-16,referral,icloud.com,25-34,Northeast
C003641,2025-09-06,Podcast,comcast.net,45-54,Northeast
C011225,2026-09-13,paid_social,gmail.com,25-34,West
C001046,2025-03-30,Podcast,outlook.com,35-44,Southeast
C007216,2026-04-22,paid_search,gmail.com,55-64,Midwest
C001602,2025-04-30,Google Ads,yahoo.com,35-44,Midwest
C003684,2025-09-25,Google Ads,gmail.com,55-64,West
C009306,2026-06-10,paid_social,outlook.com,25-34,Northeast
C008406,2026-06-13,organic_search,gmail.com,35-44,Southeast
C000857,2025-03-28,Organic,hotmail.com,35-44,West
C001338,2025-04-29,Organic,gmail.com,55-64,Midwest
C001702,2025-05-29,Organic,gmail.com,55-64,Southwest
C008373,2026-05-09,paid_social,gmail.com,55-64,Midwest
C007335,2026-04-08,paid_social,hotmail.com,35-44,Midwest
C000925,2025-03-21,Organic,yahoo.com,25-34,Southwest
C007979,2026-05-04,paid_search,gmail.com,45-54,Southeast
C007700,2026-05-23,organic_search,comcast.net,45-54,Southwest
C011458,2025-08-18,Organic,harbormoney.com,25-34,Southwest
C005754,2026-02-28,organic_search,yahoo.com,35-44,Northeast
C001599,2025-04-06,Google Ads,hotmail.com,35-44,Southwest
C007678,2026-05-11,,gmail.com,25-34,West
C006105,2026-02-27,paid_search,gmail.com,45-54,Southwest
C002390,2025-06-12,Google Ads,yahoo.com,55-64,Northeast
C003254,2025-08-30,Google Ads,icloud.com,45-54,Northeast
C002263,2025-06-09,Referral Program,gmail.com,35-44,Southeast
C010900,2026-08-24,paid_social,gmail.com,45-54,Southeast
C007569,2026-04-28,paid_social,gmail.com,25-34,West
C005344,2026-01-13,Organic,gmail.com,35-44,Northeast
C000322,2025-01-25,Google Ads,gmail.com,35-44,Northeast
C004428,2025-11-12,Organic,yahoo.com,35-44,Southwest
C001588,2025-04-11,Google Ads,yahoo.com,25-34,Northeast
C005929,2026-02-17,referral,gmail.com,45-54,West
C004689,2025-11-28,Google Ads,gmail.com,35-44,Midwest
C006480,2026-03-31,podcast,gmail.com,25-34,West
C009697,2026-07-18,paid_social,icloud.com,45-54,Southwest
C007317,2026-04-09,paid_social,gmail.com,35-44,Midwest
C008667,2026-06-14,podcast,comcast.net,25-34,Southeast
C003798,2025-09-12,Facebook Ads,gmail.com,45-54,Southeast
C000314,2025-01-05,Google Ads,gmail.com,45-54,Midwest
C010862,2026-08-15,paid_social,gmail.com,35-44,Southeast
C008027,2026-05-20,paid_social,comcast.net,35-44,West
C001395,2025-04-21,Referral Program,gmail.com,45-54,Southwest
C005069,2025-12-23,Podcast,hotmail.com,25-34,West
C003597,2025-09-30,Referral Program,yahoo.com,45-54,Midwest
C000875,2025-03-24,Organic,hotmail.com,35-44,Southeast
C001001,2025-03-07,Referral Program,icloud.com,45-54,Southeast
C006164,2026-02-28,paid_social,outlook.com,45-54,Southeast
C005436,2026-01-04,Referral Program,gmail.com,35-44,Southwest
C007316,2026-04-27,paid_social,gmail.com,35-44,West
C006304,2026-03-19,organic_search,gmail.com,65+,West
C006405,2026-03-03,referral,gmail.com,35-44,Northeast
C004459,2025-11-26,Organic,gmail.com,35-44,Northeast
C007633,2026-04-03,paid_social,comcast.net,25-34,West
C004094,2025-10-05,Referral Program,gmail.com,25-34,West
C002664,2025-07-09,Referral Program,outlook.com,35-44,Southeast
C009527,2026-07-01,podcast,yahoo.com,25-34,Southwest
C000871,2025-03-05,Organic,gmail.com,35-44,West
C006744,2026-03-03,paid_social,gmail.com,35-44,Southwest
C003492,2025-09-23,Organic,gmail.com,55-64,West
C000593,2025-02-25,Podcast,gmail.com,45-54,Southwest
C006550,2026-03-19,paid_search,outlook.com,35-44,West
C003357,2025-08-28,Facebook Ads,yahoo.com,35-44,Midwest
C008744,2026-06-10,paid_search,comcast.net,45-54,Southwest
C010138,2026-08-02,organic_search,gmail.com,25-34,Southwest
C009255,2026-06-08,paid_social,yahoo.com,35-44,Southeast
C001484,2025-04-18,Podcast,comcast.net,45-54,Southwest
C011275,2026-09-13,paid_social,proton.me,35-44,Southeast
C005395,2026-01-16,Organic,gmail.com,35-44,Northeast
C004352,2025-11-05,Organic,gmail.com,25-34,Midwest
C004810,2025-11-27,Facebook Ads,comcast.net,65+,West
C005424,2026-01-17,Organic,gmail.com,45-54,Southeast
C008690,2026-06-15,podcast,gmail.com,35-44,Southwest
C007595,2026-04-24,paid_social,yahoo.com,25-34,Southeast
C010010,2026-07-11,paid_social,icloud.com,45-54,Midwest
C010552,2026-08-04,paid_social,gmail.com,25-34,Northeast
C000176,2025-01-16,Referral Program,comcast.net,55-64,Southwest
C006546,2026-03-03,paid_search,icloud.com,25-34,Northeast
C004044,2025-10-04,Referral Program,gmail.com,45-54,Southeast
C000284,2025-01-31,Google Ads,yahoo.com,65+,West
C010626,2026-08-24,paid_social,gmail.com,55-64,Southwest
C003102,2025-08-25,Referral Program,comcast.net,45-54,Northeast
C010349,2026-08-09,referral,gmail.com,45-54,West
C004510,2025-11-09,Referral Program,gmail.com,35-44,Southeast
C000489,2025-02-22,Organic,icloud.com,35-44,Northeast
C003743,2025-09-01,Google Ads,gmail.com,45-54,Northeast
C000232,2025-01-21,Podcast,gmail.com,35-44,West
C004332,2025-10-02,Facebook Ads,gmail.com,25-34,Northeast
C009254,2026-06-25,paid_social,comcast.net,45-54,Midwest
C008950,2026-06-30,paid_social,hotmail.com,35-44,West
C005539,2026-01-01,Podcast,gmail.com,35-44,Southeast
C004445,2025-11-28,Organic,gmail.com,35-44,Southeast
C008067,2026-05-08,paid_social,yahoo.com,25-34,Southeast
C010782,2026-08-01,paid_social,gmail.com,35-44,Midwest
C006912,2026-04-04,organic_search,yahoo.com,25-34,Northeast
C001094,2025-03-06,Google Ads,gmail.com,25-34,Northeast
C004441,2025-11-18,Organic,yahoo.com,45-54,Northeast
C007801,2026-05-06,referral,gmail.com,35-44,Southeast
C000646,2025-02-09,Podcast,yahoo.com,35-44,Northeast
C002184,2025-06-03,Organic,proton.me,35-44,Southeast
C009832,2026-07-19,paid_social,yahoo.com,35-44,Northeast
C008872,2026-06-27,paid_social,gmail.com,35-44,Southwest
C007851,2026-05-20,podcast,outlook.com,65+,Southeast
C001667,2025-04-11,Facebook Ads,gmail.com,65+,Southwest
C001678,2025-05-17,Organic,outlook.com,55-64,Midwest
C004853,2025-12-24,Organic,hotmail.com,35-44,Southeast
C009064,2026-06-03,paid_social,gmail.com,65+,Southwest
C006107,2026-02-04,paid_search,gmail.com,45-54,Midwest
C010849,2026-08-06,paid_social,yahoo.com,35-44,Southwest
C001906,2025-05-08,Podcast,hotmail.com,35-44,Northeast
C003938,2025-10-24,Organic,hotmail.com,45-54,Northeast
C010312,2026-08-22,referral,hotmail.com,45-54,West
C008754,2026-06-20,paid_search,gmail.com,65+,Southeast
C010536,2026-08-30,paid_search,outlook.com,45-54,Northeast
C000077,2025-01-08,Organic,gmail.com,35-44,Southwest
C002997,2025-08-21,Organic,gmail.com,25-34,Southwest
C002785,2025-07-18,Google Ads,yahoo.com,25-34,Northeast
C005734,2026-01-10,Facebook Ads,gmail.com,55-64,Midwest
C008339,2026-05-17,paid_social,proton.me,25-34,Midwest
C008689,2026-06-29,podcast,gmail.com,25-34,West
C002547,2025-07-13,Organic,outlook.com,45-54,Northeast
C003408,2025-09-14,Organic,outlook.com,35-44,West
C000093,2025-01-30,Organic,comcast.net,65+,West
C001812,2025-05-30,Organic,gmail.com,55-64,Midwest
C006440,2026-03-07,podcast,yahoo.com,35-44,Southeast
C002369,2025-06-18,Google Ads,gmail.com,55-64,Northeast
C010216,2026-08-02,organic_search,gmail.com,45-54,Midwest
C007395,2026-04-03,paid_social,outlook.com,35-44,Southeast
C002746,2025-07-05,Podcast,yahoo.com,45-54,Northeast
C007247,2026-04-20,paid_search,outlook.com,25-34,Midwest
C002929,2025-07-12,Facebook Ads,gmail.com,25-34,West
C000410,2025-02-25,Organic,gmail.com,65+,Southeast
C010215,2026-08-30,organic_search,comcast.net,55-64,Southwest
C005841,2026-02-14,organic_search,outlook.com,55-64,Midwest
C004003,2025-10-18,Organic,yahoo.com,35-44,West
C010298,2026-08-17,referral,yahoo.com,45-54,Southeast
C011093,2026-09-12,referral,yahoo.com,25-34,West
C001202,2025-03-05,Facebook Ads,gmail.com,45-54,Southeast
C008405,2026-06-12,organic_search,gmail.com,25-34,Northeast
C003782,2025-09-05,Facebook Ads,gmail.com,55-64,Southeast
C008940,2026-06-01,paid_social,hotmail.com,35-44,Northeast
C007624,2026-04-17,paid_social,icloud.com,25-34,Southwest
C002943,2025-07-02,Facebook Ads,icloud.com,25-34,Northeast
C001614,2025-04-10,Facebook Ads,gmail.com,45-54,Southwest
C000044,2025-01-25,Organic,gmail.com,35-44,Southeast
C008998,2026-06-29,paid_social,yahoo.com,25-34,Midwest
C007894,2026-05-09,paid_search,gmail.com,35-44,Northeast
C001042,2025-03-09,Podcast,gmail.com,35-44,Southeast
C000717,2025-02-06,Google Ads,gmail.com,45-54,Southeast
C001968,2025-05-08,Google Ads,gmail.com,45-54,Northeast
C005159,2025-12-23,Google Ads,hotmail.com,25-34,Southeast
C011092,2026-09-01,referral,yahoo.com,45-54,Northeast
C007400,2026-04-02,paid_social,gmail.com,25-34,Southeast
C005388,2026-01-30,Organic,outlook.com,25-34,West
C001877,2025-05-04,Referral Program,gmail.com,55-64,Southwest
C004730,2025-11-29,Facebook Ads,gmail.com,25-34,Southeast
C006557,2026-03-24,paid_search,gmail.com,35-44,Midwest
C006414,2026-03-01,podcast,gmail.com,35-44,Midwest
C003433,2025-09-13,Organic,comcast.net,25-34,West
C003605,2025-09-25,Referral Program,gmail.com,25-34,Southwest
C002569,2025-07-20,Organic,comcast.net,25-34,Northeast
C000767,2025-02-27,Facebook Ads,icloud.com,55-64,West
C001451,2025-04-06,Referral Program,outlook.com,35-44,Midwest
C010021,2026-07-06,paid_social,gmail.com,45-54,Southwest
C006718,2026-03-17,paid_social,gmail.com,45-54,Midwest
C009997,2026-07-13,paid_social,gmail.com,35-44,West
C006640,2026-03-07,paid_social,gmail.com,65+,Midwest
C002892,2025-07-22,Facebook Ads,yahoo.com,25-34,Northeast
C009315,2026-07-07,organic_search,gmail.com,35-44,Midwest
C007264,2026-04-30,paid_social,outlook.com,35-44,Midwest
C004297,2025-10-05,Facebook Ads,icloud.com,35-44,Midwest
C001343,2025-04-12,Organic,gmail.com,45-54,Northeast
C010559,2026-08-14,paid_social,outlook.com,35-44,Southwest
C009382,2026-07-19,organic_search,gmail.com,25-34,Northeast
C000105,2025-01-23,Organic,gmail.com,45-54,Southwest
C001896,2025-05-13,Podcast,icloud.com,45-54,Southeast
C008165,2026-05-25,paid_social,gmail.com,35-44,West
C007175,2026-04-18,paid_search,gmail.com,55-64,Midwest
C009388,2026-07-28,organic_search,comcast.net,35-44,Southeast
C010156,2026-08-21,organic_search,yahoo.com,55-64,Northeast
C002902,2025-07-29,Facebook Ads,yahoo.com,35-44,Southeast
C003931,2025-10-30,Organic,icloud.com,25-34,West
C010199,2026-08-08,organic_search,icloud.com,25-34,West
C011294,2026-09-08,paid_social,gmail.com,25-34,Northeast
C010812,2026-08-15,paid_social,icloud.com,45-54,West
C007585,2026-04-13,paid_social,gmail.com,35-44,West
C008162,2026-05-06,paid_social,gmail.com,45-54,Northeast
C007719,2026-05-03,organic_search,gmail.com,25-34,West
C004679,2025-11-10,Google Ads,comcast.net,45-54,Southeast
C005201,2025-12-25,Google Ads,yahoo.com,25-34,Southeast
C006472,2026-03-05,podcast,yahoo.com,45-54,Southwest
C006971,2026-04-07,organic_search,gmail.com,35-44,West
C006080,2026-02-01,paid_search,gmail.com,35-44,Southwest
C009171,2026-06-21,paid_social,gmail.com,45-54,Northeast
C005147,2025-12-10,Google Ads,gmail.com,55-64,West
C001024,2025-03-08,Referral Program,gmail.com,35-44,West
C000570,2025-02-16,Referral Program,gmail.com,35-44,Northeast
C000849,2025-03-03,Organic,gmail.com,45-54,Northeast
C006571,2026-03-15,paid_search,yahoo.com,25-34,Midwest
C004855,2025-12-22,Organic,gmail.com,45-54,Northeast
C004213,2025-10-20,Google Ads,yahoo.com,45-54,Midwest
C003703,2025-09-01,Google Ads,icloud.com,35-44,Southeast
C006793,2026-03-04,paid_social,gmail.com,35-44,Southeast
C009357,2026-07-04,organic_search,outlook.com,45-54,Southwest
C001767,2025-05-01,Organic,yahoo.com,35-44,West
C009907,2026-07-19,paid_social,hotmail.com,25-34,Northeast
C001952,2025-05-07,Google Ads,gmail.com,55-64,Southwest
C011286,2026-09-05,paid_social,yahoo.com,45-54,Midwest
C010087,2026-07-05,paid_social,outlook.com,45-54,West
C008479,2026-06-03,organic_search,gmail.com,45-54,Northeast
C004982,2025-12-12,Referral Program,gmail.com,65+,West
C002854,2025-07-27,Google Ads,proton.me,35-44,Northeast
C005312,2026-01-08,Organic,outlook.com,55-64,West
C005943,2026-02-23,referral,comcast.net,35-44,Southeast
C009986,2026-07-01,paid_social,gmail.com,35-44,Southwest
C007558,2026-04-29,paid_social,gmail.com,45-54,Northeast
C011397,2025-03-17,Organic,harbormoney.com,55-64,Southeast
C003130,2025-08-02,Referral Program,gmail.com,35-44,Southwest
C000590,2025-02-21,Referral Program,hotmail.com,25-34,Southeast
C004248,2025-10-11,Google Ads,gmail.com,35-44,Midwest
C002155,2025-06-21,Organic,gmail.com,35-44,Midwest
C011255,2026-09-09,paid_social,gmail.com,55-64,Midwest
C009897,2026-07-06,paid_social,gmail.com,25-34,Southeast
C003790,2025-09-22,Facebook Ads,yahoo.com,35-44,West
C005250,2025-12-25,Facebook Ads,gmail.com,25-34,Southeast
C011334,2026-09-14,paid_social,gmail.com,35-44,West
C008965,2026-06-18,paid_social,gmail.com,25-34,Northeast
C001593,2025-04-05,Google Ads,yahoo.com,45-54,West
C007112,2026-04-25,podcast,gmail.com,55-64,Northeast
C006298,2026-03-20,organic_search,gmail.com,25-34,Northeast
C010076,2026-07-05,paid_social,hotmail.com,25-34,West
C004628,2025-11-04,Podcast,gmail.com,45-54,Southwest
C008281,2026-05-02,paid_social,gmail.com,25-34,West
C010205,2026-08-13,organic_search,gmail.com,35-44,West
C004896,2025-12-14,Organic,outlook.com,35-44,Southwest
C007673,2026-05-11,organic_search,gmail.com,55-64,Southeast
C002509,2025-07-15,Organic,gmail.com,25-34,Northeast
C005784,2026-02-28,organic_search,gmail.com,45-54,Southwest
C009391,2026-07-01,organic_search,yahoo.com,25-34,Northeast
C000515,2025-02-17,Organic,outlook.com,35-44,Southwest
C010168,2026-08-28,organic_search,outlook.com,45-54,Northeast
C002568,2025-07-19,Organic,gmail.com,35-44,Midwest
C005609,2026-01-19,Google Ads,gmail.com,45-54,Northeast
C000012,2025-01-16,Organic,gmail.com,35-44,Midwest
C002007,2025-05-19,Google Ads,gmail.com,25-34,Midwest
C006253,2026-03-26,organic_search,gmail.com,25-34,Southwest
C002877,2025-07-05,Facebook Ads,gmail.com,35-44,Southeast
C002830,2025-07-17,Google Ads,icloud.com,35-44,Midwest
C004900,2025-12-15,Organic,icloud.com,45-54,Southwest
C006457,2026-03-04,podcast,comcast.net,45-54,Northeast
C007187,2026-04-05,paid_search,outlook.com,45-54,Southeast
C000556,2025-02-14,Referral Program,gmail.com,25-34,Southwest
C000943,2025-03-02,Organic,icloud.com,65+,Southwest
C000355,2025-01-05,Facebook Ads,yahoo.com,35-44,Northeast
C001350,2025-04-16,Organic,gmail.com,25-34,West
C002835,2025-07-09,Google Ads,gmail.com,35-44,Southwest
C006245,2026-03-04,organic_search,yahoo.com,35-44,Northeast
C009252,2026-06-09,paid_social,outlook.com,25-34,Southeast
C004720,2025-11-13,Google Ads,comcast.net,35-44,Midwest
C009078,2026-06-23,paid_social,outlook.com,25-34,Southeast
C009114,2026-06-15,paid_social,yahoo.com,35-44,Southwest
C010267,2026-08-05,organic_search,yahoo.com,25-34,West
C007309,2026-04-03,paid_social,yahoo.com,35-44,Southeast
C003736,2025-09-06,Google Ads,gmail.com,35-44,Northeast
C007315,2026-04-21,paid_social,gmail.com,55-64,Southeast
C001604,2025-04-16,Facebook Ads,outlook.com,35-44,Northeast
C004650,2025-11-23,Google Ads,yahoo.com,35-44,Southeast
C004355,2025-11-09,Organic,gmail.com,35-44,Southeast
C002682,2025-07-05,Referral Program,gmail.com,45-54,Northeast
C005437,2026-01-29,Referral Program,icloud.com,45-54,Midwest
C002317,2025-06-11,Podcast,gmail.com,35-44,Southeast
C007156,2026-04-28,paid_search,gmail.com,55-64,Northeast
C000069,2025-01-05,Organic,yahoo.com,35-44,West
C007886,2026-05-16,podcast,gmail.com,55-64,Southeast
C005930,2026-02-05,referral,gmail.com,35-44,Southeast
C000569,2025-02-05,Referral Program,icloud.com,55-64,Southwest
C006551,2026-03-03,paid_search,gmail.com,35-44,Southeast
C010296,2026-08-05,referral,outlook.com,55-64,Midwest
C002740,2025-07-20,Podcast,comcast.net,65+,Northeast
C010077,2026-07-21,paid_social,gmail.com,45-54,Northeast
C004777,2025-11-24,Facebook Ads,yahoo.com,45-54,Midwest
C004831,2025-12-29,Organic,outlook.com,45-54,Northeast
C010545,2026-08-22,paid_search,comcast.net,35-44,West
C005221,2025-12-29,Facebook Ads,proton.me,55-64,Midwest
C006913,2026-04-11,organic_search,gmail.com,45-54,Midwest
C004296,2025-10-28,Facebook Ads,gmail.com,35-44,Southwest
C009355,2026-07-07,organic_search,outlook.com,25-34,Southeast
C010652,2026-08-26,paid_social,gmail.com,45-54,Midwest
C004333,2025-10-06,Facebook Ads,comcast.net,35-44,Midwest
C007628,2026-04-15,paid_social,gmail.com,45-54,Northeast
C004687,2025-11-26,Google Ads,gmail.com,25-34,Southeast
C005230,2025-12-08,Facebook Ads,gmail.com,45-54,West
C006479,2026-03-30,podcast,gmail.com,25-34,West
C002357,2025-06-05,Google Ads,outlook.com,55-64,West
C011129,2026-09-07,podcast,gmail.com,25-34,Southwest
C006463,2026-03-01,podcast,icloud.com,55-64,Midwest
C009470,2026-07-10,referral,yahoo.com,25-34,Southeast
C004556,2025-11-28,Referral Program,gmail.com,55-64,Northeast
C003582,2025-09-26,Referral Program,outlook.com,35-44,Northeast
C003216,2025-08-31,Podcast,gmail.com,55-64,Northeast
C004981,2025-12-12,Referral Program,hotmail.com,25-34,West
C011034,2026-09-13,organic_search,gmail.com,35-44,Southwest
C004240,2025-10-28,Google Ads,icloud.com,35-44,Northeast
C007449,2026-04-21,paid_social,icloud.com,35-44,Northeast
C001501,2025-04-06,Podcast,gmail.com,55-64,Southwest
C008068,2026-05-07,paid_social,gmail.com,55-64,Northeast
C007825,2026-05-08,referral,gmail.com,55-64,Northeast
C007179,2026-04-19,paid_search,gmail.com,35-44,Northeast
C011414,2025-12-02,Organic,harbormoney.com,25-34,Southeast
C000519,2025-02-05,Organic,outlook.com,25-34,Midwest
C011057,2026-09-11,organic_search,outlook.com,45-54,Northeast
C009372,2026-07-17,organic_search,gmail.com,25-34,Midwest
C007273,2026-04-10,paid_social,outlook.com,25-34,Southeast
C010258,2026-08-20,organic_search,comcast.net,35-44,Southwest
C005496,2026-01-17,Referral Program,outlook.com,35-44,Southwest
C000585,2025-02-08,Referral Program,icloud.com,55-64,Midwest
C009596,2026-07-09,paid_search,gmail.com,45-54,Northeast
C006865,2026-04-01,organic_search,gmail.com,55-64,Northeast
C011406,2025-03-04,Organic,harbormoney.com,35-44,West
C002501,2025-07-22,Organic,gmail.com,25-34,Midwest
C010248,2026-08-07,organic_search,gmail.com,35-44,Southeast
C000381,2025-01-04,Facebook Ads,comcast.net,35-44,Northeast
C005247,2025-12-09,Facebook Ads,outlook.com,55-64,Midwest
C002436,2025-06-09,Facebook Ads,gmail.com,25-34,Midwest
C002537,2025-07-27,Organic,yahoo.com,35-44,West
C008441,2026-06-16,organic_search,gmail.com,35-44,Northeast
C010354,2026-08-20,referral,gmail.com,55-64,Northeast
C002802,2025-07-09,Google Ads,gmail.com,45-54,West
C004188,2025-10-07,Google Ads,gmail.com,65+,West
C007841,2026-05-19,podcast,gmail.com,35-44,Midwest
C003809,2025-09-20,Facebook Ads,gmail.com,25-34,West
C002219,2025-06-08,Referral Program,outlook.com,35-44,Southwest
C003213,2025-08-20,Podcast,gmail.com,25-34,West
C006367,2026-03-17,referral,icloud.com,65+,West
C010733,2026-08-12,paid_social,gmail.com,25-34,Northeast
C004620,2025-11-18,Podcast,gmail.com,25-34,West
C010201,2026-08-18,organic_search,gmail.com,45-54,Midwest
C002901,2025-07-09,Facebook Ads,yahoo.com,55-64,Southeast
C006448,2026-03-18,podcast,gmail.com,45-54,Southeast
C006952,2026-04-21,organic_search,yahoo.com,45-54,West
C000306,2025-01-29,Google Ads,gmail.com,55-64,Southwest
C009787,2026-07-07,paid_social,gmail.com,35-44,Midwest
C004195,2025-10-26,Google Ads,gmail.com,55-64,Midwest
C006022,2026-02-12,paid_search,gmail.com,35-44,Southwest
C007625,2026-04-15,paid_social,comcast.net,55-64,West
C000613,2025-02-08,Podcast,yahoo.com,45-54,Midwest
C001791,2025-05-11,Organic,comcast.net,35-44,West
C009979,2026-07-06,paid_social,gmail.com,35-44,Midwest
C005473,2026-01-10,Referral Program,comcast.net,55-64,Midwest
C011173,2026-09-05,paid_search,gmail.com,25-34,Southeast
C000898,2025-03-08,Organic,gmail.com,55-64,Northeast
C004391,2025-11-28,Organic,gmail.com,45-54,Northeast
C006764,2026-03-16,paid_social,gmail.com,65+,Southwest
C010413,2026-08-28,podcast,gmail.com,35-44,Southeast
C005080,2025-12-18,Podcast,gmail.com,45-54,West
C004668,2025-11-08,Google Ads,gmail.com,35-44,Midwest
C009005,2026-06-04,paid_social,gmail.com,35-44,Southeast
C005983,2026-02-15,podcast,gmail.com,35-44,West
C002897,2025-07-21,Facebook Ads,gmail.com,35-44,Northeast
C009463,2026-07-11,referral,comcast.net,55-64,Southwest
C004232,2025-10-01,Google Ads,gmail.com,35-44,Northeast
C002048,2025-05-27,Facebook Ads,proton.me,35-44,Northeast
C004185,2025-10-06,Google Ads,gmail.com,25-34,Midwest
C009468,2026-07-24,referral,comcast.net,45-54,Midwest
C006217,2026-03-13,organic_search,gmail.com,25-34,West
C004368,2025-11-29,Organic,gmail.com,35-44,Northeast
C009879,2026-07-14,paid_social,gmail.com,55-64,Northeast
C005659,2026-01-28,Google Ads,gmail.com,35-44,Northeast
C008129,2026-05-15,paid_social,comcast.net,25-34,Northeast
C000674,2025-02-02,Google Ads,proton.me,25-34,West
C002662,2025-07-16,Referral Program,yahoo.com,25-34,Midwest
C000229,2025-01-23,Podcast,gmail.com,35-44,Southeast
C007341,2026-04-17,paid_social,gmail.com,25-34,Northeast
C009280,2026-06-27,paid_social,outlook.com,35-44,Midwest
C008443,2026-06-21,organic_search,gmail.com,35-44,Southeast
C005103,2025-12-12,Google Ads,gmail.com,45-54,Southwest
C001843,2025-05-24,Referral Program,gmail.com,45-54,West
C009390,2026-07-19,organic_search,gmail.com,45-54,Northeast
C001420,2025-04-27,Referral Program,yahoo.com,25-34,Midwest
C004311,2025-10-26,Facebook Ads,yahoo.com,45-54,Midwest
C003575,2025-09-25,Referral Program,gmail.com,45-54,Southwest
C002984,2025-08-13,Organic,yahoo.com,45-54,Southeast
C007435,2026-04-30,paid_social,yahoo.com,45-54,Southeast
C008809,2026-06-13,paid_social,hotmail.com,25-34,West
C010141,2026-08-31,organic_search,gmail.com,45-54,Southwest
C000862,2025-03-03,Organic,icloud.com,65+,Northeast
C008927,2026-06-14,paid_social,gmail.com,25-34,Midwest
C001076,2025-03-11,Podcast,gmail.com,25-34,West
C003044,2025-08-17,Organic,gmail.com,35-44,Midwest
C002238,2025-06-30,Referral Program,gmail.com,35-44,Midwest
C006187,2026-02-05,paid_social,gmail.com,35-44,Midwest
C005988,2026-02-03,podcast,hotmail.com,25-34,West
C005992,2026-02-20,podcast,gmail.com,45-54,Northeast
C003839,2025-09-14,Facebook Ads,icloud.com,35-44,Southeast
C002295,2025-06-01,Podcast,icloud.com,25-34,Midwest
C003682,2025-09-26,Google Ads,gmail.com,25-34,Southeast
C004697,2025-11-18,Google Ads,gmail.com,35-44,Northeast
C001209,2025-03-07,Facebook Ads,gmail.com,45-54,Northeast
C001396,2025-04-04,Referral Program,gmail.com,35-44,Southwest
C002413,2025-06-15,Google Ads,comcast.net,35-44,West
C007356,2026-04-12,paid_social,gmail.com,35-44,Midwest
C000970,2025-03-21,Referral Program,hotmail.com,35-44,Southeast
C002777,2025-07-14,Google Ads,proton.me,35-44,West
C001039,2025-03-16,Podcast,gmail.com,25-34,Northeast
C005963,2026-02-23,podcast,comcast.net,25-34,Southwest
C001731,2025-05-05,,gmail.com,35-44,Southeast
C004342,2025-10-10,Facebook Ads,gmail.com,55-64,West
C007033,2026-04-21,referral,proton.me,25-34,Southwest
C002283,2025-06-30,Podcast,icloud.com,25-34,Midwest
C010535,2026-08-08,paid_search,gmail.com,25-34,Southwest
C008549,2026-06-25,referral,gmail.com,55-64,Northeast
C007613,2026-04-28,paid_social,yahoo.com,35-44,West
C006491,2026-03-16,podcast,yahoo.com,55-64,Midwest
C008225,2026-05-09,paid_social,proton.me,45-54,Southwest
C001235,2025-03-02,Facebook Ads,gmail.com,45-54,West
C007242,2026-04-12,paid_search,outlook.com,35-44,Northeast
C008564,2026-06-29,referral,gmail.com,35-44,Northeast
C001909,2025-05-13,Podcast,gmail.com,55-64,West
C007944,2026-05-14,paid_search,yahoo.com,65+,Southeast
C008119,2026-05-28,paid_social,icloud.com,25-34,West
C002310,2025-06-23,Podcast,gmail.com,45-54,Midwest
C008813,2026-06-15,paid_social,icloud.com,35-44,Southeast
C009727,2026-07-13,paid_social,gmail.com,25-34,Northeast
C005865,2026-02-27,organic_search,gmail.com,45-54,Northeast
C010532,2026-08-03,paid_search,gmail.com,35-44,Southwest
C006462,2026-03-25,podcast,icloud.com,25-34,Midwest
C000906,2025-03-21,Organic,hotmail.com,25-34,Midwest
C005517,2026-01-28,Podcast,icloud.com,45-54,Southeast
C003157,2025-08-05,Referral Program,gmail.com,45-54,Southeast
C002225,2025-06-27,Referral Program,outlook.com,45-54,West
C005129,2025-12-30,Google Ads,outlook.com,45-54,Southwest
C007005,2026-04-16,organic_search,gmail.com,35-44,Southeast
C004547,2025-11-11,Referral Program,gmail.com,35-44,West
C005917,2026-02-27,referral,hotmail.com,45-54,Northeast
C008380,2026-05-18,paid_social,gmail.com,35-44,Southeast
C007572,2026-04-22,paid_social,gmail.com,45-54,West
C009215,2026-06-27,paid_social,gmail.com,55-64,Southeast
C007430,2026-04-13,paid_social,comcast.net,45-54,Southeast
C010994,2026-08-20,paid_social,outlook.com,25-34,West
C000124,2025-01-20,Referral Program,comcast.net,65+,Southeast
C000800,2025-02-25,Facebook Ads,gmail.com,55-64,Midwest
C004754,2025-11-08,Facebook Ads,yahoo.com,55-64,Southeast
C004688,2025-11-02,Google Ads,gmail.com,45-54,Southeast
C010515,2026-08-03,paid_search,gmail.com,25-34,Northeast
C010256,2026-08-26,organic_search,gmail.com,55-64,Midwest
C009794,2026-07-11,paid_social,gmail.com,35-44,Southeast
C002621,2025-07-26,Organic,proton.me,25-34,Northeast
C005726,2026-01-29,Facebook Ads,yahoo.com,45-54,Midwest
C004157,2025-10-13,Google Ads,gmail.com,35-44,Midwest
C005691,2026-01-02,Facebook Ads,hotmail.com,35-44,Southwest
C008013,2026-05-20,paid_social,gmail.com,45-54,Southwest
C003834,2025-09-30,Facebook Ads,icloud.com,25-34,Northeast
C001330,2025-04-24,Organic,yahoo.com,35-44,Southeast
C006928,2026-04-06,organic_search,yahoo.com,25-34,Northeast
C006781,2026-03-07,paid_social,gmail.com,45-54,Southeast
C005575,2026-01-07,Google Ads,gmail.com,35-44,Northeast
C010275,2026-08-24,organic_search,gmail.com,35-44,Southeast
C010430,2026-08-20,paid_search,gmail.com,35-44,Northeast
C001817,2025-05-10,Referral Program,outlook.com,55-64,Southeast
C005161,2025-12-16,Google Ads,outlook.com,65+,Midwest
C006492,2026-03-18,podcast,proton.me,35-44,Southeast
C005483,2026-01-17,Referral Program,yahoo.com,55-64,Northeast
C004461,2025-11-29,Organic,gmail.com,55-64,West
C007614,2026-04-08,paid_social,gmail.com,25-34,West
C002804,2025-07-15,Google Ads,gmail.com,55-64,Midwest
C001406,2025-04-06,Referral Program,icloud.com,25-34,Southwest
C007121,2026-04-10,podcast,icloud.com,45-54,Midwest
C005260,2025-12-13,Facebook Ads,icloud.com,35-44,Southeast
C007683,2026-05-06,organic_search,yahoo.com,45-54,Southwest
C007393,2026-04-02,paid_social,gmail.com,25-34,Southwest
C010471,2026-08-19,paid_search,gmail.com,35-44,Midwest
C001175,2025-03-05,Facebook Ads,gmail.com,45-54,West
C010561,2026-08-09,paid_social,gmail.com,45-54,Northeast
C008806,2026-06-14,paid_search,gmail.com,35-44,Midwest
C006294,2026-03-14,organic_search,gmail.com,35-44,Midwest
C009922,2026-07-25,paid_social,gmail.com,45-54,Midwest
C001537,2025-04-03,Google Ads,gmail.com,25-34,Southwest
C001168,2025-03-20,Google Ads,gmail.com,55-64,Southwest
C004529,2025-11-18,Referral Program,icloud.com,45-54,Southeast
C008605,2026-06-30,referral,yahoo.com,35-44,Northeast
C008203,2026-05-05,paid_social,yahoo.com,35-44,Northeast
C005649,2026-01-11,Google Ads,gmail.com,45-54,Southeast
C006770,2026-03-28,paid_social,gmail.com,45-54,Midwest
C010012,2026-07-14,paid_social,gmail.com,45-54,Southwest
C004112,2025-10-11,Podcast,proton.me,35-44,Southwest
C009541,2026-07-08,podcast,proton.me,35-44,West
C002427,2025-06-18,Facebook Ads,gmail.com,35-44,Southeast
C005376,2026-01-08,Organic,gmail.com,55-64,Midwest
C002810,2025-07-04,Google Ads,outlook.com,45-54,Southeast
C003646,2025-09-24,Podcast,outlook.com,45-54,Southwest
C007255,2026-04-05,paid_social,gmail.com,35-44,Midwest
C002385,2025-06-15,Google Ads,gmail.com,55-64,Southwest
C003240,2025-08-11,Google Ads,hotmail.com,35-44,West
C003086,2025-08-20,Referral Program,hotmail.com,35-44,Midwest
C004011,2025-10-25,Referral Program,gmail.com,35-44,Northeast
C010973,2026-08-19,paid_social,yahoo.com,35-44,Southwest
C006188,2026-02-17,paid_social,gmail.com,45-54,Southeast
C005422,2026-01-31,Organic,yahoo.com,45-54,Midwest
C005175,2025-12-25,Google Ads,yahoo.com,35-44,Southwest
C007746,2026-05-25,organic_search,gmail.com,55-64,Southeast
C005727,2026-01-16,Facebook Ads,gmail.com,25-34,Midwest
C004579,2025-11-02,Podcast,hotmail.com,25-34,Midwest
C009521,2026-07-19,podcast,gmail.com,45-54,Midwest
C004127,2025-10-06,Podcast,outlook.com,35-44,Southeast
C000153,2025-01-05,Referral Program,gmail.com,45-54,Southeast
C002281,2025-06-27,Podcast,gmail.com,35-44,Midwest
C008977,2026-06-18,paid_social,gmail.com,45-54,Northeast
C011357,2025-10-20,Organic,harbormoney.com,45-54,Southwest
C004027,2025-10-25,Referral Program,gmail.com,35-44,Northeast
C010124,2026-08-03,organic_search,gmail.com,35-44,West
C001594,2025-04-07,Google Ads,yahoo.com,35-44,West
C008995,2026-06-26,paid_social,gmail.com,35-44,Southeast
C008314,2026-05-27,paid_social,proton.me,35-44,West
C006991,2026-04-30,organic_search,comcast.net,65+,Northeast
C000030,2025-01-13,Organic,gmail.com,45-54,Northeast
C001433,2025-04-24,Referral Program,gmail.com,35-44,Midwest
C001033,2025-03-03,Podcast,gmail.com,45-54,West
C001555,2025-04-26,Google Ads,gmail.com,45-54,Northeast
C006951,2026-04-04,organic_search,gmail.com,35-44,Midwest
C005396,2026-01-11,Organic,gmail.com,55-64,Northeast
C010262,2026-08-20,organic_search,gmail.com,25-34,West
C000379,2025-01-16,Facebook Ads,gmail.com,35-44,Southeast
C009162,2026-06-11,paid_social,gmail.com,45-54,Southeast
C006616,2026-03-26,paid_social,gmail.com,35-44,Midwest
C000452,2025-02-02,Organic,yahoo.com,25-34,Southeast
C009699,2026-07-11,paid_social,icloud.com,25-34,Midwest
C001728,2025-05-14,Organic,comcast.net,55-64,Northeast
C001430,2025-04-20,Referral Program,icloud.com,55-64,West
C001755,2025-05-11,Organic,outlook.com,35-44,Southeast
C004131,2025-10-30,Podcast,gmail.com,55-64,Southwest
C000944,2025-03-11,Organic,hotmail.com,35-44,West
C008910,2026-06-14,paid_social,gmail.com,25-34,Southwest
C000831,2025-03-06,Organic,icloud.com,25-34,Northeast
C010457,2026-08-26,paid_search,gmail.com,45-54,Midwest
C010150,2026-08-17,organic_search,yahoo.com,35-44,West
C008112,2026-05-06,paid_social,yahoo.com,35-44,Southwest
C007128,2026-04-29,podcast,yahoo.com,25-34,West
C001481,2025-04-05,Podcast,outlook.com,35-44,Northeast
C004129,2025-10-03,Podcast,gmail.com,25-34,Northeast
C009150,2026-06-11,paid_social,comcast.net,45-54,Midwest
C009813,2026-07-29,paid_social,icloud.com,45-54,Northeast
C004415,2025-11-12,Organic,hotmail.com,35-44,Southwest
C009994,2026-07-12,paid_social,yahoo.com,45-54,Southeast
C004420,2025-11-26,Organic,comcast.net,35-44,West
C006515,2026-03-15,paid_search,outlook.com,35-44,Northeast
C009804,2026-07-26,paid_social,proton.me,35-44,Southeast
C001637,2025-04-11,Facebook Ads,comcast.net,35-44,West
C010395,2026-08-12,podcast,icloud.com,35-44,West
C010396,2026-08-27,podcast,comcast.net,45-54,Midwest
C006688,2026-03-17,paid_social,comcast.net,35-44,Midwest
C004633,2025-11-09,Podcast,icloud.com,35-44,West
C006863,2026-04-02,organic_search,gmail.com,45-54,West
C006099,2026-02-25,paid_search,gmail.com,25-34,West
C000213,2025-01-30,Podcast,icloud.com,35-44,Southeast
C002765,2025-07-31,Podcast,gmail.com,45-54,Southeast
C008093,2026-05-23,paid_social,outlook.com,55-64,Midwest
C002999,2025-08-14,Organic,outlook.com,35-44,Midwest
C006340,2026-03-13,referral,hotmail.com,35-44,Southwest
C005856,2026-02-26,organic_search,outlook.com,55-64,Northeast
C001802,2025-05-14,Organic,proton.me,25-34,West
C002751,2025-07-01,Podcast,gmail.com,35-44,Southeast
C010878,2026-08-22,paid_social,outlook.com,35-44,West
C004796,2025-11-16,Facebook Ads,comcast.net,45-54,Southeast
C010683,2026-08-03,paid_social,outlook.com,25-34,Northeast
C003647,2025-09-04,Podcast,gmail.com,55-64,Midwest
C000064,2025-01-01,Organic,hotmail.com,25-34,Southwest
C008085,2026-05-03,paid_social,gmail.com,55-64,Midwest
C004843,2025-12-28,Organic,gmail.com,45-54,Midwest
C000228,2025-01-09,Podcast,gmail.com,25-34,Southeast
C009322,2026-07-04,organic_search,gmail.com,65+,Northeast
C006243,2026-03-10,organic_search,yahoo.com,35-44,West
C000120,2025-01-10,Referral Program,gmail.com,45-54,Northeast
C004234,2025-10-08,Google Ads,gmail.com,25-34,Southeast
C007844,2026-05-01,podcast,icloud.com,25-34,Southeast
C008223,2026-05-19,paid_social,gmail.com,25-34,Northeast
C008925,2026-06-12,paid_social,proton.me,35-44,Southwest
C007244,2026-04-08,paid_search,gmail.com,55-64,Southeast
C011388,2025-05-16,Organic,harbormoney.com,35-44,Northeast
C006678,2026-03-14,paid_social,yahoo.com,45-54,Southeast
C007347,2026-04-18,paid_social,gmail.com,55-64,Southwest
C005264,2025-12-07,Facebook Ads,gmail.com,55-64,West
C008347,2026-05-06,paid_social,gmail.com,55-64,West
C001623,2025-04-26,Facebook Ads,gmail.com,35-44,Southeast
C011017,2026-09-02,organic_search,gmail.com,35-44,Midwest
C009340,2026-07-04,organic_search,comcast.net,45-54,Southwest
C007774,2026-05-22,referral,yahoo.com,35-44,Northeast
C002000,2025-05-31,Google Ads,yahoo.com,25-34,Northeast
C009151,2026-06-16,paid_social,comcast.net,45-54,West
C011358,2026-08-03,organic_search,harbormoney.com,65+,West
C005808,2026-02-14,organic_search,gmail.com,35-44,West
C001611,2025-04-16,Facebook Ads,gmail.com,35-44,Southwest
C000116,2025-01-15,,gmail.com,35-44,West
C010778,2026-08-03,paid_social,yahoo.com,45-54,Southeast
C010081,2026-07-07,paid_social,hotmail.com,45-54,West
C010783,2026-08-30,paid_social,gmail.com,45-54,Southeast
C007554,2026-04-18,paid_social,gmail.com,65+,Southeast
C007533,2026-04-27,,hotmail.com,25-34,Southeast
C000870,2025-03-28,Organic,hotmail.com,35-44,Northeast
C011138,2026-09-06,paid_search,proton.me,25-34,Southeast
C009203,2026-06-16,paid_social,hotmail.com,45-54,Midwest
C001748,2025-05-29,Organic,gmail.com,35-44,Southeast
C003843,2025-09-07,Facebook Ads,yahoo.com,25-34,Northeast
C000250,2025-01-14,Google Ads,yahoo.com,45-54,Midwest
C004125,2025-10-04,Podcast,proton.me,35-44,West
C004567,2025-11-09,Referral Program,gmail.com,35-44,Northeast
C006876,2026-04-22,organic_search,gmail.com,35-44,Southwest
C010465,2026-08-29,paid_search,icloud.com,35-44,West
C006297,2026-03-03,organic_search,gmail.com,45-54,West
C000445,2025-02-28,Organic,gmail.com,65+,Northeast
C007432,2026-04-14,paid_social,gmail.com,25-34,West
C005130,2025-12-22,Google Ads,gmail.com,45-54,Northeast
C005653,2026-01-14,Google Ads,yahoo.com,35-44,Northeast
C001937,2025-05-22,Podcast,gmail.com,35-44,Northeast
C002895,2025-07-05,Facebook Ads,gmail.com,25-34,West
C007744,2026-05-18,organic_search,icloud.com,35-44,Northeast
C006383,2026-03-18,referral,gmail.com,45-54,Midwest
C007708,2026-05-03,organic_search,yahoo.com,35-44,Midwest
C010422,2026-08-13,podcast,icloud.com,65+,Northeast
C001058,2025-03-03,Podcast,outlook.com,55-64,Northeast
C006750,2026-03-02,paid_social,gmail.com,25-34,Southeast
C000182,2025-01-03,Referral Program,gmail.com,55-64,West
C001504,2025-04-04,Podcast,gmail.com,25-34,Midwest
C009540,2026-07-03,podcast,gmail.com,35-44,Northeast
C010379,2026-08-04,podcast,yahoo.com,35-44,West
C000553,2025-02-26,Referral Program,proton.me,35-44,Midwest
C007398,2026-04-16,paid_social,gmail.com,45-54,Southeast
C000084,2025-01-19,Organic,gmail.com,25-34,West
C000710,2025-02-05,Google Ads,gmail.com,25-34,West
C008494,2026-06-11,organic_search,gmail.com,35-44,Northeast
C005514,2026-01-18,Podcast,gmail.com,55-64,Midwest
C001511,2025-04-06,Google Ads,yahoo.com,55-64,West
C000753,2025-02-01,Facebook Ads,gmail.com,35-44,Midwest
C001423,2025-04-03,Referral Program,icloud.com,25-34,Midwest
C009692,2026-07-05,paid_social,outlook.com,35-44,Southeast
C003942,2025-10-17,Organic,gmail.com,55-64,Northeast
C003342,2025-08-15,Facebook Ads,icloud.com,45-54,Midwest
C001618,2025-04-24,Facebook Ads,yahoo.com,35-44,Northeast
C007118,2026-04-02,podcast,comcast.net,65+,Southeast
C000703,2025-02-01,Google Ads,gmail.com,35-44,Northeast
C004587,2025-11-02,Podcast,gmail.com,45-54,Southeast
C006424,2026-03-30,podcast,comcast.net,45-54,Midwest
C008961,2026-06-06,paid_social,gmail.com,45-54,Northeast
C001184,2025-03-19,Facebook Ads,gmail.com,25-34,West
C007942,2026-05-17,paid_search,hotmail.com,55-64,Midwest
C007178,2026-04-21,paid_search,proton.me,55-64,Southwest
C001867,2025-05-04,Referral Program,gmail.com,25-34,Northeast
C005579,2026-01-07,Google Ads,comcast.net,65+,Southeast
C005538,2026-01-03,Podcast,gmail.com,45-54,Southeast
C010692,2026-08-12,paid_social,hotmail.com,35-44,Northeast
C010925,2026-08-05,paid_social,proton.me,25-34,West
C001097,2025-03-14,Google Ads,gmail.com,35-44,Southwest
C001729,2025-05-10,,gmail.com,35-44,Southeast
C007885,2026-05-02,podcast,icloud.com,35-44,Northeast
C000456,2025-02-22,Organic,gmail.com,35-44,Southwest
C008976,2026-06-10,paid_social,gmail.com,55-64,Northeast
C011237,2026-09-13,paid_social,hotmail.com,25-34,Southeast
C001875,2025-05-28,Referral Program,outlook.com,55-64,West
C002382,2025-06-08,Google Ads,gmail.com,25-34,Midwest
C009045,2026-06-25,paid_social,gmail.com,25-34,Southeast
C005785,2026-02-08,organic_search,icloud.com,45-54,Southeast
C004330,2025-10-20,Facebook Ads,gmail.com,35-44,Midwest
C001403,2025-04-01,Referral Program,gmail.com,35-44,Midwest
C009041,2026-06-29,paid_social,outlook.com,35-44,West
C000603,2025-02-02,Podcast,gmail.com,35-44,West
C004114,2025-10-21,Podcast,outlook.com,35-44,Northeast
C004840,2025-12-20,Organic,outlook.com,45-54,Northeast
C004097,2025-10-20,Referral Program,gmail.com,55-64,Southeast
C008881,2026-06-24,paid_social,gmail.com,55-64,Southwest
C007477,2026-04-07,paid_social,gmail.com,35-44,Northeast
C004041,2025-10-02,Referral Program,gmail.com,25-34,Southeast
C004399,2025-11-27,Organic,outlook.com,45-54,Midwest
C003382,2025-08-14,Facebook Ads,comcast.net,55-64,West
C004652,2025-11-17,Google Ads,yahoo.com,35-44,Southeast
C008319,2026-05-27,paid_social,gmail.com,45-54,West
C009210,2026-06-26,,gmail.com,55-64,Southwest
C005416,2026-01-15,Organic,gmail.com,45-54,Southeast
C009992,2026-07-03,paid_social,gmail.com,65+,West
C002647,2025-07-31,Referral Program,gmail.com,25-34,Midwest
C002393,2025-06-02,Google Ads,outlook.com,45-54,Southwest
C008721,2026-06-19,paid_search,gmail.com,55-64,West
C008185,2026-05-07,paid_social,outlook.com,55-64,Southeast
C009601,2026-07-12,paid_search,gmail.com,45-54,Northeast
C010452,2026-08-15,paid_search,gmail.com,25-34,Midwest
C003464,2025-09-11,Organic,gmail.com,35-44,Northeast
C004047,2025-10-04,Referral Program,gmail.com,35-44,Northeast
C002387,2025-06-16,Google Ads,proton.me,45-54,West
C008607,2026-06-21,referral,gmail.com,45-54,Midwest
C008338,2026-05-05,paid_social,gmail.com,25-34,Midwest
C002458,2025-06-14,Facebook Ads,gmail.com,35-44,Southeast
C001320,2025-04-28,Organic,gmail.com,55-64,West
C003465,2025-09-24,Organic,gmail.com,65+,Midwest
C009579,2026-07-19,paid_search,gmail.com,35-44,Northeast
C008348,2026-05-04,paid_social,gmail.com,35-44,Northeast
C008573,2026-06-26,referral,outlook.com,45-54,Southeast
C010492,2026-08-20,paid_search,gmail.com,45-54,Southwest
C001242,2025-03-04,Facebook Ads,yahoo.com,45-54,Southwest
C008775,2026-06-19,paid_search,comcast.net,35-44,West
C009292,2026-06-23,paid_social,gmail.com,25-34,West
C010793,2026-08-31,paid_social,comcast.net,35-44,Northeast
C002046,2025-05-23,Facebook Ads,comcast.net,55-64,Midwest
C005956,2026-02-25,referral,gmail.com,25-34,Northeast
C010429,2026-08-16,podcast,hotmail.com,35-44,Midwest
C002208,2025-06-06,Referral Program,yahoo.com,55-64,Southeast
C010749,2026-08-23,paid_social,gmail.com,35-44,West
C003215,2025-08-25,Podcast,gmail.com,25-34,Northeast
C005397,2026-01-06,Organic,gmail.com,35-44,Southeast
C007627,2026-04-16,paid_social,gmail.com,35-44,Midwest
C001026,2025-03-13,Podcast,proton.me,55-64,Midwest
C003023,2025-08-14,Organic,gmail.com,35-44,Southwest
C008829,2026-06-04,paid_social,gmail.com,45-54,Midwest
C004577,2025-11-02,Podcast,comcast.net,25-34,Midwest
C000097,2025-01-16,Organic,gmail.com,35-44,Midwest
C001477,2025-04-26,Podcast,icloud.com,25-34,Midwest
C004362,2025-11-07,Organic,gmail.com,35-44,Northeast
C011233,2026-09-11,paid_social,gmail.com,25-34,Southeast
C002400,2025-06-09,Google Ads,gmail.com,65+,Northeast
C008253,2026-05-24,paid_social,outlook.com,25-34,West
C006368,2026-03-26,referral,proton.me,35-44,West
C009843,2026-07-29,paid_social,proton.me,45-54,Northeast
C009534,2026-07-17,podcast,yahoo.com,35-44,Southwest
C008024,2026-05-29,paid_social,gmail.com,25-34,West
C008782,2026-06-30,paid_search,gmail.com,35-44,Midwest
C009711,2026-07-22,paid_social,gmail.com,25-34,West
C010635,2026-08-08,paid_social,comcast.net,55-64,West
C001173,2025-03-29,Facebook Ads,hotmail.com,45-54,Southwest
C000551,2025-02-10,Referral Program,proton.me,55-64,West
C005487,2026-01-25,Referral Program,yahoo.com,35-44,Southeast
C001605,2025-04-07,Facebook Ads,comcast.net,45-54,Southeast
C009815,2026-07-22,paid_social,gmail.com,45-54,West
C003494,2025-09-14,Organic,gmail.com,25-34,Midwest
C008901,2026-06-08,paid_social,yahoo.com,25-34,Northeast
C011261,2026-09-06,paid_social,gmail.com,35-44,Southeast
C005815,2026-02-16,organic_search,yahoo.com,45-54,Northeast
C003663,2025-09-12,Podcast,hotmail.com,65+,Midwest
C008718,2026-06-05,paid_search,gmail.com,25-34,Midwest
C003481,2025-09-28,Organic,hotmail.com,45-54,Southeast
C005331,2026-01-21,Organic,gmail.com,55-64,Southeast
C010731,2026-08-06,paid_social,gmail.com,25-34,Midwest
C006783,2026-03-12,paid_social,yahoo.com,35-44,Southeast
C006450,2026-03-06,podcast,gmail.com,25-34,Southeast
C004630,2025-11-29,Podcast,gmail.com,45-54,Northeast
C002348,2025-06-12,Google Ads,yahoo.com,35-44,West
C004749,2025-11-01,Facebook Ads,gmail.com,35-44,Southeast
C003723,2025-09-16,Google Ads,hotmail.com,35-44,Northeast
C005040,2025-12-20,Referral Program,gmail.com,35-44,Midwest
C003459,2025-09-01,Organic,yahoo.com,65+,Midwest
C008619,2026-06-12,referral,hotmail.com,65+,Southwest
C006911,2026-04-14,organic_search,hotmail.com,35-44,West
C011062,2026-09-13,organic_search,gmail.com,35-44,West
C005581,2026-01-21,Google Ads,comcast.net,35-44,Northeast
C001695,2025-05-08,Organic,gmail.com,35-44,Northeast
C001089,2025-03-31,Google Ads,yahoo.com,35-44,Northeast
C010424,2026-08-24,podcast,gmail.com,35-44,Midwest
C004629,2025-11-29,,gmail.com,35-44,Northeast
C005676,2026-01-20,Facebook Ads,gmail.com,35-44,West
C000959,2025-03-03,Referral Program,icloud.com,25-34,Southeast
C000039,2025-01-10,Organic,hotmail.com,65+,Southeast
C009951,2026-07-05,paid_social,gmail.com,45-54,Northeast
C008480,2026-06-12,organic_search,gmail.com,55-64,Southeast
C000932,2025-03-31,Organic,comcast.net,25-34,Southeast
C007550,2026-04-20,paid_social,gmail.com,45-54,Southwest
C008421,2026-06-17,organic_search,comcast.net,45-54,Southwest
C000063,2025-01-18,Organic,icloud.com,45-54,Southwest
C002900,2025-07-30,Facebook Ads,yahoo.com,25-34,Northeast
C010009,2026-07-13,paid_social,gmail.com,35-44,Northeast
C011082,2026-09-02,referral,icloud.com,55-64,Northeast
C000977,2025-03-18,Referral Program,gmail.com,35-44,Southeast
C004317,2025-10-01,Facebook Ads,comcast.net,35-44,Northeast
C006664,2026-03-26,paid_social,gmail.com,25-34,Southwest
C008178,2026-05-12,paid_social,icloud.com,35-44,Southeast
C006309,2026-03-29,organic_search,gmail.com,55-64,Southeast
C003136,2025-08-04,Referral Program,proton.me,45-54,Southwest
C004635,2025-11-24,Podcast,proton.me,45-54,Southwest
C002875,2025-07-18,Facebook Ads,yahoo.com,45-54,Northeast
C010968,2026-08-30,paid_social,outlook.com,45-54,Southeast
C009811,2026-07-31,paid_social,gmail.com,45-54,West
C004557,2025-11-02,Referral Program,gmail.com,45-54,Southwest
C004473,2025-11-05,Organic,hotmail.com,25-34,Northeast
C008889,2026-06-16,paid_social,gmail.com,35-44,Southwest
C004746,2025-11-20,Facebook Ads,icloud.com,45-54,Southwest
C009717,2026-07-31,,gmail.com,25-34,Northeast
C007093,2026-04-17,podcast,gmail.com,25-34,Northeast
C009958,2026-07-14,paid_social,gmail.com,35-44,Midwest
C000602,2025-02-12,Podcast,gmail.com,35-44,Midwest
C007957,2026-05-04,paid_search,gmail.com,25-34,Midwest
C010091,2026-07-01,paid_social,comcast.net,35-44,Northeast
C004607,2025-11-23,Podcast,gmail.com,45-54,Northeast
C005461,2026-01-26,Referral Program,gmail.com,35-44,West
C000184,2025-01-27,Referral Program,outlook.com,45-54,Northeast
C010198,2026-08-01,organic_search,outlook.com,45-54,Northeast
C002438,2025-06-13,Facebook Ads,gmail.com,25-34,West
C009395,2026-07-24,organic_search,icloud.com,35-44,Southwest
C003015,2025-08-01,Organic,gmail.com,35-44,West
C009480,2026-07-13,referral,gmail.com,25-34,West
C006079,2026-02-04,paid_search,gmail.com,25-34,Midwest
C008306,2026-05-09,paid_social,outlook.com,35-44,Southeast
C009119,2026-06-28,paid_social,hotmail.com,45-54,West
C009423,2026-07-06,organic_search,gmail.com,25-34,Southeast
C006052,2026-02-19,paid_search,gmail.com,35-44,Southeast
C007504,2026-04-26,paid_social,gmail.com,45-54,Southwest
C006007,2026-02-17,podcast,yahoo.com,25-34,Southeast
C000969,2025-03-06,Referral Program,gmail.com,25-34,Northeast
C004158,2025-10-18,Google Ads,icloud.com,45-54,West
C008826,2026-06-27,paid_social,gmail.com,45-54,Northeast
C001083,2025-03-04,Google Ads,gmail.com,35-44,West
C002668,2025-07-01,Referral Program,gmail.com,65+,Northeast
C010391,2026-08-30,podcast,icloud.com,35-44,Northeast
C008766,2026-06-15,paid_search,hotmail.com,25-34,West
C005392,2026-01-12,Organic,outlook.com,25-34,Midwest
C008251,2026-05-26,paid_social,yahoo.com,25-34,West
C001783,2025-05-17,Organic,outlook.com,45-54,Southwest
C006576,2026-03-06,paid_search,proton.me,45-54,Southeast
C002216,2025-06-11,Referral Program,gmail.com,55-64,Midwest
C003556,2025-09-11,Referral Program,outlook.com,35-44,Midwest
C007695,2026-05-25,organic_search,gmail.com,45-54,Midwest
C001088,2025-03-13,Google Ads,gmail.com,65+,West
C010488,2026-08-05,paid_search,icloud.com,55-64,Northeast
C008687,2026-06-16,podcast,gmail.com,45-54,Northeast
C008997,2026-06-06,paid_social,yahoo.com,45-54,Southeast
C006981,2026-04-07,organic_search,yahoo.com,35-44,West
C006554,2026-03-05,paid_search,gmail.com,45-54,Southeast
C011051,2026-09-02,organic_search,proton.me,35-44,Midwest
C007677,2026-05-31,organic_search,yahoo.com,45-54,Southeast
C005262,2025-12-17,Facebook Ads,gmail.com,35-44,Midwest
C002712,2025-07-20,Podcast,gmail.com,45-54,Midwest
C000786,2025-02-11,Facebook Ads,gmail.com,55-64,Southeast
C002859,2025-07-04,Google Ads,gmail.com,35-44,Northeast
C011142,2026-09-10,paid_search,gmail.com,25-34,West
C008387,2026-05-21,paid_social,gmail.com,35-44,Southeast
C009489,2026-07-20,referral,icloud.com,35-44,West
C001525,2025-04-15,Google Ads,gmail.com,35-44,West
C010192,2026-08-07,organic_search,gmail.com,55-64,Southwest
C001642,2025-04-28,Facebook Ads,comcast.net,25-34,Southwest
C008417,2026-06-07,organic_search,gmail.com,45-54,Northeast
C008166,2026-05-30,paid_social,comcast.net,35-44,Midwest
C008732,2026-06-12,paid_search,gmail.com,35-44,Southwest
C007762,2026-05-17,referral,gmail.com,35-44,Northeast
C007139,2026-04-18,podcast,gmail.com,55-64,Southwest
C000274,2025-01-21,Google Ads,outlook.com,35-44,West
C007038,2026-04-20,referral,gmail.com,35-44,West
C005015,2025-12-09,Referral Program,gmail.com,25-34,Midwest
C009110,2026-06-23,paid_social,gmail.com,45-54,Southeast
C002010,2025-05-01,Google Ads,icloud.com,35-44,West
C009378,2026-07-16,organic_search,gmail.com,25-34,Southeast
C001075,2025-03-03,Podcast,gmail.com,25-34,Southeast
C003436,2025-09-09,Organic,hotmail.com,35-44,Midwest
C002303,2025-06-20,Podcast,gmail.com,55-64,Southwest
C007583,2026-04-06,paid_social,gmail.com,45-54,West
C004748,2025-11-14,,outlook.com,25-34,Northeast
C005887,2026-02-12,referral,outlook.com,65+,Northeast
C002976,2025-08-28,Organic,gmail.com,65+,Southeast
C011230,2026-09-02,paid_social,outlook.com,25-34,West
C009443,2026-07-27,referral,comcast.net,35-44,Southwest
C002453,2025-06-19,Facebook Ads,proton.me,45-54,Midwest
C000941,2025-03-29,Organic,comcast.net,45-54,Northeast
C002414,2025-06-08,Google Ads,gmail.com,45-54,West
C007623,2026-04-19,paid_social,gmail.com,25-34,Midwest
C005119,2025-12-31,Google Ads,yahoo.com,45-54,Southwest
C004701,2025-11-29,Google Ads,gmail.com,45-54,Southeast
C008679,2026-06-15,podcast,gmail.com,25-34,Southwest
C002644,2025-07-18,Referral Program,proton.me,45-54,Southwest
C010194,2026-08-12,organic_search,gmail.com,55-64,Southeast
C002788,2025-07-13,Google Ads,gmail.com,35-44,West
C004162,2025-10-17,Google Ads,hotmail.com,45-54,Southeast
C003070,2025-08-23,Organic,yahoo.com,35-44,West
C007263,2026-04-16,paid_social,yahoo.com,65+,West
C009693,2026-07-08,paid_social,hotmail.com,45-54,West
C007253,2026-04-02,paid_social,hotmail.com,45-54,Northeast
C000458,2025-02-19,Organic,comcast.net,35-44,Midwest
C006177,2026-02-27,paid_social,icloud.com,25-34,Northeast
C008305,2026-05-31,paid_social,gmail.com,35-44,West
C001834,2025-05-02,Referral Program,yahoo.com,35-44,West
C004456,2025-11-06,Organic,icloud.com,35-44,Northeast
C008752,2026-06-10,paid_search,gmail.com,55-64,Midwest
C008578,2026-06-05,referral,comcast.net,35-44,Midwest
C003463,2025-09-13,Organic,icloud.com,45-54,Southeast
C000839,2025-03-23,,comcast.net,65+,Midwest
C000139,2025-01-23,Referral Program,outlook.com,55-64,Midwest
C000916,2025-03-20,Organic,hotmail.com,45-54,West
C008103,2026-05-28,paid_social,yahoo.com,55-64,Southwest
C011300,2026-09-10,paid_social,gmail.com,55-64,West
C005360,2026-01-02,Organic,gmail.com,65+,Midwest
C008784,2026-06-13,paid_search,outlook.com,25-34,Southwest
C004946,2025-12-04,Organic,gmail.com,45-54,Southeast
C000342,2025-01-25,Facebook Ads,yahoo.com,45-54,Northeast
C002151,2025-06-10,Organic,outlook.com,55-64,Southeast
C002147,2025-06-20,Organic,gmail.com,35-44,Northeast
C005009,2025-12-28,Referral Program,icloud.com,35-44,Southeast
C005627,2026-01-13,Google Ads,yahoo.com,35-44,Northeast
C000032,2025-01-27,Organic,comcast.net,45-54,West
C008664,2026-06-23,podcast,gmail.com,35-44,West
C000541,2025-02-06,Referral Program,gmail.com,25-34,Northeast
C003478,2025-09-09,Organic,gmail.com,35-44,West
C011243,2026-09-11,paid_social,yahoo.com,25-34,Southeast
C002517,2025-07-23,Organic,outlook.com,65+,Southeast
C009870,2026-07-06,paid_social,gmail.com,35-44,Southeast
C006538,2026-03-24,paid_search,gmail.com,25-34,Southeast
C005583,2026-01-22,Google Ads,yahoo.com,65+,Southeast
C008541,2026-06-09,organic_search,icloud.com,45-54,West
C003755,2025-09-28,Google Ads,comcast.net,25-34,Midwest
C005354,2026-01-18,Organic,proton.me,25-34,West
C001871,2025-05-07,,yahoo.com,55-64,West
C008130,2026-05-12,paid_social,yahoo.com,35-44,West
C006967,2026-04-10,organic_search,outlook.com,35-44,Southwest
C001191,2025-03-14,Facebook Ads,outlook.com,55-64,Southwest
C007523,2026-04-24,paid_social,gmail.com,45-54,Southwest
C002753,2025-07-18,Podcast,gmail.com,25-34,Southwest
C003457,2025-09-19,Organic,gmail.com,55-64,Southwest
C004293,2025-10-13,Facebook Ads,yahoo.com,25-34,Northeast
C000607,2025-02-02,Podcast,comcast.net,45-54,West
C001547,2025-04-15,Google Ads,comcast.net,45-54,Northeast
C007729,2026-05-02,organic_search,gmail.com,45-54,West
C011273,2026-09-04,paid_social,gmail.com,45-54,Southeast
C006681,2026-03-23,paid_social,gmail.com,45-54,Southwest
C009062,2026-06-21,paid_social,yahoo.com,35-44,Southeast
C000739,2025-02-18,Google Ads,gmail.com,35-44,West
C002264,2025-06-14,Referral Program,gmail.com,45-54,Northeast
C003203,2025-08-29,Podcast,hotmail.com,35-44,Southeast
C008052,2026-05-26,paid_social,outlook.com,25-34,Northeast
C004475,2025-11-11,Organic,gmail.com,25-34,Midwest
C006404,2026-03-21,referral,gmail.com,25-34,Midwest
C010850,2026-08-26,paid_social,gmail.com,25-34,Midwest
C003964,2025-10-31,Organic,outlook.com,45-54,Northeast
C009375,2026-07-02,organic_search,comcast.net,55-64,West
C002424,2025-06-23,Facebook Ads,gmail.com,35-44,Southeast
C005518,2026-01-19,Podcast,gmail.com,45-54,West
C003419,2025-09-28,Organic,hotmail.com,45-54,Southeast
C008377,2026-05-17,paid_social,gmail.com,35-44,Midwest
C008360,2026-05-16,paid_social,gmail.com,35-44,Northeast
C009619,2026-07-10,paid_search,gmail.com,65+,Southeast
C008974,2026-06-17,paid_social,gmail.com,45-54,Southeast
C006259,2026-03-02,organic_search,gmail.com,35-44,Northeast
C007455,2026-04-30,paid_social,gmail.com,55-64,Southwest
C001903,2025-05-13,Podcast,outlook.com,35-44,Southwest
C006209,2026-03-05,organic_search,outlook.com,35-44,Midwest
C010789,2026-08-01,paid_social,outlook.com,35-44,Southwest
C011363,2025-06-30,Organic,harbormoney.com,25-34,Northeast
C000546,2025-02-22,Referral Program,icloud.com,35-44,Northeast
C008599,2026-06-18,referral,gmail.com,35-44,West
C002660,2025-07-31,Referral Program,gmail.com,45-54,Northeast
C003714,2025-09-29,Google Ads,comcast.net,45-54,West
C003029,2025-08-13,Organic,gmail.com,35-44,West
C002422,2025-06-19,Facebook Ads,hotmail.com,35-44,Midwest
C009841,2026-07-05,paid_social,gmail.com,35-44,Southeast
C003036,2025-08-02,Organic,gmail.com,45-54,Southwest
C002687,2025-07-03,Referral Program,yahoo.com,35-44,Northeast
C005169,2025-12-28,Google Ads,gmail.com,35-44,West
C000479,2025-02-05,Organic,yahoo.com,35-44,West
C009752,2026-07-10,paid_social,outlook.com,55-64,West
C009652,2026-07-05,paid_search,gmail.com,55-64,Northeast
C009169,2026-06-10,paid_social,gmail.com,55-64,Southwest
C007574,2026-04-06,paid_social,gmail.com,35-44,West
C005120,2025-12-23,Google Ads,gmail.com,45-54,Southwest
C003420,2025-09-02,Organic,yahoo.com,45-54,Midwest
C000982,2025-03-18,Referral Program,gmail.com,35-44,Southwest
C010937,2026-08-26,paid_social,icloud.com,45-54,Southwest
C000237,2025-01-21,Podcast,icloud.com,35-44,Northeast
C002016,2025-05-23,Google Ads,yahoo.com,55-64,Southwest
C006634,2026-03-15,,gmail.com,35-44,Midwest
C007773,2026-05-08,referral,gmail.com,35-44,Southeast
C004230,2025-10-07,Google Ads,comcast.net,35-44,Northeast
C011132,2026-09-13,podcast,gmail.com,45-54,Midwest
C000975,2025-03-27,Referral Program,gmail.com,55-64,Southeast
C007873,2026-05-27,podcast,gmail.com,45-54,Northeast
C007478,2026-04-26,paid_social,yahoo.com,55-64,West
C004371,2025-11-16,Organic,outlook.com,35-44,Southwest
C003823,2025-09-28,Facebook Ads,gmail.com,45-54,Northeast
C005359,2026-01-31,Organic,gmail.com,55-64,Southeast
C001303,2025-04-11,,gmail.com,25-34,Southeast
C008308,2026-05-26,paid_social,comcast.net,35-44,Southeast
C001461,2025-04-09,Podcast,gmail.com,65+,Southeast
C000599,2025-02-16,Podcast,hotmail.com,65+,West
C006159,2026-02-22,paid_social,gmail.com,35-44,Northeast
C006287,2026-03-18,organic_search,gmail.com,55-64,Northeast
C008076,2026-05-01,paid_social,icloud.com,55-64,Southeast
C008602,2026-06-24,referral,gmail.com,45-54,Midwest
C004934,2025-12-06,Organic,gmail.com,25-34,Northeast
C001239,2025-03-14,Facebook Ads,hotmail.com,45-54,West
C008458,2026-06-01,organic_search,gmail.com,45-54,West
C003430,2025-09-16,Organic,icloud.com,45-54,Northeast
C007826,2026-05-06,referral,gmail.com,35-44,Midwest
C005330,2026-01-25,Organic,icloud.com,45-54,Northeast
C007703,2026-05-19,organic_search,hotmail.com,45-54,Northeast
C008899,2026-06-07,paid_social,gmail.com,35-44,Southeast
C006466,2026-03-02,podcast,gmail.com,45-54,West
C007307,2026-04-18,paid_social,gmail.com,45-54,Northeast
C003915,2025-10-23,Organic,gmail.com,45-54,Midwest
C002399,2025-06-12,,gmail.com,45-54,West
C010039,2026-07-09,paid_social,gmail.com,25-34,Southeast
C008061,2026-05-30,paid_social,gmail.com,45-54,West
C010376,2026-08-07,podcast,gmail.com,45-54,Southwest
C007622,2026-04-29,paid_social,comcast.net,35-44,Southwest
C000927,2025-03-18,Organic,gmail.com,25-34,Southeast
C010330,2026-08-14,referral,hotmail.com,45-54,Southeast
C003599,2025-09-11,Referral Program,outlook.com,55-64,West
C004627,2025-11-03,Podcast,yahoo.com,25-34,Midwest
C004389,2025-11-22,Organic,gmail.com,35-44,Northeast
C004329,2025-10-07,Facebook Ads,yahoo.com,45-54,West
C006890,2026-04-09,organic_search,gmail.com,55-64,West
C009686,2026-07-12,paid_social,gmail.com,35-44,West
C006867,2026-04-28,organic_search,outlook.com,35-44,West
C002320,2025-06-02,Podcast,gmail.com,35-44,West
C011460,2025-07-11,Organic,harbormoney.com,45-54,West
C007027,2026-04-28,referral,gmail.com,25-34,Southeast
C003700,2025-09-20,Google Ads,yahoo.com,45-54,West
C002137,2025-06-19,Organic,yahoo.com,35-44,Southeast
C002353,2025-06-05,Google Ads,gmail.com,35-44,Southeast
C000708,2025-02-24,Google Ads,gmail.com,45-54,West
C003162,2025-08-28,Referral Program,gmail.com,35-44,West
C009537,2026-07-18,podcast,gmail.com,25-34,Northeast
C005957,2026-02-24,podcast,gmail.com,35-44,Southeast
C009656,2026-07-05,paid_search,yahoo.com,45-54,Northeast
C005875,2026-02-05,organic_search,yahoo.com,35-44,Southeast
C000436,2025-02-20,Organic,icloud.com,55-64,Northeast
C007266,2026-04-11,paid_social,icloud.com,35-44,Southeast
C004905,2025-12-23,Organic,hotmail.com,55-64,Southwest
C009829,2026-07-29,paid_social,gmail.com,35-44,Northeast
C006668,2026-03-04,paid_social,yahoo.com,35-44,Northeast
C005218,2025-12-21,Facebook Ads,icloud.com,45-54,Southeast
C001777,2025-05-07,Organic,outlook.com,55-64,Southeast
C006673,2026-03-08,paid_social,gmail.com,55-64,Midwest
C008595,2026-06-16,referral,gmail.com,25-34,Southwest
C010364,2026-08-23,podcast,gmail.com,35-44,Southeast
C006959,2026-04-04,organic_search,gmail.com,45-54,Southwest
C010887,2026-08-14,paid_social,gmail.com,35-44,Southwest
C006563,2026-03-08,paid_search,icloud.com,35-44,Southeast
C010681,2026-08-04,paid_social,gmail.com,35-44,Southeast
C004423,2025-11-11,Organic,yahoo.com,25-34,Northeast
C000130,2025-01-21,Referral Program,outlook.com,45-54,Midwest
C001634,2025-04-05,Facebook Ads,icloud.com,35-44,Southwest
C002302,2025-06-30,Podcast,icloud.com,55-64,Southwest
C008503,2026-06-01,organic_search,comcast.net,35-44,Midwest
C008454,2026-06-27,organic_search,hotmail.com,35-44,West
C008492,2026-06-21,organic_search,gmail.com,35-44,Northeast
C001052,2025-03-08,Podcast,yahoo.com,35-44,West
C000264,2025-01-12,Google Ads,gmail.com,55-64,Southwest
C009802,2026-07-03,paid_social,outlook.com,65+,Northeast
C001509,2025-04-18,Podcast,gmail.com,35-44,Northeast
C006543,2026-03-30,paid_search,gmail.com,35-44,West
C007953,2026-05-11,paid_search,gmail.com,35-44,Northeast
C009901,2026-07-26,paid_social,gmail.com,55-64,Southwest
C011455,2026-07-31,organic_search,harbormoney.com,45-54,Southeast
C011256,2026-09-12,paid_social,yahoo.com,25-34,Midwest
C001641,2025-04-23,Facebook Ads,gmail.com,55-64,Midwest
C007250,2026-04-27,paid_social,hotmail.com,35-44,Northeast
C001200,2025-03-16,Facebook Ads,yahoo.com,35-44,West
C009335,2026-07-12,organic_search,outlook.com,65+,Southwest
C011403,2025-06-20,Organic,harbormoney.com,25-34,West
C008196,2026-05-08,paid_social,comcast.net,25-34,Southwest
C004985,2025-12-18,Referral Program,yahoo.com,35-44,Southeast
C010947,2026-08-24,paid_social,outlook.com,35-44,Southeast
C010557,2026-08-22,paid_social,gmail.com,25-34,Northeast
C002249,2025-06-22,Referral Program,gmail.com,35-44,Southeast
C008894,2026-06-17,paid_social,hotmail.com,35-44,Midwest
C007898,2026-05-20,paid_search,yahoo.com,45-54,Southwest
C002475,2025-06-05,Facebook Ads,yahoo.com,25-34,Northeast
C009968,2026-07-30,paid_social,gmail.com,35-44,Southeast
C004303,2025-10-17,Facebook Ads,gmail.com,65+,Southwest
C008346,2026-05-12,paid_social,hotmail.com,35-44,Northeast
C010066,2026-07-03,paid_social,gmail.com,35-44,West
C006740,2026-03-24,paid_social,gmail.com,45-54,Southwest
C003400,2025-08-07,Facebook Ads,yahoo.com,25-34,Midwest
C001856,2025-05-19,Referral Program,hotmail.com,55-64,Midwest
C002139,2025-06-05,Organic,gmail.com,25-34,West
C002759,2025-07-25,Podcast,gmail.com,55-64,Midwest
C007099,2026-04-11,podcast,gmail.com,35-44,Northeast
C006341,2026-03-15,referral,hotmail.com,35-44,West
C008045,2026-05-07,paid_social,yahoo.com,25-34,Midwest
C004257,2025-10-27,Google Ads,outlook.com,45-54,Southeast
C000608,2025-02-13,Podcast,gmail.com,55-64,Southeast
C000823,2025-02-16,Facebook Ads,outlook.com,35-44,Southwest
C003616,2025-09-19,Podcast,gmail.com,25-34,Midwest
C009666,2026-07-10,paid_search,hotmail.com,35-44,Southeast
C000367,2025-01-26,Facebook Ads,hotmail.com,55-64,Northeast
C010386,2026-08-04,podcast,gmail.com,25-34,Midwest
C006418,2026-03-21,podcast,gmail.com,45-54,West
C002095,2025-05-08,Facebook Ads,gmail.com,45-54,West
C001149,2025-03-23,Google Ads,outlook.com,25-34,Northeast
C008456,2026-06-03,organic_search,gmail.com,35-44,West
C000572,2025-02-18,Referral Program,proton.me,45-54,Midwest
C009806,2026-07-05,paid_social,gmail.com,25-34,Northeast
C010864,2026-08-10,paid_social,outlook.com,25-34,Southeast
C011156,2026-09-13,paid_search,gmail.com,35-44,Midwest
C001798,2025-05-30,Organic,outlook.com,35-44,Midwest
C006343,2026-03-25,referral,comcast.net,25-34,Southeast
C011295,2026-09-04,paid_social,gmail.com,45-54,Northeast
C009636,2026-07-31,paid_search,outlook.com,25-34,Southwest
C002520,2025-07-02,Organic,gmail.com,55-64,Southeast
C006446,2026-03-09,podcast,gmail.com,65+,Midwest
C007869,2026-05-06,podcast,icloud.com,55-64,West
C002207,2025-06-27,Referral Program,comcast.net,25-34,Southeast
C011321,2026-09-14,paid_social,comcast.net,35-44,Midwest
C011250,2026-09-14,paid_social,proton.me,45-54,West
C009163,2026-06-23,paid_social,gmail.com,55-64,West
C000855,2025-03-02,Organic,gmail.com,25-34,Midwest
C009154,2026-06-06,paid_social,yahoo.com,45-54,West
C002598,2025-07-14,Organic,yahoo.com,45-54,Northeast
C004321,2025-10-11,Facebook Ads,yahoo.com,55-64,Northeast
C001994,2025-05-29,Google Ads,gmail.com,45-54,West
C009764,2026-07-21,paid_social,hotmail.com,55-64,Midwest
C007564,2026-04-08,paid_social,gmail.com,35-44,Southeast
C008478,2026-06-09,organic_search,comcast.net,45-54,Northeast
C005426,2026-01-13,Referral Program,gmail.com,45-54,Northeast
C010976,2026-08-10,paid_social,comcast.net,65+,Southeast
C005966,2026-02-06,podcast,gmail.com,35-44,Southwest
C003261,2025-08-09,Google Ads,gmail.com,25-34,Southeast
C000974,2025-03-12,Referral Program,icloud.com,35-44,Southeast
C006619,2026-03-24,paid_social,yahoo.com,55-64,Midwest
C007994,2026-05-21,paid_social,gmail.com,35-44,West
C001737,2025-05-13,Organic,hotmail.com,35-44,Northeast
C009685,2026-07-17,paid_social,comcast.net,55-64,West
C009665,2026-07-30,paid_search,gmail.com,25-34,Midwest
C006344,2026-03-24,referral,gmail.com,35-44,Southeast
C002415,2025-06-30,Google Ads,gmail.com,35-44,West
C000029,2025-01-03,Organic,gmail.com,55-64,Southeast
C001958,2025-05-09,Google Ads,gmail.com,35-44,Southwest
C004087,2025-10-05,Referral Program,gmail.com,45-54,Southwest
C002262,2025-06-12,Referral Program,gmail.com,25-34,West
C002862,2025-07-12,Google Ads,yahoo.com,25-34,Southeast
C008467,2026-06-29,organic_search,gmail.com,45-54,Midwest
C001707,2025-05-29,Organic,outlook.com,25-34,Southeast
C005568,2026-01-19,Google Ads,outlook.com,45-54,Midwest
C005914,2026-02-18,referral,gmail.com,25-34,West
C002786,2025-07-20,Google Ads,yahoo.com,45-54,Northeast
C010527,2026-08-29,paid_search,yahoo.com,45-54,Southwest
C007895,2026-05-09,paid_search,gmail.com,55-64,Midwest
C009964,2026-07-31,paid_social,gmail.com,35-44,West
C001319,2025-04-04,Organic,gmail.com,35-44,Northeast
C010528,2026-08-19,paid_search,icloud.com,45-54,Southwest
C007639,2026-04-16,paid_social,yahoo.com,25-34,Midwest
C004736,2025-11-22,Facebook Ads,yahoo.com,45-54,West
C005413,2026-01-26,Organic,gmail.com,45-54,Midwest
C000174,2025-01-19,Referral Program,gmail.com,55-64,Southeast
C010469,2026-08-20,paid_search,gmail.com,65+,West
C010942,2026-08-21,paid_social,outlook.com,35-44,Midwest
C010792,2026-08-20,paid_social,gmail.com,65+,Southeast
C009812,2026-07-27,paid_social,gmail.com,35-44,Midwest
C003301,2025-08-06,Google Ads,comcast.net,35-44,Southwest
C002807,2025-07-13,Google Ads,gmail.com,35-44,Northeast
C006286,2026-03-20,organic_search,gmail.com,25-34,Southeast
C009864,2026-07-13,paid_social,gmail.com,45-54,Southeast
C005588,2026-01-20,Google Ads,gmail.com,45-54,Northeast
C010140,2026-08-30,organic_search,yahoo.com,35-44,Midwest
C003126,2025-08-28,Referral Program,gmail.com,35-44,Southeast
C007640,2026-04-26,paid_social,hotmail.com,45-54,Northeast
C008051,2026-05-01,paid_social,hotmail.com,35-44,Midwest
C003945,2025-10-02,Organic,comcast.net,25-34,West
C002837,2025-07-05,Google Ads,gmail.com,35-44,West
C008964,2026-06-19,paid_social,gmail.com,35-44,Southeast
C005308,2026-01-25,Organic,gmail.com,45-54,Southeast
C006973,2026-04-26,organic_search,gmail.com,25-34,Southeast
C010762,2026-08-17,paid_social,gmail.com,35-44,West
C008064,2026-05-11,paid_social,gmail.com,45-54,Northeast
C002841,2025-07-21,Google Ads,gmail.com,25-34,Southeast
C002637,2025-07-12,Referral Program,gmail.com,55-64,Midwest
C004805,2025-11-30,Facebook Ads,gmail.com,45-54,Southeast
C007559,2026-04-15,paid_social,gmail.com,25-34,Midwest
C005639,2026-01-23,Google Ads,gmail.com,55-64,West
C006307,2026-03-16,organic_search,gmail.com,55-64,West
C011164,2026-09-14,paid_search,yahoo.com,55-64,Midwest
C000508,2025-02-11,Organic,gmail.com,45-54,Midwest
C008729,2026-06-30,paid_search,gmail.com,35-44,Southeast
C007964,2026-05-04,paid_search,yahoo.com,45-54,Southeast
C004783,2025-11-11,Facebook Ads,gmail.com,35-44,Northeast
C002232,2025-06-17,Referral Program,yahoo.com,45-54,Southeast
C011442,2026-08-14,organic_search,harbormoney.com,35-44,Southwest
C010041,2026-07-23,paid_social,comcast.net,45-54,Northeast
C003262,2025-08-15,Google Ads,gmail.com,55-64,Southeast
C005371,2026-01-25,Organic,gmail.com,25-34,West
C008240,2026-05-03,paid_social,outlook.com,65+,Northeast
C001165,2025-03-17,Google Ads,icloud.com,35-44,West
C006988,2026-04-04,organic_search,comcast.net,35-44,Midwest
C009103,2026-06-02,paid_social,gmail.com,35-44,West
C004695,2025-11-06,Google Ads,yahoo.com,25-34,Southeast
C007878,2026-05-31,podcast,comcast.net,25-34,Southeast
C007499,2026-04-16,paid_social,yahoo.com,35-44,Southwest
C004819,2025-12-11,Organic,gmail.com,35-44,Southwest
C009195,2026-06-29,paid_social,gmail.com,25-34,Midwest
C009835,2026-07-15,paid_social,proton.me,45-54,Northeast
C004034,2025-10-28,Referral Program,yahoo.com,35-44,West
C005183,2025-12-09,Google Ads,comcast.net,35-44,Southwest
C006731,2026-03-23,paid_social,gmail.com,65+,Northeast
C007820,2026-05-03,referral,gmail.com,35-44,Midwest
C007058,2026-04-09,referral,gmail.com,55-64,Midwest
C002799,2025-07-24,Google Ads,comcast.net,25-34,Southwest
C007650,2026-04-30,paid_social,yahoo.com,35-44,Southwest
C009192,2026-06-07,paid_social,gmail.com,45-54,Northeast
C004255,2025-10-05,Google Ads,comcast.net,35-44,West
C003838,2025-09-27,Facebook Ads,gmail.com,35-44,Northeast
C000578,2025-02-19,Referral Program,gmail.com,35-44,Southeast
C001987,2025-05-28,Google Ads,outlook.com,45-54,Southeast
C011189,2026-09-13,paid_social,hotmail.com,25-34,Northeast
C007855,2026-05-12,podcast,yahoo.com,55-64,Northeast
C006452,2026-03-16,podcast,gmail.com,25-34,West
C003391,2025-08-24,Facebook Ads,outlook.com,45-54,West
C004509,2025-11-27,Referral Program,yahoo.com,35-44,Southwest
C003107,2025-08-08,Referral Program,gmail.com,35-44,West
C001462,2025-04-01,Podcast,outlook.com,45-54,West
C009987,2026-07-16,paid_social,gmail.com,25-34,Northeast
C007423,2026-04-13,paid_social,gmail.com,25-34,Southeast
C006474,2026-03-04,podcast,yahoo.com,45-54,Northeast
C002686,2025-07-20,Referral Program,gmail.com,25-34,Midwest
C005277,2025-12-10,Facebook Ads,hotmail.com,25-34,Southeast
C004418,2025-11-01,Organic,gmail.com,55-64,Southeast
C000785,2025-02-22,Facebook Ads,gmail.com,45-54,Southeast
C002729,2025-07-11,Podcast,hotmail.com,45-54,Midwest
C000459,2025-02-24,Organic,gmail.com,45-54,West
C000385,2025-01-09,Facebook Ads,yahoo.com,45-54,Northeast
C006835,2026-03-20,paid_social,outlook.com,45-54,West
C000806,2025-02-24,Facebook Ads,gmail.com,35-44,Northeast
C008138,2026-05-26,paid_social,gmail.com,25-34,Northeast
C010907,2026-08-10,paid_social,proton.me,25-34,West
C005951,2026-02-03,referral,gmail.com,35-44,Southeast
C003347,2025-08-29,Facebook Ads,hotmail.com,35-44,Southeast
C003110,2025-08-09,Referral Program,gmail.com,55-64,West
C011311,2026-09-12,paid_social,gmail.com,25-34,West
C006484,2026-03-18,podcast,gmail.com,35-44,Northeast
C002463,2025-06-08,Facebook Ads,comcast.net,35-44,Midwest
C007793,2026-05-27,referral,gmail.com,45-54,Southeast
C007223,2026-04-11,paid_search,gmail.com,45-54,Southwest
C003894,2025-10-06,Organic,icloud.com,35-44,Southwest
C000351,2025-01-14,Facebook Ads,outlook.com,35-44,Midwest
C007420,2026-04-03,paid_social,yahoo.com,35-44,West
C002699,2025-07-04,Referral Program,gmail.com,25-34,Midwest
C005234,2025-12-28,Facebook Ads,gmail.com,65+,West
C005741,2026-01-10,Facebook Ads,gmail.com,25-34,Southeast
C005476,2026-01-12,Referral Program,gmail.com,35-44,Southeast
C001722,2025-05-07,Organic,icloud.com,35-44,Southeast
C001446,2025-04-23,Referral Program,gmail.com,35-44,Northeast
C000103,2025-01-22,Organic,gmail.com,35-44,Midwest
C009174,2026-06-11,paid_social,hotmail.com,45-54,Southwest
C002439,2025-06-05,Facebook Ads,gmail.com,35-44,Midwest
C011038,2026-09-12,organic_search,icloud.com,35-44,Southeast
C010072,2026-07-30,paid_social,outlook.com,45-54,Northeast
C007349,2026-04-05,paid_social,outlook.com,35-44,West
C000072,2025-01-03,Organic,icloud.com,55-64,Northeast
C010120,2026-08-19,organic_search,comcast.net,25-34,Northeast
C011096,2026-09-01,referral,gmail.com,45-54,Midwest
C009459,2026-07-29,referral,gmail.com,25-34,Midwest
C010318,2026-08-16,referral,outlook.com,35-44,Northeast
C007975,2026-05-18,paid_search,gmail.com,25-34,Northeast
C011282,2026-09-06,paid_social,gmail.com,25-34,Southeast
C006110,2026-02-27,paid_search,gmail.com,25-34,Southeast
C001409,2025-04-01,Referral Program,outlook.com,35-44,West
C008877,2026-06-12,paid_social,gmail.com,55-64,Northeast
C005705,2026-01-23,Facebook Ads,outlook.com,25-34,Northeast
C004854,2025-12-07,Organic,outlook.com,35-44,Northeast
C006921,2026-04-11,organic_search,yahoo.com,35-44,Southeast
C005888,2026-02-26,referral,gmail.com,65+,West
C010032,2026-07-04,paid_social,outlook.com,35-44,Southwest
C001894,2025-05-04,Podcast,hotmail.com,55-64,Southeast
C006144,2026-02-04,paid_social,gmail.com,45-54,Northeast
C011253,2026-09-05,paid_social,gmail.com,45-54,West
C002493,2025-06-07,Facebook Ads,gmail.com,25-34,West
C000473,2025-02-20,Organic,gmail.com,45-54,Southwest
C000350,2025-01-24,Facebook Ads,gmail.com,35-44,Southwest
C001432,2025-04-06,Referral Program,comcast.net,55-64,West
C009999,2026-07-16,paid_social,yahoo.com,55-64,Southwest
C001082,2025-03-07,Google Ads,yahoo.com,65+,West
C001693,2025-05-27,Organic,gmail.com,25-34,Northeast
C003148,2025-08-29,Referral Program,gmail.com,25-34,Northeast
C002741,2025-07-07,Podcast,hotmail.com,35-44,Northeast
C010516,2026-08-27,paid_search,gmail.com,25-34,Southeast
C008497,2026-06-06,organic_search,icloud.com,45-54,West
C005960,2026-02-03,podcast,outlook.com,45-54,Midwest
C009408,2026-07-16,organic_search,hotmail.com,35-44,West
C009147,2026-06-27,paid_social,gmail.com,55-64,Southwest
C006683,2026-03-02,paid_social,outlook.com,35-44,West
C005511,2026-01-15,Podcast,gmail.com,35-44,Southeast
C004012,2025-10-20,Referral Program,gmail.com,55-64,Southeast
C003752,2025-09-21,Google Ads,gmail.com,25-34,Northeast
C006831,2026-03-20,paid_social,hotmail.com,65+,West
C006355,2026-03-02,referral,comcast.net,35-44,West
C005418,2026-01-11,Organic,gmail.com,45-54,West
C003439,2025-09-07,Organic,comcast.net,25-34,Northeast
C006792,2026-03-20,paid_social,gmail.com,55-64,Southwest
C004542,2025-11-06,Referral Program,gmail.com,35-44,West
C004169,2025-10-13,Google Ads,gmail.com,45-54,Southeast
C011248,2026-09-01,paid_social,gmail.com,45-54,West
C010659,2026-08-12,paid_social,gmail.com,35-44,Northeast
C009087,2026-06-26,paid_social,gmail.com,45-54,Southwest
C003722,2025-09-05,Google Ads,gmail.com,65+,Northeast
C000404,2025-02-28,Organic,gmail.com,45-54,Southwest
C008180,2026-05-17,paid_social,yahoo.com,55-64,West
C003525,2025-09-11,Organic,proton.me,65+,Northeast
C001865,2025-05-23,Referral Program,gmail.com,25-34,West
C010682,2026-08-24,paid_social,hotmail.com,45-54,Southwest
C002563,2025-07-29,Organic,yahoo.com,45-54,Northeast
C002012,2025-05-07,Google Ads,gmail.com,35-44,Southeast
C007993,2026-05-09,paid_social,gmail.com,45-54,West
C000689,2025-02-12,Google Ads,proton.me,65+,Northeast
C007114,2026-04-26,podcast,gmail.com,25-34,West
C006342,2026-03-21,referral,icloud.com,25-34,West
C003651,2025-09-02,Podcast,hotmail.com,35-44,Northeast
C006774,2026-03-27,paid_social,gmail.com,45-54,Midwest
C000679,2025-02-23,Google Ads,gmail.com,35-44,Northeast
C004535,2025-11-25,Referral Program,comcast.net,25-34,Southwest
C000192,2025-01-23,Podcast,outlook.com,25-34,West
C010393,2026-08-10,podcast,gmail.com,25-34,Southwest
C004621,2025-11-14,Podcast,outlook.com,35-44,Midwest
C000604,2025-02-02,Podcast,gmail.com,25-34,Southeast
C005751,2026-02-09,organic_search,gmail.com,45-54,Northeast
C008246,2026-05-18,paid_social,gmail.com,35-44,Midwest
C006095,2026-02-15,paid_search,outlook.com,25-34,Midwest
C007100,2026-04-18,podcast,yahoo.com,55-64,Southeast
C004521,2025-11-15,Referral Program,outlook.com,25-34,Midwest
C011099,2026-09-11,referral,gmail.com,25-34,Midwest
C009070,2026-06-01,paid_social,yahoo.com,55-64,Northeast
C003778,2025-09-30,Facebook Ads,gmail.com,35-44,West
C008932,2026-06-10,paid_social,yahoo.com,35-44,Southeast
C007854,2026-05-12,podcast,gmail.com,35-44,West
C010565,2026-08-28,paid_social,gmail.com,35-44,Midwest
C010685,2026-08-12,paid_social,gmail.com,25-34,West
C004160,2025-10-15,Google Ads,gmail.com,35-44,Midwest
C000869,2025-03-17,,yahoo.com,65+,Northeast
C010172,2026-08-22,organic_search,hotmail.com,35-44,Northeast
C009317,2026-07-30,organic_search,gmail.com,35-44,Southeast
C006366,2026-03-17,referral,gmail.com,25-34,Midwest
C010352,2026-08-21,referral,gmail.com,35-44,West
C007115,2026-04-22,podcast,gmail.com,35-44,Midwest
C001921,2025-05-11,Podcast,gmail.com,35-44,Northeast
C002107,2025-06-03,Organic,gmail.com,55-64,Midwest
C004302,2025-10-29,Facebook Ads,gmail.com,45-54,Southwest
C009733,2026-07-23,paid_social,gmail.com,45-54,Southwest
C002412,2025-06-01,Google Ads,gmail.com,45-54,West
C007019,2026-04-14,organic_search,gmail.com,25-34,West
C006560,2026-03-27,paid_search,gmail.com,45-54,Southwest
C009817,2026-07-02,paid_social,gmail.com,45-54,Midwest
C008913,2026-06-25,paid_social,gmail.com,55-64,Southwest
C007190,2026-04-07,paid_search,comcast.net,55-64,Southeast
C005100,2025-12-24,Google Ads,gmail.com,35-44,Midwest
C000984,2025-03-02,Referral Program,gmail.com,45-54,Northeast
C010841,2026-08-19,paid_social,icloud.com,35-44,West
C006231,2026-03-09,organic_search,outlook.com,45-54,West
C006458,2026-03-25,podcast,yahoo.com,35-44,Northeast
C000170,2025-01-10,Referral Program,yahoo.com,35-44,West
C003538,2025-09-19,Referral Program,comcast.net,35-44,Southwest
C005922,2026-02-11,referral,hotmail.com,55-64,Northeast
C009779,2026-07-31,paid_social,hotmail.com,45-54,West
C001648,2025-04-08,Facebook Ads,hotmail.com,35-44,Southwest
C006039,2026-02-08,paid_search,gmail.com,45-54,West
C005905,2026-02-23,referral,gmail.com,35-44,Midwest
C002738,2025-07-04,Podcast,hotmail.com,45-54,West
C004184,2025-10-05,Google Ads,icloud.com,45-54,Southeast
C003650,2025-09-28,Podcast,outlook.com,45-54,Southwest
C002911,2025-07-18,Facebook Ads,yahoo.com,25-34,Northeast
C000832,2025-03-20,Organic,gmail.com,45-54,Southeast
C001826,2025-05-17,Referral Program,outlook.com,25-34,Northeast
C010714,2026-08-08,paid_social,gmail.com,45-54,Midwest
C002800,2025-07-05,,gmail.com,65+,Southeast
C008632,2026-06-13,podcast,icloud.com,45-54,West
C008363,2026-05-08,paid_social,gmail.com,35-44,Midwest
C007496,2026-04-07,paid_social,gmail.com,45-54,Midwest
C011089,2026-09-08,referral,gmail.com,25-34,Northeast
C007815,2026-05-04,referral,gmail.com,45-54,Southeast
C003659,2025-09-16,Podcast,comcast.net,35-44,Midwest
C001000,2025-03-19,Referral Program,gmail.com,25-34,Southeast
C004458,2025-11-09,Organic,gmail.com,35-44,Northeast
C010767,2026-08-27,paid_social,gmail.com,35-44,Southeast
C004039,2025-10-26,Referral Program,gmail.com,25-34,Midwest
C005377,2026-01-19,Organic,comcast.net,35-44,Midwest
C004999,2025-12-21,Referral Program,proton.me,35-44,Midwest
C002695,2025-07-09,Referral Program,proton.me,35-44,Northeast
C000037,2025-01-18,Organic,gmail.com,25-34,Midwest
C000108,2025-01-30,Organic,yahoo.com,35-44,Southwest
C004260,2025-10-06,Google Ads,gmail.com,35-44,Midwest
C003817,2025-09-18,Facebook Ads,gmail.com,45-54,Midwest
C008875,2026-06-22,paid_social,outlook.com,35-44,Southwest
C003197,2025-08-10,Podcast,proton.me,45-54,Midwest
C000209,2025-01-25,Podcast,gmail.com,45-54,Northeast
C011201,2026-09-05,paid_social,icloud.com,35-44,Southeast
C005786,2026-02-09,organic_search,yahoo.com,35-44,Northeast
C010513,2026-08-13,paid_search,proton.me,45-54,West
C000623,2025-02-24,Podcast,yahoo.com,45-54,Northeast
C003375,2025-08-02,Facebook Ads,hotmail.com,25-34,Northeast
C001183,2025-03-25,Facebook Ads,gmail.com,65+,West
C003075,2025-08-20,Organic,gmail.com,25-34,Northeast
C007404,2026-04-01,paid_social,yahoo.com,45-54,West
C006026,2026-02-13,paid_search,gmail.com,45-54,Northeast
C007706,2026-05-17,organic_search,icloud.com,35-44,West
C000287,2025-01-09,Google Ads,gmail.com,35-44,Southeast
C005313,2026-01-03,,gmail.com,25-34,Southwest
C003417,2025-09-12,Organic,yahoo.com,25-34,West
C009027,2026-06-16,paid_social,icloud.com,35-44,Northeast
C001701,2025-05-19,Organic,gmail.com,25-34,Midwest
C007989,2026-05-11,paid_social,outlook.com,45-54,Northeast
C004869,2025-12-04,Organic,gmail.com,65+,Southeast
C005431,2026-01-15,Referral Program,gmail.com,35-44,Southeast
C000027,2025-01-18,Organic,gmail.com,35-44,Southeast
C001449,2025-04-17,Referral Program,yahoo.com,35-44,Midwest
C004645,2025-11-01,Google Ads,gmail.com,35-44,West
C001162,2025-03-15,Google Ads,gmail.com,35-44,Southwest
C003431,2025-09-14,Organic,icloud.com,35-44,West
C009784,2026-07-13,paid_social,gmail.com,45-54,West
C008958,2026-06-11,paid_social,gmail.com,55-64,Northeast
C008954,2026-06-10,paid_social,yahoo.com,45-54,Southeast
C007884,2026-05-23,podcast,gmail.com,65+,Midwest
C004417,2025-11-23,Organic,yahoo.com,35-44,Northeast
C003621,2025-09-08,Podcast,gmail.com,35-44,Northeast
C005166,2025-12-27,Google Ads,gmail.com,35-44,Southeast
C001938,2025-05-04,Podcast,yahoo.com,45-54,Southwest
C007790,2026-05-17,referral,gmail.com,35-44,Southwest
C001850,2025-05-17,Referral Program,gmail.com,35-44,West
C003343,2025-08-26,Facebook Ads,outlook.com,35-44,West
C004756,2025-11-03,Facebook Ads,comcast.net,35-44,Southwest
C009600,2026-07-27,paid_search,gmail.com,35-44,Southeast
C003180,2025-08-05,Podcast,gmail.com,35-44,Northeast
C005320,2026-01-08,Organic,icloud.com,35-44,Midwest
C005601,2026-01-14,Google Ads,gmail.com,35-44,Southeast
C003447,2025-09-10,Organic,gmail.com,45-54,Midwest
C010331,2026-08-20,referral,gmail.com,45-54,Midwest
C003147,2025-08-14,Referral Program,icloud.com,45-54,West
C001291,2025-04-23,Organic,gmail.com,45-54,Southeast
C010207,2026-08-09,organic_search,icloud.com,55-64,Midwest
C007217,2026-04-26,paid_search,gmail.com,35-44,Midwest
C008709,2026-06-16,paid_search,gmail.com,55-64,Northeast
C008678,2026-06-27,podcast,icloud.com,45-54,Northeast
C005298,2026-01-06,Organic,comcast.net,35-44,Southeast
C005695,2026-01-09,Facebook Ads,outlook.com,35-44,Midwest
C010280,2026-08-18,referral,gmail.com,45-54,West
C005179,2025-12-12,Google Ads,yahoo.com,35-44,Midwest
C010979,2026-08-12,paid_social,hotmail.com,55-64,West
C011126,2026-09-11,podcast,yahoo.com,35-44,Southeast
C009112,2026-06-12,paid_social,yahoo.com,35-44,Midwest
C011022,2026-09-09,organic_search,proton.me,35-44,Midwest
C005194,2025-12-16,Google Ads,yahoo.com,45-54,Southwest
C003061,2025-08-30,Organic,yahoo.com,25-34,Southeast
C008571,2026-06-12,referral,gmail.com,25-34,Southeast
C005253,2025-12-12,Facebook Ads,outlook.com,25-34,West
C001353,2025-04-20,Organic,comcast.net,45-54,Southeast
C004405,2025-11-02,Organic,yahoo.com,35-44,Southwest
C008487,2026-06-17,organic_search,comcast.net,25-34,West
C002704,2025-07-20,Referral Program,icloud.com,35-44,Southeast
C007704,2026-05-16,organic_search,hotmail.com,45-54,Northeast
C009908,2026-07-14,paid_social,icloud.com,35-44,Midwest
C005587,2026-01-04,Google Ads,gmail.com,45-54,Southeast
C002714,2025-07-01,Podcast,comcast.net,25-34,West
C007322,2026-04-19,paid_social,outlook.com,45-54,Southeast
C006536,2026-03-05,paid_search,gmail.com,25-34,Southeast
C000416,2025-02-07,Organic,gmail.com,45-54,Midwest
C002482,2025-06-29,Facebook Ads,outlook.com,55-64,West
C006232,2026-03-16,organic_search,gmail.com,55-64,Midwest
C002405,2025-06-14,Google Ads,proton.me,25-34,Southeast
C001698,2025-05-08,Organic,yahoo.com,35-44,Midwest
C003687,2025-09-21,,icloud.com,35-44,Southeast
C008047,2026-05-20,paid_social,gmail.com,35-44,Southeast
C011059,2026-09-05,organic_search,comcast.net,45-54,Southwest
C006705,2026-03-25,paid_social,gmail.com,45-54,West
C010898,2026-08-16,paid_social,gmail.com,35-44,West
C010508,2026-08-03,paid_search,icloud.com,45-54,Southeast
C005534,2026-01-19,Podcast,gmail.com,35-44,Southwest
C005208,2025-12-10,Facebook Ads,outlook.com,45-54,West
C003150,2025-08-14,Referral Program,comcast.net,55-64,Northeast
C011167,2026-09-05,paid_search,icloud.com,35-44,Northeast
C002318,2025-06-16,Podcast,gmail.com,45-54,Southwest
C004100,2025-10-08,Podcast,yahoo.com,35-44,Northeast
C005595,2026-01-11,Google Ads,gmail.com,45-54,Northeast
C003073,2025-08-19,Organic,outlook.com,25-34,Southeast
C005006,2025-12-20,Referral Program,gmail.com,25-34,Northeast
C006904,2026-04-28,organic_search,gmail.com,35-44,Southeast
C009410,2026-07-19,organic_search,gmail.com,45-54,West
C005350,2026-01-18,Organic,gmail.com,55-64,Southwest
C002767,2025-07-16,Podcast,gmail.com,35-44,Midwest
C002554,2025-07-20,Organic,comcast.net,25-34,Southeast
C009106,2026-06-17,paid_social,yahoo.com,65+,West
C005391,2026-01-17,Organic,yahoo.com,25-34,Midwest
C010451,2026-08-04,paid_search,outlook.com,45-54,Northeast
C001474,2025-04-22,Podcast,icloud.com,55-64,Midwest
C003398,2025-08-09,Facebook Ads,gmail.com,45-54,Northeast
C006077,2026-02-17,paid_search,outlook.com,35-44,Northeast
C000971,2025-03-01,Referral Program,gmail.com,45-54,West
C002338,2025-06-27,Google Ads,gmail.com,45-54,Midwest
C010672,2026-08-22,paid_social,gmail.com,35-44,Northeast
C010645,2026-08-09,paid_social,gmail.com,35-44,Southeast
C003141,2025-08-26,Referral Program,gmail.com,45-54,Northeast
C007080,2026-04-22,referral,gmail.com,65+,Southeast
C001705,2025-05-13,Organic,gmail.com,45-54,Midwest
C000876,2025-03-16,Organic,gmail.com,35-44,Northeast
C007340,2026-04-25,paid_social,gmail.com,45-54,Southwest
C000583,2025-02-11,Referral Program,gmail.com,65+,Southeast
C000545,2025-02-26,Referral Program,icloud.com,35-44,West
C009547,2026-07-12,podcast,gmail.com,45-54,Southwest
C007252,2026-04-06,paid_social,outlook.com,35-44,Southeast
C002182,2025-06-09,Organic,outlook.com,65+,West
C010863,2026-08-06,paid_social,gmail.com,55-64,Midwest
C001018,2025-03-04,Referral Program,gmail.com,25-34,Southwest
C003210,2025-08-26,Podcast,gmail.com,45-54,Northeast
C010775,2026-08-16,paid_social,gmail.com,65+,Northeast
C010763,2026-08-24,paid_social,gmail.com,35-44,West
C003396,2025-08-31,Facebook Ads,gmail.com,55-64,Northeast
C000244,2025-01-24,Podcast,gmail.com,45-54,Southeast
C003379,2025-08-19,Facebook Ads,gmail.com,65+,Northeast
C005156,2025-12-23,Google Ads,comcast.net,45-54,Northeast
C007177,2026-04-03,paid_search,gmail.com,35-44,West
C001542,2025-04-16,Google Ads,icloud.com,35-44,Southeast
C000143,2025-01-17,Referral Program,gmail.com,55-64,Northeast
C002720,2025-07-02,Podcast,outlook.com,25-34,Southwest
C000112,2025-01-14,Organic,gmail.com,55-64,West
C007199,2026-04-30,paid_search,icloud.com,35-44,Northeast
C009098,2026-06-16,paid_social,gmail.com,65+,West
C005002,2025-12-07,Referral Program,gmail.com,35-44,Southeast
C007170,2026-04-23,paid_search,hotmail.com,45-54,Northeast
C006824,2026-03-25,paid_social,gmail.com,25-34,Midwest
C005280,2025-12-04,Facebook Ads,yahoo.com,35-44,Northeast
C004004,2025-10-31,Organic,yahoo.com,25-34,Northeast
C003903,2025-10-27,Organic,gmail.com,55-64,Southwest
C008211,2026-05-16,paid_social,gmail.com,25-34,West
C002008,2025-05-14,Google Ads,comcast.net,35-44,Northeast
C008298,2026-05-25,paid_social,gmail.com,45-54,Southwest
C003000,2025-08-29,Organic,gmail.com,25-34,Northeast
C007158,2026-04-20,paid_search,gmail.com,65+,Midwest
C010196,2026-08-14,organic_search,gmail.com,35-44,West
C009747,2026-07-03,paid_social,gmail.com,35-44,Southeast
C003292,2025-08-05,Google Ads,yahoo.com,25-34,Midwest
C008279,2026-05-06,paid_social,gmail.com,25-34,West
C009535,2026-07-19,podcast,hotmail.com,45-54,West
C002742,2025-07-30,Podcast,icloud.com,25-34,Southeast
C005148,2025-12-28,Google Ads,yahoo.com,45-54,Midwest
C008040,2026-05-31,paid_social,gmail.com,45-54,Northeast
C010358,2026-08-23,referral,gmail.com,35-44,Northeast
C003825,2025-09-27,Facebook Ads,outlook.com,25-34,West
C007291,2026-04-15,paid_social,gmail.com,25-34,Midwest
C010663,2026-08-02,paid_social,gmail.com,55-64,Midwest
C005621,2026-01-31,Google Ads,outlook.com,35-44,West
C002350,2025-06-27,Google Ads,gmail.com,45-54,West
C006508,2026-03-16,paid_search,yahoo.com,65+,Southwest
C003962,2025-10-18,Organic,hotmail.com,25-34,West
C001818,2025-05-19,Referral Program,gmail.com,45-54,Northeast
C004208,2025-10-12,Google Ads,gmail.com,35-44,Northeast
C004122,2025-10-22,Podcast,hotmail.com,55-64,West
C008070,2026-05-08,paid_social,hotmail.com,45-54,West
C006431,2026-03-02,podcast,gmail.com,65+,Northeast
C006068,2026-02-18,paid_search,hotmail.com,35-44,Midwest
C010707,2026-08-11,paid_social,yahoo.com,35-44,West
C005883,2026-02-23,referral,comcast.net,45-54,Southeast
C005623,2026-01-06,Google Ads,outlook.com,55-64,West
C004809,2025-11-07,Facebook Ads,yahoo.com,25-34,Midwest
C006995,2026-04-06,organic_search,hotmail.com,35-44,Northeast
C007648,2026-04-15,paid_social,gmail.com,45-54,Southeast
C005049,2025-12-13,Podcast,hotmail.com,35-44,Northeast
C006018,2026-02-22,podcast,outlook.com,35-44,West
C001204,2025-03-25,Facebook Ads,gmail.com,25-34,Southwest
C010699,2026-08-14,paid_social,gmail.com,35-44,West
C003437,2025-09-09,Organic,gmail.com,55-64,Southeast
C011266,2026-09-10,paid_social,gmail.com,45-54,Southeast
C003072,2025-08-17,Organic,gmail.com,25-34,West
C005187,2025-12-09,Google Ads,yahoo.com,35-44,Northeast
C007149,2026-04-18,paid_search,gmail.com,55-64,Northeast
C003988,2025-10-20,Organic,comcast.net,25-34,Midwest
C010147,2026-08-21,organic_search,gmail.com,35-44,Northeast
C004828,2025-12-14,Organic,comcast.net,35-44,Midwest
C001152,2025-03-27,Google Ads,outlook.com,35-44,Midwest
C005506,2026-01-01,Referral Program,yahoo.com,35-44,Northeast
C006648,2026-03-17,paid_social,outlook.com,65+,Northeast
C008791,2026-06-21,paid_search,gmail.com,35-44,Northeast
C003921,2025-10-09,Organic,gmail.com,35-44,Midwest
C001878,2025-05-26,Referral Program,gmail.com,45-54,Midwest
C003810,2025-09-11,Facebook Ads,gmail.com,25-34,Southwest
C011188,2026-09-08,paid_social,gmail.com,35-44,Southeast
C003786,2025-09-15,Facebook Ads,yahoo.com,55-64,Northeast
C003299,2025-08-28,Google Ads,hotmail.com,55-64,Southeast
C000867,2025-03-01,Organic,hotmail.com,55-64,West
C008392,2026-05-27,paid_social,gmail.com,65+,Southwest
C001580,2025-04-15,Google Ads,outlook.com,55-64,Southwest
C010521,2026-08-29,paid_search,icloud.com,25-34,West
C011329,2026-09-02,paid_social,gmail.com,35-44,Northeast
C006218,2026-03-27,organic_search,gmail.com,35-44,Southeast
C011315,2026-09-14,paid_social,gmail.com,55-64,Midwest
C004600,2025-11-04,Podcast,proton.me,55-64,Southeast
C000934,2025-03-25,Organic,outlook.com,45-54,Southeast
C008840,2026-06-07,paid_social,gmail.com,35-44,West
C005820,2026-02-14,organic_search,gmail.com,25-34,Southwest
C006947,2026-04-30,organic_search,gmail.com,35-44,Southwest
C005908,2026-02-06,referral,yahoo.com,35-44,Northeast
C010137,2026-08-09,organic_search,gmail.com,35-44,Northeast
C011452,2025-05-05,Organic,harbormoney.com,25-34,Southeast
C006064,2026-02-22,paid_search,gmail.com,25-34,Southeast
C008592,2026-06-30,referral,gmail.com,45-54,Midwest
C008083,2026-05-14,paid_social,outlook.com,25-34,Southeast
C000842,2025-03-07,Organic,icloud.com,35-44,Midwest
C003619,2025-09-17,Podcast,icloud.com,45-54,Southwest
C003846,2025-09-23,Facebook Ads,gmail.com,25-34,Southeast
C001855,2025-05-20,Referral Program,yahoo.com,45-54,Midwest
C008496,2026-06-12,organic_search,gmail.com,35-44,West
C010673,2026-08-14,paid_social,gmail.com,25-34,Southwest
C002543,2025-07-22,Organic,icloud.com,55-64,West
C001995,2025-05-24,Google Ads,gmail.com,35-44,West
C000763,2025-02-09,Facebook Ads,gmail.com,45-54,West
C002252,2025-06-28,Referral Program,icloud.com,45-54,West
C001681,2025-05-16,Organic,outlook.com,25-34,West
C008006,2026-05-11,paid_social,gmail.com,55-64,Northeast
C008776,2026-06-11,paid_search,gmail.com,35-44,West
C005651,2026-01-07,Google Ads,yahoo.com,45-54,Midwest
C003187,2025-08-20,Podcast,yahoo.com,35-44,Southeast
C004209,2025-10-02,Google Ads,yahoo.com,25-34,West
C004867,2025-12-14,Organic,yahoo.com,35-44,Midwest
C003214,2025-08-13,Podcast,yahoo.com,25-34,Southeast
C006035,2026-02-21,paid_search,gmail.com,45-54,West
C010511,2026-08-27,paid_search,yahoo.com,35-44,Midwest
C004035,2025-10-28,Referral Program,gmail.com,25-34,Northeast
C002212,2025-06-19,Referral Program,gmail.com,55-64,Southwest
C009365,2026-07-21,organic_search,gmail.com,55-64,Midwest
C009237,2026-06-03,paid_social,gmail.com,65+,Midwest
C010097,2026-07-20,paid_social,icloud.com,45-54,Southwest
C005122,2025-12-23,Google Ads,gmail.com,45-54,Southeast
C001040,2025-03-02,Podcast,gmail.com,35-44,Southwest
C008135,2026-05-12,paid_social,gmail.com,35-44,Northeast
C002349,2025-06-22,Google Ads,gmail.com,25-34,West
C008205,2026-05-04,paid_social,icloud.com,55-64,Southeast
C001804,2025-05-19,Organic,hotmail.com,35-44,Southeast
C011238,2026-09-10,paid_social,icloud.com,55-64,West
C002123,2025-06-18,Organic,comcast.net,45-54,Southwest
C000363,2025-01-28,Facebook Ads,gmail.com,35-44,Northeast
C009105,2026-06-16,paid_social,gmail.com,35-44,West
C005345,2026-01-03,Organic,outlook.com,35-44,Northeast
C002247,2025-06-25,Referral Program,yahoo.com,65+,West
C004864,2025-12-05,Organic,outlook.com,45-54,Northeast
C000658,2025-02-22,Google Ads,yahoo.com,45-54,Southwest
C001538,2025-04-17,Google Ads,comcast.net,35-44,Northeast
C001993,2025-05-28,Google Ads,hotmail.com,35-44,Southwest
C011436,2025-10-10,Organic,harbormoney.com,25-34,Southwest
C011454,2025-04-23,Organic,harbormoney.com,35-44,Southwest
C003222,2025-08-07,Google Ads,gmail.com,55-64,Southwest
C001629,2025-04-20,Facebook Ads,yahoo.com,35-44,Midwest
C010582,2026-08-28,paid_social,gmail.com,25-34,Northeast
C010025,2026-07-08,paid_social,outlook.com,25-34,Midwest
C003812,2025-09-23,Facebook Ads,gmail.com,35-44,Southwest
C004271,2025-10-27,Facebook Ads,gmail.com,25-34,Southwest
C002663,2025-07-01,Referral Program,gmail.com,35-44,Midwest
C010325,2026-08-20,referral,icloud.com,65+,Southeast
C007740,2026-05-01,organic_search,gmail.com,35-44,Southwest
C002471,2025-06-27,Facebook Ads,gmail.com,35-44,Southwest
C007219,2026-04-13,paid_search,gmail.com,25-34,Midwest
C003025,2025-08-04,Organic,gmail.com,65+,Southwest
C011174,2026-09-10,paid_search,gmail.com,35-44,Southeast
C010852,2026-08-01,paid_social,gmail.com,45-54,West
C008920,2026-06-12,paid_social,gmail.com,65+,West
C000740,2025-02-11,Google Ads,gmail.com,35-44,Midwest
C000676,2025-02-08,,icloud.com,35-44,West
C004135,2025-10-15,Podcast,yahoo.com,35-44,West
C004983,2025-12-24,Referral Program,hotmail.com,35-44,West
C009549,2026-07-15,podcast,icloud.com,35-44,Southwest
C000913,2025-03-10,Organic,outlook.com,35-44,Midwest
C011374,2026-09-06,organic_search,harbormoney.com,45-54,Northeast
C008515,2026-06-22,organic_search,gmail.com,35-44,Southeast
C008136,2026-05-30,paid_social,gmail.com,25-34,Northeast
C003816,2025-09-24,Facebook Ads,comcast.net,45-54,Midwest
C002411,2025-06-16,Google Ads,gmail.com,25-34,West
C003746,2025-09-15,Google Ads,icloud.com,45-54,Southwest
C002337,2025-06-04,Google Ads,gmail.com,35-44,Midwest
C008110,2026-05-29,paid_social,hotmail.com,55-64,West
C009917,2026-07-22,paid_social,gmail.com,35-44,Northeast
C007462,2026-04-22,paid_social,outlook.com,45-54,Midwest
C007593,2026-04-05,paid_social,gmail.com,55-64,Midwest
C005327,2026-01-19,Organic,hotmail.com,55-64,Midwest
C002037,2025-05-25,Facebook Ads,proton.me,55-64,Southeast
C008953,2026-06-22,paid_social,proton.me,55-64,Midwest
C002322,2025-06-18,Podcast,gmail.com,55-64,Southwest
C004287,2025-10-30,Facebook Ads,icloud.com,55-64,Northeast
C001359,2025-04-25,Organic,gmail.com,45-54,West
C010494,2026-08-02,paid_search,gmail.com,25-34,Northeast
C005561,2026-01-19,Podcast,gmail.com,25-34,Northeast
C008862,2026-06-14,paid_social,icloud.com,45-54,Southwest
C006516,2026-03-15,paid_search,gmail.com,45-54,Southwest
C007268,2026-04-20,,gmail.com,65+,Midwest
C010406,2026-08-01,podcast,gmail.com,45-54,Midwest
C001779,2025-05-29,Organic,icloud.com,35-44,Northeast
C003166,2025-08-17,Podcast,proton.me,55-64,Northeast
C004090,2025-10-08,Referral Program,yahoo.com,25-34,West
C006198,2026-02-04,paid_social,gmail.com,55-64,Southwest
C009736,2026-07-09,paid_social,yahoo.com,35-44,West
C011368,2025-11-14,Organic,harbormoney.com,25-34,Northeast
C004279,2025-10-24,Facebook Ads,yahoo.com,45-54,Midwest
C003947,2025-10-13,Organic,gmail.com,55-64,Southeast
C001736,2025-05-29,Organic,gmail.com,65+,Southwest
C007563,2026-04-19,paid_social,gmail.com,45-54,Southeast
C004599,2025-11-18,Podcast,proton.me,35-44,Northeast
C004251,2025-10-12,Google Ads,icloud.com,45-54,Midwest
C010274,2026-08-17,organic_search,outlook.com,35-44,Southwest
C001575,2025-04-06,Google Ads,comcast.net,35-44,Midwest
C003249,2025-08-06,Google Ads,icloud.com,45-54,Midwest
C005939,2026-02-01,referral,gmail.com,55-64,Southwest
C003078,2025-08-23,Referral Program,yahoo.com,45-54,West
C009488,2026-07-29,referral,gmail.com,55-64,Northeast
C008457,2026-06-28,organic_search,outlook.com,25-34,Southwest
C005480,2026-01-04,Referral Program,gmail.com,35-44,Southeast
C004561,2025-11-19,Referral Program,gmail.com,45-54,Northeast
C008485,2026-06-26,organic_search,yahoo.com,25-34,Midwest
C003873,2025-10-10,Organic,icloud.com,25-34,Midwest
C001370,2025-04-07,Organic,hotmail.com,35-44,Northeast
C011325,2026-09-05,paid_social,gmail.com,45-54,Midwest
C010553,2026-08-27,paid_social,gmail.com,55-64,Southeast
C002063,2025-05-11,Facebook Ads,gmail.com,35-44,Northeast
C011165,2026-09-14,paid_search,gmail.com,55-64,Northeast
C003283,2025-08-20,Google Ads,gmail.com,35-44,Southeast
C001318,2025-04-03,Organic,gmail.com,25-34,Northeast
C005266,2025-12-06,Facebook Ads,yahoo.com,55-64,West
C005267,2025-12-31,Facebook Ads,hotmail.com,35-44,Northeast
C004901,2025-12-24,Organic,gmail.com,55-64,West
C002894,2025-07-15,Facebook Ads,hotmail.com,25-34,West
C004938,2025-12-29,Organic,outlook.com,45-54,Northeast
C009281,2026-06-10,paid_social,gmail.com,45-54,West
C003528,2025-09-05,Organic,gmail.com,55-64,Midwest
C005668,2026-01-09,Facebook Ads,gmail.com,45-54,West
C009960,2026-07-30,paid_social,gmail.com,25-34,Northeast
C007302,2026-04-19,paid_social,gmail.com,35-44,West
C005252,2025-12-11,Facebook Ads,gmail.com,65+,Midwest
C003730,2025-09-02,Google Ads,hotmail.com,55-64,West
C008665,2026-06-05,podcast,gmail.com,45-54,Southeast
C011073,2026-09-04,referral,gmail.com,45-54,West
C006771,2026-03-21,paid_social,gmail.com,35-44,Midwest
C008107,2026-05-20,paid_social,gmail.com,25-34,Southeast
C004286,2025-10-26,Facebook Ads,outlook.com,35-44,Midwest
C008192,2026-05-23,paid_social,gmail.com,55-64,Southeast
C004712,2025-11-27,Google Ads,yahoo.com,55-64,Southeast
C010094,2026-07-24,paid_social,icloud.com,45-54,Northeast
C005045,2025-12-05,Podcast,outlook.com,45-54,Northeast
C007489,2026-04-15,paid_social,outlook.com,35-44,West
C009494,2026-07-14,referral,gmail.com,55-64,West
C009589,2026-07-10,paid_search,yahoo.com,35-44,Southeast
C007484,2026-04-06,,gmail.com,55-64,Southeast
C003174,2025-08-25,Podcast,gmail.com,45-54,Midwest
C002651,2025-07-06,Referral Program,outlook.com,55-64,Midwest
C011425,2026-03-21,organic_search,harbormoney.com,55-64,Northeast
C000647,2025-02-20,Podcast,comcast.net,55-64,Northeast
C003189,2025-08-09,Podcast,gmail.com,45-54,West
C004752,2025-11-05,Facebook Ads,hotmail.com,45-54,Southwest
C003783,2025-09-07,Facebook Ads,yahoo.com,55-64,West
C006532,2026-03-29,paid_search,icloud.com,45-54,West
C002784,2025-07-08,Google Ads,gmail.com,35-44,Southeast
C004395,2025-11-14,Organic,yahoo.com,25-34,Midwest
C000506,2025-02-03,Organic,gmail.com,55-64,Northeast
C006929,2026-04-24,organic_search,gmail.com,35-44,Southeast
C001457,2025-04-08,Podcast,gmail.com,45-54,Midwest
C009558,2026-07-24,podcast,gmail.com,35-44,Southwest
C003462,2025-09-19,Organic,comcast.net,45-54,Southeast
C002670,2025-07-18,Referral Program,gmail.com,45-54,West
C001955,2025-05-06,Google Ads,icloud.com,35-44,Midwest
C000841,2025-03-19,Organic,comcast.net,25-34,Northeast
C005469,2026-01-23,Referral Program,icloud.com,55-64,West
C010771,2026-08-23,paid_social,comcast.net,25-34,West
C007008,2026-04-11,organic_search,gmail.com,35-44,Northeast
C000178,2025-01-19,Referral Program,gmail.com,25-34,Midwest
C010956,2026-08-17,paid_social,gmail.com,35-44,Northeast
C000028,2025-01-25,Organic,gmail.com,45-54,Southwest
C006397,2026-03-27,referral,icloud.com,45-54,Midwest
C003545,2025-09-04,Referral Program,proton.me,25-34,Southeast
C002659,2025-07-17,Referral Program,yahoo.com,35-44,West
C007846,2026-05-20,podcast,yahoo.com,45-54,Southwest
C007387,2026-04-01,paid_social,gmail.com,45-54,West
C005944,2026-02-13,referral,yahoo.com,25-34,Northeast
C001715,2025-05-02,Organic,gmail.com,25-34,Midwest
C004143,2025-10-07,Podcast,hotmail.com,25-34,West
C008815,2026-06-30,paid_social,gmail.com,45-54,Northeast
C002864,2025-07-15,Google Ads,gmail.com,35-44,Southeast
C010680,2026-08-02,paid_social,gmail.com,35-44,Midwest
C010460,2026-08-02,paid_search,icloud.com,35-44,West
C010566,2026-08-06,paid_social,icloud.com,45-54,Northeast
C005452,2026-01-15,Referral Program,gmail.com,45-54,West
C007380,2026-04-03,paid_social,gmail.com,45-54,Northeast
C009019,2026-06-16,paid_social,outlook.com,35-44,Midwest
C006274,2026-03-28,organic_search,gmail.com,25-34,Midwest
C011384,2025-03-23,Organic,harbormoney.com,45-54,Northeast
C006436,2026-03-22,podcast,yahoo.com,35-44,Northeast
C007830,2026-05-29,referral,gmail.com,35-44,Northeast
C010615,2026-08-15,paid_social,gmail.com,35-44,Southwest
C010865,2026-08-09,paid_social,proton.me,25-34,Northeast
C000690,2025-02-21,Google Ads,gmail.com,55-64,Northeast
C006507,2026-03-19,paid_search,yahoo.com,35-44,Northeast
C002255,2025-06-12,Referral Program,icloud.com,35-44,Southwest
C009350,2026-07-26,organic_search,hotmail.com,35-44,Southwest
C003288,2025-08-11,Google Ads,comcast.net,55-64,Southeast
C010946,2026-08-25,paid_social,gmail.com,45-54,Southeast
C004927,2025-12-09,Organic,hotmail.com,35-44,Southwest
C000874,2025-03-21,Organic,outlook.com,25-34,West
C005535,2026-01-16,Podcast,proton.me,35-44,Midwest
C003178,2025-08-20,Podcast,yahoo.com,35-44,Midwest
C010895,2026-08-01,paid_social,gmail.com,35-44,Northeast
C000123,2025-01-08,Referral Program,gmail.com,45-54,West
C003272,2025-08-19,Google Ads,proton.me,45-54,Midwest
C005172,2025-12-19,Google Ads,gmail.com,35-44,West
C007345,2026-04-28,paid_social,proton.me,35-44,Southwest
C002166,2025-06-22,Organic,gmail.com,35-44,Northeast
C006786,2026-03-03,paid_social,gmail.com,45-54,Southeast
C000081,2025-01-28,Organic,gmail.com,35-44,Southeast
C000966,2025-03-18,Referral Program,yahoo.com,45-54,Northeast
C009886,2026-07-19,paid_social,icloud.com,25-34,Northeast
C007765,2026-05-30,referral,icloud.com,35-44,Northeast
C009214,2026-06-27,paid_social,gmail.com,25-34,Southwest
C005946,2026-02-18,referral,gmail.com,55-64,West
C003307,2025-08-04,Google Ads,gmail.com,35-44,Southeast
C003683,2025-09-14,Google Ads,yahoo.com,55-64,Northeast
C002293,2025-06-04,,gmail.com,55-64,West
C007232,2026-04-13,paid_search,comcast.net,25-34,Northeast
C001853,2025-05-01,Referral Program,gmail.com,35-44,West
C007153,2026-04-18,paid_search,gmail.com,25-34,Midwest
C009083,2026-06-15,paid_social,gmail.com,55-64,Southwest
C010223,2026-08-10,organic_search,hotmail.com,55-64,Northeast
C000450,2025-02-03,Organic,gmail.com,45-54,Southwest
C004787,2025-11-02,Facebook Ads,gmail.com,45-54,Northeast
C005318,2026-01-05,Organic,gmail.com,35-44,Southwest
C007732,2026-05-09,organic_search,gmail.com,35-44,West
C010370,2026-08-21,podcast,comcast.net,25-34,Southeast
C006853,2026-03-24,paid_social,gmail.com,55-64,Southeast
C003028,2025-08-29,Organic,icloud.com,25-34,West
C003363,2025-08-22,Facebook Ads,gmail.com,45-54,Southwest
C008120,2026-05-19,paid_social,gmail.com,45-54,West
C004404,2025-11-09,Organic,gmail.com,35-44,Southeast
C000334,2025-01-24,Facebook Ads,gmail.com,25-34,Midwest
C004247,2025-10-30,Google Ads,gmail.com,35-44,Southwest
C004092,2025-10-27,Referral Program,comcast.net,45-54,Southeast
C010333,2026-08-16,referral,gmail.com,45-54,Midwest
C010113,2026-08-27,organic_search,yahoo.com,35-44,West
C008351,2026-05-12,paid_social,outlook.com,55-64,Southwest
C003485,2025-09-25,Organic,comcast.net,45-54,West
C009818,2026-07-03,paid_social,proton.me,55-64,Midwest
C008792,2026-06-12,paid_search,gmail.com,35-44,Midwest
C011152,2026-09-04,paid_search,icloud.com,25-34,Southeast
C004937,2025-12-24,Organic,gmail.com,35-44,Southeast
C008141,2026-05-11,paid_social,yahoo.com,35-44,West
C003371,2025-08-19,Facebook Ads,gmail.com,35-44,Northeast
C003914,2025-10-30,Organic,gmail.com,65+,Northeast
C003811,2025-09-12,Facebook Ads,proton.me,35-44,West
C000163,2025-01-03,Referral Program,proton.me,45-54,Northeast
C004429,2025-11-10,Organic,yahoo.com,35-44,Northeast
C005067,2025-12-29,Podcast,icloud.com,35-44,Southeast
C000882,2025-03-20,Organic,gmail.com,55-64,Southeast
C011192,2026-09-13,paid_social,gmail.com,35-44,West
C009086,2026-06-23,paid_social,gmail.com,35-44,West
C001205,2025-03-29,Facebook Ads,gmail.com,25-34,West
C003524,2025-09-02,Organic,yahoo.com,45-54,Northeast
C002237,2025-06-21,Referral Program,icloud.com,55-64,Midwest
C003204,2025-08-20,Podcast,yahoo.com,35-44,Midwest
C003353,2025-08-16,Facebook Ads,gmail.com,35-44,West
C007532,2026-04-03,paid_social,icloud.com,45-54,Southwest
C008088,2026-05-03,paid_social,gmail.com,25-34,Northeast
C001857,2025-05-25,Referral Program,comcast.net,35-44,Southeast
C006290,2026-03-11,organic_search,yahoo.com,65+,Southwest
C009081,2026-06-22,paid_social,proton.me,35-44,West
C009014,2026-06-07,paid_social,gmail.com,45-54,Northeast
C000347,2025-01-21,Facebook Ads,comcast.net,35-44,Northeast
C010967,2026-08-14,paid_social,gmail.com,35-44,Midwest
C011202,2026-09-01,paid_social,yahoo.com,35-44,West
C000470,2025-02-11,Organic,gmail.com,45-54,Midwest
C000283,2025-01-07,Google Ads,gmail.com,45-54,Northeast
C001990,2025-05-04,Google Ads,yahoo.com,35-44,Southwest
C008201,2026-05-08,paid_social,yahoo.com,45-54,West
C005063,2025-12-07,Podcast,gmail.com,55-64,Southwest
C006535,2026-03-21,paid_search,gmail.com,65+,Midwest
C010641,2026-08-14,paid_social,hotmail.com,45-54,Southwest
C009974,2026-07-17,paid_social,gmail.com,65+,Southwest
C003117,2025-08-12,Referral Program,gmail.com,45-54,Southeast
C006106,2026-02-18,paid_search,gmail.com,35-44,West
C009230,2026-06-07,paid_social,gmail.com,35-44,Southeast
C003520,2025-09-06,Organic,gmail.com,25-34,Southeast
C007889,2026-05-12,podcast,yahoo.com,45-54,Southeast
C009117,2026-06-05,paid_social,yahoo.com,35-44,Northeast
C011131,2026-09-04,podcast,outlook.com,35-44,Northeast
C008915,2026-06-18,paid_social,gmail.com,55-64,Northeast
C006512,2026-03-07,paid_search,gmail.com,35-44,Southwest
C008245,2026-05-26,paid_social,icloud.com,55-64,Northeast
C008716,2026-06-30,,gmail.com,35-44,West
C006442,2026-03-30,podcast,gmail.com,35-44,Southeast
C004106,2025-10-18,Podcast,icloud.com,35-44,Northeast
C009286,2026-06-27,paid_social,icloud.com,45-54,Midwest
C005677,2026-01-11,Facebook Ads,yahoo.com,45-54,Midwest
C006005,2026-02-26,podcast,yahoo.com,45-54,West
C007234,2026-04-09,paid_search,comcast.net,25-34,Southeast
C010084,2026-07-21,paid_social,gmail.com,25-34,Northeast
C008671,2026-06-02,podcast,icloud.com,25-34,Midwest
C003103,2025-08-04,Referral Program,gmail.com,45-54,Northeast
C011366,2025-10-18,Organic,harbormoney.com,65+,Southwest
C010493,2026-08-29,paid_search,yahoo.com,65+,Southwest
C006663,2026-03-18,paid_social,yahoo.com,35-44,Northeast
C000805,2025-02-18,Facebook Ads,gmail.com,35-44,Midwest
C008529,2026-06-27,organic_search,outlook.com,35-44,Midwest
C000544,2025-02-24,Referral Program,gmail.com,35-44,Midwest
C006965,2026-04-05,organic_search,outlook.com,25-34,Southwest
C009239,2026-06-04,paid_social,gmail.com,55-64,Southeast
C010770,2026-08-10,paid_social,icloud.com,45-54,Midwest
C008295,2026-05-15,paid_social,gmail.com,55-64,West
C000007,2025-01-04,Organic,comcast.net,45-54,Midwest
C000158,2025-01-22,Referral Program,gmail.com,55-64,Northeast
C001153,2025-03-22,Google Ads,gmail.com,35-44,Midwest
C005284,2025-12-12,Facebook Ads,hotmail.com,25-34,Midwest
C011263,2026-09-02,paid_social,yahoo.com,35-44,Southeast
C006660,2026-03-18,paid_social,yahoo.com,55-64,Midwest
C003484,2025-09-15,Organic,gmail.com,45-54,West
C001267,2025-04-26,Organic,outlook.com,45-54,Southeast
C000726,2025-02-02,Google Ads,outlook.com,45-54,West
C005405,2026-01-30,Organic,gmail.com,35-44,Southwest
C005503,2026-01-15,Referral Program,icloud.com,55-64,Southwest
C005123,2025-12-15,Google Ads,yahoo.com,25-34,Southeast
C006772,2026-03-27,paid_social,icloud.com,35-44,Midwest
C008825,2026-06-04,paid_social,gmail.com,35-44,Northeast
C007474,2026-04-17,paid_social,comcast.net,25-34,Midwest
C000880,2025-03-26,Organic,outlook.com,25-34,Southeast
C009271,2026-06-11,paid_social,gmail.com,25-34,West
C000080,2025-01-04,Organic,outlook.com,35-44,Northeast
C007292,2026-04-21,paid_social,gmail.com,35-44,Northeast
C010564,2026-08-26,paid_social,gmail.com,35-44,West
C006604,2026-03-26,paid_social,yahoo.com,45-54,Midwest
C007208,2026-04-12,paid_search,comcast.net,25-34,West
C005848,2026-02-12,organic_search,comcast.net,35-44,Midwest
C010996,2026-08-29,paid_social,gmail.com,35-44,Southwest
C009434,2026-07-23,referral,comcast.net,35-44,West
C007974,2026-05-23,paid_search,gmail.com,35-44,Southwest
C001436,2025-04-06,Referral Program,gmail.com,45-54,Southwest
C006393,2026-03-27,referral,gmail.com,65+,Northeast
C004245,2025-10-17,Google Ads,outlook.com,35-44,West
C010653,2026-08-31,paid_social,outlook.com,35-44,Northeast
C008249,2026-05-18,paid_social,yahoo.com,45-54,Southeast
C004222,2025-10-03,Google Ads,gmail.com,45-54,Midwest
C009952,2026-07-23,paid_social,gmail.com,55-64,Midwest
C002940,2025-07-18,Facebook Ads,gmail.com,35-44,Midwest
C001932,2025-05-22,Podcast,outlook.com,35-44,Midwest
C009187,2026-06-14,paid_social,gmail.com,45-54,West
C004207,2025-10-11,Google Ads,icloud.com,55-64,Southeast
C004785,2025-11-17,Facebook Ads,gmail.com,35-44,West
C008356,2026-05-25,paid_social,comcast.net,35-44,Midwest
C006428,2026-03-22,podcast,yahoo.com,45-54,Southwest
C002863,2025-07-09,Google Ads,comcast.net,35-44,West
C008160,2026-05-25,paid_social,comcast.net,35-44,West
C008469,2026-06-12,organic_search,icloud.com,25-34,Northeast
C000824,2025-02-17,Facebook Ads,yahoo.com,25-34,West
C002190,2025-06-04,Organic,icloud.com,35-44,Southeast
C006573,2026-03-04,,icloud.com,35-44,Southeast
C009643,2026-07-11,paid_search,outlook.com,35-44,Midwest
C006766,2026-03-06,paid_social,hotmail.com,45-54,Northeast
C003291,2025-08-25,Google Ads,gmail.com,55-64,Northeast
C009762,2026-07-24,paid_social,gmail.com,45-54,Northeast
C003592,2025-09-27,Referral Program,gmail.com,35-44,Southwest
C005897,2026-02-14,referral,gmail.com,35-44,Southeast
C009741,2026-07-08,paid_social,gmail.com,55-64,Midwest
C009265,2026-06-21,paid_social,gmail.com,35-44,Northeast
C007133,2026-04-04,podcast,gmail.com,45-54,West
C007194,2026-04-15,paid_search,gmail.com,55-64,West
C008868,2026-06-12,paid_social,gmail.com,45-54,Northeast
C011121,2026-09-01,podcast,gmail.com,35-44,Midwest
C000245,2025-01-16,Podcast,outlook.com,35-44,Midwest
C003857,2025-09-08,Facebook Ads,icloud.com,25-34,Southeast
C004978,2025-12-17,Referral Program,proton.me,55-64,West
C000395,2025-01-07,Facebook Ads,icloud.com,45-54,Midwest
C004178,2025-10-01,Google Ads,gmail.com,35-44,Northeast
C001417,2025-04-01,Referral Program,gmail.com,45-54,Southeast
C005580,2026-01-01,Google Ads,yahoo.com,45-54,Northeast
C001910,2025-05-16,Podcast,icloud.com,45-54,Midwest
C007466,2026-04-12,paid_social,icloud.com,35-44,Southeast
C009259,2026-06-22,paid_social,yahoo.com,35-44,Southeast
C003368,2025-08-12,Facebook Ads,gmail.com,65+,Northeast
C004680,2025-11-15,Google Ads,yahoo.com,45-54,Southwest
C007461,2026-04-22,paid_social,gmail.com,35-44,West
C001468,2025-04-14,Podcast,hotmail.com,25-34,Northeast
C007312,2026-04-22,paid_social,icloud.com,45-54,West
C006593,2026-03-27,paid_social,gmail.com,45-54,Northeast
C001060,2025-03-24,Podcast,outlook.com,45-54,Northeast
C008944,2026-06-29,paid_social,gmail.com,25-34,West
C006570,2026-03-23,paid_search,outlook.com,35-44,Southeast
C009801,2026-07-18,paid_social,gmail.com,45-54,Southeast
C009561,2026-07-15,podcast,comcast.net,25-34,Northeast
C006229,2026-03-25,organic_search,icloud.com,65+,Southwest
C010089,2026-07-27,paid_social,outlook.com,45-54,West
C003578,2025-09-27,Referral Program,gmail.com,25-34,Southeast
C004386,2025-11-02,Organic,hotmail.com,25-34,Southeast
C003251,2025-08-30,Google Ads,gmail.com,35-44,Northeast
C000285,2025-01-23,Google Ads,comcast.net,45-54,Southwest
C006709,2026-03-29,paid_social,outlook.com,55-64,Southwest
C011208,2026-09-13,paid_social,proton.me,45-54,Southeast
C008256,2026-05-12,paid_social,comcast.net,55-64,Southwest
C009373,2026-07-13,organic_search,gmail.com,55-64,Southeast
C011245,2026-09-14,paid_social,hotmail.com,65+,Midwest
C010135,2026-08-08,organic_search,gmail.com,25-34,Southeast
C000369,2025-01-23,,icloud.com,55-64,Northeast
C004239,2025-10-16,Google Ads,gmail.com,45-54,West
C009982,2026-07-31,paid_social,gmail.com,35-44,Southeast
C008167,2026-05-30,paid_social,gmail.com,45-54,Southeast
C008692,2026-06-03,podcast,proton.me,45-54,Northeast
C010715,2026-08-22,paid_social,gmail.com,65+,Midwest
C005882,2026-02-19,organic_search,gmail.com,35-44,Northeast
C007071,2026-04-17,referral,gmail.com,35-44,Southeast
C008465,2026-06-27,organic_search,gmail.com,55-64,Southeast
C008125,2026-05-26,,gmail.com,25-34,Northeast
C002243,2025-06-26,Referral Program,gmail.com,25-34,Midwest
C000420,2025-02-10,,icloud.com,45-54,Northeast
C001880,2025-05-25,Referral Program,gmail.com,55-64,Midwest
C001683,2025-05-19,Organic,yahoo.com,55-64,Midwest
C010355,2026-08-04,referral,hotmail.com,45-54,West
C003489,2025-09-13,Organic,gmail.com,45-54,Northeast
C004079,2025-10-20,Referral Program,yahoo.com,35-44,West
C006223,2026-03-11,organic_search,gmail.com,45-54,Southeast
C002075,2025-05-23,Facebook Ads,comcast.net,35-44,West
C009633,2026-07-14,paid_search,gmail.com,25-34,Southeast
C006794,2026-03-17,paid_social,hotmail.com,25-34,Southeast
C001515,2025-04-23,Google Ads,icloud.com,25-34,Southwest
C007132,2026-04-22,podcast,gmail.com,45-54,West
C009185,2026-06-29,paid_social,gmail.com,35-44,Southeast
C009466,2026-07-29,referral,gmail.com,25-34,West
C009676,2026-07-25,paid_search,gmail.com,35-44,Northeast
C005494,2026-01-11,Referral Program,yahoo.com,35-44,Midwest
C000150,2025-01-31,Referral Program,gmail.com,55-64,Southeast
C000057,2025-01-01,Organic,outlook.com,25-34,Northeast
C004161,2025-10-07,Google Ads,yahoo.com,45-54,West
C001142,2025-03-04,Google Ads,gmail.com,45-54,Southeast
C011338,2026-09-08,paid_social,hotmail.com,35-44,West
C008951,2026-06-04,paid_social,gmail.com,25-34,West
C003546,2025-09-04,Referral Program,outlook.com,45-54,Southeast
C007655,2026-05-27,organic_search,gmail.com,65+,Southeast
C005771,2026-02-27,organic_search,yahoo.com,35-44,Northeast
C004411,2025-11-18,Organic,yahoo.com,45-54,Midwest
C003527,2025-09-19,Organic,gmail.com,35-44,Northeast
C008403,2026-06-01,organic_search,yahoo.com,35-44,Midwest
C006517,2026-03-10,paid_search,gmail.com,35-44,Southeast
C005451,2026-01-28,Referral Program,gmail.com,45-54,Southeast
C007368,2026-04-22,paid_social,gmail.com,35-44,Midwest
C004691,2025-11-22,Google Ads,icloud.com,55-64,West
C003296,2025-08-02,Google Ads,hotmail.com,35-44,Southeast
C006467,2026-03-03,podcast,gmail.com,25-34,Midwest
C010189,2026-08-02,organic_search,outlook.com,35-44,Southwest
C007601,2026-04-05,paid_social,gmail.com,45-54,Northeast
C000996,2025-03-18,Referral Program,gmail.com,45-54,Southeast
C004768,2025-11-05,Facebook Ads,gmail.com,25-34,Northeast
C001582,2025-04-09,Google Ads,gmail.com,25-34,Northeast
C001425,2025-04-09,Referral Program,gmail.com,45-54,Midwest
C008710,2026-06-14,paid_search,icloud.com,35-44,West
C011118,2026-09-04,podcast,outlook.com,25-34,Southeast
C010477,2026-08-17,paid_search,gmail.com,35-44,West
C003606,2025-09-08,Referral Program,gmail.com,25-34,Northeast
C004803,2025-11-03,Facebook Ads,gmail.com,45-54,Northeast
C008152,2026-05-30,paid_social,gmail.com,45-54,Southwest
C009967,2026-07-28,paid_social,gmail.com,55-64,Northeast
C003742,2025-09-18,Google Ads,gmail.com,35-44,Southeast
C007129,2026-04-10,podcast,yahoo.com,25-34,Midwest
C009583,2026-07-31,paid_search,yahoo.com,45-54,Southwest
C008508,2026-06-18,organic_search,gmail.com,35-44,Midwest
C000056,2025-01-19,Organic,yahoo.com,45-54,Midwest
C008855,2026-06-25,paid_social,gmail.com,35-44,Southwest
C001363,2025-04-06,Organic,icloud.com,25-34,Southwest
C003517,2025-09-28,Organic,yahoo.com,55-64,Northeast
C010142,2026-08-25,organic_search,outlook.com,25-34,Midwest
C011162,2026-09-09,paid_search,gmail.com,25-34,Midwest
C010476,2026-08-24,paid_search,proton.me,35-44,West
C005819,2026-02-15,organic_search,gmail.com,55-64,Midwest
C005770,2026-02-26,organic_search,gmail.com,45-54,Southeast
C006336,2026-03-22,referral,outlook.com,35-44,Southwest
C010468,2026-08-03,paid_search,gmail.com,35-44,West
C006069,2026-02-11,paid_search,gmail.com,25-34,Midwest
C010360,2026-08-18,podcast,gmail.com,35-44,Southeast
C006989,2026-04-05,organic_search,yahoo.com,45-54,Southeast
C004969,2025-12-26,Referral Program,gmail.com,35-44,Southwest
C002908,2025-07-24,Facebook Ads,gmail.com,35-44,Southeast
C002326,2025-06-06,Podcast,gmail.com,55-64,Northeast
C005273,2025-12-18,Facebook Ads,gmail.com,65+,Midwest
C007696,2026-05-18,organic_search,yahoo.com,65+,West
C006860,2026-03-29,paid_social,gmail.com,35-44,Southwest
C005121,2025-12-01,,gmail.com,55-64,Northeast
C005458,2026-01-24,Referral Program,gmail.com,35-44,West
C010633,2026-08-04,paid_social,gmail.com,35-44,West
C002062,2025-05-31,Facebook Ads,outlook.com,45-54,Midwest
C010722,2026-08-08,paid_social,gmail.com,35-44,Northeast
C003043,2025-08-16,Organic,gmail.com,25-34,West
C006893,2026-04-16,organic_search,gmail.com,45-54,Southeast
C009057,2026-06-03,paid_social,outlook.com,25-34,West
C003715,2025-09-27,,gmail.com,35-44,Midwest
C008614,2026-06-14,referral,gmail.com,35-44,West
C003098,2025-08-05,Referral Program,yahoo.com,25-34,Northeast
C006537,2026-03-31,paid_search,gmail.com,25-34,Southeast
C001869,2025-05-05,Referral Program,comcast.net,25-34,Northeast
C011100,2026-09-08,referral,gmail.com,45-54,Southeast
C009673,2026-07-01,paid_search,yahoo.com,35-44,Southeast
C010729,2026-08-15,paid_social,gmail.com,25-34,Midwest
C011010,2026-09-04,organic_search,yahoo.com,55-64,Midwest
C009221,2026-06-16,paid_social,outlook.com,55-64,Midwest
C007225,2026-04-29,paid_search,gmail.com,35-44,Midwest
C003568,2025-09-21,Referral Program,icloud.com,45-54,West
C001464,2025-04-12,Podcast,gmail.com,35-44,Midwest
C000252,2025-01-07,Google Ads,gmail.com,65+,Midwest
C010263,2026-08-26,organic_search,gmail.com,55-64,West
C007087,2026-04-18,podcast,icloud.com,45-54,West
C002975,2025-08-31,Organic,gmail.com,35-44,Northeast
C010949,2026-08-23,paid_social,icloud.com,25-34,West
C006632,2026-03-23,paid_social,gmail.com,25-34,Southeast
C006012,2026-02-09,podcast,hotmail.com,25-34,Northeast
C008741,2026-06-23,paid_search,icloud.com,35-44,Northeast
C009525,2026-07-03,podcast,gmail.com,45-54,Northeast
C009441,2026-07-07,referral,yahoo.com,45-54,Northeast
C004137,2025-10-30,Podcast,yahoo.com,25-34,Southeast
C008756,2026-06-29,paid_search,gmail.com,25-34,Midwest
C006219,2026-03-13,organic_search,outlook.com,55-64,Midwest
C004467,2025-11-30,Organic,outlook.com,35-44,Southwest
C009653,2026-07-08,paid_search,gmail.com,25-34,West
C006194,2026-02-16,paid_social,icloud.com,25-34,West
C006281,2026-03-19,organic_search,gmail.com,55-64,West
C000673,2025-02-04,Google Ads,icloud.com,35-44,Southwest
C003226,2025-08-03,Google Ads,hotmail.com,35-44,Southeast
C001003,2025-03-19,Referral Program,gmail.com,45-54,Northeast
C002297,2025-06-21,Podcast,icloud.com,65+,Northeast
C008618,2026-06-18,referral,gmail.com,55-64,Northeast
C004196,2025-10-13,Google Ads,outlook.com,45-54,West
C003974,2025-10-14,Organic,yahoo.com,65+,Midwest
C002823,2025-07-02,Google Ads,comcast.net,45-54,Southeast
C005574,2026-01-29,Google Ads,gmail.com,25-34,Southwest
C009766,2026-07-10,paid_social,gmail.com,55-64,Southwest
C002169,2025-06-27,Organic,yahoo.com,55-64,Southwest
C005630,2026-01-09,Google Ads,hotmail.com,55-64,Northeast
C006350,2026-03-19,referral,gmail.com,25-34,Midwest
C008042,2026-05-16,,gmail.com,25-34,Southeast
C009834,2026-07-22,paid_social,yahoo.com,45-54,West
C000924,2025-03-21,Organic,gmail.com,55-64,Southwest
C008008,2026-05-28,paid_social,icloud.com,55-64,West
C006765,2026-03-24,paid_social,gmail.com,45-54,Midwest
C004573,2025-11-27,Referral Program,gmail.com,25-34,West
C004613,2025-11-30,Podcast,gmail.com,35-44,Southwest
C001035,2025-03-11,Podcast,gmail.com,45-54,Midwest
C002157,2025-06-30,Organic,gmail.com,25-34,Northeast
C003955,2025-10-09,Organic,gmail.com,55-64,Southwest
C007747,2026-05-06,organic_search,gmail.com,35-44,West
C000563,2025-02-08,Referral Program,hotmail.com,45-54,Southeast
C003125,2025-08-13,Referral Program,yahoo.com,35-44,Southeast
C009450,2026-07-17,referral,gmail.com,35-44,Southeast
C008528,2026-06-18,organic_search,gmail.com,45-54,Southeast
C002658,2025-07-25,Referral Program,gmail.com,25-34,West
C006429,2026-03-02,podcast,yahoo.com,25-34,West
C002162,2025-06-14,Organic,gmail.com,45-54,Southeast
C000682,2025-02-21,Google Ads,gmail.com,35-44,Northeast
C003602,2025-09-15,Referral Program,comcast.net,45-54,West
C010728,2026-08-13,paid_social,gmail.com,35-44,Southeast
C003552,2025-09-13,Referral Program,comcast.net,55-64,Midwest
C003290,2025-08-23,Google Ads,yahoo.com,55-64,Southeast
C002136,2025-06-21,Organic,gmail.com,25-34,Midwest
C000377,2025-01-04,Facebook Ads,comcast.net,35-44,Midwest
C000905,2025-03-16,Organic,comcast.net,55-64,Midwest
C006263,2026-03-28,organic_search,yahoo.com,45-54,Midwest
C003140,2025-08-26,Referral Program,gmail.com,25-34,Midwest
C000757,2025-02-16,Facebook Ads,gmail.com,35-44,Northeast
C007616,2026-04-22,paid_social,hotmail.com,35-44,West
C010514,2026-08-01,paid_search,comcast.net,35-44,Northeast
C011078,2026-09-14,referral,gmail.com,45-54,West
C008440,2026-06-27,organic_search,gmail.com,55-64,West
C004067,2025-10-08,Referral Program,gmail.com,25-34,Northeast
C000258,2025-01-31,Google Ads,gmail.com,45-54,West
C002583,2025-07-29,Organic,icloud.com,65+,Northeast
C007303,2026-04-08,paid_social,gmail.com,25-34,Southwest
C004979,2025-12-18,Referral Program,gmail.com,35-44,West
C002181,2025-06-28,Organic,outlook.com,45-54,Midwest
C001912,2025-05-28,Podcast,comcast.net,35-44,Midwest
C009351,2026-07-31,organic_search,yahoo.com,65+,West
C009962,2026-07-28,paid_social,gmail.com,35-44,Southeast
C000070,2025-01-15,Organic,gmail.com,35-44,Southeast
C002131,2025-06-08,Organic,yahoo.com,35-44,Southeast
C005872,2026-02-25,organic_search,gmail.com,35-44,Midwest
C005285,2026-01-23,Organic,gmail.com,65+,Northeast
C000901,2025-03-20,Organic,gmail.com,55-64,West
C004203,2025-10-06,Google Ads,outlook.com,55-64,Midwest
C007181,2026-04-28,paid_search,yahoo.com,45-54,West
C007301,2026-04-14,paid_social,gmail.com,45-54,Southeast
C005603,2026-01-03,Google Ads,gmail.com,55-64,Midwest
C004300,2025-10-18,Facebook Ads,outlook.com,25-34,Northeast
C002700,2025-07-13,,outlook.com,45-54,Southwest
C011064,2026-09-13,organic_search,gmail.com,25-34,West
C004771,2025-11-30,Facebook Ads,gmail.com,25-34,Northeast
C001884,2025-05-06,Podcast,outlook.com,35-44,West
C004018,2025-10-05,Referral Program,gmail.com,25-34,Midwest
C002230,2025-06-04,Referral Program,outlook.com,55-64,West
C000851,2025-03-25,Organic,gmail.com,65+,Northeast
C006941,2026-04-29,organic_search,yahoo.com,35-44,Midwest
C005092,2025-12-08,Podcast,comcast.net,45-54,Northeast
C006066,2026-02-24,paid_search,gmail.com,25-34,Northeast
C007154,2026-04-04,paid_search,yahoo.com,55-64,West
C001984,2025-05-27,Google Ads,gmail.com,35-44,Midwest
C008702,2026-06-19,paid_search,icloud.com,35-44,Southwest
C010126,2026-08-22,organic_search,gmail.com,35-44,Southwest
C002371,2025-06-30,Google Ads,icloud.com,45-54,Northeast
C009116,2026-06-23,paid_social,outlook.com,55-64,Northeast
C003656,2025-09-27,Podcast,outlook.com,55-64,West
C010651,2026-08-15,paid_social,hotmail.com,35-44,Northeast
C003677,2025-09-29,Podcast,gmail.com,35-44,West
C005423,2026-01-19,Organic,gmail.com,25-34,Northeast
C009135,2026-06-13,paid_social,gmail.com,35-44,Southeast
C005314,2026-01-11,Organic,gmail.com,35-44,Midwest
C003035,2025-08-03,Organic,gmail.com,55-64,Northeast
C011419,2025-06-03,Organic,harbormoney.com,35-44,Midwest
C005486,2026-01-26,Referral Program,gmail.com,45-54,Southwest
C004105,2025-10-30,Podcast,hotmail.com,35-44,West
C001745,2025-05-03,Organic,gmail.com,25-34,West
C008353,2026-05-04,paid_social,icloud.com,35-44,Southeast
C005367,2026-01-21,Organic,gmail.com,45-54,Southwest
C005112,2025-12-09,Google Ads,gmail.com,35-44,Southeast
C001036,2025-03-13,Podcast,gmail.com,35-44,Midwest
C002881,2025-07-18,Facebook Ads,comcast.net,55-64,Southeast
C009915,2026-07-28,paid_social,gmail.com,25-34,West
C006312,2026-03-13,organic_search,icloud.com,25-34,West
C002549,2025-07-16,Organic,icloud.com,45-54,West
C001354,2025-04-15,Organic,gmail.com,35-44,Midwest
C011094,2026-09-06,referral,gmail.com,65+,Midwest
C009399,2026-07-06,organic_search,outlook.com,35-44,Northeast
C006977,2026-04-02,organic_search,yahoo.com,35-44,Midwest
C007160,2026-04-01,paid_search,gmail.com,35-44,Southeast
C006658,2026-03-16,,gmail.com,35-44,Southeast
C007912,2026-05-31,paid_search,comcast.net,25-34,West
C011171,2026-09-14,paid_search,gmail.com,45-54,Northeast
C010884,2026-08-17,paid_social,gmail.com,55-64,Southeast
C001227,2025-03-01,Facebook Ads,proton.me,25-34,West
C006569,2026-03-17,,gmail.com,45-54,Southeast
C007350,2026-04-01,paid_social,gmail.com,45-54,Northeast
C010343,2026-08-31,referral,gmail.com,35-44,Midwest
C009821,2026-07-14,paid_social,proton.me,25-34,Midwest
C008839,2026-06-26,paid_social,gmail.com,35-44,Midwest
C002444,2025-06-04,Facebook Ads,gmail.com,45-54,West
C001512,2025-04-21,Google Ads,gmail.com,45-54,Northeast
C000511,2025-02-20,Organic,icloud.com,35-44,Northeast
C004721,2025-11-05,Google Ads,gmail.com,35-44,Midwest
C009044,2026-06-01,paid_social,icloud.com,45-54,Northeast
C001897,2025-05-15,Podcast,yahoo.com,65+,West
C008364,2026-05-19,paid_social,gmail.com,55-64,West
C006049,2026-02-20,paid_search,gmail.com,45-54,Southwest
C002156,2025-06-17,Organic,hotmail.com,65+,West
C001945,2025-05-26,Google Ads,gmail.com,45-54,West
C008703,2026-06-05,paid_search,proton.me,25-34,West
C003693,2025-09-06,Google Ads,gmail.com,45-54,Northeast
C001989,2025-05-05,Google Ads,outlook.com,35-44,Southwest
C002952,2025-08-27,Organic,hotmail.com,45-54,Northeast
C005738,2026-01-11,Facebook Ads,yahoo.com,35-44,West
C002191,2025-06-10,Organic,gmail.com,45-54,Northeast
C004309,2025-10-15,Facebook Ads,proton.me,35-44,Midwest
C003145,2025-08-18,Referral Program,gmail.com,55-64,Northeast
C004228,2025-10-10,Google Ads,gmail.com,25-34,West
C003013,2025-08-14,Organic,gmail.com,45-54,Southwest
C006042,2026-02-01,paid_search,gmail.com,65+,Midwest
C000650,2025-02-20,Google Ads,yahoo.com,55-64,Southeast
C001108,2025-03-17,Google Ads,outlook.com,55-64,Midwest
C006335,2026-03-20,organic_search,gmail.com,35-44,Midwest
C002389,2025-06-24,Google Ads,gmail.com,25-34,Northeast
C004370,2025-11-19,Organic,gmail.com,35-44,West
C000004,2025-01-18,Organic,icloud.com,35-44,Northeast
C008431,2026-06-02,organic_search,yahoo.com,45-54,Northeast
C008625,2026-06-07,referral,gmail.com,65+,West
C010323,2026-08-02,referral,gmail.com,35-44,Southeast
C003802,2025-09-08,Facebook Ads,gmail.com,25-34,West
C003591,2025-09-17,Referral Program,gmail.com,35-44,Northeast
C005339,2026-01-21,Organic,gmail.com,35-44,Southwest
C004210,2025-10-15,Google Ads,gmail.com,45-54,Midwest
C001924,2025-05-16,Podcast,gmail.com,25-34,Northeast
C000299,2025-01-02,Google Ads,outlook.com,35-44,Southeast
C001117,2025-03-09,Google Ads,gmail.com,35-44,West
C011401,2026-09-11,organic_search,harbormoney.com,35-44,Northeast
C005594,2026-01-07,Google Ads,hotmail.com,65+,West
C011265,2026-09-11,paid_social,gmail.com,25-34,Midwest
C001037,2025-03-26,,yahoo.com,45-54,Midwest
C001102,2025-03-17,Google Ads,icloud.com,35-44,Northeast
C007592,2026-04-17,paid_social,gmail.com,55-64,Northeast
C007821,2026-05-27,referral,gmail.com,35-44,Northeast
C008991,2026-06-08,paid_social,gmail.com,25-34,Midwest
C002961,2025-08-21,Organic,gmail.com,25-34,Southeast
C005662,2026-01-02,Google Ads,gmail.com,45-54,Midwest
C009532,2026-07-08,podcast,proton.me,35-44,Southeast
C008966,2026-06-01,paid_social,outlook.com,45-54,Southeast
C001237,2025-03-16,Facebook Ads,gmail.com,35-44,Southwest
C009096,2026-06-18,paid_social,gmail.com,65+,Southwest
C003109,2025-08-28,Referral Program,gmail.com,45-54,Southeast
C000001,2025-01-09,Organic,gmail.com,25-34,Northeast
C008845,2026-06-03,paid_social,icloud.com,25-34,Midwest
C002503,2025-07-04,Organic,yahoo.com,25-34,West
C005557,2026-01-31,Podcast,hotmail.com,35-44,Southwest
C002523,2025-07-11,Organic,proton.me,25-34,Southeast
C004625,2025-11-06,Podcast,gmail.com,45-54,Southwest
C005702,2026-01-08,Facebook Ads,gmail.com,55-64,Midwest
C008175,2026-05-12,paid_social,outlook.com,25-34,West
C007943,2026-05-09,paid_search,icloud.com,35-44,Southeast
C003050,2025-08-10,Organic,gmail.com,35-44,Midwest
C008532,2026-06-07,,outlook.com,35-44,West
C003248,2025-08-21,Google Ads,icloud.com,45-54,Southeast
C001199,2025-03-10,Facebook Ads,gmail.com,45-54,Midwest
C005757,2026-02-09,organic_search,outlook.com,45-54,Northeast
C009131,2026-06-04,paid_social,gmail.com,35-44,Midwest
C010214,2026-08-07,organic_search,gmail.com,25-34,Southeast
C005713,2026-01-01,Facebook Ads,gmail.com,35-44,West
C004871,2025-12-05,Organic,gmail.com,35-44,Southwest
C000085,2025-01-18,Organic,gmail.com,55-64,Northeast
C005417,2026-01-09,Organic,icloud.com,45-54,Northeast
C005241,2025-12-27,Facebook Ads,icloud.com,45-54,Southwest
C007365,2026-04-20,paid_social,proton.me,55-64,Southeast
C001054,2025-03-08,Podcast,yahoo.com,35-44,Midwest
C006391,2026-03-29,referral,yahoo.com,55-64,Southeast
C010833,2026-08-11,paid_social,gmail.com,45-54,Northeast
C005793,2026-02-09,organic_search,yahoo.com,35-44,Northeast
C003337,2025-08-09,Facebook Ads,gmail.com,25-34,Southwest
C004524,2025-11-23,Referral Program,hotmail.com,25-34,Midwest
C007927,2026-05-25,paid_search,comcast.net,45-54,Northeast
C006888,2026-04-02,organic_search,yahoo.com,45-54,Midwest
C008539,2026-06-21,organic_search,gmail.com,35-44,West
C006236,2026-03-24,organic_search,gmail.com,35-44,Northeast
C002050,2025-05-30,Facebook Ads,outlook.com,45-54,West
C004692,2025-11-04,Google Ads,yahoo.com,35-44,Northeast
C007553,2026-04-19,paid_social,outlook.com,35-44,Southwest
C008656,2026-06-19,podcast,hotmail.com,35-44,Midwest
C010206,2026-08-08,organic_search,hotmail.com,45-54,West
C008600,2026-06-18,referral,gmail.com,35-44,West
C006582,2026-03-05,paid_search,hotmail.com,45-54,Southwest
C010969,2026-08-17,paid_social,gmail.com,25-34,Southeast
C001232,2025-03-11,Facebook Ads,gmail.com,35-44,Midwest
C002723,2025-07-01,Podcast,proton.me,45-54,Southeast
C008304,2026-05-20,paid_social,icloud.com,25-34,West
C006907,2026-04-27,organic_search,outlook.com,45-54,West
C003640,2025-09-30,Podcast,gmail.com,35-44,Northeast
C005598,2026-01-30,Google Ads,gmail.com,35-44,Northeast
C009314,2026-07-30,organic_search,outlook.com,35-44,Midwest
C002578,2025-07-12,Organic,gmail.com,35-44,Northeast
C003184,2025-08-22,Podcast,gmail.com,45-54,Midwest
C000165,2025-01-05,Referral Program,icloud.com,25-34,Southeast
C000257,2025-01-02,Google Ads,outlook.com,45-54,Midwest
C002058,2025-05-09,Facebook Ads,gmail.com,25-34,West
C005949,2026-02-01,referral,yahoo.com,35-44,West
C008933,2026-06-05,paid_social,icloud.com,35-44,West
C010139,2026-08-19,organic_search,gmail.com,35-44,West
C001495,2025-04-10,Podcast,outlook.com,35-44,Northeast
C005540,2026-01-06,Podcast,icloud.com,25-34,West
C010014,2026-07-02,paid_social,hotmail.com,45-54,West
C009274,2026-06-05,paid_social,gmail.com,45-54,Southwest
C006220,2026-03-19,organic_search,gmail.com,25-34,Southeast
C004859,2025-12-08,Organic,yahoo.com,65+,West
C002536,2025-07-24,Organic,icloud.com,55-64,Southeast
C002345,2025-06-20,Google Ads,icloud.com,45-54,Northeast
C010752,2026-08-03,paid_social,gmail.com,35-44,Northeast
C006785,2026-03-26,paid_social,gmail.com,65+,Midwest
C007769,2026-05-09,referral,gmail.com,55-64,Southeast
C004779,2025-11-15,Facebook Ads,gmail.com,65+,Northeast
C009881,2026-07-20,paid_social,comcast.net,45-54,Southeast
C003661,2025-09-04,Podcast,gmail.com,45-54,Southeast
C006820,2026-03-12,paid_social,gmail.com,25-34,Midwest
C008591,2026-06-19,referral,gmail.com,25-34,Southeast
C003535,2025-09-17,Referral Program,gmail.com,25-34,West
C004586,2025-11-01,Podcast,gmail.com,35-44,Midwest
C004660,2025-11-16,Google Ads,gmail.com,35-44,Midwest
C010190,2026-08-29,organic_search,gmail.com,45-54,West
C005987,2026-02-05,podcast,outlook.com,55-64,Southeast
C010045,2026-07-24,paid_social,yahoo.com,35-44,Midwest
C003455,2025-09-17,Organic,outlook.com,35-44,Southeast
C009143,2026-06-10,paid_social,gmail.com,65+,Midwest
C004476,2025-11-27,Organic,outlook.com,35-44,West
C005083,2025-12-08,Podcast,icloud.com,35-44,Northeast
C001805,2025-05-17,Organic,icloud.com,45-54,Northeast
C001352,2025-04-02,Organic,gmail.com,55-64,Southwest
C001587,2025-04-22,Google Ads,hotmail.com,45-54,West
C003571,2025-09-27,Referral Program,icloud.com,65+,Northeast
C005567,2026-01-06,Google Ads,icloud.com,35-44,Southwest
C006859,2026-03-22,paid_social,gmail.com,45-54,West
C005840,2026-02-27,organic_search,gmail.com,55-64,Midwest
C005332,2026-01-21,Organic,gmail.com,45-54,Northeast
C008771,2026-06-04,paid_search,icloud.com,45-54,Northeast
C005213,2025-12-01,Facebook Ads,yahoo.com,25-34,Southwest
C001034,2025-03-04,Podcast,hotmail.com,45-54,Northeast
C004048,2025-10-20,Referral Program,gmail.com,45-54,Southwest
C001763,2025-05-21,Organic,outlook.com,65+,West
C000834,2025-03-14,Organic,gmail.com,35-44,Southeast
C003325,2025-08-13,Facebook Ads,gmail.com,45-54,Southeast
C006676,2026-03-26,paid_social,yahoo.com,65+,Midwest
C010154,2026-08-24,organic_search,proton.me,45-54,Southwest
C007383,2026-04-03,paid_social,hotmail.com,25-34,Northeast
C004570,2025-11-21,Referral Program,yahoo.com,25-34,Southeast
C004614,2025-11-29,Podcast,gmail.com,35-44,Southwest
C010822,2026-08-18,paid_social,gmail.com,25-34,Southeast
C008518,2026-06-28,organic_search,gmail.com,45-54,Southwest
C006938,2026-04-17,organic_search,gmail.com,55-64,Northeast
C001206,2025-03-08,Facebook Ads,gmail.com,65+,Southeast
C001292,2025-04-14,Organic,outlook.com,25-34,Southwest
C001422,2025-04-02,Referral Program,gmail.com,65+,Southwest
C008551,2026-06-01,referral,hotmail.com,35-44,Midwest
C002730,2025-07-26,Podcast,gmail.com,35-44,Northeast
C006754,2026-03-02,paid_social,proton.me,45-54,Northeast
C001876,2025-05-15,Referral Program,outlook.com,35-44,Southwest
C002721,2025-07-19,Podcast,gmail.com,35-44,Midwest
C006063,2026-02-26,paid_search,gmail.com,35-44,Northeast
C004903,2025-12-13,Organic,proton.me,45-54,West
C006530,2026-03-23,paid_search,gmail.com,35-44,Southwest
C009257,2026-06-22,paid_social,icloud.com,45-54,Midwest
C007137,2026-04-13,podcast,gmail.com,35-44,Midwest
C004367,2025-11-08,Organic,gmail.com,55-64,Northeast
C010378,2026-08-12,podcast,icloud.com,35-44,Midwest
C001120,2025-03-27,Google Ads,yahoo.com,35-44,Northeast
C010617,2026-08-14,paid_social,outlook.com,25-34,Southwest
C001136,2025-03-19,Google Ads,yahoo.com,45-54,West
C008448,2026-06-20,organic_search,outlook.com,55-64,Midwest
C008725,2026-06-26,paid_search,proton.me,35-44,Southeast
C010033,2026-07-31,paid_social,gmail.com,25-34,Northeast
C011163,2026-09-10,paid_search,outlook.com,35-44,Northeast
C000681,2025-02-18,Google Ads,yahoo.com,55-64,West
C007024,2026-04-22,referral,gmail.com,35-44,Southwest
C004270,2025-10-04,Facebook Ads,icloud.com,55-64,West
C004483,2025-11-19,Organic,icloud.com,45-54,Midwest
C007467,2026-04-07,paid_social,icloud.com,55-64,Southwest
C009207,2026-06-08,paid_social,hotmail.com,55-64,West
C001316,2025-04-20,Organic,gmail.com,45-54,West
C009799,2026-07-31,paid_social,gmail.com,45-54,West
C005140,2025-12-23,Google Ads,gmail.com,35-44,Southeast
C010797,2026-08-05,paid_social,hotmail.com,45-54,Northeast
C000378,2025-01-26,Facebook Ads,hotmail.com,25-34,West
C003501,2025-09-26,Organic,gmail.com,35-44,Midwest
C000620,2025-02-23,Podcast,gmail.com,35-44,West
C006441,2026-03-23,podcast,gmail.com,55-64,Northeast
C006411,2026-03-25,referral,gmail.com,35-44,Midwest
C002718,2025-07-20,,gmail.com,35-44,Northeast
C005993,2026-02-14,podcast,icloud.com,35-44,West
C000675,2025-02-08,Google Ads,outlook.com,55-64,Northeast
C000707,2025-02-24,Google Ads,comcast.net,45-54,Northeast
C004086,2025-10-11,Referral Program,gmail.com,45-54,Northeast
C004385,2025-11-19,Organic,gmail.com,45-54,Northeast
C004292,2025-10-05,Facebook Ads,gmail.com,25-34,Midwest
C005877,2026-02-19,organic_search,gmail.com,25-34,Northeast
C002843,2025-07-17,Google Ads,gmail.com,25-34,Southeast
C008866,2026-06-07,paid_social,icloud.com,35-44,Southeast
C001545,2025-04-21,Google Ads,gmail.com,35-44,Midwest
C006489,2026-03-31,podcast,gmail.com,45-54,Northeast
C008676,2026-06-22,podcast,gmail.com,25-34,Southeast
C009927,2026-07-31,paid_social,gmail.com,45-54,Northeast
C010640,2026-08-17,paid_social,gmail.com,45-54,Southwest
C007965,2026-05-16,paid_search,gmail.com,35-44,West
C009029,2026-06-09,paid_social,comcast.net,25-34,West
C003820,2025-09-13,Facebook Ads,proton.me,45-54,Midwest
C000627,2025-02-04,Podcast,outlook.com,25-34,Northeast
C008561,2026-06-16,referral,gmail.com,25-34,Midwest
C008488,2026-06-25,organic_search,gmail.com,35-44,Midwest
C003063,2025-08-29,Organic,gmail.com,45-54,Southwest
C004313,2025-10-28,Facebook Ads,yahoo.com,55-64,Southeast
C003242,2025-08-07,Google Ads,gmail.com,55-64,West
C001753,2025-05-13,Organic,outlook.com,25-34,Northeast
C002072,2025-05-08,Facebook Ads,outlook.com,45-54,Northeast
C010303,2026-08-24,referral,gmail.com,25-34,Northeast
C005254,2025-12-30,Facebook Ads,gmail.com,35-44,West
C002217,2025-06-28,Referral Program,gmail.com,45-54,West
C007164,2026-04-07,paid_search,gmail.com,35-44,Southeast
C002125,2025-06-20,Organic,gmail.com,35-44,Midwest
C011441,2025-04-09,Organic,harbormoney.com,55-64,West
C009889,2026-07-04,paid_social,yahoo.com,25-34,Midwest
C008428,2026-06-07,organic_search,icloud.com,35-44,West
C001530,2025-04-24,Google Ads,gmail.com,35-44,Midwest
C010031,2026-07-01,paid_social,gmail.com,45-54,Midwest
C010118,2026-08-21,organic_search,gmail.com,45-54,West
C004277,2025-10-03,Facebook Ads,gmail.com,35-44,West
C009453,2026-07-06,referral,hotmail.com,35-44,West
C007860,2026-05-11,podcast,gmail.com,35-44,Northeast
C010962,2026-08-01,paid_social,gmail.com,25-34,West
C000664,2025-02-22,Google Ads,hotmail.com,35-44,Southeast
C010193,2026-08-19,organic_search,gmail.com,45-54,Southwest
C000490,2025-02-20,Organic,hotmail.com,45-54,West
C005648,2026-01-18,Google Ads,comcast.net,35-44,Midwest
C007705,2026-05-17,organic_search,gmail.com,55-64,Midwest
C010526,2026-08-18,paid_search,proton.me,45-54,West
C006618,2026-03-17,paid_social,gmail.com,55-64,Northeast
C004406,2025-11-24,Organic,gmail.com,35-44,Northeast
C009141,2026-06-21,paid_social,gmail.com,55-64,Northeast
C008774,2026-06-25,paid_search,gmail.com,35-44,Midwest
C002356,2025-06-25,Google Ads,gmail.com,25-34,Northeast
C010417,2026-08-07,podcast,gmail.com,65+,Southwest
C009833,2026-07-05,paid_social,gmail.com,35-44,Southwest
C002209,2025-06-12,Referral Program,outlook.com,45-54,Midwest
C008081,2026-05-23,paid_social,hotmail.com,45-54,Midwest
C000937,2025-03-03,Organic,hotmail.com,55-64,Southeast
C004393,2025-11-05,Organic,hotmail.com,55-64,Northeast
C004024,2025-10-10,Referral Program,gmail.com,35-44,Southeast
C001781,2025-05-11,Organic,gmail.com,45-54,Midwest
C009689,2026-07-13,paid_social,proton.me,35-44,Midwest
C004436,2025-11-23,Organic,gmail.com,55-64,Northeast
C011398,2026-04-28,organic_search,harbormoney.com,25-34,Southwest
C011182,2026-09-09,paid_search,gmail.com,45-54,Midwest
C006917,2026-04-22,organic_search,proton.me,25-34,Southwest
C004822,2025-12-20,Organic,gmail.com,25-34,Midwest
C002737,2025-07-19,Podcast,gmail.com,35-44,Southeast
C003547,2025-09-15,Referral Program,gmail.com,25-34,West
C006349,2026-03-05,referral,outlook.com,35-44,Southeast
C001302,2025-04-01,Organic,yahoo.com,35-44,Southeast
C010644,2026-08-07,paid_social,yahoo.com,25-34,Southwest
C003450,2025-09-30,Organic,gmail.com,25-34,Northeast
C000219,2025-01-28,Podcast,gmail.com,45-54,Northeast
C004098,2025-10-11,Referral Program,gmail.com,25-34,Southeast
C002706,2025-07-07,Referral Program,gmail.com,25-34,Southwest
C011404,2025-12-04,Organic,harbormoney.com,35-44,Northeast
C003574,2025-09-30,Referral Program,outlook.com,25-34,Southeast
C011418,2026-06-09,organic_search,harbormoney.com,45-54,Southwest
C005999,2026-02-18,podcast,gmail.com,35-44,Northeast
C005466,2026-01-12,Referral Program,gmail.com,35-44,Midwest
C003115,2025-08-28,Referral Program,yahoo.com,25-34,Northeast
C003269,2025-08-29,Google Ads,hotmail.com,25-34,Southeast
C000310,2025-01-24,Google Ads,gmail.com,35-44,Midwest
C000513,2025-02-08,Organic,gmail.com,35-44,Midwest
C009040,2026-06-21,paid_social,gmail.com,25-34,Northeast
C002955,2025-08-23,Organic,hotmail.com,55-64,West
C004407,2025-11-16,Organic,gmail.com,35-44,Midwest
C002880,2025-07-24,Facebook Ads,gmail.com,45-54,West
C001255,2025-03-24,Facebook Ads,yahoo.com,35-44,West
C008546,2026-06-04,referral,icloud.com,35-44,Midwest
C003244,2025-08-17,Google Ads,gmail.com,45-54,Southwest
C002836,2025-07-14,Google Ads,outlook.com,25-34,Southwest
C010609,2026-08-03,paid_social,yahoo.com,65+,West
C007433,2026-04-03,paid_social,outlook.com,35-44,West
C005911,2026-02-25,referral,gmail.com,45-54,Northeast
C009409,2026-07-05,organic_search,gmail.com,25-34,West
C007104,2026-04-12,podcast,yahoo.com,45-54,West
C005533,2026-01-04,Podcast,gmail.com,35-44,Northeast
C008142,2026-05-06,paid_social,comcast.net,35-44,Southeast
C004140,2025-10-05,Podcast,yahoo.com,45-54,Southeast
C000118,2025-01-21,Organic,yahoo.com,55-64,Northeast
C011181,2026-09-03,paid_search,gmail.com,35-44,Southeast
C009222,2026-06-20,paid_social,icloud.com,35-44,Southeast
C002359,2025-06-18,Google Ads,gmail.com,35-44,Northeast
C006138,2026-02-21,paid_social,yahoo.com,45-54,West
C010461,2026-08-11,paid_search,comcast.net,55-64,Northeast
C010531,2026-08-29,paid_search,gmail.com,45-54,Southwest
C009478,2026-07-24,referral,hotmail.com,45-54,Midwest
C008622,2026-06-07,referral,gmail.com,45-54,Northeast
C006914,2026-04-10,organic_search,gmail.com,35-44,West
C009486,2026-07-01,referral,gmail.com,45-54,Northeast
C010926,2026-08-06,paid_social,icloud.com,45-54,Southeast
C008819,2026-06-05,paid_social,gmail.com,65+,Northeast
C002198,2025-06-30,Organic,gmail.com,35-44,Northeast
C000017,2025-01-20,Organic,outlook.com,35-44,Southeast
C007517,2026-04-17,paid_social,hotmail.com,45-54,Southeast
C007780,2026-05-13,referral,gmail.com,35-44,Northeast
C000034,2025-01-03,Organic,gmail.com,35-44,West
C004839,2025-12-23,Organic,comcast.net,45-54,Southeast
C007783,2026-05-31,referral,proton.me,45-54,Southeast
C006671,2026-03-16,,hotmail.com,55-64,Northeast
C008005,2026-05-25,paid_social,yahoo.com,35-44,Midwest
C008758,2026-06-22,paid_search,yahoo.com,35-44,Northeast
C009632,2026-07-23,paid_search,gmail.com,25-34,Northeast
C004780,2025-11-07,Facebook Ads,outlook.com,35-44,Southwest
C004860,2025-12-17,Organic,gmail.com,35-44,West
C007925,2026-05-09,paid_search,gmail.com,35-44,Northeast
C006856,2026-03-04,paid_social,gmail.com,45-54,West
C000820,2025-02-10,Facebook Ads,hotmail.com,35-44,Southwest
C004608,2025-11-13,Podcast,yahoo.com,35-44,West
C010473,2026-08-17,paid_search,gmail.com,35-44,Midwest
C003892,2025-10-24,Organic,outlook.com,25-34,West
C005394,2026-01-19,Organic,gmail.com,35-44,Southeast
C005275,2025-12-07,Facebook Ads,yahoo.com,45-54,Southeast
C001803,2025-05-09,Organic,yahoo.com,45-54,Southwest
C007330,2026-04-30,paid_social,proton.me,35-44,Northeast
C010803,2026-08-19,paid_social,gmail.com,45-54,Midwest
C010307,2026-08-11,referral,gmail.com,25-34,West
C002447,2025-06-25,Facebook Ads,gmail.com,45-54,Northeast
C004968,2025-12-13,Referral Program,yahoo.com,25-34,West
C002188,2025-06-19,Organic,gmail.com,45-54,West
C007282,2026-04-09,paid_social,gmail.com,25-34,Midwest
C003158,2025-08-13,Referral Program,gmail.com,45-54,Midwest
C000864,2025-03-02,Organic,gmail.com,55-64,Midwest
C011148,2026-09-01,paid_search,gmail.com,45-54,Southeast
C008986,2026-06-12,paid_social,outlook.com,35-44,Southwest
C006763,2026-03-02,paid_social,comcast.net,45-54,Midwest
C007362,2026-04-13,paid_social,gmail.com,45-54,West
C003366,2025-08-13,Facebook Ads,gmail.com,35-44,West
C004469,2025-11-11,Organic,outlook.com,25-34,Northeast
C008540,2026-06-02,organic_search,gmail.com,25-34,Southwest
C005003,2025-12-30,Referral Program,hotmail.com,55-64,Midwest
C005709,2026-01-28,Facebook Ads,gmail.com,45-54,Northeast
C004335,2025-10-15,Facebook Ads,comcast.net,25-34,Northeast
C006621,2026-03-03,paid_social,outlook.com,45-54,Northeast
C002481,2025-06-28,Facebook Ads,icloud.com,35-44,Southeast
C010919,2026-08-13,paid_social,gmail.com,55-64,Northeast
C010534,2026-08-02,paid_search,gmail.com,65+,Southeast
C007947,2026-05-29,paid_search,gmail.com,35-44,Midwest
C000954,2025-03-11,Referral Program,yahoo.com,45-54,Southeast
C005749,2026-02-03,organic_search,yahoo.com,55-64,West
C010222,2026-08-06,organic_search,gmail.com,45-54,Northeast
C007897,2026-05-30,paid_search,yahoo.com,35-44,Southwest
C002380,2025-06-02,Google Ads,yahoo.com,45-54,Southwest
C005095,2025-12-12,Podcast,outlook.com,25-34,West
C007675,2026-05-15,organic_search,gmail.com,35-44,Northeast
C006050,2026-02-17,paid_search,yahoo.com,25-34,Southwest
C009025,2026-06-28,paid_social,yahoo.com,45-54,Midwest
C008176,2026-05-27,paid_social,gmail.com,25-34,Southwest
C005612,2026-01-17,Google Ads,outlook.com,45-54,West
C000419,2025-02-18,Organic,outlook.com,55-64,Southeast
C003557,2025-09-29,Referral Program,outlook.com,55-64,West
C007382,2026-04-17,paid_social,icloud.com,35-44,Northeast
C005650,2026-01-27,Google Ads,icloud.com,35-44,Southeast
C006942,2026-04-08,organic_search,gmail.com,55-64,Northeast
C005134,2025-12-13,Google Ads,yahoo.com,25-34,Midwest
C004354,2025-11-01,Organic,gmail.com,45-54,Northeast
C008261,2026-05-16,paid_social,outlook.com,35-44,Northeast
C006970,2026-04-27,organic_search,gmail.com,65+,Southeast
C000502,2025-02-03,Organic,outlook.com,45-54,Northeast
C004252,2025-10-04,Google Ads,gmail.com,35-44,Southwest
C005019,2025-12-18,Referral Program,gmail.com,65+,Southwest
C004495,2025-11-21,Organic,comcast.net,55-64,Southeast
C008704,2026-06-30,paid_search,yahoo.com,45-54,Southwest
C004649,2025-11-24,Google Ads,icloud.com,45-54,Midwest
C000830,2025-03-08,Organic,hotmail.com,55-64,Northeast
C003987,2025-10-07,Organic,yahoo.com,45-54,Northeast
C006330,2026-03-11,organic_search,hotmail.com,35-44,Midwest
C010530,2026-08-07,paid_search,gmail.com,45-54,Midwest
C001546,2025-04-15,Google Ads,gmail.com,65+,West
C008432,2026-06-18,organic_search,outlook.com,45-54,Northeast
C001096,2025-03-24,Google Ads,outlook.com,25-34,Southwest
C001312,2025-04-15,Organic,gmail.com,25-34,Northeast
C005878,2026-02-07,organic_search,icloud.com,25-34,West
C002698,2025-07-28,Referral Program,gmail.com,45-54,Northeast
C009158,2026-06-04,paid_social,yahoo.com,35-44,Northeast
C007009,2026-04-14,organic_search,gmail.com,35-44,Northeast
C009641,2026-07-23,paid_search,gmail.com,25-34,Northeast
C008228,2026-05-27,paid_social,yahoo.com,55-64,Southwest
C001147,2025-03-26,Google Ads,comcast.net,45-54,Southeast
C004045,2025-10-11,Referral Program,yahoo.com,35-44,Northeast
C007512,2026-04-15,paid_social,gmail.com,25-34,West
C009595,2026-07-11,paid_search,gmail.com,35-44,Northeast
C011322,2026-09-08,paid_social,gmail.com,35-44,West
C008848,2026-06-08,paid_social,gmail.com,45-54,Southwest
C009774,2026-07-13,paid_social,proton.me,35-44,West
C004109,2025-10-13,Podcast,proton.me,35-44,Northeast
C002343,2025-06-26,Google Ads,gmail.com,45-54,Northeast
C003341,2025-08-22,Facebook Ads,comcast.net,45-54,West
C006156,2026-02-28,paid_social,gmail.com,25-34,Midwest
C004584,2025-11-04,Podcast,gmail.com,55-64,Southwest
C007962,2026-05-19,paid_search,gmail.com,35-44,Northeast
C000632,2025-02-18,Podcast,icloud.com,45-54,Southeast
C007794,2026-05-31,referral,proton.me,35-44,West
C001890,2025-05-24,Podcast,yahoo.com,35-44,West
C007727,2026-05-06,organic_search,yahoo.com,45-54,West
C002672,2025-07-13,Referral Program,gmail.com,25-34,Midwest
C003326,2025-08-28,Facebook Ads,gmail.com,25-34,Midwest
C001385,2025-04-21,Organic,icloud.com,45-54,Midwest
C008349,2026-05-11,paid_social,gmail.com,35-44,Southeast
C008322,2026-05-16,paid_social,gmail.com,55-64,Northeast
C001412,2025-04-28,Referral Program,yahoo.com,25-34,Southwest
C003770,2025-09-25,Facebook Ads,gmail.com,45-54,West
C008593,2026-06-06,referral,icloud.com,45-54,Southeast
C008109,2026-05-20,paid_social,hotmail.com,35-44,Northeast
C004447,2025-11-24,Organic,yahoo.com,25-34,Northeast
C002622,2025-07-03,Organic,gmail.com,55-64,Midwest
C005210,2025-12-05,Facebook Ads,gmail.com,65+,Midwest
C008536,2026-06-30,organic_search,gmail.com,55-64,Northeast
C005624,2026-01-25,Google Ads,gmail.com,55-64,West
C009246,2026-06-16,paid_social,yahoo.com,35-44,Northeast
C009018,2026-06-19,paid_social,gmail.com,45-54,Northeast
C003362,2025-08-21,Facebook Ads,proton.me,45-54,Northeast
C009516,2026-07-31,referral,gmail.com,35-44,Northeast
C004254,2025-10-18,Google Ads,icloud.com,55-64,Midwest
C003765,2025-09-24,Google Ads,yahoo.com,45-54,Northeast
C006379,2026-03-24,referral,hotmail.com,55-64,West
C011347,2026-04-22,organic_search,harbormoney.com,25-34,Southeast
C004718,2025-11-07,Google Ads,gmail.com,55-64,Midwest
C008598,2026-06-10,referral,gmail.com,25-34,Northeast
C001369,2025-04-16,Organic,yahoo.com,65+,Northeast
C006262,2026-03-12,organic_search,gmail.com,35-44,Midwest
C006572,2026-03-12,paid_search,gmail.com,35-44,Midwest
C008291,2026-05-17,paid_social,outlook.com,35-44,Northeast
C006423,2026-03-06,podcast,gmail.com,35-44,Southeast
C000432,2025-02-17,Organic,gmail.com,45-54,Southwest
C000498,2025-02-19,Organic,gmail.com,35-44,West
C004639,2025-11-03,Google Ads,hotmail.com,25-34,Northeast
C005777,2026-02-16,organic_search,gmail.com,55-64,Southeast
C008748,2026-06-07,paid_search,outlook.com,25-34,Southwest
C002818,2025-07-04,Google Ads,gmail.com,45-54,Southeast
C010428,2026-08-23,podcast,outlook.com,55-64,Northeast
C003067,2025-08-12,Organic,gmail.com,35-44,Northeast
C007034,2026-04-10,referral,gmail.com,35-44,West
C004261,2025-10-15,Google Ads,icloud.com,45-54,Northeast
C007308,2026-04-22,paid_social,gmail.com,25-34,Midwest
C005679,2026-01-04,Facebook Ads,gmail.com,25-34,West
C008879,2026-06-18,paid_social,gmail.com,65+,Southeast
C003590,2025-09-14,Referral Program,yahoo.com,25-34,Midwest
C010747,2026-08-21,paid_social,gmail.com,55-64,Southeast
C006816,2026-03-21,paid_social,gmail.com,45-54,Midwest
C008800,2026-06-16,paid_search,gmail.com,35-44,Northeast
C010157,2026-08-17,organic_search,gmail.com,45-54,Southeast
C002957,2025-08-07,Organic,gmail.com,45-54,Southeast
C011137,2026-09-09,paid_search,gmail.com,55-64,Northeast
C011015,2026-09-12,organic_search,yahoo.com,25-34,Midwest
C004537,2025-11-29,Referral Program,gmail.com,55-64,Northeast
C001157,2025-03-25,Google Ads,gmail.com,45-54,Southeast
C003572,2025-09-03,Referral Program,outlook.com,35-44,Southeast
C002551,2025-07-01,Organic,gmail.com,35-44,Northeast
C003851,2025-09-03,,hotmail.com,45-54,Northeast
C011323,2026-09-01,paid_social,yahoo.com,65+,Southeast
C003285,2025-08-12,Google Ads,hotmail.com,55-64,West
C009308,2026-06-08,paid_social,yahoo.com,45-54,Northeast
C008307,2026-05-19,paid_social,gmail.com,35-44,Midwest
C010727,2026-08-26,paid_social,outlook.com,35-44,West
C003992,2025-10-02,Organic,gmail.com,55-64,Northeast
C010621,2026-08-17,paid_social,comcast.net,45-54,Southwest
C006834,2026-03-02,paid_social,gmail.com,65+,Northeast
C007750,2026-05-01,organic_search,gmail.com,35-44,Northeast
C010691,2026-08-10,paid_social,gmail.com,35-44,Southeast
C011210,2026-09-01,paid_social,outlook.com,55-64,Southeast
C010020,2026-07-07,paid_social,outlook.com,55-64,Southeast
C006714,2026-03-02,paid_social,icloud.com,35-44,Northeast
C000638,2025-02-11,Podcast,gmail.com,55-64,Northeast
C001081,2025-03-18,Google Ads,hotmail.com,35-44,Southeast
C000475,2025-02-22,Organic,gmail.com,25-34,Northeast
C010628,2026-08-03,paid_social,gmail.com,35-44,Midwest
C006224,2026-03-02,organic_search,outlook.com,25-34,West
C007528,2026-04-07,paid_social,gmail.com,45-54,Northeast
C010744,2026-08-16,paid_social,proton.me,35-44,Southwest
C001841,2025-05-08,Referral Program,gmail.com,25-34,West
C009241,2026-06-07,paid_social,gmail.com,25-34,West
C009194,2026-06-16,paid_social,gmail.com,45-54,Southeast
C003822,2025-09-01,Facebook Ads,outlook.com,55-64,Midwest
C007207,2026-04-10,paid_search,yahoo.com,45-54,Southeast
C011166,2026-09-13,,gmail.com,25-34,Northeast
C008091,2026-05-22,paid_social,gmail.com,35-44,Southeast
C009862,2026-07-14,paid_social,comcast.net,35-44,West
C010227,2026-08-30,,gmail.com,55-64,Southeast
C004887,2025-12-08,Organic,gmail.com,65+,Midwest
C003657,2025-09-05,Podcast,hotmail.com,45-54,Midwest
C003922,2025-10-11,Organic,icloud.com,35-44,West
C001723,2025-05-03,Organic,gmail.com,25-34,Northeast
C001393,2025-04-09,Referral Program,icloud.com,55-64,West
C007930,2026-05-17,paid_search,hotmail.com,35-44,West
C000778,2025-02-02,Facebook Ads,gmail.com,45-54,Midwest
C001999,2025-05-23,Google Ads,yahoo.com,35-44,West
C010384,2026-08-30,podcast,gmail.com,45-54,Southeast
C006331,2026-03-11,organic_search,yahoo.com,35-44,Northeast
C010272,2026-08-13,organic_search,yahoo.com,35-44,Southeast
C006946,2026-04-03,organic_search,comcast.net,25-34,Southwest
C008182,2026-05-04,paid_social,gmail.com,55-64,Northeast
C004013,2025-10-02,Referral Program,comcast.net,35-44,Southeast
C008757,2026-06-11,paid_search,comcast.net,35-44,Southwest
C010669,2026-08-12,paid_social,gmail.com,35-44,Northeast
C009034,2026-06-11,paid_social,gmail.com,35-44,Southeast
C008835,2026-06-17,paid_social,gmail.com,35-44,Northeast
C000817,2025-02-06,Facebook Ads,yahoo.com,25-34,West
C011066,2026-09-03,organic_search,icloud.com,35-44,Southeast
C000630,2025-02-09,Podcast,outlook.com,35-44,Southeast
C008858,2026-06-20,paid_social,comcast.net,45-54,Southeast
C007209,2026-04-30,paid_search,gmail.com,35-44,West
C002053,2025-05-23,Facebook Ads,gmail.com,35-44,Northeast
C009698,2026-07-30,paid_social,yahoo.com,25-34,Southwest
C001307,2025-04-11,Organic,gmail.com,35-44,West
C003514,2025-09-25,,gmail.com,55-64,Southwest
C001617,2025-04-20,Facebook Ads,icloud.com,35-44,Northeast
C000622,2025-02-19,Podcast,yahoo.com,35-44,Southwest
C007754,2026-05-30,organic_search,gmail.com,35-44,West
C001766,2025-05-21,Organic,gmail.com,25-34,Northeast
C002081,2025-05-23,Facebook Ads,comcast.net,25-34,Midwest
C003881,2025-10-30,Organic,gmail.com,35-44,Midwest
C003416,2025-09-23,Organic,yahoo.com,45-54,Midwest
C010805,2026-08-09,paid_social,hotmail.com,35-44,West
C010407,2026-08-03,podcast,yahoo.com,25-34,West
C004574,2025-11-02,Referral Program,outlook.com,35-44,Midwest
C001832,2025-05-14,Referral Program,yahoo.com,55-64,Southeast
C008248,2026-05-21,paid_social,hotmail.com,25-34,Midwest
C000370,2025-01-11,Facebook Ads,yahoo.com,65+,West
C004264,2025-10-27,Google Ads,gmail.com,35-44,Northeast
C011387,2025-12-08,Organic,harbormoney.com,55-64,West
C005633,2026-01-09,Google Ads,yahoo.com,55-64,Southeast
C006478,2026-03-17,podcast,gmail.com,25-34,Northeast
C006969,2026-04-13,organic_search,yahoo.com,55-64,West
C010741,2026-08-20,paid_social,hotmail.com,45-54,Southeast
C001998,2025-05-07,Google Ads,gmail.com,45-54,Southeast
C008798,2026-06-04,paid_search,proton.me,45-54,Northeast
C000231,2025-01-18,Podcast,proton.me,35-44,Southeast
C005502,2026-01-03,Referral Program,gmail.com,25-34,Midwest
C004064,2025-10-28,Referral Program,gmail.com,45-54,West
C003757,2025-09-08,Google Ads,yahoo.com,45-54,Southeast
C006994,2026-04-24,organic_search,gmail.com,55-64,West
C003106,2025-08-03,Referral Program,gmail.com,25-34,Northeast
C003751,2025-09-26,Google Ads,gmail.com,35-44,Northeast
C007526,2026-04-21,paid_social,gmail.com,55-64,Southeast
C008250,2026-05-23,paid_social,gmail.com,35-44,Midwest
C010158,2026-08-06,organic_search,yahoo.com,45-54,Southeast
C004042,2025-10-18,Referral Program,yahoo.com,55-64,Southeast
C000575,2025-02-17,Referral Program,gmail.com,45-54,Southwest
C006844,2026-03-01,paid_social,yahoo.com,65+,Midwest
C003906,2025-10-06,Organic,gmail.com,25-34,Southeast
C005520,2026-01-05,Podcast,yahoo.com,35-44,West
C001840,2025-05-16,Referral Program,gmail.com,35-44,Southwest
C003286,2025-08-09,Google Ads,gmail.com,35-44,Midwest
C010238,2026-08-15,organic_search,gmail.com,35-44,Southwest
C000983,2025-03-29,Referral Program,gmail.com,55-64,Southwest
C005401,2026-01-05,Organic,comcast.net,45-54,Southeast
C009130,2026-06-17,paid_social,gmail.com,45-54,Southeast
C008060,2026-05-02,paid_social,gmail.com,25-34,Northeast
C005730,2026-01-20,Facebook Ads,gmail.com,25-34,West
C002774,2025-07-17,Google Ads,gmail.com,35-44,Southeast
C008893,2026-06-10,paid_social,gmail.com,45-54,Midwest
C009050,2026-06-14,paid_social,icloud.com,45-54,Northeast
C000316,2025-01-29,Google Ads,comcast.net,45-54,Southeast
C000772,2025-02-24,Facebook Ads,gmail.com,25-34,Southwest
C005608,2026-01-16,Google Ads,comcast.net,45-54,Midwest
C003867,2025-10-10,Organic,outlook.com,25-34,Southwest
C009709,2026-07-15,paid_social,gmail.com,35-44,Northeast
C010308,2026-08-07,referral,yahoo.com,45-54,Northeast
C001208,2025-03-08,Facebook Ads,yahoo.com,35-44,Southeast
C000206,2025-01-08,Podcast,icloud.com,25-34,Northeast
C001757,2025-05-26,Organic,hotmail.com,35-44,Midwest
C005950,2026-02-15,referral,gmail.com,45-54,Northeast
C001756,2025-05-07,Organic,outlook.com,25-34,West
C003864,2025-10-19,Organic,comcast.net,45-54,Southwest
C006282,2026-03-28,organic_search,yahoo.com,65+,Northeast
C008282,2026-05-19,paid_social,gmail.com,35-44,West
C003577,2025-09-10,Referral Program,gmail.com,25-34,Northeast
C010592,2026-08-13,paid_social,gmail.com,35-44,Midwest
C009552,2026-07-13,podcast,gmail.com,45-54,Midwest
C010128,2026-08-05,organic_search,icloud.com,55-64,Northeast
C002726,2025-07-03,Podcast,proton.me,25-34,Northeast
C004503,2025-11-27,Referral Program,yahoo.com,65+,Southwest
C004560,2025-11-06,Referral Program,comcast.net,65+,West
C007096,2026-04-03,podcast,hotmail.com,55-64,Midwest
C006027,2026-02-15,paid_search,hotmail.com,55-64,Midwest
C003997,2025-10-04,Organic,gmail.com,45-54,West
C000550,2025-02-16,Referral Program,gmail.com,35-44,Northeast
C002678,2025-07-25,Referral Program,gmail.com,35-44,Southeast
C002273,2025-06-28,Podcast,gmail.com,35-44,Midwest
C007174,2026-04-27,paid_search,gmail.com,35-44,Northeast
C001324,2025-04-19,Organic,gmail.com,25-34,Northeast
C004171,2025-10-28,Google Ads,comcast.net,25-34,Southwest
C001970,2025-05-26,Google Ads,gmail.com,25-34,Midwest
C008804,2026-06-02,paid_search,gmail.com,35-44,Midwest
C004881,2025-12-23,Organic,outlook.com,35-44,Southwest
C003848,2025-09-19,Facebook Ads,comcast.net,55-64,West
C005790,2026-02-24,organic_search,yahoo.com,35-44,West
C009321,2026-07-16,organic_search,gmail.com,35-44,Southwest
C008271,2026-05-12,paid_social,gmail.com,35-44,Midwest
C006151,2026-02-14,paid_social,comcast.net,25-34,West
C005303,2026-01-25,Organic,gmail.com,35-44,Southwest
C005454,2026-01-22,Referral Program,gmail.com,45-54,Midwest
C011160,2026-09-02,paid_search,gmail.com,45-54,Northeast
C008624,2026-06-28,referral,comcast.net,45-54,Northeast
C010897,2026-08-18,paid_social,gmail.com,45-54,Southeast
C002122,2025-06-20,Organic,comcast.net,45-54,Northeast
C001633,2025-04-20,Facebook Ads,outlook.com,45-54,Northeast
C004093,2025-10-16,Referral Program,proton.me,25-34,Northeast
C002460,2025-06-03,Facebook Ads,gmail.com,55-64,Northeast
C002805,2025-07-22,Google Ads,gmail.com,25-34,Southeast
C001795,2025-05-11,Organic,yahoo.com,45-54,West
C010830,2026-08-18,paid_social,gmail.com,35-44,Southeast
C007772,2026-05-05,referral,gmail.com,35-44,Northeast
C007406,2026-04-13,paid_social,gmail.com,45-54,West
C005228,2025-12-09,Facebook Ads,hotmail.com,35-44,Midwest
C009411,2026-07-12,organic_search,gmail.com,65+,Northeast
C003238,2025-08-11,Google Ads,gmail.com,25-34,Northeast
C008054,2026-05-21,paid_social,gmail.com,45-54,Northeast
C007083,2026-04-17,referral,gmail.com,25-34,Northeast
C006044,2026-02-09,paid_search,gmail.com,25-34,Southwest
C010746,2026-08-08,paid_social,comcast.net,65+,Southeast
C001212,2025-03-07,Facebook Ads,comcast.net,45-54,Southeast
C002787,2025-07-28,Google Ads,gmail.com,25-34,Southeast
C007426,2026-04-28,paid_social,comcast.net,45-54,West
C008290,2026-05-24,paid_social,gmail.com,45-54,Southeast
C002403,2025-06-03,Google Ads,yahoo.com,45-54,Northeast
C010003,2026-07-13,paid_social,yahoo.com,25-34,West
C010616,2026-08-29,paid_social,gmail.com,25-34,Southeast
C006964,2026-04-30,organic_search,gmail.com,35-44,West
C008706,2026-06-02,paid_search,gmail.com,45-54,Southwest
C004038,2025-10-25,Referral Program,yahoo.com,45-54,Midwest
C006073,2026-02-28,paid_search,gmail.com,45-54,Northeast
C010187,2026-08-15,organic_search,hotmail.com,45-54,Northeast
C009732,2026-07-27,paid_social,icloud.com,45-54,Southeast
C006169,2026-02-06,paid_social,gmail.com,25-34,West
C003289,2025-08-13,Google Ads,yahoo.com,25-34,Southwest
C001128,2025-03-09,Google Ads,outlook.com,45-54,Southeast
C007584,2026-04-16,paid_social,gmail.com,35-44,West
C000169,2025-01-15,Referral Program,icloud.com,35-44,Northeast
C008727,2026-06-22,paid_search,comcast.net,35-44,Southwest
C005527,2026-01-15,Podcast,yahoo.com,35-44,Southwest
C009157,2026-06-28,paid_social,yahoo.com,25-34,Northeast
C010178,2026-08-17,organic_search,gmail.com,25-34,Southeast
C006877,2026-04-17,organic_search,gmail.com,25-34,Northeast
C004778,2025-11-05,Facebook Ads,gmail.com,65+,Northeast
C003260,2025-08-28,Google Ads,gmail.com,55-64,West
C005380,2026-01-30,Organic,icloud.com,45-54,Southwest
C002111,2025-06-24,Organic,icloud.com,45-54,Southwest
C001151,2025-03-04,Google Ads,gmail.com,35-44,Northeast
C009085,2026-06-06,paid_social,gmail.com,25-34,Northeast
C000102,2025-01-19,Organic,gmail.com,55-64,Southeast
C001439,2025-04-15,Referral Program,yahoo.com,35-44,Northeast
C003030,2025-08-01,Organic,gmail.com,35-44,Southeast
C001044,2025-03-26,Podcast,outlook.com,35-44,Midwest
C001610,2025-04-10,Facebook Ads,gmail.com,35-44,West
C009063,2026-06-02,paid_social,comcast.net,35-44,West
C001680,2025-05-30,Organic,yahoo.com,25-34,Northeast
C004663,2025-11-10,Google Ads,hotmail.com,35-44,Northeast
C010896,2026-08-09,paid_social,icloud.com,35-44,West
C007037,2026-04-11,referral,yahoo.com,25-34,West
C000430,2025-02-14,Organic,outlook.com,35-44,Northeast
C007490,2026-04-01,paid_social,hotmail.com,35-44,Southeast
C009177,2026-06-10,paid_social,gmail.com,45-54,Southeast
C011249,2026-09-06,paid_social,gmail.com,55-64,West
C002087,2025-05-17,Facebook Ads,hotmail.com,45-54,Southeast
C006096,2026-02-16,paid_search,gmail.com,45-54,Southeast
C010854,2026-08-26,paid_social,gmail.com,25-34,Northeast
C010859,2026-08-25,paid_social,yahoo.com,35-44,West
C003452,2025-09-19,Organic,gmail.com,25-34,Northeast
C004844,2025-12-08,Organic,gmail.com,25-34,West
C000686,2025-02-16,Google Ads,hotmail.com,35-44,West
C000208,2025-01-17,Podcast,yahoo.com,55-64,West
C010233,2026-08-10,organic_search,gmail.com,55-64,West
C009076,2026-06-13,paid_social,yahoo.com,35-44,West
C004972,2025-12-04,Referral Program,gmail.com,45-54,Midwest
C000387,2025-01-05,Facebook Ads,yahoo.com,45-54,Midwest
C006112,2026-02-28,paid_search,gmail.com,55-64,Northeast
C007403,2026-04-16,paid_social,comcast.net,45-54,Southwest
C000131,2025-01-26,Referral Program,gmail.com,45-54,Midwest
C004062,2025-10-24,Referral Program,hotmail.com,35-44,Southeast
C000016,2025-01-06,Organic,hotmail.com,35-44,Midwest
C006407,2026-03-12,referral,outlook.com,55-64,Midwest
C010336,2026-08-05,referral,gmail.com,35-44,Midwest
C005440,2026-01-16,Referral Program,outlook.com,35-44,Northeast
C007069,2026-04-12,referral,gmail.com,25-34,Northeast
C003034,2025-08-02,Organic,comcast.net,35-44,Northeast
C006496,2026-03-08,paid_search,outlook.com,65+,Northeast
C002613,2025-07-25,Organic,hotmail.com,55-64,West
C000668,2025-02-23,Google Ads,gmail.com,25-34,Southeast
C004438,2025-11-13,Organic,gmail.com,35-44,Southeast
C007165,2026-04-11,paid_search,yahoo.com,45-54,Northeast
C000256,2025-01-20,Google Ads,icloud.com,35-44,West
C004167,2025-10-10,Google Ads,comcast.net,65+,West
C001311,2025-04-20,Organic,icloud.com,25-34,Northeast
C004581,2025-11-08,Podcast,gmail.com,65+,Northeast
C005302,2026-01-04,Organic,gmail.com,45-54,West
C007799,2026-05-24,referral,gmail.com,55-64,Northeast
C004766,2025-11-20,Facebook Ads,gmail.com,35-44,Northeast
C001983,2025-05-26,Google Ads,gmail.com,45-54,Northeast
C009634,2026-07-15,paid_search,comcast.net,45-54,Southwest
C004598,2025-11-22,Podcast,gmail.com,45-54,Northeast
C004522,2025-11-19,Referral Program,gmail.com,35-44,Southwest
C000426,2025-02-07,Organic,gmail.com,45-54,Southeast
C004715,2025-11-04,Google Ads,yahoo.com,35-44,Northeast
C004075,2025-10-04,Referral Program,gmail.com,45-54,Midwest
C000945,2025-03-05,Referral Program,gmail.com,65+,Southeast
C009369,2026-07-05,organic_search,gmail.com,25-34,Southeast
C009555,2026-07-25,podcast,yahoo.com,55-64,West
C001323,2025-04-08,Organic,gmail.com,35-44,Northeast
C002532,2025-07-05,Organic,gmail.com,35-44,Midwest
C003445,2025-09-15,Organic,outlook.com,25-34,West
C002085,2025-05-02,Facebook Ads,gmail.com,25-34,Southeast
C006497,2026-03-13,paid_search,outlook.com,35-44,Midwest
C003702,2025-09-29,Google Ads,gmail.com,45-54,Northeast
C005954,2026-02-06,referral,comcast.net,35-44,West
C000484,2025-02-02,Organic,gmail.com,45-54,Northeast
C003118,2025-08-09,Referral Program,comcast.net,35-44,Northeast
C005207,2025-12-10,Facebook Ads,gmail.com,35-44,Northeast
C010313,2026-08-04,referral,gmail.com,45-54,Southwest
C002814,2025-07-04,Google Ads,gmail.com,45-54,Midwest
C010719,2026-08-31,paid_social,gmail.com,35-44,West
C009533,2026-07-20,podcast,gmail.com,55-64,Southeast
C005661,2026-01-09,Google Ads,yahoo.com,25-34,Northeast
C000389,2025-01-27,Facebook Ads,outlook.com,45-54,Northeast
C009061,2026-06-13,paid_social,gmail.com,35-44,Midwest
C010693,2026-08-18,paid_social,outlook.com,35-44,Southeast
C004551,2025-11-28,Referral Program,hotmail.com,45-54,West
C007023,2026-04-05,referral,proton.me,45-54,Midwest
C001711,2025-05-31,Organic,hotmail.com,65+,West
C006258,2026-03-26,organic_search,gmail.com,45-54,West
C003767,2025-09-03,Google Ads,gmail.com,25-34,Northeast
C003165,2025-08-29,Podcast,outlook.com,35-44,Northeast
C002959,2025-08-12,Organic,gmail.com,35-44,Northeast
C003384,2025-08-01,Facebook Ads,gmail.com,45-54,Northeast
C008887,2026-06-25,paid_social,icloud.com,25-34,West
C008227,2026-05-22,paid_social,gmail.com,35-44,Midwest
C000865,2025-03-06,Organic,gmail.com,55-64,Southeast
C002868,2025-07-19,Google Ads,gmail.com,55-64,Midwest
C006032,2026-02-11,paid_search,gmail.com,35-44,Northeast
C005545,2026-01-01,Podcast,gmail.com,45-54,West
C006927,2026-04-25,organic_search,gmail.com,55-64,Southeast
C006636,2026-03-31,paid_social,yahoo.com,45-54,West
C006451,2026-03-05,podcast,yahoo.com,35-44,West
C007661,2026-05-31,organic_search,gmail.com,45-54,West
C001198,2025-03-26,Facebook Ads,outlook.com,25-34,West
C003961,2025-10-12,Organic,outlook.com,45-54,West
C010251,2026-08-20,organic_search,yahoo.com,45-54,Southeast
C003829,2025-09-23,Facebook Ads,gmail.com,45-54,West
C006364,2026-03-13,referral,gmail.com,55-64,Midwest
C007659,2026-05-16,organic_search,gmail.com,25-34,Northeast
C000751,2025-02-09,Facebook Ads,gmail.com,45-54,Southeast
C007599,2026-04-09,paid_social,yahoo.com,35-44,Southeast
C010772,2026-08-17,paid_social,gmail.com,45-54,Southeast
C010289,2026-08-12,referral,gmail.com,25-34,Midwest
C010765,2026-08-13,paid_social,hotmail.com,35-44,Northeast
C006723,2026-03-10,paid_social,outlook.com,25-34,Southwest
C000761,2025-02-05,Facebook Ads,gmail.com,55-64,Northeast
C007460,2026-04-24,,gmail.com,35-44,Southeast
C010000,2026-07-27,paid_social,gmail.com,45-54,Northeast
C002202,2025-06-15,Referral Program,yahoo.com,35-44,West
C011353,2026-04-07,organic_search,harbormoney.com,55-64,Northeast
C005537,2026-01-28,Podcast,gmail.com,25-34,Northeast
C003001,2025-08-14,Organic,gmail.com,45-54,Midwest
C010175,2026-08-18,organic_search,outlook.com,35-44,West
C001548,2025-04-16,Google Ads,gmail.com,35-44,Northeast
C006268,2026-03-14,organic_search,yahoo.com,55-64,Southwest
C005605,2026-01-30,Google Ads,hotmail.com,25-34,West
C003338,2025-08-04,Facebook Ads,gmail.com,65+,Southwest
C002847,2025-07-15,Google Ads,gmail.com,35-44,Southwest
C007657,2026-05-31,organic_search,gmail.com,55-64,Southwest
C006292,2026-03-27,organic_search,proton.me,65+,Northeast
C005706,2026-01-25,Facebook Ads,gmail.com,35-44,Southeast
C001447,2025-04-14,Referral Program,icloud.com,25-34,West
C008451,2026-06-30,organic_search,gmail.com,45-54,Southeast
C003317,2025-08-13,Google Ads,yahoo.com,55-64,Southeast
C001942,2025-05-18,Google Ads,gmail.com,25-34,West
C007779,2026-05-04,referral,yahoo.com,45-54,Northeast
C000040,2025-01-20,Organic,gmail.com,25-34,Northeast
C003093,2025-08-23,Referral Program,gmail.com,25-34,Southwest
C004088,2025-10-05,Referral Program,hotmail.com,35-44,Northeast
C004626,2025-11-18,Podcast,proton.me,25-34,Midwest
C006719,2026-03-26,paid_social,yahoo.com,45-54,Southeast
C008084,2026-05-20,paid_social,outlook.com,45-54,Southwest
C000305,2025-01-31,Google Ads,comcast.net,55-64,Northeast
C009217,2026-06-15,paid_social,yahoo.com,45-54,Southeast
C003776,2025-09-10,Facebook Ads,comcast.net,45-54,Northeast
C001248,2025-03-16,Facebook Ads,gmail.com,35-44,Northeast
C006966,2026-04-15,organic_search,yahoo.com,25-34,West
C010054,2026-07-01,paid_social,gmail.com,55-64,Midwest
C004435,2025-11-05,Organic,icloud.com,35-44,Northeast
C006817,2026-03-14,paid_social,icloud.com,35-44,Northeast
C008207,2026-05-24,paid_social,icloud.com,35-44,Southwest
C004403,2025-11-17,Organic,gmail.com,45-54,Northeast
C003390,2025-08-09,Facebook Ads,icloud.com,35-44,Southwest
C001445,2025-04-11,Referral Program,hotmail.com,25-34,West
C006195,2026-02-02,paid_social,hotmail.com,35-44,West
C002566,2025-07-02,Organic,icloud.com,35-44,Southeast
C007968,2026-05-12,paid_search,gmail.com,55-64,West
C011310,2026-09-02,paid_social,gmail.com,35-44,Southwest
C007709,2026-05-21,organic_search,gmail.com,55-64,West
C005289,2026-01-27,Organic,gmail.com,35-44,Southeast
C002615,2025-07-21,Organic,outlook.com,55-64,Southwest
C004136,2025-10-19,Podcast,gmail.com,25-34,West
C008132,2026-05-12,paid_social,outlook.com,35-44,Northeast
C005602,2026-01-21,Google Ads,gmail.com,45-54,Northeast
C004337,2025-10-08,Facebook Ads,comcast.net,35-44,West
C006193,2026-02-11,paid_social,yahoo.com,45-54,Midwest
C001156,2025-03-08,Google Ads,gmail.com,45-54,Southeast
C004394,2025-11-06,Organic,gmail.com,35-44,West
C010123,2026-08-27,organic_search,gmail.com,35-44,Southeast
C006417,2026-03-03,podcast,gmail.com,35-44,West
C005551,2026-01-24,Podcast,gmail.com,25-34,Southeast
C010661,2026-08-25,paid_social,comcast.net,35-44,Northeast
C001389,2025-04-30,Referral Program,comcast.net,25-34,Southeast
C008094,2026-05-28,paid_social,gmail.com,35-44,Southeast
C006862,2026-04-26,organic_search,gmail.com,45-54,Southeast
C007016,2026-04-05,organic_search,gmail.com,55-64,Southeast
C002038,2025-05-06,Facebook Ads,gmail.com,45-54,West
C010910,2026-08-19,paid_social,hotmail.com,45-54,West
C009348,2026-07-20,organic_search,gmail.com,25-34,Southeast
C008334,2026-05-29,paid_social,gmail.com,35-44,Midwest
C001028,2025-03-23,Podcast,gmail.com,25-34,Southeast
C006608,2026-03-10,paid_social,outlook.com,25-34,Southeast
C006556,2026-03-07,paid_search,proton.me,25-34,West
C010818,2026-08-12,paid_social,comcast.net,55-64,West
C006075,2026-02-27,paid_search,yahoo.com,35-44,West
C011013,2026-09-10,organic_search,gmail.com,35-44,Northeast
C000779,2025-02-18,Facebook Ads,yahoo.com,35-44,Midwest
C008832,2026-06-02,paid_social,yahoo.com,25-34,Northeast
C001070,2025-03-15,Podcast,gmail.com,25-34,West
C010856,2026-08-22,paid_social,gmail.com,25-34,Southeast
C000152,2025-01-05,Referral Program,yahoo.com,25-34,Southeast
C007802,2026-05-13,referral,gmail.com,35-44,West
C008609,2026-06-20,referral,gmail.com,35-44,Southeast
C010148,2026-08-16,organic_search,gmail.com,45-54,Northeast
C011012,2026-09-12,organic_search,gmail.com,45-54,Southeast
C011356,2026-03-19,organic_search,harbormoney.com,45-54,Southeast
C007259,2026-04-27,paid_social,outlook.com,35-44,Midwest
C007500,2026-04-09,paid_social,gmail.com,55-64,Midwest
C000096,2025-01-11,Organic,gmail.com,55-64,West
C008516,2026-06-17,organic_search,icloud.com,45-54,Southwest
C008852,2026-06-20,paid_social,gmail.com,45-54,Northeast
C011298,2026-09-13,paid_social,outlook.com,55-64,West
C010735,2026-08-23,paid_social,proton.me,45-54,Midwest
C008444,2026-06-05,organic_search,gmail.com,55-64,West
C005731,2026-01-07,Facebook Ads,hotmail.com,25-34,Southwest
C005698,2026-01-16,Facebook Ads,hotmail.com,25-34,Southeast
C010265,2026-08-03,organic_search,gmail.com,35-44,Southeast
C001643,2025-04-04,Facebook Ads,gmail.com,45-54,Northeast
C010743,2026-08-06,paid_social,gmail.com,55-64,Southwest
C006247,2026-03-28,organic_search,yahoo.com,45-54,Northeast
C005029,2025-12-27,Referral Program,gmail.com,35-44,Midwest
C000801,2025-02-05,Facebook Ads,yahoo.com,45-54,Southwest
C009700,2026-07-30,paid_social,yahoo.com,35-44,West
C000968,2025-03-02,Referral Program,outlook.com,35-44,Northeast
C004095,2025-10-08,Referral Program,gmail.com,35-44,Northeast
C004996,2025-12-16,Referral Program,icloud.com,35-44,Southeast
C005448,2026-01-11,Referral Program,yahoo.com,35-44,West
C001122,2025-03-24,Google Ads,icloud.com,35-44,Southwest
C008190,2026-05-12,paid_social,hotmail.com,25-34,West
C001345,2025-04-04,Organic,gmail.com,45-54,Northeast
C003984,2025-10-08,Organic,icloud.com,45-54,Northeast
C007188,2026-04-05,paid_search,hotmail.com,25-34,West
C000539,2025-02-22,Referral Program,hotmail.com,45-54,Southeast
C010485,2026-08-29,paid_search,yahoo.com,25-34,Southeast
C001612,2025-04-30,Facebook Ads,yahoo.com,55-64,Southeast
C005188,2025-12-26,Google Ads,gmail.com,65+,West
C005689,2026-01-05,Facebook Ads,gmail.com,35-44,Southeast
C005864,2026-02-03,organic_search,proton.me,25-34,West
C002564,2025-07-21,Organic,icloud.com,25-34,Midwest
C003182,2025-08-06,Podcast,gmail.com,25-34,Northeast
C001336,2025-04-19,Organic,gmail.com,35-44,Southeast
C005919,2026-02-21,referral,gmail.com,45-54,Southeast
C008053,2026-05-13,paid_social,gmail.com,25-34,Northeast
C001630,2025-04-28,Facebook Ads,hotmail.com,35-44,West
C001620,2025-04-19,Facebook Ads,gmail.com,55-64,Southeast
C004463,2025-11-06,Organic,gmail.com,25-34,Northeast
C001652,2025-04-17,Facebook Ads,gmail.com,45-54,West
C005562,2026-01-06,Google Ads,icloud.com,45-54,West
C002307,2025-06-19,Podcast,gmail.com,55-64,West
C004380,2025-11-02,Organic,outlook.com,55-64,Northeast
C006749,2026-03-28,paid_social,gmail.com,55-64,Northeast
C009339,2026-07-20,organic_search,gmail.com,55-64,Southeast
C010161,2026-08-18,organic_search,outlook.com,25-34,Southeast
C005805,2026-02-23,organic_search,gmail.com,45-54,Southwest
C000524,2025-02-23,Organic,gmail.com,55-64,Northeast
C005898,2026-02-22,referral,proton.me,35-44,Southeast
C000049,2025-01-03,Organic,gmail.com,45-54,West
C003509,2025-09-26,Organic,gmail.com,45-54,West
C005895,2026-02-10,referral,hotmail.com,25-34,West
C003415,2025-09-11,Organic,gmail.com,45-54,Southeast
C006495,2026-03-11,paid_search,gmail.com,25-34,Northeast
C004288,2025-10-29,Facebook Ads,gmail.com,45-54,Southeast
C009972,2026-07-23,paid_social,yahoo.com,35-44,Midwest
C003154,2025-08-15,Referral Program,yahoo.com,65+,West
C003407,2025-09-14,Organic,gmail.com,45-54,West
C001492,2025-04-09,Podcast,yahoo.com,65+,Southwest
C008916,2026-06-30,paid_social,hotmail.com,55-64,West
C011415,2025-12-15,Organic,harbormoney.com,35-44,Midwest
C000469,2025-02-14,Organic,gmail.com,35-44,West
C011199,2026-09-14,paid_social,gmail.com,35-44,West
C010550,2026-08-15,paid_search,icloud.com,35-44,Northeast
C005090,2025-12-21,Podcast,yahoo.com,35-44,Southwest
C007941,2026-05-06,paid_search,yahoo.com,25-34,Northeast
C001919,2025-05-10,Podcast,gmail.com,55-64,Southwest
C002797,2025-07-18,Google Ads,gmail.com,45-54,Southwest
C000758,2025-02-04,Facebook Ads,yahoo.com,35-44,Southeast
C007908,2026-05-07,paid_search,gmail.com,55-64,Northeast
C006555,2026-03-30,paid_search,gmail.com,45-54,West
C006925,2026-04-09,organic_search,hotmail.com,35-44,West
C011410,2025-08-02,Organic,harbormoney.com,35-44,Southwest
C001241,2025-03-22,Facebook Ads,gmail.com,35-44,West
C007265,2026-04-13,paid_social,gmail.com,45-54,Northeast
C001010,2025-03-07,Referral Program,gmail.com,25-34,Southeast
C011005,2026-08-11,paid_social,gmail.com,35-44,Southeast
C005034,2025-12-11,Referral Program,gmail.com,55-64,Southeast
C003348,2025-08-15,Facebook Ads,gmail.com,65+,West
C010036,2026-07-04,paid_social,outlook.com,65+,Northeast
C005984,2026-02-01,podcast,comcast.net,45-54,Southeast
C002992,2025-08-06,Organic,icloud.com,35-44,Midwest
C000677,2025-02-07,Google Ads,yahoo.com,25-34,Northeast
C004993,2025-12-15,Referral Program,gmail.com,55-64,West
C005036,2025-12-26,Referral Program,comcast.net,65+,Southeast
C009719,2026-07-31,paid_social,proton.me,45-54,Southeast
C000935,2025-03-13,Organic,yahoo.com,25-34,West
C008987,2026-06-02,paid_social,hotmail.com,45-54,West
C004815,2025-12-03,Organic,comcast.net,35-44,Southwest
C007958,2026-05-05,paid_search,yahoo.com,35-44,West
C002386,2025-06-03,Google Ads,hotmail.com,35-44,West
C004605,2025-11-12,Podcast,outlook.com,45-54,Northeast
C009659,2026-07-04,paid_search,gmail.com,35-44,West
C000462,2025-02-21,Organic,gmail.com,25-34,Midwest
C005647,2026-01-07,Google Ads,proton.me,35-44,Southeast
C010804,2026-08-31,paid_social,outlook.com,55-64,West
C004218,2025-10-04,Google Ads,gmail.com,25-34,Northeast
C001823,2025-05-13,Referral Program,proton.me,45-54,Southeast
C001049,2025-03-07,Podcast,gmail.com,35-44,West
C010197,2026-08-27,organic_search,comcast.net,65+,Midwest
C000700,2025-02-16,Google Ads,yahoo.com,55-64,Southeast
C006161,2026-02-24,paid_social,hotmail.com,35-44,West
C003674,2025-09-29,Podcast,gmail.com,45-54,Northeast
C005066,2025-12-11,Podcast,gmail.com,45-54,Midwest
C004388,2025-11-06,Organic,outlook.com,35-44,Northeast
C006852,2026-03-10,paid_social,gmail.com,35-44,Northeast
C010791,2026-08-13,paid_social,gmail.com,35-44,Southwest
C005191,2025-12-22,Google Ads,gmail.com,35-44,Midwest
C001759,2025-05-13,Organic,yahoo.com,35-44,Midwest
C004717,2025-11-25,Google Ads,proton.me,55-64,Northeast
C001073,2025-03-30,Podcast,gmail.com,35-44,Northeast
C006758,2026-03-12,paid_social,proton.me,65+,Northeast
C008299,2026-05-23,paid_social,gmail.com,25-34,West
C008948,2026-06-19,paid_social,gmail.com,55-64,Southeast
C002567,2025-07-13,Organic,yahoo.com,25-34,Southeast
C005242,2025-12-01,Facebook Ads,hotmail.com,55-64,Southeast
C009768,2026-07-30,paid_social,yahoo.com,35-44,Midwest
C007722,2026-05-20,organic_search,outlook.com,35-44,West
C000190,2025-01-30,Podcast,gmail.com,25-34,Northeast
C000895,2025-03-26,Organic,gmail.com,25-34,Midwest
C002057,2025-05-22,Facebook Ads,proton.me,45-54,West
C000408,2025-02-19,Organic,outlook.com,25-34,Southeast
C005026,2025-12-21,Referral Program,yahoo.com,45-54,West
C004193,2025-10-19,Google Ads,gmail.com,45-54,Midwest
C001837,2025-05-31,Referral Program,proton.me,25-34,West
C002462,2025-06-06,Facebook Ads,outlook.com,35-44,Northeast
C009936,2026-07-12,paid_social,gmail.com,35-44,Southeast
C010171,2026-08-16,organic_search,gmail.com,35-44,Southeast
C003427,2025-09-21,Organic,comcast.net,45-54,West
C002899,2025-07-28,Facebook Ads,yahoo.com,45-54,Southwest
C007575,2026-04-13,paid_social,gmail.com,65+,West
C006076,2026-02-06,paid_search,gmail.com,65+,Midwest
C005980,2026-02-05,podcast,gmail.com,35-44,West
C005135,2025-12-25,Google Ads,comcast.net,45-54,Northeast
C009285,2026-06-07,paid_social,gmail.com,35-44,Northeast
C002256,2025-06-24,Referral Program,outlook.com,65+,West
C004970,2025-12-10,Referral Program,outlook.com,25-34,Southwest
C010666,2026-08-07,paid_social,gmail.com,45-54,West
C005655,2026-01-22,Google Ads,yahoo.com,25-34,Midwest
C007567,2026-04-26,paid_social,gmail.com,45-54,Southeast
C000812,2025-02-03,Facebook Ads,gmail.com,35-44,Southwest
C001154,2025-03-02,Google Ads,yahoo.com,45-54,Northeast
C003923,2025-10-27,Organic,gmail.com,45-54,Midwest
C008533,2026-06-28,organic_search,outlook.com,35-44,Northeast
C004033,2025-10-01,Referral Program,gmail.com,35-44,Southeast
C001673,2025-04-29,Facebook Ads,gmail.com,35-44,Northeast
C001167,2025-03-25,Google Ads,gmail.com,35-44,Southeast
C010119,2026-08-13,organic_search,gmail.com,45-54,West
C011264,2026-09-10,paid_social,yahoo.com,35-44,Northeast
C001498,2025-04-08,,gmail.com,45-54,Northeast
C003799,2025-09-25,Facebook Ads,icloud.com,55-64,Southeast
C003750,2025-09-18,Google Ads,gmail.com,45-54,Southeast
C011268,2026-09-08,paid_social,gmail.com,55-64,Northeast
C009123,2026-06-30,paid_social,yahoo.com,35-44,Southeast
C001170,2025-03-27,Facebook Ads,outlook.com,45-54,West
C011083,2026-09-12,referral,gmail.com,35-44,Southeast
C007198,2026-04-26,paid_search,gmail.com,55-64,Midwest
C003058,2025-08-24,Organic,gmail.com,45-54,Northeast
C006784,2026-03-13,paid_social,icloud.com,25-34,West
C008427,2026-06-11,organic_search,icloud.com,25-34,Southeast
C008686,2026-06-08,podcast,gmail.com,35-44,Southeast
C008057,2026-05-09,paid_social,gmail.com,45-54,Southeast
C010700,2026-08-29,paid_social,comcast.net,55-64,Southeast
C000616,2025-02-06,Podcast,outlook.com,35-44,Southeast
C003453,2025-09-10,Organic,icloud.com,25-34,Northeast
C003670,2025-09-28,Podcast,gmail.com,55-64,Southeast
C002364,2025-06-25,Google Ads,gmail.com,65+,Southwest
C002433,2025-06-01,Facebook Ads,gmail.com,45-54,Southwest
C007990,2026-05-13,paid_social,gmail.com,25-34,Southeast
C007535,2026-04-09,paid_social,gmail.com,35-44,Southeast
C000457,2025-02-02,Organic,gmail.com,35-44,Northeast
C006580,2026-03-13,paid_search,icloud.com,35-44,Midwest
C000162,2025-01-07,Referral Program,gmail.com,35-44,Southwest
C000998,2025-03-14,Referral Program,gmail.com,25-34,Midwest
C002733,2025-07-24,Podcast,proton.me,35-44,Southeast
C008255,2026-05-03,paid_social,yahoo.com,35-44,Northeast
C008323,2026-05-27,paid_social,gmail.com,55-64,Northeast
C006085,2026-02-27,paid_search,gmail.com,55-64,Southeast
C009107,2026-06-24,paid_social,icloud.com,35-44,Northeast
C003957,2025-10-26,Organic,icloud.com,55-64,Midwest
C010799,2026-08-03,paid_social,gmail.com,35-44,Southwest
C004056,2025-10-08,Referral Program,gmail.com,55-64,West
C005699,2026-01-22,Facebook Ads,yahoo.com,55-64,Southwest
C002429,2025-06-23,Facebook Ads,comcast.net,35-44,West
C010831,2026-08-03,paid_social,gmail.com,45-54,Northeast
C010786,2026-08-01,paid_social,gmail.com,35-44,Southeast
C002519,2025-07-03,Organic,comcast.net,25-34,Southwest
C007829,2026-05-07,referral,comcast.net,65+,Midwest
C006639,2026-03-01,paid_social,gmail.com,65+,Midwest
C009091,2026-06-22,paid_social,gmail.com,25-34,West
C000891,2025-03-25,Organic,icloud.com,25-34,West
C008511,2026-06-07,organic_search,outlook.com,55-64,Southwest
C011009,2026-09-07,organic_search,yahoo.com,45-54,Northeast
C003678,2025-09-07,Podcast,gmail.com,35-44,Midwest
C010092,2026-07-27,paid_social,outlook.com,35-44,Midwest
C003335,2025-08-01,Facebook Ads,proton.me,45-54,Southeast
C001619,2025-04-12,Facebook Ads,icloud.com,25-34,Southeast
C005996,2026-02-19,podcast,gmail.com,65+,Northeast
C004781,2025-11-26,Facebook Ads,gmail.com,35-44,Southeast
C002396,2025-06-17,Google Ads,gmail.com,25-34,West
C004266,2025-10-08,Facebook Ads,comcast.net,45-54,Southwest
C003791,2025-09-17,Facebook Ads,yahoo.com,25-34,Southeast
C005409,2026-01-25,Organic,yahoo.com,35-44,Northeast
C007800,2026-05-17,referral,gmail.com,45-54,Northeast
C002330,2025-06-18,Google Ads,gmail.com,35-44,West
C010437,2026-08-28,paid_search,yahoo.com,45-54,Midwest
C007970,2026-05-08,paid_search,icloud.com,25-34,Midwest
C003866,2025-10-05,Organic,gmail.com,35-44,Southwest
C000728,2025-02-14,,gmail.com,25-34,West
C004334,2025-10-28,Facebook Ads,gmail.com,25-34,Northeast
C010350,2026-08-25,referral,yahoo.com,35-44,West
C002152,2025-06-20,Organic,gmail.com,35-44,Southwest
C004536,2025-11-03,Referral Program,gmail.com,35-44,Midwest
C003832,2025-09-01,Facebook Ads,yahoo.com,35-44,Northeast
C006279,2026-03-05,organic_search,gmail.com,35-44,Midwest
C002990,2025-08-12,Organic,gmail.com,35-44,Midwest
C007103,2026-04-04,podcast,hotmail.com,35-44,Southeast
C004667,2025-11-01,Google Ads,gmail.com,35-44,Northeast
C004328,2025-10-20,Facebook Ads,gmail.com,45-54,Southeast
C006053,2026-02-13,paid_search,comcast.net,35-44,Southeast
C011037,2026-09-06,organic_search,gmail.com,65+,Southeast
C002172,2025-06-04,Organic,outlook.com,35-44,Southeast
C005615,2026-01-13,Google Ads,gmail.com,45-54,Northeast
C006741,2026-03-04,paid_social,gmail.com,35-44,Southeast
C007226,2026-04-09,paid_search,proton.me,25-34,Southeast
C005803,2026-02-24,organic_search,gmail.com,25-34,Northeast
C006094,2026-02-15,paid_search,gmail.com,35-44,West
C008275,2026-05-24,paid_social,gmail.com,25-34,Midwest
C000594,2025-02-19,,yahoo.com,35-44,West
C000296,2025-01-12,Google Ads,gmail.com,45-54,West
C009129,2026-06-08,paid_social,gmail.com,45-54,West
C010977,2026-08-16,paid_social,gmail.com,35-44,Northeast
C008575,2026-06-10,referral,gmail.com,55-64,Midwest
C005202,2025-12-04,Google Ads,outlook.com,35-44,Southeast
C000403,2025-02-26,Organic,proton.me,45-54,Midwest
C009449,2026-07-08,referral,outlook.com,55-64,Midwest
C003361,2025-08-02,Facebook Ads,outlook.com,35-44,Southeast
C003313,2025-08-21,Google Ads,yahoo.com,45-54,Southwest
C004722,2025-11-05,Google Ads,gmail.com,25-34,Southeast
C008654,2026-06-19,podcast,gmail.com,25-34,Southwest
C001453,2025-04-22,Podcast,gmail.com,45-54,Southeast
C004078,2025-10-08,Referral Program,outlook.com,25-34,Southwest
C003979,2025-10-25,Organic,hotmail.com,25-34,West
C001590,2025-04-10,Google Ads,gmail.com,45-54,West
C010309,2026-08-21,referral,gmail.com,55-64,Northeast
C008522,2026-06-21,organic_search,gmail.com,55-64,Southwest
C006319,2026-03-25,organic_search,gmail.com,35-44,Southeast
C001664,2025-04-14,Facebook Ads,gmail.com,25-34,Southwest
C002650,2025-07-02,Referral Program,gmail.com,45-54,Southeast
C001562,2025-04-11,Google Ads,gmail.com,55-64,West
C000218,2025-01-12,Podcast,gmail.com,55-64,West
C004817,2025-12-23,Organic,outlook.com,45-54,West
C009429,2026-07-08,organic_search,hotmail.com,25-34,West
C008677,2026-06-12,podcast,gmail.com,35-44,Northeast
C002570,2025-07-16,Organic,gmail.com,25-34,Midwest
C009501,2026-07-28,referral,gmail.com,45-54,Southeast
C011316,2026-09-08,paid_social,gmail.com,25-34,Southeast
C000714,2025-02-25,Google Ads,gmail.com,45-54,Southeast
C003123,2025-08-08,Referral Program,gmail.com,45-54,Northeast
C001171,2025-03-03,Facebook Ads,gmail.com,45-54,Midwest
C002109,2025-06-29,Organic,icloud.com,55-64,Southwest
C004583,2025-11-02,Podcast,gmail.com,55-64,West
C011069,2026-09-11,referral,gmail.com,35-44,West
C001521,2025-04-30,Google Ads,gmail.com,45-54,Southwest
C003593,2025-09-19,Referral Program,gmail.com,35-44,West
C000809,2025-02-06,Facebook Ads,gmail.com,25-34,Southwest
C007976,2026-05-07,paid_search,yahoo.com,25-34,Southwest
C009512,2026-07-28,referral,yahoo.com,35-44,Northeast
C003456,2025-09-04,Organic,icloud.com,35-44,Southwest
C010462,2026-08-28,paid_search,icloud.com,35-44,West
C007481,2026-04-17,paid_social,gmail.com,25-34,Northeast
C002100,2025-05-19,Facebook Ads,gmail.com,55-64,Midwest
C003737,2025-09-04,Google Ads,yahoo.com,35-44,Southeast
C005307,2026-01-01,Organic,yahoo.com,25-34,Southeast
C003709,2025-09-09,Google Ads,gmail.com,35-44,Northeast
C000729,2025-02-22,Google Ads,gmail.com,45-54,Southeast
C004623,2025-11-06,Podcast,gmail.com,55-64,Southwest
C010945,2026-08-22,paid_social,yahoo.com,35-44,Northeast
C006760,2026-03-24,paid_social,hotmail.com,45-54,Southwest
C001858,2025-05-14,Referral Program,comcast.net,25-34,Southeast
C008683,2026-06-02,podcast,gmail.com,45-54,Midwest
C010665,2026-08-18,paid_social,hotmail.com,45-54,Northeast
C001463,2025-04-10,Podcast,gmail.com,25-34,West
C006986,2026-04-24,organic_search,yahoo.com,45-54,Northeast
C003523,2025-09-06,,yahoo.com,25-34,West
C007577,2026-04-11,paid_social,gmail.com,65+,West
C010282,2026-08-29,referral,gmail.com,25-34,West
C006162,2026-02-12,paid_social,yahoo.com,55-64,Southwest
C011333,2026-09-12,paid_social,gmail.com,35-44,Northeast
C000136,2025-01-01,Referral Program,gmail.com,55-64,Northeast
C002211,2025-06-21,Referral Program,outlook.com,25-34,Southeast
C010389,2026-08-09,podcast,yahoo.com,35-44,Northeast
C000023,2025-01-29,Organic,outlook.com,45-54,Southwest
C008811,2026-06-02,paid_social,comcast.net,45-54,Southeast
C008066,2026-05-29,paid_social,gmail.com,35-44,West
C003487,2025-09-26,Organic,icloud.com,55-64,Northeast
C009526,2026-07-04,,gmail.com,35-44,Southeast
C005645,2026-01-19,Google Ads,outlook.com,35-44,Midwest
C007540,2026-04-10,paid_social,gmail.com,35-44,Northeast
C007929,2026-05-09,paid_search,icloud.com,35-44,West
C000705,2025-02-04,Google Ads,comcast.net,45-54,West
C007079,2026-04-29,referral,gmail.com,25-34,Northeast
C009190,2026-06-22,paid_social,yahoo.com,25-34,Midwest
C010445,2026-08-21,paid_search,gmail.com,25-34,Southeast
C002001,2025-05-21,Google Ads,yahoo.com,35-44,Northeast
C009943,2026-07-10,paid_social,icloud.com,45-54,Midwest
C008904,2026-06-22,paid_social,gmail.com,45-54,Southeast
C003642,2025-09-28,Podcast,outlook.com,25-34,Northeast
C000189,2025-01-25,Podcast,outlook.com,55-64,Southwest
C010328,2026-08-21,referral,yahoo.com,25-34,Northeast
C010779,2026-08-04,paid_social,gmail.com,45-54,Southwest
C001529,2025-04-06,Google Ads,yahoo.com,25-34,West
C006522,2026-03-14,paid_search,gmail.com,45-54,Northeast
C005167,2025-12-07,Google Ads,gmail.com,55-64,Southeast
C010306,2026-08-27,referral,gmail.com,55-64,Midwest
C009981,2026-07-19,paid_social,gmail.com,55-64,Northeast
C009209,2026-06-02,paid_social,icloud.com,35-44,West
C006166,2026-02-03,paid_social,gmail.com,45-54,West
C005510,2026-01-14,Podcast,gmail.com,35-44,West
C006936,2026-04-01,organic_search,outlook.com,25-34,Northeast
C000075,2025-01-17,Organic,comcast.net,45-54,Southeast
C010062,2026-07-11,paid_social,gmail.com,25-34,Midwest
C009012,2026-06-11,paid_social,gmail.com,25-34,Southeast
C011260,2026-09-01,paid_social,gmail.com,25-34,Northeast
C000866,2025-03-06,Organic,comcast.net,55-64,Midwest
C001963,2025-05-24,Google Ads,gmail.com,45-54,West
C003142,2025-08-28,Referral Program,outlook.com,35-44,Northeast
C004351,2025-11-01,Organic,outlook.com,25-34,Northeast
C006519,2026-03-20,paid_search,comcast.net,35-44,Midwest
C000482,2025-02-24,Organic,gmail.com,35-44,Midwest
C003227,2025-08-30,Google Ads,gmail.com,35-44,Midwest
C005874,2026-02-04,organic_search,gmail.com,35-44,Southwest
C006802,2026-03-24,paid_social,gmail.com,65+,Northeast
C000089,2025-01-02,Organic,gmail.com,25-34,Northeast
C003458,2025-09-30,Organic,comcast.net,65+,Midwest
C001646,2025-04-03,Facebook Ads,yahoo.com,45-54,West
C010240,2026-08-31,organic_search,hotmail.com,55-64,Southwest
C007363,2026-04-10,paid_social,yahoo.com,25-34,Northeast
C004142,2025-10-15,Podcast,icloud.com,55-64,Midwest
C005310,2026-01-16,Organic,gmail.com,45-54,Midwest
C005022,2025-12-18,Referral Program,icloud.com,35-44,Southeast
C011400,2025-07-13,Organic,harbormoney.com,25-34,Southeast
C009051,2026-06-21,paid_social,icloud.com,55-64,Northeast
C005485,2026-01-28,Referral Program,hotmail.com,35-44,Southeast
C001456,2025-04-24,Podcast,icloud.com,55-64,Northeast
C011039,2026-09-13,organic_search,gmail.com,25-34,West
C002743,2025-07-08,Podcast,hotmail.com,45-54,Midwest
C009608,2026-07-26,paid_search,gmail.com,45-54,Southwest
C006200,2026-02-22,paid_social,outlook.com,25-34,Southeast
C007516,2026-04-27,paid_social,yahoo.com,25-34,West
C006145,2026-02-02,paid_social,gmail.com,45-54,West
C010637,2026-08-24,paid_social,gmail.com,25-34,Southeast
C006093,2026-02-14,paid_search,yahoo.com,55-64,Northeast
C000082,2025-01-03,Organic,outlook.com,55-64,Southeast
C000877,2025-03-15,Organic,comcast.net,45-54,Southeast
C002052,2025-05-05,Facebook Ads,gmail.com,65+,Southeast
C003854,2025-09-20,Facebook Ads,gmail.com,25-34,Southeast
C002261,2025-06-10,Referral Program,yahoo.com,45-54,Southeast
C010958,2026-08-21,paid_social,yahoo.com,25-34,Northeast
C005014,2025-12-03,Referral Program,yahoo.com,45-54,Midwest
C003990,2025-10-23,Organic,gmail.com,25-34,Northeast
C005799,2026-02-12,organic_search,outlook.com,35-44,West
C003719,2025-09-17,Google Ads,proton.me,35-44,West
C002822,2025-07-13,Google Ads,proton.me,35-44,Southwest
C000802,2025-02-01,Facebook Ads,icloud.com,45-54,Southwest
C004006,2025-10-26,Organic,gmail.com,45-54,Southeast
C006932,2026-04-14,organic_search,gmail.com,45-54,Northeast
C007681,2026-05-25,organic_search,gmail.com,35-44,Southeast
C005853,2026-02-28,organic_search,outlook.com,35-44,Midwest
C000329,2025-01-20,Google Ads,gmail.com,35-44,Southeast
C005299,2026-01-31,Organic,hotmail.com,45-54,Northeast
C008666,2026-06-03,podcast,hotmail.com,65+,West
C006337,2026-03-21,referral,yahoo.com,45-54,West
C010402,2026-08-31,podcast,hotmail.com,25-34,West
C005715,2026-01-06,Facebook Ads,yahoo.com,55-64,Southeast
C003985,2025-10-16,Organic,proton.me,45-54,Southwest
C008126,2026-05-06,paid_social,gmail.com,35-44,Southeast
C000962,2025-03-02,Referral Program,yahoo.com,35-44,Southeast
C009716,2026-07-15,paid_social,comcast.net,55-64,Southwest
C009495,2026-07-14,referral,gmail.com,35-44,West
C003728,2025-09-04,Google Ads,icloud.com,55-64,Midwest
C007097,2026-04-04,podcast,yahoo.com,25-34,West
C008174,2026-05-26,paid_social,gmail.com,45-54,West
C007012,2026-04-05,organic_search,yahoo.com,35-44,Northeast
C005942,2026-02-11,referral,gmail.com,45-54,West
C003493,2025-09-15,Organic,icloud.com,35-44,Northeast
C001326,2025-04-12,Organic,gmail.com,45-54,Northeast
C005107,2025-12-11,Google Ads,gmail.com,65+,West
C008168,2026-05-25,paid_social,hotmail.com,45-54,Midwest
C002397,2025-06-06,Google Ads,outlook.com,25-34,Northeast
C000177,2025-01-17,Referral Program,gmail.com,25-34,Southeast
C009995,2026-07-20,paid_social,gmail.com,45-54,Northeast
C000588,2025-02-05,Referral Program,icloud.com,45-54,Midwest
C008979,2026-06-04,,comcast.net,45-54,Southwest
C007193,2026-04-16,paid_search,yahoo.com,45-54,Southeast
C008943,2026-06-19,paid_social,comcast.net,35-44,Southwest
C007995,2026-05-17,paid_social,comcast.net,45-54,Northeast
C004830,2025-12-01,Organic,gmail.com,35-44,Northeast
C002103,2025-06-25,Organic,outlook.com,35-44,West
C002982,2025-08-31,Organic,hotmail.com,45-54,Southwest
C001383,2025-04-12,Organic,outlook.com,45-54,Southwest
C008955,2026-06-06,paid_social,outlook.com,45-54,Northeast
C000225,2025-01-05,Podcast,proton.me,55-64,Midwest
C006845,2026-03-09,paid_social,gmail.com,35-44,West
C009079,2026-06-02,paid_social,gmail.com,25-34,Midwest
C010085,2026-07-19,paid_social,outlook.com,25-34,West
C004719,2025-11-21,Google Ads,gmail.com,55-64,West
C000888,2025-03-10,Organic,gmail.com,55-64,West
C001922,2025-05-06,Podcast,yahoo.com,35-44,Southwest
C002829,2025-07-24,Google Ads,gmail.com,45-54,Northeast
C001528,2025-04-14,Google Ads,outlook.com,35-44,Midwest
C000693,2025-02-07,Google Ads,gmail.com,45-54,West
C006739,2026-03-11,paid_social,icloud.com,65+,Southeast
C009199,2026-06-18,paid_social,gmail.com,45-54,Southeast
C001889,2025-05-09,Podcast,outlook.com,45-54,Midwest
C003629,2025-09-27,Podcast,outlook.com,35-44,Southwest
C005814,2026-02-06,organic_search,comcast.net,35-44,Northeast
C002179,2025-06-19,Organic,icloud.com,25-34,West
C010143,2026-08-13,organic_search,icloud.com,35-44,Midwest
C003972,2025-10-17,Organic,outlook.com,55-64,West
C003980,2025-10-17,Organic,gmail.com,35-44,Northeast
C010538,2026-08-18,paid_search,gmail.com,45-54,Northeast
C005755,2026-02-27,organic_search,gmail.com,45-54,Southeast
C000756,2025-02-12,Facebook Ads,yahoo.com,35-44,Midwest
C001597,2025-04-01,Google Ads,outlook.com,55-64,Northeast
C006922,2026-04-01,organic_search,gmail.com,25-34,West
C008642,2026-06-03,podcast,gmail.com,35-44,West
C000191,2025-01-13,Podcast,gmail.com,35-44,West
C009966,2026-07-22,paid_social,gmail.com,25-34,Northeast
C007342,2026-04-16,paid_social,hotmail.com,25-34,Northeast
C003397,2025-08-26,Facebook Ads,comcast.net,55-64,Southeast
C005783,2026-02-27,organic_search,gmail.com,35-44,Midwest
C009980,2026-07-28,paid_social,gmail.com,25-34,West
C006047,2026-02-10,paid_search,gmail.com,45-54,Northeast
C004442,2025-11-28,Organic,gmail.com,35-44,Northeast
C002640,2025-07-29,Referral Program,comcast.net,35-44,Midwest
C010711,2026-08-18,paid_social,yahoo.com,35-44,Northeast
C007881,2026-05-17,podcast,gmail.com,25-34,Midwest
C008596,2026-06-25,referral,icloud.com,35-44,Midwest
C003120,2025-08-27,Referral Program,gmail.com,45-54,Southeast
C007305,2026-04-28,paid_social,gmail.com,35-44,West
C010610,2026-08-19,paid_social,yahoo.com,65+,West
C008883,2026-06-14,paid_social,proton.me,45-54,West
C010278,2026-08-30,referral,gmail.com,25-34,Southeast
C010276,2026-08-31,referral,gmail.com,35-44,Northeast
C002736,2025-07-19,Podcast,gmail.com,35-44,West
C010999,2026-08-06,paid_social,gmail.com,25-34,Midwest
C000346,2025-01-23,Facebook Ads,gmail.com,35-44,Midwest
C000814,2025-02-04,Facebook Ads,hotmail.com,45-54,Southeast
C008105,2026-05-06,paid_social,comcast.net,45-54,Midwest
C002919,2025-07-22,Facebook Ads,yahoo.com,25-34,Southeast
C002300,2025-06-20,Podcast,gmail.com,45-54,Midwest
C006415,2026-03-19,podcast,gmail.com,35-44,Northeast
C006346,2026-03-11,,hotmail.com,35-44,West
C005774,2026-02-18,organic_search,comcast.net,55-64,Southeast
C003688,2025-09-28,Google Ads,outlook.com,35-44,Southwest
C010790,2026-08-03,paid_social,gmail.com,35-44,Midwest
C009954,2026-07-07,paid_social,icloud.com,25-34,Southwest
C011394,2025-12-01,Organic,harbormoney.com,45-54,West
C007378,2026-04-07,paid_social,gmail.com,35-44,Northeast
C002073,2025-05-27,Facebook Ads,comcast.net,35-44,West
C007757,2026-05-13,organic_search,gmail.com,55-64,Southeast
C008574,2026-06-20,referral,gmail.com,65+,West
C007379,2026-04-17,paid_social,hotmail.com,35-44,West
C004878,2025-12-25,,hotmail.com,35-44,West
C004369,2025-11-20,Organic,outlook.com,45-54,Southwest
C002562,2025-07-04,Organic,gmail.com,55-64,Southeast
C001981,2025-05-15,Google Ads,hotmail.com,25-34,Midwest
C005278,2025-12-20,Facebook Ads,gmail.com,35-44,West
C004661,2025-11-02,Google Ads,gmail.com,45-54,Southeast
C006014,2026-02-23,podcast,gmail.com,45-54,Midwest
C009900,2026-07-21,paid_social,yahoo.com,55-64,West
C001835,2025-05-13,Referral Program,gmail.com,45-54,Southwest
C001435,2025-04-28,Referral Program,icloud.com,45-54,Southwest
C005499,2026-01-02,Referral Program,yahoo.com,25-34,Southeast
C008996,2026-06-27,paid_social,comcast.net,35-44,Northeast
C007682,2026-05-12,organic_search,gmail.com,35-44,West
C000172,2025-01-20,Referral Program,icloud.com,45-54,Midwest
C008903,2026-06-28,paid_social,gmail.com,35-44,Midwest
C005017,2025-12-18,Referral Program,gmail.com,35-44,West
C003298,2025-08-22,Google Ads,yahoo.com,35-44,Southwest
C003438,2025-09-07,Organic,yahoo.com,45-54,Northeast
C005836,2026-02-16,organic_search,gmail.com,65+,Southwest
C009903,2026-07-31,paid_social,outlook.com,45-54,West
C003940,2025-10-10,Organic,gmail.com,45-54,West
C000840,2025-03-06,Organic,yahoo.com,45-54,Northeast
C009918,2026-07-21,paid_social,outlook.com,25-34,Southeast
C010100,2026-07-20,paid_social,icloud.com,35-44,Midwest
C002126,2025-06-08,Organic,proton.me,35-44,West
C002288,2025-06-30,Podcast,gmail.com,25-34,Midwest
C011041,2026-09-10,organic_search,gmail.com,25-34,West
C010174,2026-08-17,organic_search,gmail.com,35-44,Midwest
C000235,2025-01-11,Podcast,outlook.com,35-44,Southeast
C009191,2026-06-11,paid_social,comcast.net,35-44,Southeast
C003871,2025-10-28,Organic,gmail.com,55-64,Midwest
C002035,2025-05-28,Facebook Ads,gmail.com,45-54,Midwest
C003847,2025-09-05,Facebook Ads,gmail.com,25-34,Northeast
C010688,2026-08-15,paid_social,outlook.com,45-54,West
C002630,2025-07-23,Organic,gmail.com,35-44,Midwest
C003365,2025-08-07,Facebook Ads,gmail.com,45-54,Southeast
C000750,2025-02-09,Facebook Ads,gmail.com,35-44,West
C000155,2025-01-28,Referral Program,yahoo.com,45-54,Southeast
C008117,2026-05-08,paid_social,gmail.com,55-64,Southwest
C001121,2025-03-11,Google Ads,icloud.com,35-44,Midwest
C003635,2025-09-11,Podcast,gmail.com,35-44,Southeast
C009678,2026-07-25,paid_search,yahoo.com,65+,Midwest
C005692,2026-01-14,Facebook Ads,gmail.com,25-34,West
C006679,2026-03-14,paid_social,gmail.com,45-54,Northeast
C005965,2026-02-05,podcast,yahoo.com,25-34,West
C005772,2026-02-26,organic_search,outlook.com,55-64,Southeast
C007906,2026-05-29,,hotmail.com,55-64,Southeast
C007771,2026-05-04,referral,icloud.com,35-44,Northeast
C009377,2026-07-07,organic_search,hotmail.com,35-44,Northeast
C001980,2025-05-24,Google Ads,comcast.net,55-64,Midwest
C005614,2026-01-01,Google Ads,gmail.com,35-44,Northeast
C006782,2026-03-30,paid_social,hotmail.com,45-54,Southeast
C006534,2026-03-05,paid_search,hotmail.com,65+,West
C000203,2025-01-05,Podcast,gmail.com,35-44,West
C000099,2025-01-06,Organic,gmail.com,35-44,Midwest
C011344,2025-07-22,Organic,harbormoney.com,35-44,West
C009212,2026-06-02,paid_social,gmail.com,45-54,Southeast
C010213,2026-08-07,organic_search,gmail.com,45-54,Southwest
C000893,2025-03-02,Organic,gmail.com,25-34,Northeast
C000597,2025-02-22,Podcast,gmail.com,25-34,Midwest
C000161,2025-01-20,Referral Program,yahoo.com,35-44,Northeast
C010441,2026-08-28,paid_search,gmail.com,25-34,Northeast
C008519,2026-06-15,organic_search,hotmail.com,45-54,Southwest
C006737,2026-03-15,paid_social,icloud.com,25-34,Southeast
C002146,2025-06-05,Organic,outlook.com,45-54,Midwest
C009206,2026-06-11,paid_social,gmail.com,35-44,Northeast
C007697,2026-05-24,organic_search,gmail.com,55-64,Southwest
C005087,2025-12-05,Podcast,gmail.com,55-64,Midwest
C002731,2025-07-25,Podcast,comcast.net,35-44,Midwest
C005680,2026-01-26,Facebook Ads,gmail.com,45-54,West
C001596,2025-04-14,Google Ads,gmail.com,45-54,West
C007110,2026-04-25,podcast,gmail.com,45-54,Southwest
C004009,2025-10-30,Organic,comcast.net,45-54,Northeast
C000435,2025-02-04,Organic,gmail.com,35-44,Northeast
C008055,2026-05-31,paid_social,gmail.com,45-54,Midwest
C003302,2025-08-01,Google Ads,yahoo.com,35-44,Midwest
C004170,2025-10-30,Google Ads,gmail.com,55-64,Midwest
C010114,2026-08-27,organic_search,icloud.com,45-54,West
C005197,2025-12-31,Google Ads,yahoo.com,35-44,Southeast
C002235,2025-06-16,Referral Program,gmail.com,65+,Southwest
C001460,2025-04-09,Podcast,gmail.com,25-34,West
C010706,2026-08-29,paid_social,gmail.com,55-64,Midwest
C008462,2026-06-04,organic_search,yahoo.com,35-44,Southeast
C009929,2026-07-08,paid_social,gmail.com,35-44,West
C006891,2026-04-06,organic_search,comcast.net,45-54,Northeast
C011218,2026-09-01,paid_social,gmail.com,35-44,West
C004540,2025-11-16,Referral Program,yahoo.com,25-34,Midwest
C011339,2026-09-08,paid_social,comcast.net,65+,Midwest
C002860,2025-07-11,Google Ads,hotmail.com,35-44,Midwest
C010678,2026-08-30,paid_social,gmail.com,35-44,Northeast
C006097,2026-02-12,paid_search,yahoo.com,35-44,Southeast
C004376,2025-11-02,Organic,gmail.com,35-44,West
C009001,2026-06-23,paid_social,gmail.com,55-64,Southwest
C004846,2025-12-11,Organic,outlook.com,35-44,Southwest
C003870,2025-10-03,Organic,hotmail.com,45-54,Midwest
C004390,2025-11-22,Organic,icloud.com,25-34,Southwest
C004513,2025-11-26,Referral Program,outlook.com,45-54,Southwest
C003953,2025-10-15,Organic,gmail.com,25-34,Northeast
C008623,2026-06-09,referral,yahoo.com,25-34,West
C003042,2025-08-28,Organic,yahoo.com,55-64,Midwest
C002734,2025-07-12,Podcast,gmail.com,45-54,Southwest
C006305,2026-03-11,organic_search,gmail.com,35-44,Northeast
C003380,2025-08-26,Facebook Ads,gmail.com,55-64,Southeast
C007734,2026-05-18,organic_search,gmail.com,55-64,West
C005507,2026-01-09,Referral Program,icloud.com,25-34,Southeast
C010365,2026-08-17,podcast,gmail.com,25-34,Midwest
C011141,2026-09-03,paid_search,gmail.com,35-44,Midwest
C005748,2026-02-27,organic_search,gmail.com,25-34,West
C008945,2026-06-02,paid_social,gmail.com,45-54,Southeast
C007738,2026-05-06,organic_search,comcast.net,25-34,Northeast
C000433,2025-02-06,Organic,comcast.net,35-44,West
C007063,2026-04-16,referral,proton.me,45-54,Midwest
C005806,2026-02-09,organic_search,comcast.net,45-54,Northeast
C008720,2026-06-28,,outlook.com,25-34,Southeast
C011426,2025-08-06,Organic,harbormoney.com,55-64,Northeast
C005286,2026-01-20,Organic,icloud.com,35-44,Southwest
C000537,2025-02-22,Referral Program,gmail.com,45-54,Southeast
C003905,2025-10-31,Organic,gmail.com,25-34,Northeast
C007319,2026-04-23,paid_social,gmail.com,25-34,Northeast
C009871,2026-07-06,paid_social,icloud.com,65+,Southwest
C007416,2026-04-05,paid_social,gmail.com,35-44,Southeast
C004242,2025-10-19,Google Ads,outlook.com,55-64,Northeast
C003539,2025-09-05,Referral Program,gmail.com,35-44,Midwest
C006433,2026-03-04,podcast,yahoo.com,25-34,Midwest
C001123,2025-03-24,Google Ads,gmail.com,25-34,Northeast
C008389,2026-05-11,paid_social,comcast.net,65+,Northeast
C000239,2025-01-30,Podcast,gmail.com,35-44,Northeast
C000327,2025-01-11,Google Ads,outlook.com,35-44,Southwest
C007172,2026-04-20,paid_search,hotmail.com,35-44,West
C009176,2026-06-26,paid_social,gmail.com,35-44,Southeast
C003033,2025-08-29,Organic,hotmail.com,35-44,Northeast
C009415,2026-07-01,organic_search,comcast.net,45-54,Midwest
C007982,2026-05-10,paid_social,comcast.net,25-34,Midwest
C010959,2026-08-12,paid_social,outlook.com,45-54,Southeast
C005211,2025-12-26,Facebook Ads,gmail.com,55-64,West
C006113,2026-02-12,paid_search,gmail.com,25-34,Southwest
C008805,2026-06-03,paid_search,icloud.com,35-44,Midwest
C002308,2025-06-27,Podcast,gmail.com,35-44,Northeast
C008740,2026-06-10,paid_search,icloud.com,35-44,Midwest
C005131,2025-12-25,Google Ads,comcast.net,45-54,Northeast
C010149,2026-08-25,organic_search,outlook.com,45-54,Northeast
C003733,2025-09-29,Google Ads,gmail.com,35-44,Northeast
C004832,2025-12-21,Organic,hotmail.com,35-44,Midwest
C007610,2026-04-12,paid_social,gmail.com,25-34,Southeast
C004516,2025-11-05,Referral Program,outlook.com,25-34,West
C006549,2026-03-27,paid_search,outlook.com,25-34,West
C009668,2026-07-18,paid_search,gmail.com,55-64,West
C006978,2026-04-13,organic_search,gmail.com,65+,Northeast
C001799,2025-05-04,Organic,gmail.com,45-54,Southeast
C009921,2026-07-04,paid_social,gmail.com,45-54,Northeast
C007321,2026-04-09,paid_social,gmail.com,25-34,Midwest
C008698,2026-06-28,paid_search,gmail.com,45-54,West
C007981,2026-05-20,paid_social,outlook.com,25-34,Midwest
C000887,2025-03-11,Organic,icloud.com,25-34,Southwest
C006322,2026-03-03,organic_search,gmail.com,45-54,Northeast
C001928,2025-05-02,Podcast,gmail.com,35-44,Southeast
C007375,2026-04-14,paid_social,gmail.com,25-34,Southeast
C007933,2026-05-22,paid_search,gmail.com,45-54,Northeast
C010757,2026-08-26,paid_social,outlook.com,45-54,Northeast
C000656,2025-02-17,Google Ads,hotmail.com,45-54,West
C002418,2025-06-26,Facebook Ads,gmail.com,35-44,Southeast
C007770,2026-05-08,referral,yahoo.com,25-34,Southeast
C001598,2025-04-20,Google Ads,hotmail.com,35-44,Midwest
C002981,2025-08-12,Organic,outlook.com,55-64,West
C000272,2025-01-17,Google Ads,proton.me,55-64,Northeast
C009887,2026-07-03,paid_social,gmail.com,25-34,West
C008563,2026-06-26,referral,gmail.com,45-54,Southeast
C006661,2026-03-21,paid_social,gmail.com,45-54,West
C010802,2026-08-31,paid_social,gmail.com,55-64,Midwest
C008812,2026-06-25,paid_social,gmail.com,35-44,Southeast
C000226,2025-01-28,Podcast,gmail.com,35-44,Northeast
C000921,2025-03-28,Organic,gmail.com,35-44,Southwest
C009946,2026-07-08,paid_social,gmail.com,45-54,Northeast
C004398,2025-11-01,Organic,icloud.com,35-44,Southeast
C002586,2025-07-01,Organic,outlook.com,35-44,West
C008545,2026-06-18,referral,icloud.com,25-34,Southwest
C010129,2026-08-01,organic_search,gmail.com,35-44,Midwest
C001947,2025-05-03,,gmail.com,35-44,Midwest
C005876,2026-02-26,organic_search,yahoo.com,35-44,Northeast
C002921,2025-07-11,Facebook Ads,hotmail.com,25-34,Northeast
C011409,2026-02-21,organic_search,harbormoney.com,35-44,Northeast
C007411,2026-04-21,paid_social,gmail.com,45-54,Southeast
C000043,2025-01-02,Organic,hotmail.com,45-54,Northeast
C005985,2026-02-23,podcast,gmail.com,45-54,Northeast
C003989,2025-10-28,Organic,hotmail.com,45-54,Northeast
C001277,2025-04-19,Organic,yahoo.com,55-64,West
C008637,2026-06-25,podcast,gmail.com,25-34,West
C004655,2025-11-14,Google Ads,gmail.com,35-44,Northeast
C005141,2025-12-17,Google Ads,comcast.net,25-34,West
C001886,2025-05-18,Podcast,gmail.com,25-34,West
C008641,2026-06-01,podcast,gmail.com,45-54,West
C010753,2026-08-23,paid_social,gmail.com,25-34,Southwest
C001661,2025-04-29,Facebook Ads,yahoo.com,35-44,Southeast
C000362,2025-01-24,Facebook Ads,outlook.com,55-64,West
C011324,2026-09-05,paid_social,outlook.com,45-54,West
C006310,2026-03-10,organic_search,gmail.com,35-44,West
C002233,2025-06-27,Referral Program,gmail.com,55-64,West
C009819,2026-07-03,paid_social,hotmail.com,35-44,West
C011117,2026-09-12,podcast,yahoo.com,35-44,Southeast
C003536,2025-09-09,Referral Program,gmail.com,45-54,Midwest
C009483,2026-07-02,referral,gmail.com,25-34,Southeast
C010348,2026-08-22,referral,hotmail.com,35-44,Northeast
C008395,2026-05-19,paid_social,gmail.com,25-34,West
C002884,2025-07-15,Facebook Ads,proton.me,35-44,Southeast
C001487,2025-04-19,Podcast,gmail.com,35-44,Midwest
C007102,2026-04-24,podcast,gmail.com,25-34,Midwest
C010543,2026-08-10,paid_search,gmail.com,45-54,West
C003040,2025-08-20,Organic,gmail.com,55-64,West
C000168,2025-01-28,Referral Program,outlook.com,45-54,Northeast
C005849,2026-02-18,organic_search,gmail.com,55-64,Midwest
C002355,2025-06-29,Google Ads,gmail.com,45-54,Southeast
C008095,2026-05-06,paid_social,gmail.com,35-44,Southwest
C008773,2026-06-21,paid_search,yahoo.com,45-54,Southeast
C007803,2026-05-30,referral,gmail.com,65+,Northeast
C008952,2026-06-01,paid_social,gmail.com,35-44,Midwest
C007570,2026-04-12,paid_social,icloud.com,35-44,Southeast
C005607,2026-01-01,Google Ads,yahoo.com,45-54,West
C003027,2025-08-03,Organic,gmail.com,45-54,Midwest
C002006,2025-05-10,Google Ads,comcast.net,55-64,Southwest
C001135,2025-03-26,Google Ads,gmail.com,35-44,West
C002224,2025-06-01,Referral Program,outlook.com,45-54,West
C001252,2025-03-24,Facebook Ads,hotmail.com,25-34,Southwest
C000825,2025-02-12,Facebook Ads,outlook.com,35-44,Southwest
C001426,2025-04-06,Referral Program,gmail.com,35-44,Southwest
C010584,2026-08-22,paid_social,outlook.com,35-44,West
C005075,2025-12-21,Podcast,outlook.com,35-44,Northeast
C004636,2025-11-20,Podcast,yahoo.com,35-44,Southeast
C003896,2025-10-23,Organic,gmail.com,35-44,West
C006659,2026-03-05,paid_social,gmail.com,35-44,Southwest
C000461,2025-02-17,Organic,gmail.com,35-44,Northeast
C001985,2025-05-06,Google Ads,comcast.net,55-64,Southeast
C008447,2026-06-12,organic_search,gmail.com,45-54,Southeast
C006513,2026-03-22,paid_search,outlook.com,35-44,Northeast
C002840,2025-07-25,Google Ads,hotmail.com,35-44,Southwest
C000606,2025-02-04,Podcast,gmail.com,35-44,Southeast
C000269,2025-01-30,Google Ads,yahoo.com,35-44,Southeast
C004139,2025-10-01,Podcast,hotmail.com,55-64,West
C002339,2025-06-10,Google Ads,hotmail.com,55-64,Midwest
C003359,2025-08-19,Facebook Ads,gmail.com,35-44,West
C008524,2026-06-09,organic_search,gmail.com,35-44,Northeast
C009883,2026-07-07,paid_social,icloud.com,35-44,Midwest
C006293,2026-03-07,organic_search,gmail.com,25-34,Southeast
C001253,2025-03-10,Facebook Ads,yahoo.com,55-64,Southeast
C009393,2026-07-06,organic_search,gmail.com,55-64,Northeast
C001762,2025-05-02,Organic,gmail.com,35-44,Midwest
C002580,2025-07-17,Organic,yahoo.com,35-44,West
C004224,2025-10-06,Google Ads,gmail.com,45-54,West
C006775,2026-03-03,paid_social,icloud.com,25-34,Midwest
C001286,2025-04-17,Organic,gmail.com,25-34,Southeast
C008128,2026-05-31,paid_social,gmail.com,25-34,Midwest
C010226,2026-08-29,organic_search,gmail.com,35-44,West
C007048,2026-04-21,referral,comcast.net,25-34,Midwest
C009902,2026-07-03,paid_social,hotmail.com,35-44,Southeast
C010686,2026-08-07,paid_social,gmail.com,25-34,Northeast
C007636,2026-04-22,paid_social,icloud.com,25-34,West
C007807,2026-05-24,referral,gmail.com,25-34,West
C002331,2025-06-16,Google Ads,outlook.com,35-44,West
C004888,2025-12-31,Organic,gmail.com,35-44,Northeast
C006070,2026-02-21,paid_search,comcast.net,25-34,Northeast
C008300,2026-05-28,paid_social,outlook.com,45-54,Southwest
C011427,2025-01-01,Organic,harbormoney.com,45-54,Southeast
C001819,2025-05-12,Referral Program,gmail.com,25-34,Southeast
C000833,2025-03-10,Organic,gmail.com,25-34,Northeast
C001948,2025-05-14,Google Ads,gmail.com,35-44,Northeast
C002478,2025-06-12,Facebook Ads,outlook.com,25-34,Southeast
C002067,2025-05-02,Facebook Ads,proton.me,45-54,Southeast
C001373,2025-04-30,Organic,gmail.com,45-54,Northeast
C009042,2026-06-21,paid_social,yahoo.com,25-34,Northeast
C003429,2025-09-27,Organic,icloud.com,35-44,Midwest
C002968,2025-08-13,Organic,yahoo.com,45-54,Midwest
C003221,2025-08-17,Google Ads,gmail.com,35-44,Northeast
C009551,2026-07-29,podcast,gmail.com,45-54,West
C011134,2026-09-11,podcast,hotmail.com,25-34,Northeast
C010810,2026-08-01,paid_social,yahoo.com,45-54,Southwest
C009139,2026-06-19,,gmail.com,35-44,West
C007035,2026-04-16,referral,yahoo.com,25-34,Northeast
C008429,2026-06-14,organic_search,icloud.com,45-54,Southwest
C010848,2026-08-20,paid_social,icloud.com,25-34,Northeast
C007381,2026-04-16,paid_social,icloud.com,45-54,Midwest
C010936,2026-08-01,paid_social,yahoo.com,55-64,West
C001332,2025-04-17,Organic,gmail.com,35-44,Midwest
C009586,2026-07-29,paid_search,yahoo.com,55-64,Midwest
C008937,2026-06-25,paid_social,hotmail.com,25-34,Southeast
C010501,2026-08-19,paid_search,gmail.com,45-54,Northeast
C000117,2025-01-01,Organic,gmail.com,35-44,Midwest
C009667,2026-07-27,paid_search,gmail.com,45-54,Southeast
C001377,2025-04-28,Organic,gmail.com,35-44,Southeast
C006427,2026-03-06,podcast,comcast.net,45-54,Southeast
C011110,2026-09-12,podcast,hotmail.com,35-44,West
C003804,2025-09-09,Facebook Ads,hotmail.com,45-54,Northeast
C002335,2025-06-14,Google Ads,gmail.com,35-44,Northeast
C000749,2025-02-15,Facebook Ads,gmail.com,35-44,Southeast
C001224,2025-03-07,Facebook Ads,icloud.com,45-54,West
C010737,2026-08-06,paid_social,gmail.com,55-64,Southwest
C005802,2026-02-10,organic_search,gmail.com,45-54,West
C006864,2026-04-08,organic_search,comcast.net,35-44,Southwest
C000055,2025-01-27,Organic,comcast.net,45-54,Midwest
C003263,2025-08-24,Google Ads,proton.me,25-34,Northeast
C007755,2026-05-21,organic_search,gmail.com,65+,Southwest
C009485,2026-07-26,referral,gmail.com,25-34,Southwest
C000836,2025-03-07,Organic,gmail.com,45-54,Midwest
C000487,2025-02-12,Organic,gmail.com,55-64,Northeast
C000576,2025-02-02,Referral Program,gmail.com,45-54,West
C004552,2025-11-05,Referral Program,icloud.com,55-64,Midwest
C010572,2026-08-09,paid_social,gmail.com,25-34,West
C001084,2025-03-17,Google Ads,gmail.com,55-64,Northeast
C002459,2025-06-23,Facebook Ads,gmail.com,55-64,Northeast
C001653,2025-04-02,Facebook Ads,comcast.net,35-44,Southeast
C010800,2026-08-16,paid_social,yahoo.com,25-34,Midwest
C005909,2026-02-03,referral,gmail.com,25-34,Southwest
C006633,2026-03-05,paid_social,gmail.com,35-44,West
C000061,2025-01-15,Organic,gmail.com,35-44,Midwest
C002629,2025-07-09,Organic,comcast.net,35-44,Northeast
C005421,2026-01-04,Organic,yahoo.com,45-54,West
C008726,2026-06-22,paid_search,gmail.com,55-64,Northeast
C002476,2025-06-21,Facebook Ads,gmail.com,45-54,Northeast
C009569,2026-07-05,podcast,icloud.com,55-64,Midwest
C006539,2026-03-04,paid_search,outlook.com,25-34,West
C002596,2025-07-14,Organic,gmail.com,35-44,Northeast
C009452,2026-07-01,referral,gmail.com,45-54,Northeast
C003769,2025-09-27,Facebook Ads,comcast.net,45-54,Northeast
C005438,2026-01-27,Referral Program,proton.me,35-44,West
C003585,2025-09-21,Referral Program,gmail.com,45-54,West
C005728,2026-01-24,Facebook Ads,gmail.com,25-34,Northeast
C008797,2026-06-26,paid_search,gmail.com,45-54,Southwest
C003771,2025-09-29,Facebook Ads,hotmail.com,35-44,Southwest
C005891,2026-02-16,referral,outlook.com,45-54,Northeast
C011382,2026-04-28,organic_search,harbormoney.com,35-44,Southwest
C008597,2026-06-20,referral,gmail.com,45-54,West
C007549,2026-04-02,paid_social,gmail.com,35-44,Northeast
C001927,2025-05-05,Podcast,yahoo.com,45-54,Northeast
C000486,2025-02-18,Organic,gmail.com,35-44,Northeast
C004372,2025-11-21,Organic,gmail.com,35-44,Southeast
C002381,2025-06-30,Google Ads,comcast.net,25-34,Northeast
C009867,2026-07-29,paid_social,gmail.com,35-44,Northeast
C003225,2025-08-08,Google Ads,comcast.net,35-44,Southwest
C003766,2025-09-27,Google Ads,proton.me,55-64,Southwest
C000624,2025-02-07,Podcast,gmail.com,35-44,Southwest
C000019,2025-01-05,Organic,yahoo.com,55-64,Northeast
C000810,2025-02-24,Facebook Ads,yahoo.com,35-44,Northeast
C002374,2025-06-08,Google Ads,gmail.com,25-34,Southeast
C002964,2025-08-04,Organic,yahoo.com,35-44,Northeast
C001092,2025-03-11,Google Ads,proton.me,45-54,Northeast
C005832,2026-02-26,organic_search,gmail.com,35-44,West
C007587,2026-04-18,paid_social,gmail.com,45-54,Northeast
C007626,2026-04-07,paid_social,gmail.com,55-64,Southeast
C008699,2026-06-08,paid_search,outlook.com,35-44,West
C001550,2025-04-02,Google Ads,gmail.com,45-54,West
C009248,2026-06-03,paid_social,proton.me,25-34,Midwest
C009910,2026-07-06,paid_social,gmail.com,45-54,West
C000713,2025-02-08,Google Ads,outlook.com,35-44,Northeast
C005935,2026-02-23,referral,comcast.net,35-44,Northeast
C002210,2025-06-16,Referral Program,gmail.com,55-64,Northeast
C005047,2025-12-18,Podcast,outlook.com,35-44,Northeast
C003654,2025-09-09,Podcast,gmail.com,25-34,Southwest
C000052,2025-01-21,Organic,gmail.com,25-34,Midwest
C000483,2025-02-08,,yahoo.com,65+,West
C006045,2026-02-24,paid_search,gmail.com,25-34,Northeast
C003186,2025-08-14,Podcast,outlook.com,45-54,Southeast
C008050,2026-05-05,paid_social,icloud.com,45-54,West
C002516,2025-07-26,Organic,hotmail.com,25-34,Midwest
C011006,2026-08-07,paid_social,gmail.com,25-34,Southwest
C007590,2026-04-22,paid_social,gmail.com,45-54,West
C009957,2026-07-11,paid_social,gmail.com,45-54,Midwest
C000799,2025-02-09,Facebook Ads,gmail.com,45-54,Midwest
C011276,2026-09-14,paid_social,gmail.com,45-54,Southeast
C003373,2025-08-15,Facebook Ads,gmail.com,45-54,Midwest
C010875,2026-08-23,paid_social,yahoo.com,45-54,West
C006396,2026-03-21,referral,gmail.com,25-34,Southeast
C007306,2026-04-04,paid_social,gmail.com,25-34,West
C008636,2026-06-10,podcast,outlook.com,55-64,Southeast
C005889,2026-02-09,referral,comcast.net,35-44,Southwest
C002464,2025-06-28,Facebook Ads,gmail.com,35-44,Northeast
C007370,2026-04-03,paid_social,outlook.com,35-44,Southeast
C000987,2025-03-14,Referral Program,comcast.net,65+,Northeast
C004052,2025-10-17,Referral Program,gmail.com,45-54,Midwest
C007227,2026-04-23,paid_search,gmail.com,55-64,West
C006733,2026-03-04,paid_social,gmail.com,25-34,Midwest
C008693,2026-06-26,podcast,icloud.com,55-64,Southeast
C006594,2026-03-01,paid_social,gmail.com,55-64,West
C003658,2025-09-09,Podcast,outlook.com,35-44,Southeast
C008379,2026-05-05,paid_social,gmail.com,35-44,Southeast
C008096,2026-05-17,paid_social,gmail.com,45-54,Northeast
C001014,2025-03-24,Referral Program,gmail.com,45-54,Southeast
C005509,2026-01-27,Podcast,gmail.com,25-34,West
C009935,2026-07-03,paid_social,proton.me,25-34,Southwest
C002619,2025-07-11,Organic,yahoo.com,35-44,West
C003660,2025-09-27,Podcast,gmail.com,35-44,Northeast
C011019,2026-09-07,organic_search,icloud.com,45-54,Southeast
C006149,2026-02-17,paid_social,gmail.com,25-34,West
C008286,2026-05-24,paid_social,proton.me,65+,Southwest
C009149,2026-06-17,paid_social,proton.me,25-34,Southeast
C003470,2025-09-01,,proton.me,45-54,Southeast
C004353,2025-11-01,Organic,gmail.com,45-54,Southeast
C005578,2026-01-28,Google Ads,gmail.com,25-34,Southeast
C006437,2026-03-19,podcast,gmail.com,35-44,Northeast
C002205,2025-06-04,Referral Program,outlook.com,55-64,West
C003665,2025-09-17,Podcast,outlook.com,55-64,West
C004545,2025-11-13,Referral Program,gmail.com,35-44,Northeast
C006808,2026-03-09,paid_social,gmail.com,55-64,Southwest
C006990,2026-04-08,organic_search,gmail.com,35-44,Northeast
C011091,2026-09-12,referral,icloud.com,25-34,West
C005559,2026-01-06,Podcast,proton.me,25-34,Midwest
C010954,2026-08-09,paid_social,gmail.com,45-54,Southeast
C009624,2026-07-23,paid_search,gmail.com,45-54,Southeast
C001668,2025-04-05,Facebook Ads,gmail.com,35-44,Northeast
C004998,2025-12-05,Referral Program,gmail.com,25-34,Southeast
C002960,2025-08-21,Organic,gmail.com,35-44,Midwest
C002269,2025-06-27,Podcast,hotmail.com,25-34,Northeast
C002917,2025-07-11,Facebook Ads,yahoo.com,35-44,Southeast
C000859,2025-03-11,Organic,yahoo.com,35-44,Southwest
C004658,2025-11-19,Google Ads,hotmail.com,45-54,West
C000318,2025-01-04,Google Ads,outlook.com,65+,West
C010643,2026-08-19,paid_social,gmail.com,35-44,West
C009708,2026-07-12,paid_social,gmail.com,45-54,Midwest
C010241,2026-08-08,,outlook.com,35-44,Southeast
C002467,2025-06-13,Facebook Ads,gmail.com,25-34,Southeast
C002234,2025-06-09,Referral Program,gmail.com,45-54,Southwest
C000368,2025-01-10,Facebook Ads,gmail.com,25-34,Southeast
C000277,2025-01-02,Google Ads,gmail.com,45-54,Southeast
C011319,2026-09-02,paid_social,gmail.com,35-44,Midwest
C002279,2025-06-02,Podcast,yahoo.com,35-44,Southwest
C006502,2026-03-18,paid_search,gmail.com,45-54,Midwest
C007293,2026-04-27,paid_social,gmail.com,25-34,West
C006656,2026-03-26,paid_social,yahoo.com,35-44,Northeast
C011328,2026-09-10,paid_social,gmail.com,25-34,Southwest
C008566,2026-06-25,referral,gmail.com,25-34,West
C002834,2025-07-21,Google Ads,yahoo.com,35-44,Northeast
C002684,2025-07-04,Referral Program,gmail.com,45-54,Northeast
C000115,2025-01-31,Organic,gmail.com,25-34,Northeast
C008039,2026-05-09,paid_social,gmail.com,35-44,Southwest
C011309,2026-09-13,paid_social,gmail.com,45-54,Southeast
C001907,2025-05-12,Podcast,hotmail.com,25-34,Midwest
C001015,2025-03-29,Referral Program,gmail.com,45-54,Northeast
C010953,2026-08-25,paid_social,gmail.com,25-34,Southeast
C004940,2025-12-20,Organic,gmail.com,35-44,Southwest
C001098,2025-03-21,Google Ads,icloud.com,55-64,West
C009792,2026-07-12,paid_social,gmail.com,35-44,Southeast
C006521,2026-03-31,paid_search,gmail.com,35-44,Southeast
C011149,2026-09-08,paid_search,gmail.com,55-64,Northeast
C004890,2025-12-05,Organic,icloud.com,45-54,Southwest
C008375,2026-05-07,paid_social,gmail.com,45-54,Northeast
C003319,2025-08-30,Google Ads,icloud.com,35-44,Midwest
C006205,2026-03-08,organic_search,gmail.com,45-54,West
C006889,2026-04-01,organic_search,gmail.com,55-64,West
C010980,2026-08-09,paid_social,gmail.com,25-34,Northeast
C010944,2026-08-11,paid_social,proton.me,35-44,Southwest
C011055,2026-09-14,organic_search,gmail.com,25-34,Midwest
C009538,2026-07-14,podcast,outlook.com,25-34,West
C005097,2025-12-05,Podcast,gmail.com,55-64,West
C011058,2026-09-10,organic_search,gmail.com,25-34,West
C007050,2026-04-10,referral,proton.me,25-34,West
C005106,2025-12-19,Google Ads,gmail.com,45-54,Southeast
C009661,2026-07-17,paid_search,gmail.com,25-34,Northeast
C005719,2026-01-22,Facebook Ads,gmail.com,35-44,Southwest
C002333,2025-06-21,Google Ads,icloud.com,45-54,Northeast
C004827,2025-12-12,Organic,gmail.com,45-54,Southeast
C005389,2026-01-07,Organic,gmail.com,25-34,Midwest
C004236,2025-10-05,Google Ads,gmail.com,45-54,Midwest
C006468,2026-03-09,podcast,outlook.com,45-54,Midwest
C000406,2025-02-14,Organic,outlook.com,35-44,Southwest
C006088,2026-02-02,paid_search,yahoo.com,55-64,West
C004382,2025-11-21,Organic,comcast.net,45-54,Southwest
C010708,2026-08-01,paid_social,gmail.com,35-44,Midwest
C007926,2026-05-06,paid_search,icloud.com,45-54,Midwest
C000791,2025-02-03,Facebook Ads,gmail.com,35-44,Midwest
C000476,2025-02-28,Organic,gmail.com,55-64,West
C002780,2025-07-15,Google Ads,yahoo.com,45-54,Northeast
C007589,2026-04-08,paid_social,yahoo.com,25-34,West
C002221,2025-06-20,Referral Program,yahoo.com,25-34,Northeast
C008018,2026-05-14,paid_social,outlook.com,25-34,Midwest
C000526,2025-02-12,,gmail.com,45-54,West
C011028,2026-09-08,organic_search,hotmail.com,45-54,Southwest
C011254,2026-09-09,paid_social,icloud.com,25-34,West
C005142,2025-12-06,Google Ads,gmail.com,45-54,Northeast
C000185,2025-01-31,Referral Program,comcast.net,25-34,Northeast
C009738,2026-07-31,paid_social,gmail.com,35-44,Midwest
C000520,2025-02-07,Organic,gmail.com,45-54,Midwest
C010858,2026-08-24,paid_social,gmail.com,35-44,Midwest
C001259,2025-04-30,Organic,comcast.net,35-44,Midwest
C000087,2025-01-15,Organic,hotmail.com,65+,Northeast
C005274,2025-12-22,Facebook Ads,gmail.com,35-44,West
C002680,2025-07-22,Referral Program,gmail.com,35-44,Northeast
C006061,2026-02-25,paid_search,gmail.com,45-54,Midwest
C002206,2025-06-26,Referral Program,yahoo.com,55-64,Northeast
C009947,2026-07-19,paid_social,icloud.com,45-54,West
C009754,2026-07-11,paid_social,yahoo.com,55-64,Southeast
C000579,2025-02-05,Referral Program,gmail.com,45-54,Midwest
C010509,2026-08-10,paid_search,gmail.com,35-44,Southeast
C006528,2026-03-17,paid_search,gmail.com,35-44,West
C005243,2025-12-14,Facebook Ads,gmail.com,35-44,Southeast
C008079,2026-05-15,paid_social,icloud.com,45-54,Southeast
C001437,2025-04-24,Referral Program,yahoo.com,55-64,Southwest
C000910,2025-03-27,Organic,gmail.com,35-44,Northeast
C010985,2026-08-14,paid_social,hotmail.com,35-44,Northeast
C001674,2025-04-22,Facebook Ads,comcast.net,45-54,Midwest
C008333,2026-05-10,paid_social,gmail.com,65+,Northeast
C001314,2025-04-04,Organic,yahoo.com,35-44,Northeast
C002499,2025-06-06,Facebook Ads,gmail.com,35-44,Midwest
C007196,2026-04-16,paid_search,gmail.com,65+,Southeast
C002889,2025-07-12,Facebook Ads,gmail.com,35-44,Northeast
C008557,2026-06-06,referral,outlook.com,65+,Southeast
C005569,2026-01-11,Google Ads,gmail.com,25-34,West
C009102,2026-06-26,paid_social,gmail.com,35-44,Midwest
C005955,2026-02-17,referral,yahoo.com,55-64,Northeast
C005712,2026-01-18,Facebook Ads,icloud.com,35-44,Southeast
C001708,2025-05-04,Organic,comcast.net,45-54,Northeast
C006412,2026-03-14,referral,gmail.com,55-64,Northeast
C001061,2025-03-22,Podcast,gmail.com,35-44,Northeast
C009296,2026-06-14,paid_social,yahoo.com,45-54,Southeast
C004976,2025-12-27,Referral Program,gmail.com,35-44,Northeast
C005387,2026-01-17,Organic,comcast.net,45-54,Southwest
C006087,2026-02-25,paid_search,gmail.com,45-54,West
C010595,2026-08-15,paid_social,gmail.com,45-54,Northeast
C002931,2025-07-07,Facebook Ads,yahoo.com,65+,Southwest
C005028,2025-12-04,Referral Program,hotmail.com,45-54,Midwest
C007865,2026-05-18,podcast,gmail.com,25-34,Southwest
C006505,2026-03-19,paid_search,gmail.com,35-44,Midwest
C007360,2026-04-28,paid_social,proton.me,25-34,Midwest
C006998,2026-04-05,,gmail.com,25-34,West
C009299,2026-06-09,paid_social,gmail.com,35-44,Midwest
C005573,2026-01-22,Google Ads,gmail.com,35-44,Southeast
C004174,2025-10-26,Google Ads,gmail.com,65+,Northeast
C007753,2026-05-08,organic_search,gmail.com,25-34,West
C003909,2025-10-04,Organic,gmail.com,45-54,Midwest
C009386,2026-07-15,organic_search,gmail.com,25-34,West
C005025,2025-12-26,Referral Program,gmail.com,35-44,Southwest
C005322,2026-01-02,Organic,yahoo.com,25-34,Southeast
C003490,2025-09-22,Organic,yahoo.com,45-54,Southwest
C008708,2026-06-19,paid_search,icloud.com,35-44,Northeast
C006040,2026-02-20,paid_search,gmail.com,35-44,Northeast
C004076,2025-10-14,Referral Program,yahoo.com,25-34,Southeast
C006703,2026-03-25,paid_social,yahoo.com,45-54,Southwest
C001899,2025-05-15,Podcast,hotmail.com,45-54,Southeast
C000796,2025-02-14,Facebook Ads,outlook.com,45-54,Northeast
C010209,2026-08-30,organic_search,yahoo.com,45-54,Southeast
C006650,2026-03-16,paid_social,hotmail.com,45-54,Northeast
C008906,2026-06-13,paid_social,icloud.com,45-54,Southwest
C007809,2026-05-24,referral,icloud.com,35-44,Southeast
C000454,2025-02-20,Organic,gmail.com,45-54,Southeast
C008651,2026-06-14,podcast,gmail.com,35-44,West
C005845,2026-02-27,organic_search,gmail.com,55-64,West
C004891,2025-12-16,Organic,hotmail.com,25-34,Midwest
C001358,2025-04-15,Organic,proton.me,55-64,Southeast
C009074,2026-06-07,paid_social,gmail.com,35-44,Southeast
C009588,2026-07-29,paid_search,comcast.net,35-44,West
C000020,2025-01-04,Organic,comcast.net,45-54,Northeast
C009773,2026-07-17,paid_social,gmail.com,55-64,Southeast
C002469,2025-06-04,Facebook Ads,comcast.net,45-54,Midwest
C005472,2026-01-12,Referral Program,gmail.com,35-44,Southeast
C003133,2025-08-18,Referral Program,gmail.com,45-54,Midwest
C005116,2025-12-31,Google Ads,gmail.com,25-34,Northeast
C010952,2026-08-03,paid_social,hotmail.com,55-64,Northeast
C003876,2025-10-25,Organic,gmail.com,55-64,Midwest
C007296,2026-04-14,paid_social,gmail.com,45-54,Southeast
C006908,2026-04-25,organic_search,outlook.com,65+,Southwest
C008118,2026-05-20,paid_social,gmail.com,45-54,Midwest
C001591,2025-04-02,Google Ads,outlook.com,45-54,Northeast
C009324,2026-07-31,organic_search,gmail.com,45-54,Midwest
C008137,2026-05-12,paid_social,gmail.com,65+,Northeast
C000142,2025-01-18,Referral Program,gmail.com,25-34,West
C000666,2025-02-21,Google Ads,hotmail.com,35-44,Southwest
C009261,2026-06-25,paid_social,gmail.com,35-44,Northeast
C004593,2025-11-27,Podcast,gmail.com,45-54,Northeast
C000861,2025-03-20,Organic,outlook.com,25-34,Southwest
C007157,2026-04-17,paid_search,gmail.com,55-64,West
C009953,2026-07-23,paid_social,gmail.com,45-54,Midwest
C003466,2025-09-27,Organic,gmail.com,35-44,Midwest
C004930,2025-12-01,Organic,gmail.com,35-44,Southwest
C010694,2026-08-01,paid_social,gmail.com,35-44,Midwest
C003729,2025-09-03,Google Ads,hotmail.com,45-54,Northeast
C005837,2026-02-04,organic_search,gmail.com,45-54,West
C008483,2026-06-11,organic_search,gmail.com,35-44,Southeast
C003705,2025-09-24,Google Ads,outlook.com,35-44,West
C001355,2025-04-05,Organic,yahoo.com,35-44,Southeast
C005867,2026-02-24,organic_search,icloud.com,25-34,Northeast
C011000,2026-08-29,paid_social,gmail.com,45-54,Southwest
C007921,2026-05-13,paid_search,gmail.com,35-44,West
C006899,2026-04-03,organic_search,gmail.com,45-54,Southwest
C004743,2025-11-21,Facebook Ads,gmail.com,25-34,Northeast
C007064,2026-04-19,referral,gmail.com,55-64,Southeast
C010920,2026-08-23,paid_social,outlook.com,45-54,Northeast
C004588,2025-11-23,Podcast,yahoo.com,45-54,Northeast
C011277,2026-09-09,paid_social,gmail.com,55-64,Northeast
C008329,2026-05-11,paid_social,yahoo.com,35-44,Midwest
C000558,2025-02-04,Referral Program,yahoo.com,55-64,Southwest
C002707,2025-07-02,Podcast,outlook.com,25-34,Northeast
C011087,2026-09-07,referral,gmail.com,45-54,Midwest
C000148,2025-01-07,Referral Program,gmail.com,45-54,Southwest
C004898,2025-12-24,Organic,hotmail.com,45-54,West
C006024,2026-02-03,paid_search,gmail.com,55-64,West
C004074,2025-10-15,Referral Program,gmail.com,35-44,West
C003882,2025-10-16,Organic,yahoo.com,25-34,Northeast
C009969,2026-07-27,paid_social,outlook.com,25-34,Northeast
C009417,2026-07-22,organic_search,gmail.com,55-64,West
C004917,2025-12-06,Organic,gmail.com,35-44,Southeast
C003163,2025-08-23,Podcast,gmail.com,25-34,Midwest
C004610,2025-11-24,Podcast,icloud.com,65+,Southwest
C011211,2026-09-10,paid_social,gmail.com,35-44,Midwest
C009225,2026-06-20,paid_social,gmail.com,35-44,Midwest
C005818,2026-02-07,organic_search,gmail.com,55-64,Northeast
C007752,2026-05-28,organic_search,icloud.com,45-54,Southeast
C006160,2026-02-28,paid_social,gmail.com,35-44,Northeast
C002189,2025-06-28,Organic,gmail.com,25-34,West
C006561,2026-03-02,paid_search,gmail.com,35-44,Midwest
C006211,2026-03-13,organic_search,gmail.com,55-64,West
C002540,2025-07-12,Organic,hotmail.com,25-34,Southeast
C002922,2025-07-09,Facebook Ads,yahoo.com,35-44,West
C005859,2026-02-10,organic_search,hotmail.com,35-44,Southeast
C007508,2026-04-18,paid_social,gmail.com,25-34,Southeast
C006212,2026-03-12,organic_search,icloud.com,35-44,West
C001263,2025-04-29,Organic,gmail.com,55-64,Southeast
C004980,2025-12-03,Referral Program,gmail.com,35-44,Southeast
C007892,2026-05-31,paid_search,outlook.com,35-44,Southeast
C000429,2025-02-11,,gmail.com,45-54,Midwest
C009056,2026-06-22,paid_social,outlook.com,45-54,Southeast
C009304,2026-06-14,paid_social,yahoo.com,65+,Southeast
C009560,2026-07-20,podcast,gmail.com,35-44,West
C006567,2026-03-27,paid_search,gmail.com,55-64,West
C008422,2026-06-07,,gmail.com,45-54,Northeast
C009118,2026-06-21,paid_social,outlook.com,35-44,Midwest
C009891,2026-07-27,paid_social,gmail.com,35-44,Midwest
C001262,2025-04-10,Organic,gmail.com,35-44,Southeast
C007539,2026-04-14,paid_social,gmail.com,35-44,Southeast
C009049,2026-06-15,paid_social,comcast.net,45-54,West
C010042,2026-07-10,paid_social,gmail.com,35-44,Southeast
C003690,2025-09-25,Google Ads,icloud.com,45-54,Southeast
C001222,2025-03-05,Facebook Ads,outlook.com,55-64,Midwest
C003247,2025-08-30,Google Ads,gmail.com,35-44,Midwest
C004733,2025-11-15,Facebook Ads,icloud.com,25-34,West
C002665,2025-07-19,Referral Program,yahoo.com,35-44,Southwest
C004229,2025-10-24,Google Ads,gmail.com,55-64,West
C004866,2025-12-25,Organic,icloud.com,35-44,Southeast
C004022,2025-10-24,Referral Program,gmail.com,55-64,Northeast
C010418,2026-08-14,podcast,gmail.com,55-64,Northeast
C010928,2026-08-06,paid_social,outlook.com,35-44,Southwest
C007545,2026-04-13,paid_social,icloud.com,45-54,West
C010768,2026-08-19,paid_social,gmail.com,35-44,Southwest
C002428,2025-06-19,Facebook Ads,gmail.com,25-34,Northeast
C008854,2026-06-18,paid_social,gmail.com,35-44,West
C008345,2026-05-20,paid_social,gmail.com,25-34,Midwest
C011430,2025-11-04,Organic,harbormoney.com,45-54,Midwest
C011292,2026-09-06,paid_social,yahoo.com,35-44,Southeast
C007514,2026-04-20,paid_social,proton.me,25-34,Southwest
C005852,2026-02-14,organic_search,gmail.com,45-54,West
C005465,2026-01-24,Referral Program,gmail.com,35-44,West
C008376,2026-05-12,paid_social,gmail.com,35-44,Midwest
C001816,2025-05-24,Referral Program,outlook.com,35-44,Southeast
C008354,2026-05-13,paid_social,gmail.com,45-54,Midwest
C009242,2026-06-15,paid_social,gmail.com,35-44,Southeast
C003252,2025-08-04,Google Ads,gmail.com,45-54,Southeast
C005975,2026-02-14,podcast,yahoo.com,25-34,West
C000500,2025-02-07,,hotmail.com,35-44,West
C008639,2026-06-03,podcast,gmail.com,55-64,West
C011215,2026-09-06,paid_social,gmail.com,35-44,Southeast
C006184,2026-02-02,paid_social,gmail.com,65+,West
C007229,2026-04-18,paid_search,gmail.com,45-54,Midwest
C006260,2026-03-04,organic_search,gmail.com,45-54,West
C011060,2026-09-05,organic_search,comcast.net,35-44,West
C008092,2026-05-05,paid_social,gmail.com,35-44,Midwest
C004741,2025-11-18,Facebook Ads,icloud.com,35-44,West
C005351,2026-01-24,Organic,gmail.com,45-54,West
C009760,2026-07-22,paid_social,gmail.com,45-54,Southeast
C004795,2025-11-09,Facebook Ads,gmail.com,25-34,Midwest
C007543,2026-04-19,paid_social,comcast.net,35-44,Northeast
C009545,2026-07-31,podcast,gmail.com,35-44,Northeast
C004432,2025-11-01,Organic,outlook.com,35-44,Midwest
C005361,2026-01-18,Organic,proton.me,55-64,West
C000048,2025-01-11,,gmail.com,55-64,West
C010322,2026-08-25,referral,gmail.com,35-44,Southeast
C002656,2025-07-19,Referral Program,yahoo.com,35-44,Southeast
C000199,2025-01-19,Podcast,outlook.com,45-54,Southeast
C011354,2026-02-19,organic_search,harbormoney.com,65+,Southwest
C007453,2026-04-22,paid_social,yahoo.com,35-44,Midwest
C004258,2025-10-11,Google Ads,gmail.com,45-54,Southeast
C003704,2025-09-09,Google Ads,outlook.com,25-34,Southeast
C005457,2026-01-17,Referral Program,gmail.com,35-44,Southwest
C007358,2026-04-20,paid_social,gmail.com,55-64,Southwest
C005209,2025-12-05,Facebook Ads,gmail.com,35-44,Southwest
C001895,2025-05-16,Podcast,icloud.com,65+,West
C009387,2026-07-18,organic_search,icloud.com,45-54,West
C010359,2026-08-19,referral,gmail.com,45-54,West
C002489,2025-06-16,Facebook Ads,gmail.com,35-44,West
C000119,2025-01-17,Referral Program,icloud.com,55-64,West
C005088,2025-12-13,Podcast,gmail.com,55-64,Northeast
C005906,2026-02-03,referral,gmail.com,55-64,Midwest
C009923,2026-07-03,paid_social,outlook.com,25-34,Northeast
C004217,2025-10-06,Google Ads,gmail.com,35-44,West
C009346,2026-07-13,organic_search,comcast.net,35-44,Southeast
C005542,2026-01-30,Podcast,gmail.com,25-34,Southeast
C006464,2026-03-16,podcast,gmail.com,35-44,Southwest
C000501,2025-02-23,Organic,gmail.com,25-34,West
C008816,2026-06-06,paid_social,hotmail.com,25-34,Midwest
C001315,2025-04-05,Organic,gmail.com,45-54,Southeast
C006015,2026-02-03,podcast,icloud.com,35-44,Southwest
C006540,2026-03-01,paid_search,yahoo.com,35-44,Northeast
C007868,2026-05-28,podcast,gmail.com,45-54,Southeast
C001249,2025-03-16,Facebook Ads,gmail.com,65+,Southeast
C002119,2025-06-05,Organic,gmail.com,35-44,Northeast
C000718,2025-02-15,Google Ads,gmail.com,35-44,Northeast
C001119,2025-03-22,Google Ads,gmail.com,35-44,Northeast
C009575,2026-07-15,podcast,gmail.com,45-54,Southeast
C004336,2025-10-08,Facebook Ads,gmail.com,25-34,Southwest
C008198,2026-05-24,paid_social,gmail.com,35-44,Southwest
C010578,2026-08-06,paid_social,gmail.com,45-54,Northeast
C000126,2025-01-05,Referral Program,gmail.com,45-54,West
C005501,2026-01-19,Referral Program,outlook.com,45-54,Southwest
C010019,2026-07-01,paid_social,gmail.com,35-44,Southeast
C004637,2025-11-01,Google Ads,yahoo.com,25-34,Midwest
C006280,2026-03-14,organic_search,gmail.com,35-44,West
C006402,2026-03-24,referral,hotmail.com,25-34,West
C010987,2026-08-16,paid_social,gmail.com,45-54,Southeast
C000872,2025-03-26,Organic,gmail.com,55-64,West
C001274,2025-04-01,Organic,gmail.com,45-54,West
C004183,2025-10-18,Google Ads,proton.me,45-54,Southwest
C000427,2025-02-24,Organic,gmail.com,45-54,Southeast
C011176,2026-09-03,paid_search,gmail.com,35-44,West
C000510,2025-02-13,Organic,outlook.com,35-44,Southeast
C010964,2026-08-24,paid_social,outlook.com,25-34,Southeast
C006939,2026-04-27,organic_search,gmail.com,45-54,Northeast
C000561,2025-02-08,Referral Program,gmail.com,35-44,Southeast
C003986,2025-10-28,Organic,outlook.com,65+,West
C010551,2026-08-29,paid_social,icloud.com,55-64,Midwest
C005866,2026-02-07,organic_search,outlook.com,55-64,West
C003701,2025-09-21,Google Ads,gmail.com,25-34,West
C006302,2026-03-19,organic_search,gmail.com,25-34,Southeast
C005704,2026-01-12,Facebook Ads,yahoo.com,35-44,Southeast
C000947,2025-03-24,Referral Program,outlook.com,35-44,Midwest
C006291,2026-03-02,organic_search,gmail.com,45-54,Northeast
C006037,2026-02-07,paid_search,gmail.com,45-54,Midwest
C009563,2026-07-19,podcast,proton.me,45-54,Northeast
C011216,2026-09-14,paid_social,gmail.com,25-34,Southwest
C005750,2026-02-09,organic_search,outlook.com,35-44,Southwest
C004026,2025-10-31,Referral Program,hotmail.com,35-44,West
C000051,2025-01-31,Organic,icloud.com,45-54,Southeast
C005343,2026-01-05,Organic,gmail.com,45-54,Midwest
C000518,2025-02-10,Organic,gmail.com,25-34,Midwest
C008220,2026-05-14,paid_social,gmail.com,35-44,West
C004759,2025-11-18,Facebook Ads,gmail.com,45-54,West
C002325,2025-06-28,Podcast,gmail.com,55-64,Southeast
C006736,2026-03-01,paid_social,gmail.com,25-34,Northeast
C006201,2026-02-10,paid_social,gmail.com,25-34,Northeast
C003993,2025-10-23,Organic,proton.me,25-34,Northeast
C005681,2026-01-12,Facebook Ads,outlook.com,25-34,Midwest
C002451,2025-06-20,Facebook Ads,outlook.com,55-64,Southeast
C005546,2026-01-23,Podcast,comcast.net,45-54,Midwest
C010825,2026-08-08,paid_social,gmail.com,45-54,West
C004408,2025-11-05,Organic,gmail.com,25-34,Northeast
C003090,2025-08-13,Referral Program,yahoo.com,55-64,Northeast
C007761,2026-05-24,referral,gmail.com,25-34,Southeast
C000981,2025-03-04,Referral Program,comcast.net,45-54,Northeast
C003826,2025-09-30,Facebook Ads,gmail.com,35-44,Northeast
C009514,2026-07-13,referral,gmail.com,35-44,West
C003553,2025-09-14,Referral Program,gmail.com,55-64,Northeast
C005137,2025-12-29,Google Ads,proton.me,35-44,Midwest
C002934,2025-07-20,Facebook Ads,comcast.net,35-44,Northeast
C001522,2025-04-03,Google Ads,gmail.com,35-44,Southwest
C003010,2025-08-21,Organic,outlook.com,35-44,Northeast
C010622,2026-08-11,paid_social,proton.me,35-44,West
C006267,2026-03-03,organic_search,icloud.com,25-34,Southwest
C001079,2025-03-09,,gmail.com,45-54,Southeast
C000731,2025-02-11,Google Ads,gmail.com,35-44,Midwest
C003863,2025-10-28,Organic,comcast.net,35-44,Southeast
C003175,2025-08-20,Podcast,gmail.com,35-44,Southeast
C010008,2026-07-15,paid_social,gmail.com,35-44,Southwest
C006542,2026-03-31,paid_search,yahoo.com,35-44,Southeast
C009247,2026-06-03,paid_social,outlook.com,55-64,West
C000215,2025-01-12,Podcast,yahoo.com,35-44,Southeast
C010600,2026-08-20,paid_social,yahoo.com,25-34,Northeast
C007067,2026-04-24,referral,gmail.com,45-54,West
C001334,2025-04-01,Organic,icloud.com,35-44,Southeast
C005933,2026-02-11,referral,outlook.com,45-54,West
C004763,2025-11-06,Facebook Ads,gmail.com,25-34,Southeast
C010957,2026-08-06,paid_social,gmail.com,35-44,Northeast
C002193,2025-06-04,Organic,gmail.com,35-44,Northeast
C005441,2026-01-19,Referral Program,gmail.com,45-54,Southeast
C006666,2026-03-21,paid_social,comcast.net,35-44,Midwest
C007210,2026-04-05,paid_search,gmail.com,35-44,Southwest
C001738,2025-05-28,Organic,gmail.com,35-44,West
C010249,2026-08-22,organic_search,yahoo.com,45-54,Midwest
C001368,2025-04-15,Organic,outlook.com,35-44,West
C009421,2026-07-26,organic_search,icloud.com,55-64,Southwest
C000745,2025-02-20,Facebook Ads,gmail.com,65+,Southeast
C010573,2026-08-07,paid_social,gmail.com,25-34,Northeast
C004807,2025-11-22,Facebook Ads,gmail.com,25-34,Northeast
C009291,2026-06-01,paid_social,gmail.com,55-64,Midwest
C003449,2025-09-12,Organic,icloud.com,25-34,West
C010432,2026-08-05,paid_search,yahoo.com,65+,Southeast
C009645,2026-07-04,paid_search,gmail.com,45-54,West
C009565,2026-07-14,podcast,yahoo.com,55-64,Northeast
C009125,2026-06-26,paid_social,comcast.net,25-34,West
C000223,2025-01-11,Podcast,hotmail.com,35-44,Midwest
C004559,2025-11-21,Referral Program,proton.me,55-64,Southeast
C008208,2026-05-22,paid_social,gmail.com,45-54,Southwest
C002423,2025-06-15,Facebook Ads,gmail.com,45-54,Southeast
C003144,2025-08-17,Referral Program,gmail.com,45-54,Southwest
C009769,2026-07-20,paid_social,gmail.com,25-34,Midwest
C010950,2026-08-01,paid_social,gmail.com,45-54,Southeast
C005364,2026-01-13,Organic,hotmail.com,25-34,Northeast
C010069,2026-07-30,paid_social,gmail.com,25-34,Northeast
C011043,2026-09-08,organic_search,proton.me,35-44,West
C004865,2025-12-02,Organic,hotmail.com,65+,Midwest
C005544,2026-01-27,Podcast,gmail.com,35-44,Northeast
C001074,2025-03-13,Podcast,gmail.com,45-54,Southwest
C003748,2025-09-13,Google Ads,yahoo.com,35-44,Southeast
C007310,2026-04-15,paid_social,gmail.com,35-44,West
C008608,2026-06-24,referral,yahoo.com,45-54,Northeast
C006839,2026-03-24,paid_social,outlook.com,35-44,Northeast
C008734,2026-06-21,paid_search,gmail.com,55-64,Southwest
C000352,2025-01-28,Facebook Ads,proton.me,35-44,Midwest
C006871,2026-04-28,organic_search,gmail.com,45-54,Northeast
C008723,2026-06-22,paid_search,comcast.net,45-54,Midwest
C001965,2025-05-13,Google Ads,yahoo.com,35-44,West
C010679,2026-08-08,paid_social,gmail.com,25-34,Northeast
C000535,2025-02-10,Referral Program,yahoo.com,35-44,Southwest
C002853,2025-07-24,Google Ads,comcast.net,35-44,West
C002522,2025-07-03,Organic,outlook.com,55-64,West
C008712,2026-06-27,paid_search,gmail.com,45-54,West
C008833,2026-06-08,paid_social,gmail.com,25-34,West
C009993,2026-07-23,paid_social,icloud.com,35-44,Midwest
C000711,2025-02-13,Google Ads,yahoo.com,55-64,Northeast
C005795,2026-02-23,organic_search,gmail.com,35-44,West
C005328,2026-01-26,Organic,yahoo.com,25-34,Midwest
C000721,2025-02-07,Google Ads,gmail.com,45-54,Midwest
C002289,2025-06-17,Podcast,gmail.com,35-44,Midwest
C004923,2025-12-07,Organic,hotmail.com,45-54,West
C007213,2026-04-22,paid_search,gmail.com,55-64,Northeast
C006721,2026-03-13,paid_social,gmail.com,35-44,Southeast
C004616,2025-11-21,Podcast,yahoo.com,45-54,Northeast
C008594,2026-06-29,referral,hotmail.com,35-44,Midwest
C006894,2026-04-17,organic_search,icloud.com,35-44,Midwest
C008025,2026-05-31,paid_social,yahoo.com,45-54,Southeast
C007859,2026-05-10,podcast,gmail.com,35-44,Southwest
C005258,2025-12-02,Facebook Ads,gmail.com,55-64,Northeast
C010891,2026-08-16,paid_social,gmail.com,45-54,West
C011086,2026-09-10,referral,yahoo.com,45-54,Southeast
C005010,2025-12-02,Referral Program,outlook.com,45-54,West
C006051,2026-02-07,paid_search,gmail.com,45-54,Northeast
C001203,2025-03-24,Facebook Ads,hotmail.com,25-34,Southeast
C002702,2025-07-17,Referral Program,yahoo.com,45-54,Northeast
C009707,2026-07-18,paid_social,comcast.net,25-34,Northeast
C002865,2025-07-16,Google Ads,proton.me,25-34,Southeast
C008195,2026-05-19,paid_social,outlook.com,25-34,West
C000471,2025-02-05,Organic,hotmail.com,65+,West
C000067,2025-01-04,Organic,outlook.com,35-44,West
C010788,2026-08-13,paid_social,icloud.com,25-34,Midwest
C004318,2025-10-17,Facebook Ads,outlook.com,25-34,Northeast
C005825,2026-02-20,organic_search,yahoo.com,45-54,Southwest
C001197,2025-03-11,Facebook Ads,icloud.com,35-44,Northeast
C010649,2026-08-17,paid_social,gmail.com,25-34,Northeast
C011036,2026-09-06,organic_search,hotmail.com,65+,Northeast
C009616,2026-07-29,paid_search,icloud.com,55-64,Northeast
C007544,2026-04-26,paid_social,gmail.com,25-34,Southwest
C001482,2025-04-06,Podcast,gmail.com,25-34,Northeast
C004653,2025-11-08,Google Ads,proton.me,35-44,Northeast
C007479,2026-04-06,paid_social,yahoo.com,55-64,Southeast
C004430,2025-11-27,Organic,gmail.com,35-44,Midwest
C000110,2025-01-10,Organic,icloud.com,35-44,West
C008464,2026-06-03,organic_search,gmail.com,35-44,West
C006116,2026-02-15,paid_search,gmail.com,25-34,West
C004466,2025-11-21,Organic,outlook.com,25-34,Southeast
C005023,2025-12-12,Referral Program,outlook.com,45-54,West
C000754,2025-02-25,Facebook Ads,gmail.com,35-44,Southeast
C006957,2026-04-09,organic_search,gmail.com,35-44,West
C011244,2026-09-09,paid_social,gmail.com,25-34,Southwest
C003202,2025-08-25,Podcast,gmail.com,35-44,West
C011090,2026-09-09,referral,icloud.com,35-44,Northeast
C000955,2025-03-21,Referral Program,gmail.com,45-54,Northeast
C005311,2026-01-30,Organic,outlook.com,35-44,West
C006062,2026-02-18,paid_search,icloud.com,45-54,Midwest
C003744,2025-09-25,Google Ads,yahoo.com,35-44,Northeast
C007813,2026-05-10,referral,gmail.com,35-44,Southeast
C007837,2026-05-05,podcast,icloud.com,45-54,Midwest
C008989,2026-06-18,paid_social,gmail.com,45-54,West
C005792,2026-02-25,organic_search,gmail.com,25-34,West
C009492,2026-07-10,referral,gmail.com,35-44,Northeast
C003336,2025-08-25,Facebook Ads,gmail.com,45-54,Northeast
C009197,2026-06-15,paid_social,yahoo.com,35-44,Midwest
C000375,2025-01-15,Facebook Ads,hotmail.com,45-54,Southwest
C009236,2026-06-07,paid_social,outlook.com,35-44,Southwest
C008328,2026-05-09,paid_social,gmail.com,45-54,Midwest
C004818,2025-12-09,Organic,outlook.com,25-34,Northeast
C005007,2025-12-23,Referral Program,gmail.com,45-54,Southwest
C006375,2026-03-28,referral,gmail.com,45-54,Southeast
C001656,2025-04-25,Facebook Ads,gmail.com,45-54,Southeast
C004000,2025-10-08,Organic,yahoo.com,65+,Southeast
C002029,2025-05-13,Facebook Ads,hotmail.com,55-64,West
C003824,2025-09-25,Facebook Ads,outlook.com,25-34,West
C008781,2026-06-18,paid_search,yahoo.com,35-44,Southeast
C007231,2026-04-21,paid_search,gmail.com,45-54,Northeast
C006382,2026-03-10,referral,gmail.com,45-54,West
C006933,2026-04-27,organic_search,gmail.com,25-34,Northeast
C005181,2025-12-29,Google Ads,icloud.com,25-34,Northeast
C002907,2025-07-03,Facebook Ads,outlook.com,45-54,West
C006115,2026-02-12,paid_search,gmail.com,65+,Southeast
C010301,2026-08-30,referral,gmail.com,35-44,West
C008361,2026-05-19,paid_social,gmail.com,25-34,West
C002691,2025-07-08,Referral Program,gmail.com,25-34,Southwest
C002257,2025-06-07,Referral Program,yahoo.com,35-44,Northeast
C000813,2025-02-19,Facebook Ads,gmail.com,55-64,West
C004913,2025-12-04,Organic,gmail.com,35-44,Southeast
C010769,2026-08-31,paid_social,yahoo.com,35-44,Northeast
C009823,2026-07-17,paid_social,gmail.com,25-34,Southeast
C004020,2025-10-18,Referral Program,hotmail.com,45-54,West
C008517,2026-06-16,organic_search,yahoo.com,45-54,Northeast
C000041,2025-01-18,Organic,gmail.com,25-34,Southeast
C003022,2025-08-28,Organic,gmail.com,35-44,Midwest
C001195,2025-03-03,Facebook Ads,comcast.net,25-34,West
