subscription_id,customer_id,plan,list_price_usd,discount_code,start_date,cancel_date,status
S000096,C000096,monthly,59.0,,2025-01-11,2025-03-13,canceled
S008108,C008108,monthly,59.0,,2026-05-07,,active
S001545,C001545,monthly,59.0,,2025-04-21,2026-05-26,canceled
S011182,C011182,monthly,59.0,,2026-09-09,,active
S008041,C008041,monthly,59.0,HARBOR50,2026-05-07,,active
S007085,C007085,monthly,59.0,,2026-04-25,,active
S000189,C000189,monthly,59.0,,2025-01-25,,active
S000323,C000323,monthly,59.0,,2025-01-28,2026-05-02,canceled
S004218,C004218,monthly,59.0,,2025-10-04,,active
S002193,C002193,annual,588.0,,2025-06-04,2026-06-04,canceled
S004320,C004320,monthly,59.0,,2025-10-04,2026-05-04,canceled
S010654,C010654,monthly,59.0,HARBOR50,2026-08-24,,active
S004256,C004256,monthly,59.0,,2025-10-30,,active
S007817,C007817,annual,588.0,,2026-05-09,,active
S007614,C007614,monthly,59.0,HARBOR50,2026-04-08,,active
S006874,C006874,annual,588.0,,2026-04-06,,active
S002677,C002677,annual,588.0,,2025-07-02,,active
S005052,C005052,monthly,59.0,,2025-12-01,,active
S007110,C007110,monthly,59.0,,2026-04-25,,active
S009609,C009609,monthly,59.0,,2026-07-01,2026-08-31,canceled
S005169,C005169,monthly,59.0,,2025-12-28,,active
S009355,C009355,monthly,59.0,,2026-07-07,,active
S009435,C009435,monthly,59.0,,2026-07-11,,active
S011042,C011042,annual,588.0,,2026-09-06,,active
S009434,C009434,monthly,59.0,,2026-07-23,,active
S008645,C008645,annual,588.0,,2026-06-01,,active
S005681,C005681,monthly,59.0,,2026-01-12,,active
S001061,C001061,monthly,59.0,,2025-03-22,,active
S007951,C007951,monthly,59.0,,2026-05-27,,active
S001114,C001114,monthly,59.0,,2025-03-11,2026-08-04,canceled
S007734,C007734,monthly,59.0,,2026-05-18,,active
S008942,C008942,monthly,59.0,HARBOR50,2026-06-15,,active
S001162,C001162,monthly,59.0,,2025-03-15,,active
S001709,C001709,monthly,59.0,,2025-05-06,2025-11-09,canceled
S007767,C007767,monthly,59.0,,2026-05-11,,active
S003604,C003604,monthly,59.0,,2025-09-01,,active
S002816,C002816,monthly,59.0,,2025-07-15,,active
S005957,C005957,monthly,59.0,,2026-02-24,,active
S004415,C004415,monthly,59.0,,2025-11-12,,active
S007988,C007988,monthly,59.0,HARBOR50,2026-05-05,,active
S003080,C003080,monthly,59.0,,2025-08-19,,active
S003070,C003070,annual,588.0,,2025-08-23,2026-08-24,canceled
S001365,C001365,monthly,59.0,,2025-04-28,,active
S008947,C008947,monthly,59.0,HARBOR50,2026-06-08,,active
S011024,C011024,monthly,59.0,,2026-09-06,,active
S000549,C000549,monthly,59.0,,2025-02-14,,active
S003803,C003803,monthly,59.0,,2025-09-21,2025-12-24,canceled
S005466,C005466,monthly,59.0,,2026-01-12,,active
S011426,C011426,monthly,59.0,COMP100,2025-08-06,2025-08-07,canceled
S005984,C005984,monthly,59.0,,2026-02-01,2026-04-04,canceled
S008536,C008536,monthly,59.0,,2026-06-30,,active
S003836,C003836,annual,588.0,,2025-09-09,,active
S011375,C011375,monthly,59.0,COMP100,2026-05-21,2026-05-22,canceled
S008496,C008496,monthly,59.0,,2026-06-12,2026-08-10,canceled
S005870,C005870,monthly,59.0,,2026-02-02,,active
S002753,C002753,annual,588.0,,2025-07-18,,active
S006372,C006372,annual,588.0,,2026-03-06,,active
S011257,C011257,monthly,59.0,HARBOR50,2026-09-06,,active
S008330,C008330,monthly,59.0,HARBOR50,2026-05-01,,active
S010133,C010133,monthly,59.0,,2026-08-18,,active
S010636,C010636,monthly,59.0,HARBOR50,2026-08-18,,active
S009356,C009356,monthly,59.0,,2026-07-12,,active
S009980,C009980,monthly,59.0,HARBOR50,2026-07-28,,active
S002802,C002802,monthly,59.0,,2025-07-09,2025-08-08,canceled
S007623,C007623,monthly,59.0,HARBOR50,2026-04-19,,active
S002768,C002768,monthly,59.0,,2025-07-14,,active
S006749,C006749,monthly,59.0,HARBOR50,2026-03-28,,active
S003673,C003673,annual,588.0,,2025-09-04,,active
S000910,C000910,monthly,59.0,,2025-03-27,2026-04-22,canceled
S010464,C010464,monthly,59.0,,2026-08-30,,active
S010278,C010278,monthly,59.0,,2026-08-30,,active
S001903,C001903,monthly,59.0,,2025-05-13,,active
S009649,C009649,monthly,59.0,,2026-07-13,,active
S007313,C007313,monthly,59.0,HARBOR50,2026-04-20,,active
S004983,C004983,monthly,59.0,,2025-12-24,2026-03-22,canceled
S009408,C009408,monthly,59.0,,2026-07-16,,active
S002693,C002693,annual,588.0,,2025-07-31,2026-08-03,canceled
S006093,C006093,annual,588.0,,2026-02-14,,active
S007848,C007848,monthly,59.0,,2026-05-10,,active
S000510,C000510,annual,588.0,,2025-02-13,,active
S000517,C000517,monthly,59.0,,2025-02-04,2026-04-08,canceled
S007555,C007555,monthly,59.0,HARBOR50,2026-04-11,,active
S009398,C009398,monthly,59.0,,2026-07-07,2026-08-02,canceled
S001684,C001684,monthly,59.0,,2025-05-09,,active
S004836,C004836,monthly,59.0,,2025-12-26,,active
S008594,C008594,monthly,59.0,,2026-06-29,,active
S004052,C004052,annual,588.0,,2025-10-17,,active
S011008,C011008,monthly,59.0,,2026-09-11,,active
S005914,C005914,monthly,59.0,,2026-02-18,,active
S002540,C002540,monthly,59.0,,2025-07-12,,canceled
S004025,C004025,annual,588.0,,2025-10-15,,active
S001340,C001340,monthly,59.0,,2025-04-16,,active
S001911,C001911,monthly,59.0,,2025-05-02,2025-10-01,canceled
S009817,C009817,monthly,59.0,HARBOR50,2026-07-02,,active
S006809,C006809,monthly,59.0,HARBOR50,2026-03-11,2026-06-12,canceled
S007737,C007737,monthly,59.0,,2026-05-09,,active
S000963,C000963,annual,588.0,,2025-03-01,,active
S003409,C003409,monthly,59.0,,2025-09-30,,active
S001809,C001809,monthly,59.0,,2025-05-12,,active
S007048,C007048,annual,588.0,,2026-04-21,,active
S006989,C006989,monthly,59.0,,2026-04-05,,active
S009412,C009412,monthly,59.0,,2026-07-20,,active
S003470,C003470,annual,588.0,,2025-09-01,2026-09-02,canceled
S009130,C009130,monthly,59.0,HARBOR50,2026-06-17,,active
S009439,C009439,annual,588.0,,2026-07-12,,active
S003573,C003573,annual,588.0,,2025-09-29,,active
S003008,C003008,monthly,59.0,,2025-08-11,,active
S005886,C005886,annual,588.0,,2026-02-14,,active
S005006,C005006,monthly,59.0,,2025-12-20,,active
S004995,C004995,annual,588.0,,2025-12-01,,active
S002978,C002978,monthly,59.0,,2025-08-28,,active
S000018,C000018,monthly,59.0,,2025-01-22,2025-04-24,canceled
S008086,C008086,monthly,59.0,HARBOR50,2026-05-19,,active
S003313,C003313,monthly,59.0,,2025-08-21,,active
S007551,C007551,monthly,59.0,HARBOR50,2026-04-04,2026-09-01,canceled
S006296,C006296,monthly,59.0,,2026-03-23,,active
S003900,C003900,monthly,59.0,,2025-10-02,,active
S003476,C003476,monthly,59.0,,2025-09-28,2026-03-26,canceled
S006639,C006639,monthly,59.0,HARBOR50,2026-03-01,,active
S002395,C002395,monthly,59.0,,2025-06-11,2025-11-09,canceled
S008155,C008155,monthly,59.0,,2026-05-21,,active
S011620,C004980,annual,588.0,,2026-05-09,,active
S008085,C008085,monthly,59.0,HARBOR50,2026-05-03,,active
S009883,C009883,monthly,59.0,HARBOR50,2026-07-07,,active
S008940,C008940,monthly,59.0,,2026-06-01,2026-06-07,canceled
S009261,C009261,monthly,59.0,HARBOR50,2026-06-25,,active
S010729,C010729,monthly,59.0,,2026-08-15,,active
S008850,C008850,monthly,59.0,,2026-06-18,,active
S005916,C005916,monthly,59.0,,2026-02-05,,active
S006171,C006171,annual,588.0,,2026-02-25,,active
S001093,C001093,monthly,59.0,,2025-03-05,,active
S005784,C005784,monthly,59.0,,2026-02-28,,active
S007331,C007331,monthly,59.0,,2026-04-29,,active
S001764,C001764,monthly,59.0,,2025-05-08,2025-10-08,canceled
S007529,C007529,monthly,59.0,HARBOR50,2026-04-23,,active
S010541,C010541,monthly,59.0,,2026-08-13,,active
S007413,C007413,monthly,59.0,HARBOR50,2026-04-28,2026-08-25,canceled
S006242,C006242,monthly,59.0,,2026-03-31,,active
S005866,C005866,monthly,59.0,,2026-02-07,,active
S003797,C003797,monthly,59.0,,2025-09-26,,active
S005497,C005497,annual,588.0,,2026-01-05,,active
S008325,C008325,monthly,59.0,HARBOR50,2026-05-30,,active
S008563,C008563,annual,588.0,,2026-06-26,,active
S001843,C001843,monthly,59.0,,2025-05-24,,active
S001186,C001186,annual,588.0,,2025-03-08,,active
S005358,C005358,monthly,59.0,,2026-01-26,,active
S010668,C010668,monthly,59.0,HARBOR50,2026-08-28,,active
S003737,C003737,monthly,59.0,,2025-09-04,,active
S007287,C007287,monthly,59.0,HARBOR50,2026-04-12,,active
S003042,C003042,monthly,59.0,,2025-08-28,,active
S010093,C010093,monthly,59.0,HARBOR50,2026-07-12,,active
S004062,C004062,monthly,59.0,,2025-10-24,,active
S006029,C006029,monthly,59.0,,2026-02-13,,active
S009407,C009407,annual,588.0,,2026-07-27,,active
S010277,C010277,monthly,59.0,,2026-08-23,,active
S001415,C001415,monthly,59.0,,2025-04-28,,active
S011162,C011162,monthly,59.0,,2026-09-09,,active
S009807,C009807,monthly,59.0,HARBOR50,2026-07-14,,active
S003286,C003286,monthly,59.0,,2025-08-09,,active
S010458,C010458,monthly,59.0,,2026-08-01,,active
S011067,C011067,monthly,59.0,,2026-09-09,,active
S008826,C008826,monthly,59.0,HARBOR50,2026-06-27,,active
S010781,C010781,monthly,59.0,HARBOR50,2026-08-19,,active
S011585,C003153,annual,588.0,,2026-02-21,,active
S000019,C000019,monthly,59.0,,2025-01-05,2025-10-09,canceled
S010899,C010899,monthly,59.0,HARBOR50,2026-08-10,,active
S008956,C008956,monthly,59.0,HARBOR50,2026-06-09,,active
S011391,C011391,monthly,59.0,COMP100,2025-06-01,2025-06-05,canceled
S004361,C004361,monthly,59.0,,2025-11-04,,active
S001497,C001497,monthly,59.0,,2025-04-19,,active
S007637,C007637,monthly,59.0,HARBOR50,2026-04-30,,active
S004945,C004945,monthly,59.0,,2025-12-20,,active
S008380,C008380,monthly,59.0,HARBOR50,2026-05-18,,active
S009206,C009206,monthly,59.0,HARBOR50,2026-06-11,,active
S003258,C003258,monthly,59.0,,2025-08-15,2026-02-16,canceled
S009430,C009430,annual,588.0,,2026-07-16,,active
S001144,C001144,annual,588.0,,2025-03-19,,active
S006594,C006594,monthly,59.0,HARBOR50,2026-03-01,2026-06-04,canceled
S008651,C008651,monthly,59.0,,2026-06-14,,active
S002320,C002320,monthly,59.0,,2025-06-02,,active
S011636,C000977,annual,588.0,,2026-02-06,,active
S005739,C005739,monthly,59.0,,2026-01-18,,active
S004370,C004370,monthly,59.0,,2025-11-19,,active
S001583,C001583,monthly,59.0,,2025-04-08,,active
S008498,C008498,monthly,59.0,,2026-06-22,,active
S007994,C007994,monthly,59.0,,2026-05-21,,active
S008351,C008351,monthly,59.0,HARBOR50,2026-05-12,,active
S001539,C001539,annual,588.0,,2025-04-23,,active
S001727,C001727,monthly,59.0,,2025-05-23,2026-06-17,canceled
S000654,C000654,annual,588.0,,2025-02-13,2026-02-18,canceled
S009062,C009062,monthly,59.0,HARBOR50,2026-06-21,,active
S004754,C004754,monthly,59.0,,2025-11-08,,active
S001521,C001521,monthly,59.0,,2025-04-30,,active
S007417,C007417,monthly,59.0,HARBOR50,2026-04-23,,active
S010391,C010391,monthly,59.0,,2026-08-30,,active
S011041,C011041,monthly,59.0,,2026-09-10,,active
S007122,C007122,annual,588.0,,2026-04-21,,active
S008191,C008191,monthly,59.0,HARBOR50,2026-05-03,2026-06-05,canceled
S006466,C006466,monthly,59.0,,2026-03-02,,active
S009660,C009660,monthly,59.0,,2026-07-17,,active
S007585,C007585,monthly,59.0,HARBOR50,2026-04-13,2026-08-18,canceled
S000733,C000733,monthly,59.0,,2025-02-28,,active
S007119,C007119,monthly,59.0,,2026-04-20,2026-06-21,canceled
S008672,C008672,monthly,59.0,,2026-06-30,,active
S007405,C007405,monthly,59.0,HARBOR50,2026-04-28,,active
S007443,C007443,monthly,59.0,HARBOR50,2026-04-05,,active
S009629,C009629,monthly,59.0,,2026-07-10,,active
S005326,C005326,monthly,59.0,,2026-01-09,2026-07-09,canceled
S011005,C011005,monthly,59.0,HARBOR50,2026-08-11,,active
S007243,C007243,monthly,59.0,,2026-04-07,,active
S011013,C011013,annual,588.0,,2026-09-10,,active
S009159,C009159,monthly,59.0,HARBOR50,2026-06-07,,active
S003067,C003067,annual,588.0,,2025-08-12,2026-08-17,canceled
S007033,C007033,annual,588.0,,2026-04-21,,active
S006200,C006200,monthly,59.0,,2026-02-22,2026-08-27,canceled
S003075,C003075,monthly,59.0,,2025-08-20,,active
S007747,C007747,monthly,59.0,,2026-05-06,,active
S008656,C008656,annual,588.0,,2026-06-19,,active
S011431,C011431,monthly,59.0,COMP100,2025-04-13,2025-04-15,canceled
S005413,C005413,monthly,59.0,,2026-01-26,,active
S000962,C000962,monthly,59.0,,2025-03-02,2025-03-28,canceled
S003421,C003421,monthly,59.0,,2025-09-29,,active
S000084,C000084,annual,588.0,,2025-01-19,2026-01-24,canceled
S000115,C000115,monthly,59.0,,2025-01-31,2025-02-26,canceled
S005156,C005156,monthly,59.0,,2025-12-23,2026-04-26,canceled
S000501,C000501,monthly,59.0,,2025-02-23,,active
S004751,C004751,monthly,59.0,,2025-11-05,,active
S011020,C011020,monthly,59.0,,2026-09-04,,active
S008009,C008009,monthly,59.0,HARBOR50,2026-05-07,,active
S000255,C000255,monthly,59.0,,2025-01-06,2025-09-09,canceled
S001392,C001392,monthly,59.0,,2025-04-03,,active
S008026,C008026,monthly,59.0,HARBOR50,2026-05-27,,active
S003565,C003565,monthly,59.0,,2025-09-01,,active
S009049,C009049,monthly,59.0,HARBOR50,2026-06-15,,active
S007893,C007893,monthly,59.0,,2026-05-22,,active
S009197,C009197,monthly,59.0,,2026-06-15,,active
S011661,C000280,annual,588.0,,2026-02-10,,active
S003852,C003852,monthly,59.0,,2025-09-11,,active
S006964,C006964,monthly,59.0,,2026-04-30,,active
S011517,C005196,annual,588.0,,2026-04-17,,active
S007307,C007307,monthly,59.0,HARBOR50,2026-04-18,,active
S004119,C004119,monthly,59.0,,2025-10-23,,active
S006633,C006633,monthly,59.0,HARBOR50,2026-03-05,2026-07-07,canceled
S001699,C001699,monthly,59.0,,2025-05-13,,active
S007397,C007397,monthly,59.0,HARBOR50,2026-04-03,2026-08-28,canceled
S000586,C000586,monthly,59.0,,2025-02-10,,active
S000618,C000618,monthly,59.0,,2025-02-03,,active
S009877,C009877,monthly,59.0,HARBOR50,2026-07-28,,active
S010689,C010689,monthly,59.0,HARBOR50,2026-08-09,,active
S005684,C005684,monthly,59.0,,2026-01-08,2026-06-07,canceled
S004220,C004220,annual,588.0,,2025-10-19,,active
S003197,C003197,monthly,59.0,,2025-08-10,,active
S010979,C010979,monthly,59.0,HARBOR50,2026-08-12,,active
S010146,C010146,monthly,59.0,,2026-08-04,,active
S001288,C001288,monthly,59.0,,2025-04-10,2025-05-16,canceled
S009189,C009189,monthly,59.0,HARBOR50,2026-06-19,,active
S006005,C006005,monthly,59.0,,2026-02-26,2026-05-28,canceled
S001591,C001591,monthly,59.0,,2025-04-02,,active
S004551,C004551,monthly,59.0,,2025-11-28,2026-02-21,canceled
S001603,C001603,monthly,59.0,,2025-04-15,,active
S011331,C011331,monthly,59.0,HARBOR50,2026-09-08,,active
S006596,C006596,monthly,59.0,HARBOR50,2026-03-01,,active
S000505,C000505,monthly,59.0,,2025-02-27,2025-07-23,canceled
S007500,C007500,monthly,59.0,HARBOR50,2026-04-09,2026-09-13,canceled
S005471,C005471,monthly,59.0,,2026-01-18,,canceled
S007821,C007821,monthly,59.0,,2026-05-27,,active
S009155,C009155,monthly,59.0,HARBOR50,2026-06-30,,active
S006620,C006620,monthly,59.0,HARBOR50,2026-03-05,,active
S008366,C008366,monthly,59.0,HARBOR50,2026-05-05,2026-05-31,canceled
S001867,C001867,annual,588.0,,2025-05-04,2026-05-08,canceled
S007876,C007876,monthly,59.0,HARBOR50,2026-05-18,,active
S008130,C008130,monthly,59.0,HARBOR50,2026-05-12,,active
S009424,C009424,monthly,59.0,,2026-07-09,,active
S003917,C003917,monthly,59.0,,2025-10-24,2025-11-01,canceled
S000406,C000406,monthly,59.0,,2025-02-14,,active
S007337,C007337,monthly,59.0,HARBOR50,2026-04-18,,active
S005002,C005002,monthly,59.0,,2025-12-07,,active
S004223,C004223,monthly,59.0,,2025-10-23,2026-03-20,canceled
S008804,C008804,monthly,59.0,,2026-06-02,,active
S011092,C011092,annual,588.0,,2026-09-01,,active
S002571,C002571,monthly,59.0,,2025-07-21,,active
S005184,C005184,monthly,59.0,,2025-12-08,,active
S009786,C009786,monthly,59.0,HARBOR50,2026-07-11,,active
S008233,C008233,monthly,59.0,HARBOR50,2026-05-09,2026-09-03,canceled
S004024,C004024,annual,588.0,,2025-10-10,,active
S005556,C005556,annual,588.0,,2026-01-21,,active
S006366,C006366,monthly,59.0,,2026-03-17,,active
S005123,C005123,monthly,59.0,,2025-12-15,2026-01-06,canceled
S010564,C010564,monthly,59.0,HARBOR50,2026-08-26,,active
S011118,C011118,monthly,59.0,,2026-09-04,,active
S011581,C002457,annual,588.0,,2025-12-12,,active
S004375,C004375,monthly,59.0,,2025-11-21,,active
S001828,C001828,annual,588.0,,2025-05-22,,active
S008096,C008096,monthly,59.0,,2026-05-17,,active
S000490,C000490,monthly,59.0,,2025-02-20,2025-06-24,canceled
S006906,C006906,annual,588.0,,2026-04-23,,active
S002855,C002855,monthly,59.0,,2025-07-05,,active
S001003,C001003,monthly,59.0,,2025-03-19,2025-10-22,canceled
S011112,C011112,monthly,59.0,,2026-09-05,,active
S003352,C003352,monthly,59.0,,2025-08-02,,active
S000422,C000422,monthly,59.0,,2025-02-07,,active
S009537,C009537,annual,588.0,,2026-07-18,,active
S006701,C006701,monthly,59.0,HARBOR50,2026-03-09,,active
S005121,C005121,monthly,59.0,,2025-12-01,2026-09-03,canceled
S011617,C002495,annual,588.0,,2026-03-15,,active
S010444,C010444,monthly,59.0,,2026-08-21,,active
S005559,C005559,annual,588.0,,2026-01-06,,active
S005369,C005369,monthly,59.0,,2026-01-23,,active
S007294,C007294,monthly,59.0,HARBOR50,2026-04-12,2026-08-06,canceled
S009994,C009994,monthly,59.0,HARBOR50,2026-07-12,,active
S008786,C008786,monthly,59.0,,2026-06-14,,active
S000657,C000657,monthly,59.0,,2025-02-14,,active
S004904,C004904,monthly,59.0,,2025-12-01,,active
S003930,C003930,monthly,59.0,,2025-10-05,,active
S011193,C011193,monthly,59.0,HARBOR50,2026-09-04,,active
S005882,C005882,monthly,59.0,,2026-02-19,,active
S008688,C008688,monthly,59.0,HARBOR50,2026-06-17,,active
S011192,C011192,annual,588.0,,2026-09-13,,active
S008255,C008255,monthly,59.0,HARBOR50,2026-05-03,,active
S008629,C008629,monthly,59.0,,2026-06-10,,active
S006509,C006509,monthly,59.0,,2026-03-06,,active
S008518,C008518,annual,588.0,,2026-06-28,,active
S003069,C003069,annual,588.0,,2025-08-16,,active
S000758,C000758,annual,588.0,,2025-02-04,2026-02-06,canceled
S004549,C004549,monthly,59.0,,2025-11-04,,active
S006002,C006002,monthly,59.0,,2026-02-08,,active
S004053,C004053,annual,588.0,,2025-10-30,,active
S000093,C000093,monthly,59.0,,2025-01-30,,active
S005584,C005584,monthly,59.0,,2026-01-20,,active
S010351,C010351,monthly,59.0,,2026-08-18,,active
S010221,C010221,annual,588.0,,2026-08-03,,active
S000366,C000366,monthly,59.0,,2025-01-02,2026-04-08,canceled
S000704,C000704,monthly,59.0,,2025-02-27,2025-02-08,canceled
S001837,C001837,monthly,59.0,,2025-05-31,,active
S011657,C002197,annual,588.0,,2026-04-14,,active
S001281,C001281,monthly,59.0,,2025-04-04,,active
S009307,C009307,monthly,59.0,HARBOR50,2026-06-21,,active
S005074,C005074,annual,588.0,,2025-12-21,,active
S007163,C007163,monthly,59.0,,2026-04-27,,active
S007996,C007996,monthly,59.0,HARBOR50,2026-05-25,,active
S003756,C003756,annual,588.0,,2025-09-02,2026-09-05,canceled
S000690,C000690,monthly,59.0,,2025-02-21,2025-07-27,canceled
S009034,C009034,monthly,59.0,HARBOR50,2026-06-11,,active
S004560,C004560,annual,588.0,,2025-11-06,,active
S004659,C004659,monthly,59.0,,2025-11-26,,active
S011174,C011174,monthly,59.0,,2026-09-10,,active
S001554,C001554,monthly,59.0,,2025-04-28,2026-08-02,canceled
S010505,C010505,monthly,59.0,,2026-08-01,,active
S003920,C003920,annual,588.0,,2025-10-28,,active
S010059,C010059,monthly,59.0,HARBOR50,2026-07-02,,active
S005049,C005049,monthly,59.0,,2025-12-13,,active
S002428,C002428,monthly,59.0,,2025-06-19,,active
S009615,C009615,monthly,59.0,,2026-07-11,,active
S000717,C000717,monthly,59.0,,2025-02-06,,active
S002526,C002526,monthly,59.0,,2025-07-09,2026-08-10,canceled
S008559,C008559,monthly,59.0,,2026-06-06,,active
S010655,C010655,monthly,59.0,HARBOR50,2026-08-07,,active
S008194,C008194,monthly,59.0,HARBOR50,2026-05-23,,active
S006337,C006337,monthly,59.0,,2026-03-21,,active
S005767,C005767,annual,588.0,,2026-02-02,,active
S008747,C008747,monthly,59.0,,2026-06-16,,active
S000955,C000955,monthly,59.0,,2025-03-21,,active
S005761,C005761,monthly,59.0,,2026-02-17,,active
S006418,C006418,monthly,59.0,,2026-03-21,,active
S007037,C007037,monthly,59.0,,2026-04-11,,active
S009852,C009852,monthly,59.0,HARBOR50,2026-07-30,,active
S004926,C004926,monthly,59.0,,2025-12-19,,active
S005323,C005323,monthly,59.0,,2026-01-20,2026-07-21,canceled
S002641,C002641,monthly,59.0,,2025-07-13,,active
S011045,C011045,annual,588.0,,2026-09-09,,active
S008684,C008684,monthly,59.0,,2026-06-09,,active
S008083,C008083,monthly,59.0,HARBOR50,2026-05-14,,active
S004360,C004360,monthly,59.0,,2025-11-01,,active
S000107,C000107,annual,588.0,,2025-01-27,,active
S007654,C007654,monthly,59.0,,2026-05-10,,active
S006495,C006495,monthly,59.0,,2026-03-11,,active
S000110,C000110,annual,588.0,,2025-01-10,,active
S000687,C000687,monthly,59.0,,2025-02-07,,active
S005950,C005950,monthly,59.0,,2026-02-15,,active
S009015,C009015,monthly,59.0,HARBOR50,2026-06-06,,active
S007215,C007215,annual,588.0,,2026-04-24,,active
S004959,C004959,monthly,59.0,,2025-12-25,,active
S008696,C008696,monthly,59.0,,2026-06-02,,active
S009108,C009108,monthly,59.0,HARBOR50,2026-06-22,,active
S000730,C000730,annual,588.0,,2025-02-12,,active
S006713,C006713,monthly,59.0,HARBOR50,2026-03-06,,active
S003872,C003872,monthly,59.0,,2025-10-28,,active
S011651,C002842,annual,588.0,,2026-02-08,,active
S003098,C003098,monthly,59.0,,2025-08-05,2026-04-10,canceled
S001994,C001994,monthly,59.0,,2025-05-29,,active
S001797,C001797,annual,588.0,,2025-05-02,2026-05-06,canceled
S002091,C002091,monthly,59.0,,2025-05-16,2026-01-11,canceled
S008497,C008497,annual,588.0,,2026-06-06,,active
S006482,C006482,monthly,59.0,,2026-03-26,,active
S000678,C000678,monthly,59.0,,2025-02-27,2025-07-28,canceled
S007210,C007210,monthly,59.0,,2026-04-05,,active
S007138,C007138,monthly,59.0,,2026-04-16,,active
S010683,C010683,monthly,59.0,HARBOR50,2026-08-03,,active
S000090,C000090,monthly,59.0,,2025-01-09,,active
S010690,C010690,monthly,59.0,HARBOR50,2026-08-02,,active
S011423,C011423,monthly,59.0,COMP100,2026-04-03,,active
S011031,C011031,annual,588.0,,2026-09-13,,active
S008918,C008918,monthly,59.0,HARBOR50,2026-06-29,2026-07-22,canceled
S008939,C008939,monthly,59.0,HARBOR50,2026-06-23,,active
S008103,C008103,monthly,59.0,HARBOR50,2026-05-28,,active
S002776,C002776,annual,588.0,,2025-07-01,2026-07-06,canceled
S001396,C001396,monthly,59.0,,2025-04-04,,active
S001863,C001863,monthly,59.0,,2025-05-15,,active
S002544,C002544,annual,588.0,,2025-07-31,,active
S006724,C006724,monthly,59.0,HARBOR50,2026-03-24,,active
S010724,C010724,monthly,59.0,HARBOR50,2026-08-20,,active
S009526,C009526,monthly,59.0,,2026-07-04,,active
S009420,C009420,monthly,59.0,,2026-07-12,,active
S009532,C009532,annual,588.0,,2026-07-08,,active
S009263,C009263,monthly,59.0,HARBOR50,2026-06-11,,active
S006280,C006280,monthly,59.0,,2026-03-14,,active
S010766,C010766,monthly,59.0,HARBOR50,2026-08-11,,active
S004772,C004772,monthly,59.0,,2025-11-06,2026-08-09,canceled
S000817,C000817,monthly,59.0,,2025-02-06,2025-04-02,canceled
S001327,C001327,monthly,59.0,,2025-04-10,2026-08-06,canceled
S002622,C002622,monthly,59.0,,2025-07-03,,active
S002219,C002219,annual,588.0,,2025-06-08,2026-06-14,canceled
S001166,C001166,annual,588.0,,2025-03-29,,active
S011443,C011443,monthly,59.0,COMP100,2026-08-08,2026-08-11,canceled
S007509,C007509,monthly,59.0,HARBOR50,2026-04-01,2026-05-05,canceled
S002269,C002269,monthly,59.0,,2025-06-27,,active
S007858,C007858,annual,588.0,,2026-05-10,,active
S003469,C003469,annual,588.0,,2025-09-01,2026-09-07,canceled
S003659,C003659,monthly,59.0,,2025-09-16,,active
S002365,C002365,annual,588.0,,2025-06-01,2026-06-05,canceled
S000616,C000616,monthly,59.0,,2025-02-06,2025-09-08,canceled
S003783,C003783,monthly,59.0,,2025-09-07,,active
S007611,C007611,monthly,59.0,HARBOR50,2026-04-01,,active
S008878,C008878,monthly,59.0,,2026-06-11,,active
S007083,C007083,annual,588.0,,2026-04-17,,active
S002588,C002588,monthly,59.0,,2025-07-03,,active
S000357,C000357,monthly,59.0,,2025-01-16,,active
S010787,C010787,monthly,59.0,HARBOR50,2026-08-09,,active
S005896,C005896,monthly,59.0,,2026-02-10,,active
S000064,C000064,monthly,59.0,,2025-01-01,,active
S010199,C010199,monthly,59.0,,2026-08-08,,active
S000887,C000887,annual,588.0,,2025-03-11,,active
S009993,C009993,monthly,59.0,HARBOR50,2026-07-23,,active
S010077,C010077,monthly,59.0,HARBOR50,2026-07-21,,active
S008285,C008285,monthly,59.0,HARBOR50,2026-05-06,,active
S010018,C010018,annual,588.0,,2026-07-30,,active
S004979,C004979,annual,588.0,,2025-12-18,,active
S010084,C010084,monthly,59.0,HARBOR50,2026-07-21,,active
S006250,C006250,monthly,59.0,,2026-03-01,,active
S011043,C011043,annual,588.0,,2026-09-08,,active
S001222,C001222,monthly,59.0,,2025-03-05,2025-08-08,canceled
S004753,C004753,monthly,59.0,,2025-11-25,2026-02-27,canceled
S001291,C001291,annual,588.0,,2025-04-23,,active
S002119,C002119,monthly,59.0,,2025-06-05,2025-08-30,canceled
S003567,C003567,monthly,59.0,,2025-09-11,,active
S002006,C002006,monthly,59.0,,2025-05-10,,active
S003754,C003754,monthly,59.0,,2025-09-26,2026-08-30,canceled
S003578,C003578,monthly,59.0,,2025-09-27,,active
S000459,C000459,annual,588.0,,2025-02-24,,active
S004076,C004076,monthly,59.0,,2025-10-14,,active
S009139,C009139,monthly,59.0,HARBOR50,2026-06-19,2026-08-13,canceled
S004894,C004894,monthly,59.0,,2025-12-09,,active
S005804,C005804,monthly,59.0,,2026-02-15,,active
S008555,C008555,monthly,59.0,,2026-06-20,,active
S011322,C011322,monthly,59.0,HARBOR50,2026-09-08,,active
S005749,C005749,annual,588.0,,2026-02-03,,active
S004350,C004350,monthly,59.0,,2025-11-28,,active
S002647,C002647,annual,588.0,,2025-07-31,2026-07-31,canceled
S005868,C005868,monthly,59.0,,2026-02-10,,active
S002744,C002744,monthly,59.0,,2025-07-12,,active
S010932,C010932,monthly,59.0,HARBOR50,2026-08-22,,active
S006356,C006356,monthly,59.0,,2026-03-28,2026-08-23,canceled
S007250,C007250,monthly,59.0,HARBOR50,2026-04-27,,active
S004589,C004589,monthly,59.0,,2025-11-26,,active
S004203,C004203,monthly,59.0,,2025-10-06,2026-08-06,canceled
S005086,C005086,monthly,59.0,,2025-12-02,,active
S010812,C010812,monthly,59.0,HARBOR50,2026-08-15,,active
S001565,C001565,annual,588.0,,2025-04-15,2026-04-18,canceled
S010091,C010091,monthly,59.0,HARBOR50,2026-07-01,,active
S002182,C002182,annual,588.0,,2025-06-09,,active
S008320,C008320,monthly,59.0,HARBOR50,2026-05-20,,active
S004820,C004820,monthly,59.0,,2025-12-16,,active
S001324,C001324,monthly,59.0,,2025-04-19,,active
S007226,C007226,monthly,59.0,,2026-04-09,,active
S008791,C008791,annual,588.0,,2026-06-21,,active
S007631,C007631,monthly,59.0,HARBOR50,2026-04-05,,active
S008523,C008523,monthly,59.0,,2026-06-13,,active
S002303,C002303,monthly,59.0,,2025-06-20,,active
S000175,C000175,monthly,59.0,,2025-01-29,,active
S002604,C002604,monthly,59.0,,2025-07-28,2025-12-26,canceled
S010408,C010408,monthly,59.0,,2026-08-03,,active
S011053,C011053,monthly,59.0,,2026-09-11,,active
S010364,C010364,monthly,59.0,,2026-08-23,,active
S004905,C004905,monthly,59.0,,2025-12-23,,active
S001993,C001993,monthly,59.0,,2025-05-28,,active
S007398,C007398,monthly,59.0,HARBOR50,2026-04-16,,active
S009871,C009871,monthly,59.0,HARBOR50,2026-07-06,,active
S005521,C005521,annual,588.0,,2026-01-13,,active
S003896,C003896,monthly,59.0,,2025-10-23,2026-08-27,canceled
S009848,C009848,monthly,59.0,HARBOR50,2026-07-24,,active
S005447,C005447,monthly,59.0,,2026-01-06,2026-02-09,canceled
S008570,C008570,monthly,59.0,,2026-06-16,,active
S008585,C008585,monthly,59.0,,2026-06-23,,active
S000567,C000567,monthly,59.0,,2025-02-24,,active
S003370,C003370,annual,588.0,,2025-08-25,2026-08-30,canceled
S006619,C006619,monthly,59.0,HARBOR50,2026-03-24,,active
S009315,C009315,annual,588.0,,2026-07-07,,active
S001969,C001969,monthly,59.0,,2025-05-11,2026-08-07,canceled
S003696,C003696,monthly,59.0,,2025-09-18,,active
S009135,C009135,monthly,59.0,HARBOR50,2026-06-13,,active
S004742,C004742,monthly,59.0,,2025-11-16,,active
S002007,C002007,monthly,59.0,,2025-05-19,,active
S000070,C000070,annual,588.0,,2025-01-15,,active
S002640,C002640,monthly,59.0,,2025-07-29,,active
S007392,C007392,monthly,59.0,HARBOR50,2026-04-13,,active
S006794,C006794,monthly,59.0,HARBOR50,2026-03-17,2026-08-12,canceled
S011363,C011363,monthly,59.0,COMP100,2025-06-30,,active
S008137,C008137,monthly,59.0,HARBOR50,2026-05-12,,active
S002817,C002817,monthly,59.0,,2025-07-15,2025-08-17,canceled
S003664,C003664,monthly,59.0,,2025-09-29,2025-10-27,canceled
S011378,C011378,monthly,59.0,COMP100,2025-12-09,2025-12-12,canceled
S010375,C010375,monthly,59.0,,2026-08-06,,active
S010928,C010928,monthly,59.0,HARBOR50,2026-08-06,,active
S004092,C004092,monthly,59.0,,2025-10-27,,active
S006261,C006261,monthly,59.0,,2026-03-02,,active
S009463,C009463,monthly,59.0,,2026-07-11,,active
S001216,C001216,monthly,59.0,,2025-03-23,2025-09-26,canceled
S001816,C001816,monthly,59.0,,2025-05-24,,active
S005956,C005956,monthly,59.0,,2026-02-25,,active
S003339,C003339,monthly,59.0,,2025-08-07,2026-07-09,canceled
S002034,C002034,monthly,59.0,,2025-05-13,,active
S003215,C003215,monthly,59.0,,2025-08-25,,active
S000845,C000845,monthly,59.0,,2025-03-04,,active
S004474,C004474,monthly,59.0,,2025-11-02,2026-06-05,canceled
S005827,C005827,monthly,59.0,,2026-02-04,,active
S004473,C004473,monthly,59.0,,2025-11-05,,active
S006942,C006942,monthly,59.0,,2026-04-08,,active
S010362,C010362,monthly,59.0,,2026-08-04,,active
S003711,C003711,monthly,59.0,,2025-09-09,,active
S001147,C001147,monthly,59.0,,2025-03-26,,active
S011601,C006276,annual,588.0,,2026-07-28,,active
S006494,C006494,monthly,59.0,,2026-03-06,,active
S009480,C009480,monthly,59.0,,2026-07-13,,active
S005766,C005766,monthly,59.0,,2026-02-03,2026-07-31,canceled
S002110,C002110,annual,588.0,,2025-06-15,,active
S000331,C000331,monthly,59.0,,2025-01-19,2026-02-13,canceled
S007436,C007436,monthly,59.0,HARBOR50,2026-04-20,,active
S002508,C002508,monthly,59.0,,2025-07-18,,active
S004636,C004636,monthly,59.0,,2025-11-20,,active
S001410,C001410,monthly,59.0,,2025-04-17,,active
S008045,C008045,monthly,59.0,HARBOR50,2026-05-07,,active
S011339,C011339,monthly,59.0,HARBOR50,2026-09-08,,active
S007905,C007905,monthly,59.0,,2026-05-10,,active
S003497,C003497,annual,588.0,,2025-09-15,,active
S002685,C002685,monthly,59.0,,2025-07-12,,active
S003202,C003202,annual,588.0,,2025-08-25,2026-08-29,canceled
S002739,C002739,annual,588.0,,2025-07-09,,active
S010930,C010930,monthly,59.0,HARBOR50,2026-08-06,,active
S008790,C008790,monthly,59.0,,2026-06-09,,active
S006822,C006822,monthly,59.0,HARBOR50,2026-03-02,2026-06-28,canceled
S002870,C002870,annual,588.0,,2025-07-21,,active
S003506,C003506,monthly,59.0,,2025-09-20,,active
S011238,C011238,monthly,59.0,,2026-09-10,,active
S009342,C009342,monthly,59.0,,2026-07-22,,active
S003990,C003990,annual,588.0,,2025-10-23,,active
S004768,C004768,monthly,59.0,,2025-11-05,,active
S011482,C000969,annual,588.0,,2025-11-08,,active
S000050,C000050,monthly,59.0,,2025-01-02,,active
S009416,C009416,monthly,59.0,,2026-07-02,,active
S000378,C000378,annual,588.0,,2025-01-26,2026-01-29,canceled
S005738,C005738,annual,588.0,,2026-01-11,,active
S011149,C011149,monthly,59.0,,2026-09-08,,active
S010079,C010079,monthly,59.0,,2026-07-21,2026-08-16,canceled
S010218,C010218,annual,588.0,,2026-08-09,,active
S007323,C007323,monthly,59.0,HARBOR50,2026-04-13,,active
S010693,C010693,monthly,59.0,HARBOR50,2026-08-18,,active
S008632,C008632,annual,588.0,,2026-06-13,,active
S006538,C006538,monthly,59.0,,2026-03-24,,active
S009014,C009014,monthly,59.0,,2026-06-07,,active
S008453,C008453,monthly,59.0,,2026-06-07,,active
S011573,C005031,annual,588.0,,2026-05-27,,active
S000072,C000072,monthly,59.0,,2025-01-03,,active
S000168,C000168,annual,588.0,,2025-01-28,,active
S003043,C003043,annual,588.0,,2025-08-16,,active
S005303,C005303,monthly,59.0,,2026-01-25,2026-04-30,canceled
S010309,C010309,monthly,59.0,,2026-08-21,,active
S000489,C000489,monthly,59.0,,2025-02-22,,active
S000329,C000329,monthly,59.0,,2025-01-20,2026-04-20,canceled
S000054,C000054,monthly,59.0,,2025-01-13,2025-04-14,canceled
S001080,C001080,monthly,59.0,,2025-03-27,2026-05-02,canceled
S006033,C006033,monthly,59.0,,2026-02-27,,active
S006094,C006094,monthly,59.0,,2026-02-15,,active
S011477,C007169,annual,588.0,,2026-08-13,,active
S008884,C008884,monthly,59.0,HARBOR50,2026-06-16,,active
S008849,C008849,monthly,59.0,HARBOR50,2026-06-05,,active
S007470,C007470,monthly,59.0,HARBOR50,2026-04-24,,active
S009547,C009547,monthly,59.0,,2026-07-12,,active
S008612,C008612,monthly,59.0,,2026-06-06,,active
S011294,C011294,monthly,59.0,HARBOR50,2026-09-08,,active
S005499,C005499,monthly,59.0,,2026-01-02,,active
S003454,C003454,annual,588.0,,2025-09-24,,active
S008184,C008184,monthly,59.0,HARBOR50,2026-05-05,2026-09-07,canceled
S004268,C004268,monthly,59.0,,2025-10-20,,active
S009671,C009671,monthly,59.0,,2026-07-25,,active
S010993,C010993,monthly,59.0,,2026-08-28,,active
S003472,C003472,annual,588.0,,2025-09-10,,active
S005518,C005518,monthly,59.0,,2026-01-19,2026-02-23,canceled
S007198,C007198,monthly,59.0,,2026-04-26,,active
S009269,C009269,monthly,59.0,HARBOR50,2026-06-26,,active
S008468,C008468,monthly,59.0,,2026-06-28,,active
S008633,C008633,monthly,59.0,,2026-06-07,,active
S009961,C009961,monthly,59.0,HARBOR50,2026-07-27,,active
S010176,C010176,monthly,59.0,,2026-08-27,,active
S009959,C009959,monthly,59.0,HARBOR50,2026-07-29,,active
S006488,C006488,monthly,59.0,,2026-03-11,2026-04-04,canceled
S010308,C010308,annual,588.0,,2026-08-07,,active
S005085,C005085,monthly,59.0,,2025-12-03,,active
S000613,C000613,monthly,59.0,,2025-02-08,,active
S008871,C008871,monthly,59.0,HARBOR50,2026-06-03,2026-09-01,canceled
S006062,C006062,monthly,59.0,,2026-02-18,2026-03-22,canceled
S002171,C002171,monthly,59.0,,2025-06-04,,active
S006830,C006830,monthly,59.0,HARBOR50,2026-03-26,,active
S003376,C003376,monthly,59.0,,2025-08-15,2025-10-19,canceled
S002670,C002670,monthly,59.0,,2025-07-18,,active
S000528,C000528,monthly,59.0,,2025-02-15,2026-08-22,canceled
S008857,C008857,monthly,59.0,HARBOR50,2026-06-02,,active
S004402,C004402,monthly,59.0,,2025-11-10,,active
S005779,C005779,annual,588.0,,2026-02-20,,active
S003666,C003666,monthly,59.0,,2025-09-19,,active
S002246,C002246,annual,588.0,,2025-06-01,,active
S000788,C000788,monthly,59.0,,2025-02-28,2025-08-04,canceled
S010283,C010283,monthly,59.0,,2026-08-13,,active
S009078,C009078,monthly,59.0,HARBOR50,2026-06-23,,active
S006571,C006571,monthly,59.0,,2026-03-15,,active
S010793,C010793,annual,588.0,,2026-08-31,,active
S008617,C008617,annual,588.0,,2026-06-23,,active
S000559,C000559,monthly,59.0,,2025-02-03,,active
S006364,C006364,monthly,59.0,,2026-03-13,,active
S003357,C003357,monthly,59.0,,2025-08-28,2025-11-28,canceled
S001349,C001349,monthly,59.0,,2025-04-13,2025-07-08,canceled
S010951,C010951,annual,588.0,,2026-08-11,,active
S002138,C002138,monthly,59.0,,2025-06-02,2026-01-30,canceled
S008625,C008625,annual,588.0,,2026-06-07,,active
S004383,C004383,annual,588.0,,2025-11-01,,active
S000387,C000387,monthly,59.0,,2025-01-05,2026-08-30,canceled
S010316,C010316,monthly,59.0,,2026-08-31,,active
S004937,C004937,annual,588.0,,2025-12-24,,active
S006898,C006898,monthly,59.0,,2026-04-13,2026-04-28,canceled
S003005,C003005,annual,588.0,,2025-08-25,,active
S005214,C005214,monthly,59.0,,2025-12-01,,active
S006870,C006870,monthly,59.0,,2026-04-04,,active
S008144,C008144,monthly,59.0,HARBOR50,2026-05-13,2026-07-09,canceled
S005282,C005282,monthly,59.0,,2025-12-05,,active
S006142,C006142,monthly,59.0,,2026-02-03,,active
S001645,C001645,monthly,59.0,,2025-04-23,,active
S008091,C008091,monthly,59.0,HARBOR50,2026-05-22,,active
S008197,C008197,monthly,59.0,HARBOR50,2026-05-19,,active
S005547,C005547,monthly,59.0,,2026-01-12,2026-06-10,canceled
S006181,C006181,monthly,59.0,,2026-02-19,,active
S010110,C010110,monthly,59.0,,2026-08-30,,active
S001136,C001136,monthly,59.0,,2025-03-19,2025-04-07,canceled
S004323,C004323,monthly,59.0,,2025-10-14,2026-01-10,canceled
S006785,C006785,monthly,59.0,HARBOR50,2026-03-26,,active
S007478,C007478,monthly,59.0,HARBOR50,2026-04-26,,active
S003116,C003116,monthly,59.0,,2025-08-23,,active
S008842,C008842,monthly,59.0,HARBOR50,2026-06-24,,active
S005033,C005033,monthly,59.0,,2025-12-08,,active
S002782,C002782,monthly,59.0,,2025-07-31,,active
S004805,C004805,monthly,59.0,,2025-11-30,2026-01-29,canceled
S002551,C002551,monthly,59.0,,2025-07-01,2025-07-26,canceled
S006979,C006979,monthly,59.0,,2026-04-15,,active
S008300,C008300,monthly,59.0,HARBOR50,2026-05-28,,active
S010349,C010349,monthly,59.0,,2026-08-09,,active
S007463,C007463,monthly,59.0,HARBOR50,2026-04-27,,active
S009867,C009867,monthly,59.0,HARBOR50,2026-07-29,,active
S001759,C001759,monthly,59.0,,2025-05-13,,active
S010799,C010799,monthly,59.0,HARBOR50,2026-08-03,,active
S003289,C003289,annual,588.0,,2025-08-13,,active
S009759,C009759,monthly,59.0,HARBOR50,2026-07-16,,active
S005312,C005312,monthly,59.0,,2026-01-08,,active
S009132,C009132,monthly,59.0,HARBOR50,2026-06-08,,active
S010347,C010347,annual,588.0,,2026-08-17,,active
S009104,C009104,monthly,59.0,,2026-06-10,2026-06-15,canceled
S005525,C005525,monthly,59.0,,2026-01-10,,active
S002295,C002295,monthly,59.0,,2025-06-01,2026-03-01,canceled
S002069,C002069,annual,588.0,,2025-05-15,,active
S005277,C005277,monthly,59.0,,2025-12-10,,active
S008986,C008986,monthly,59.0,HARBOR50,2026-06-12,,active
S011258,C011258,monthly,59.0,HARBOR50,2026-09-10,,active
S007753,C007753,monthly,59.0,,2026-05-08,2026-09-05,canceled
S010312,C010312,annual,588.0,,2026-08-22,,active
S000306,C000306,monthly,59.0,,2025-01-29,,active
S010089,C010089,monthly,59.0,HARBOR50,2026-07-27,,active
S005807,C005807,monthly,59.0,,2026-02-16,,active
S010446,C010446,annual,588.0,,2026-08-27,,active
S001860,C001860,monthly,59.0,,2025-05-30,2026-05-02,canceled
S009768,C009768,monthly,59.0,HARBOR50,2026-07-30,,active
S008378,C008378,monthly,59.0,HARBOR50,2026-05-11,,active
S007228,C007228,annual,588.0,,2026-04-06,,active
S008443,C008443,monthly,59.0,,2026-06-21,,active
S002953,C002953,monthly,59.0,,2025-08-08,2025-09-12,canceled
S010859,C010859,monthly,59.0,HARBOR50,2026-08-25,,active
S005088,C005088,monthly,59.0,,2025-12-13,2026-04-14,canceled
S010465,C010465,monthly,59.0,,2026-08-29,,active
S007273,C007273,monthly,59.0,HARBOR50,2026-04-10,,active
S009147,C009147,monthly,59.0,HARBOR50,2026-06-27,,active
S005040,C005040,monthly,59.0,,2025-12-20,,active
S002387,C002387,monthly,59.0,,2025-06-16,,active
S003297,C003297,monthly,59.0,,2025-08-27,,active
S006208,C006208,annual,588.0,,2026-03-15,,active
S002203,C002203,annual,588.0,,2025-06-12,2026-06-16,canceled
S011152,C011152,annual,588.0,,2026-09-04,,active
S006297,C006297,monthly,59.0,,2026-03-03,,active
S003226,C003226,monthly,59.0,,2025-08-03,,active
S011521,C000897,annual,588.0,,2025-12-13,,active
S003893,C003893,annual,588.0,,2025-10-10,,active
S007725,C007725,monthly,59.0,,2026-05-18,2026-06-21,canceled
S001419,C001419,monthly,59.0,,2025-04-13,,active
S001133,C001133,monthly,59.0,,2025-03-06,2025-06-01,canceled
S007557,C007557,monthly,59.0,,2026-04-26,2026-05-31,canceled
S001338,C001338,monthly,59.0,,2025-04-29,,active
S006353,C006353,annual,588.0,,2026-03-19,,active
S003675,C003675,annual,588.0,,2025-09-24,,active
S001871,C001871,monthly,59.0,,2025-05-07,,active
S006031,C006031,annual,588.0,,2026-02-15,,active
S004540,C004540,annual,588.0,,2025-11-16,,active
S003693,C003693,annual,588.0,,2025-09-06,2026-09-12,canceled
S007914,C007914,monthly,59.0,HARBOR50,2026-05-17,,active
S011619,C005566,annual,588.0,,2026-05-12,,active
S002243,C002243,annual,588.0,,2025-06-26,,active
S008210,C008210,monthly,59.0,,2026-05-19,,active
S000316,C000316,monthly,59.0,,2025-01-29,2025-05-03,canceled
S010918,C010918,monthly,59.0,HARBOR50,2026-08-06,,active
S004978,C004978,monthly,59.0,,2025-12-17,,active
S009974,C009974,monthly,59.0,HARBOR50,2026-07-17,,active
S007743,C007743,monthly,59.0,,2026-05-26,2026-08-23,canceled
S003674,C003674,monthly,59.0,,2025-09-29,,active
S008106,C008106,monthly,59.0,HARBOR50,2026-05-08,2026-09-11,canceled
S008088,C008088,monthly,59.0,,2026-05-03,,active
S001150,C001150,monthly,59.0,,2025-03-12,2026-01-10,canceled
S003554,C003554,monthly,59.0,,2025-09-29,2026-06-28,canceled
S007067,C007067,monthly,59.0,,2026-04-24,,active
S011488,C005769,annual,588.0,,2026-07-04,,active
S011297,C011297,monthly,59.0,HARBOR50,2026-09-07,,active
S009319,C009319,annual,588.0,,2026-07-12,,active
S004211,C004211,monthly,59.0,,2025-10-28,,active
S009829,C009829,monthly,59.0,HARBOR50,2026-07-29,,active
S001562,C001562,monthly,59.0,,2025-04-11,,active
S005837,C005837,annual,588.0,,2026-02-04,,active
S009976,C009976,monthly,59.0,HARBOR50,2026-07-12,,active
S011191,C011191,monthly,59.0,HARBOR50,2026-09-09,,active
S009308,C009308,monthly,59.0,HARBOR50,2026-06-08,,active
S000603,C000603,annual,588.0,,2025-02-02,,active
S003382,C003382,monthly,59.0,,2025-08-14,2025-10-12,canceled
S000508,C000508,monthly,59.0,,2025-02-11,2026-02-11,canceled
S009906,C009906,monthly,59.0,HARBOR50,2026-07-19,,active
S000293,C000293,monthly,59.0,,2025-01-04,,active
S011111,C011111,monthly,59.0,,2026-09-05,,active
S007720,C007720,monthly,59.0,,2026-05-14,,active
S005727,C005727,monthly,59.0,,2026-01-16,,active
S005555,C005555,monthly,59.0,,2026-01-23,,active
S004339,C004339,monthly,59.0,,2025-10-23,2026-05-24,canceled
S008060,C008060,annual,588.0,,2026-05-02,,active
S001454,C001454,monthly,59.0,,2025-04-29,2025-10-25,canceled
S006068,C006068,monthly,59.0,,2026-02-18,,active
S007608,C007608,monthly,59.0,HARBOR50,2026-04-17,2026-05-14,canceled
S007310,C007310,monthly,59.0,HARBOR50,2026-04-15,2026-09-12,canceled
S010251,C010251,monthly,59.0,,2026-08-20,,active
S001953,C001953,monthly,59.0,,2025-05-16,2025-12-14,canceled
S004724,C004724,monthly,59.0,,2025-11-13,,active
S009329,C009329,annual,588.0,,2026-07-24,,active
S007685,C007685,monthly,59.0,,2026-05-06,,active
S008305,C008305,monthly,59.0,,2026-05-31,,active
S010794,C010794,monthly,59.0,HARBOR50,2026-08-07,,active
S001642,C001642,monthly,59.0,,2025-04-28,2025-09-01,canceled
S010778,C010778,monthly,59.0,,2026-08-03,,active
S001515,C001515,monthly,59.0,,2025-04-23,,active
S003697,C003697,annual,588.0,,2025-09-07,,active
S010342,C010342,monthly,59.0,,2026-08-19,,active
S009860,C009860,monthly,59.0,HARBOR50,2026-07-30,,active
S006670,C006670,monthly,59.0,HARBOR50,2026-03-31,,active
S000579,C000579,annual,588.0,,2025-02-05,,active
S000470,C000470,monthly,59.0,,2025-02-11,,active
S011313,C011313,monthly,59.0,HARBOR50,2026-09-01,,active
S009099,C009099,monthly,59.0,HARBOR50,2026-06-06,,active
S002915,C002915,monthly,59.0,,2025-07-23,,active
S004982,C004982,annual,588.0,,2025-12-12,,active
S010048,C010048,annual,588.0,,2026-07-11,,active
S011075,C011075,monthly,59.0,,2026-09-12,,active
S010994,C010994,monthly,59.0,HARBOR50,2026-08-20,,active
S009791,C009791,monthly,59.0,HARBOR50,2026-07-14,,active
S009048,C009048,monthly,59.0,HARBOR50,2026-06-06,,active
S007980,C007980,monthly,59.0,HARBOR50,2026-05-17,,active
S002858,C002858,monthly,59.0,,2025-07-30,,active
S009023,C009023,monthly,59.0,HARBOR50,2026-06-22,,active
S011280,C011280,monthly,59.0,HARBOR50,2026-09-02,,active
S001555,C001555,monthly,59.0,,2025-04-26,,active
S006349,C006349,annual,588.0,,2026-03-05,,active
S009489,C009489,annual,588.0,,2026-07-20,,active
S011455,C011455,monthly,59.0,COMP100,2026-07-31,2026-07-31,canceled
S011175,C011175,monthly,59.0,,2026-09-09,,active
S002889,C002889,annual,588.0,,2025-07-12,,active
S006835,C006835,monthly,59.0,HARBOR50,2026-03-20,,active
S011334,C011334,monthly,59.0,HARBOR50,2026-09-14,,active
S001513,C001513,monthly,59.0,,2025-04-02,,active
S005403,C005403,monthly,59.0,,2026-01-25,,active
S002581,C002581,monthly,59.0,,2025-07-06,2026-05-06,canceled
S002189,C002189,monthly,59.0,,2025-06-28,,active
S011634,C004058,annual,588.0,,2026-08-09,,active
S000238,C000238,monthly,59.0,,2025-01-03,,active
S003891,C003891,annual,588.0,,2025-10-07,,active
S003576,C003576,monthly,59.0,,2025-09-30,,active
S007194,C007194,monthly,59.0,,2026-04-15,,active
S006631,C006631,monthly,59.0,HARBOR50,2026-03-01,,active
S003260,C003260,monthly,59.0,,2025-08-28,,active
S006878,C006878,monthly,59.0,,2026-04-05,,active
S002975,C002975,monthly,59.0,,2025-08-31,,active
S006787,C006787,monthly,59.0,HARBOR50,2026-03-17,,active
S001853,C001853,monthly,59.0,,2025-05-01,,active
S010138,C010138,monthly,59.0,,2026-08-02,,active
S009812,C009812,monthly,59.0,HARBOR50,2026-07-27,,active
S006563,C006563,monthly,59.0,,2026-03-08,,active
S002653,C002653,monthly,59.0,,2025-07-16,,active
S002026,C002026,monthly,59.0,,2025-05-11,2026-01-10,canceled
S004177,C004177,monthly,59.0,,2025-10-14,2026-04-15,canceled
S001829,C001829,monthly,59.0,,2025-05-13,,active
S004532,C004532,monthly,59.0,,2025-11-27,,active
S010493,C010493,annual,588.0,,2026-08-29,,active
S009935,C009935,monthly,59.0,,2026-07-03,,active
S010365,C010365,annual,588.0,,2026-08-17,,active
S007841,C007841,monthly,59.0,HARBOR50,2026-05-19,2026-05-12,canceled
S004399,C004399,monthly,59.0,,2025-11-27,,active
S008705,C008705,monthly,59.0,,2026-06-11,,active
S006099,C006099,monthly,59.0,,2026-02-25,2026-04-23,canceled
S004336,C004336,monthly,59.0,,2025-10-08,,active
S008136,C008136,monthly,59.0,HARBOR50,2026-05-30,,active
S002047,C002047,monthly,59.0,,2025-05-13,,active
S003450,C003450,annual,588.0,,2025-09-30,,active
S008142,C008142,monthly,59.0,HARBOR50,2026-05-06,,active
S010137,C010137,monthly,59.0,,2026-08-09,,active
S011350,C011350,monthly,59.0,COMP100,2026-01-06,2026-01-09,canceled
S006702,C006702,monthly,59.0,HARBOR50,2026-03-09,,active
S006129,C006129,monthly,59.0,,2026-02-08,,canceled
S009171,C009171,monthly,59.0,HARBOR50,2026-06-21,,active
S006778,C006778,monthly,59.0,,2026-03-14,,active
S006241,C006241,annual,588.0,,2026-03-09,,active
S000449,C000449,monthly,59.0,,2025-02-19,2025-10-19,canceled
S006174,C006174,monthly,59.0,,2026-02-02,,active
S003508,C003508,monthly,59.0,,2025-09-05,,active
S004889,C004889,annual,588.0,,2025-12-01,,active
S010867,C010867,monthly,59.0,,2026-08-26,,active
S000623,C000623,monthly,59.0,,2025-02-24,,active
S008332,C008332,monthly,59.0,HARBOR50,2026-05-04,,active
S011543,C000569,annual,588.0,,2025-09-11,,active
S007832,C007832,monthly,59.0,,2026-05-01,,active
S008301,C008301,monthly,59.0,,2026-05-14,,active
S004279,C004279,monthly,59.0,,2025-10-24,,active
S010116,C010116,annual,588.0,,2026-08-13,,active
S010302,C010302,annual,588.0,,2026-08-16,,active
S004111,C004111,monthly,59.0,,2025-10-20,,active
S008820,C008820,monthly,59.0,HARBOR50,2026-06-04,2026-08-02,canceled
S008476,C008476,monthly,59.0,,2026-06-16,,active
S000960,C000960,annual,588.0,,2025-03-07,,canceled
S004794,C004794,monthly,59.0,,2025-11-24,,active
S002000,C002000,annual,588.0,,2025-05-31,2026-06-02,canceled
S008910,C008910,monthly,59.0,HARBOR50,2026-06-14,,active
S010359,C010359,monthly,59.0,,2026-08-19,,active
S004238,C004238,annual,588.0,,2025-10-28,,active
S002780,C002780,monthly,59.0,,2025-07-15,,active
S008979,C008979,monthly,59.0,,2026-06-04,2026-09-03,canceled
S004942,C004942,monthly,59.0,,2025-12-30,,active
S002095,C002095,monthly,59.0,,2025-05-08,,active
S008781,C008781,monthly,59.0,,2026-06-18,,active
S004363,C004363,annual,588.0,,2025-11-01,,active
S007939,C007939,monthly,59.0,,2026-05-06,,active
S000828,C000828,monthly,59.0,,2025-03-27,,active
S001423,C001423,annual,588.0,,2025-04-03,,active
S003241,C003241,monthly,59.0,,2025-08-23,2026-01-25,canceled
S008121,C008121,monthly,59.0,HARBOR50,2026-05-02,2026-08-31,canceled
S000676,C000676,monthly,59.0,,2025-02-08,,active
S008284,C008284,annual,588.0,,2026-05-23,,active
S003513,C003513,monthly,59.0,,2025-09-03,,active
S000798,C000798,annual,588.0,,2025-02-15,2026-02-21,canceled
S007141,C007141,monthly,59.0,,2026-04-14,2026-05-09,canceled
S003996,C003996,monthly,59.0,,2025-10-28,2026-05-29,canceled
S001631,C001631,monthly,59.0,,2025-04-29,,active
S002821,C002821,monthly,59.0,,2025-07-10,,active
S007900,C007900,monthly,59.0,,2026-05-16,2026-06-14,canceled
S011268,C011268,monthly,59.0,HARBOR50,2026-09-08,,active
S011646,C000358,annual,588.0,,2025-06-22,,active
S003134,C003134,monthly,59.0,,2025-08-04,,active
S003598,C003598,monthly,59.0,,2025-09-18,,active
S005160,C005160,annual,588.0,,2025-12-01,,active
S001498,C001498,annual,588.0,,2025-04-08,,active
S009425,C009425,annual,588.0,,2026-07-01,,active
S006700,C006700,monthly,59.0,HARBOR50,2026-03-25,2026-04-20,canceled
S000507,C000507,monthly,59.0,,2025-02-05,2025-08-31,canceled
S003052,C003052,monthly,59.0,,2025-08-13,,active
S005031,C005031,monthly,59.0,,2025-12-25,,active
S006254,C006254,monthly,59.0,,2026-03-26,,active
S009297,C009297,monthly,59.0,HARBOR50,2026-06-25,,active
S002623,C002623,monthly,59.0,,2025-07-22,,active
S006709,C006709,monthly,59.0,HARBOR50,2026-03-29,2026-08-31,canceled
S005402,C005402,monthly,59.0,,2026-01-01,,active
S007304,C007304,monthly,59.0,HARBOR50,2026-04-11,,active
S003785,C003785,monthly,59.0,,2025-09-18,2025-12-13,canceled
S008236,C008236,monthly,59.0,,2026-05-21,,active
S007014,C007014,monthly,59.0,,2026-04-17,,active
S006755,C006755,monthly,59.0,HARBOR50,2026-03-14,,active
S002396,C002396,monthly,59.0,,2025-06-17,2025-10-15,canceled
S005398,C005398,monthly,59.0,,2026-01-03,,active
S002198,C002198,monthly,59.0,,2025-06-30,,active
S001975,C001975,monthly,59.0,,2025-05-03,,active
S007455,C007455,monthly,59.0,HARBOR50,2026-04-30,2026-08-25,canceled
S001896,C001896,monthly,59.0,,2025-05-13,2026-08-09,canceled
S008382,C008382,monthly,59.0,HARBOR50,2026-05-10,2026-09-09,canceled
S009931,C009931,monthly,59.0,HARBOR50,2026-07-02,,active
S008192,C008192,monthly,59.0,,2026-05-23,,active
S001397,C001397,monthly,59.0,,2025-04-29,,active
S010239,C010239,monthly,59.0,,2026-08-31,,active
S008023,C008023,monthly,59.0,HARBOR50,2026-05-19,,active
S010177,C010177,monthly,59.0,,2026-08-01,,active
S009918,C009918,monthly,59.0,HARBOR50,2026-07-21,,active
S006123,C006123,monthly,59.0,,2026-02-17,,active
S001954,C001954,monthly,59.0,,2025-05-03,,active
S000081,C000081,monthly,59.0,,2025-01-28,,active
S009486,C009486,monthly,59.0,,2026-07-01,,active
S007819,C007819,monthly,59.0,,2026-05-02,2026-05-09,canceled
S002109,C002109,monthly,59.0,,2025-06-29,,active
S004144,C004144,monthly,59.0,,2025-10-02,,active
S005098,C005098,monthly,59.0,,2025-12-01,,active
S007902,C007902,monthly,59.0,,2026-05-19,,active
S004224,C004224,monthly,59.0,,2025-10-06,,active
S006651,C006651,monthly,59.0,HARBOR50,2026-03-28,2026-07-31,canceled
S006553,C006553,monthly,59.0,,2026-03-04,,active
S001761,C001761,monthly,59.0,,2025-05-19,2026-07-22,canceled
S008369,C008369,monthly,59.0,,2026-05-29,,active
S010081,C010081,monthly,59.0,HARBOR50,2026-07-07,,active
S000311,C000311,monthly,59.0,,2025-01-07,2025-04-08,canceled
S001465,C001465,monthly,59.0,,2025-04-01,,active
S000706,C000706,monthly,59.0,,2025-02-11,,active
S006214,C006214,monthly,59.0,,2026-03-11,,active
S010555,C010555,monthly,59.0,,2026-08-18,,active
S010653,C010653,monthly,59.0,HARBOR50,2026-08-31,,active
S006006,C006006,monthly,59.0,,2026-02-21,,active
S004405,C004405,annual,588.0,,2025-11-02,2025-11-07,canceled
S006522,C006522,monthly,59.0,,2026-03-14,,active
S001381,C001381,monthly,59.0,,2025-04-08,2026-05-12,canceled
S009975,C009975,monthly,59.0,HARBOR50,2026-07-29,,active
S003031,C003031,monthly,59.0,,2025-08-11,,active
S007257,C007257,monthly,59.0,HARBOR50,2026-04-19,2026-08-23,canceled
S005081,C005081,monthly,59.0,,2025-12-01,,active
S000680,C000680,monthly,59.0,,2025-02-06,2025-04-07,canceled
S002484,C002484,monthly,59.0,,2025-06-15,,active
S004237,C004237,monthly,59.0,,2025-10-07,2026-08-12,canceled
S008735,C008735,monthly,59.0,,2026-06-09,,active
S010470,C010470,annual,588.0,,2026-08-12,,active
S010935,C010935,monthly,59.0,HARBOR50,2026-08-14,,active
S005273,C005273,monthly,59.0,,2025-12-18,2026-03-22,canceled
S007811,C007811,monthly,59.0,,2026-05-02,,active
S002570,C002570,monthly,59.0,,2025-07-16,2025-08-17,canceled
S007656,C007656,monthly,59.0,,2026-05-10,,active
S002254,C002254,annual,588.0,,2025-06-03,2026-06-05,canceled
S005921,C005921,monthly,59.0,,2026-02-22,,active
S011395,C011395,monthly,59.0,COMP100,2025-01-09,2025-01-12,canceled
S010980,C010980,monthly,59.0,HARBOR50,2026-08-09,,active
S010345,C010345,monthly,59.0,,2026-08-14,,active
S005229,C005229,annual,588.0,,2025-12-11,,active
S004664,C004664,monthly,59.0,,2025-11-11,,active
S004039,C004039,monthly,59.0,,2025-10-26,,active
S006557,C006557,monthly,59.0,,2026-03-24,,active
S007689,C007689,monthly,59.0,,2026-05-18,,active
S000796,C000796,monthly,59.0,,2025-02-14,2026-07-22,canceled
S004371,C004371,monthly,59.0,,2025-11-16,,active
S008779,C008779,monthly,59.0,,2026-06-23,,active
S007650,C007650,monthly,59.0,HARBOR50,2026-04-30,,active
S003672,C003672,monthly,59.0,,2025-09-28,,active
S002147,C002147,monthly,59.0,,2025-06-20,2025-07-20,canceled
S004179,C004179,annual,588.0,,2025-10-29,,active
S005360,C005360,monthly,59.0,,2026-01-02,,active
S005309,C005309,monthly,59.0,,2026-01-09,,active
S010695,C010695,monthly,59.0,HARBOR50,2026-08-07,,active
S003801,C003801,monthly,59.0,,2025-09-03,,active
S000581,C000581,annual,588.0,,2025-02-13,,active
S010427,C010427,monthly,59.0,,2026-08-08,,active
S003811,C003811,monthly,59.0,,2025-09-12,,active
S010096,C010096,monthly,59.0,HARBOR50,2026-07-19,,active
S008436,C008436,monthly,59.0,,2026-06-11,,active
S008606,C008606,monthly,59.0,,2026-06-16,,active
S002872,C002872,monthly,59.0,,2025-07-08,,active
S001737,C001737,annual,588.0,,2025-05-13,,active
S005382,C005382,annual,588.0,,2026-01-01,,active
S000444,C000444,monthly,59.0,,2025-02-03,,active
S003246,C003246,monthly,59.0,,2025-08-29,2026-05-27,canceled
S003902,C003902,annual,588.0,,2025-10-27,,active
S011275,C011275,monthly,59.0,HARBOR50,2026-09-13,,active
S003184,C003184,monthly,59.0,,2025-08-22,2025-12-22,canceled
S001491,C001491,annual,588.0,,2025-04-10,,active
S007169,C007169,monthly,59.0,,2026-04-03,,active
S000629,C000629,annual,588.0,,2025-02-28,,active
S006368,C006368,annual,588.0,,2026-03-26,,active
S011116,C011116,monthly,59.0,,2026-09-12,,active
S008352,C008352,monthly,59.0,HARBOR50,2026-05-27,,active
S004736,C004736,annual,588.0,,2025-11-22,,active
S002644,C002644,monthly,59.0,,2025-07-18,,active
S010718,C010718,monthly,59.0,HARBOR50,2026-08-16,,active
S000075,C000075,monthly,59.0,,2025-01-17,2026-05-15,canceled
S003619,C003619,monthly,59.0,,2025-09-17,,active
S007783,C007783,monthly,59.0,,2026-05-31,,active
S006212,C006212,monthly,59.0,,2026-03-12,,active
S004059,C004059,annual,588.0,,2025-10-10,,active
S008426,C008426,monthly,59.0,,2026-06-30,,active
S003815,C003815,monthly,59.0,,2025-09-05,2025-10-09,canceled
S002976,C002976,monthly,59.0,,2025-08-28,,active
S005782,C005782,monthly,59.0,,2026-02-18,,active
S008206,C008206,monthly,59.0,HARBOR50,2026-05-05,2026-09-02,canceled
S007849,C007849,monthly,59.0,,2026-05-27,,active
S011252,C011252,monthly,59.0,HARBOR50,2026-09-13,,active
S001265,C001265,monthly,59.0,,2025-04-01,,active
S004830,C004830,monthly,59.0,,2025-12-01,,active
S008309,C008309,monthly,59.0,HARBOR50,2026-05-01,,active
S006886,C006886,monthly,59.0,,2026-04-15,,active
S006325,C006325,monthly,59.0,,2026-03-17,,active
S000388,C000388,monthly,59.0,,2025-01-13,2025-04-18,canceled
S007668,C007668,monthly,59.0,,2026-05-06,,active
S010912,C010912,monthly,59.0,HARBOR50,2026-08-30,,active
S000545,C000545,monthly,59.0,,2025-02-26,2025-03-23,canceled
S011307,C011307,monthly,59.0,HARBOR50,2026-09-08,,active
S005106,C005106,monthly,59.0,,2025-12-19,,active
S007062,C007062,annual,588.0,,2026-04-19,,active
S007629,C007629,monthly,59.0,HARBOR50,2026-04-26,,active
S010614,C010614,monthly,59.0,,2026-08-18,,active
S004009,C004009,monthly,59.0,,2025-10-30,,active
S008205,C008205,monthly,59.0,HARBOR50,2026-05-04,2026-08-29,canceled
S002248,C002248,monthly,59.0,,2025-06-09,,active
S006379,C006379,annual,588.0,,2026-03-24,,active
S003731,C003731,annual,588.0,,2025-09-29,,active
S009997,C009997,monthly,59.0,HARBOR50,2026-07-13,,active
S006092,C006092,monthly,59.0,,2026-02-05,,active
S004565,C004565,monthly,59.0,,2025-11-07,,canceled
S008203,C008203,monthly,59.0,HARBOR50,2026-05-05,,active
S003307,C003307,monthly,59.0,,2025-08-04,2026-03-01,canceled
S008360,C008360,monthly,59.0,HARBOR50,2026-05-16,,active
S001254,C001254,monthly,59.0,,2025-03-31,,active
S000025,C000025,annual,588.0,,2025-01-22,,active
S003182,C003182,annual,588.0,,2025-08-06,,active
S004906,C004906,annual,588.0,,2025-12-28,,active
S000219,C000219,monthly,59.0,,2025-01-28,,active
S000857,C000857,monthly,59.0,,2025-03-28,,active
S009868,C009868,monthly,59.0,HARBOR50,2026-07-19,,active
S009336,C009336,monthly,59.0,,2026-07-28,,active
S002487,C002487,monthly,59.0,,2025-06-06,,active
S004097,C004097,monthly,59.0,,2025-10-20,,active
S000187,C000187,monthly,59.0,,2025-01-29,,active
S011231,C011231,monthly,59.0,HARBOR50,2026-09-01,,active
S011237,C011237,monthly,59.0,HARBOR50,2026-09-13,,active
S003443,C003443,monthly,59.0,,2025-09-03,2026-07-08,canceled
S008475,C008475,monthly,59.0,,2026-06-10,,active
S004839,C004839,annual,588.0,,2025-12-23,,active
S000919,C000919,annual,588.0,,2025-03-01,,active
S008507,C008507,monthly,59.0,,2026-06-28,2026-07-04,canceled
S006812,C006812,monthly,59.0,HARBOR50,2026-03-27,,active
S009987,C009987,monthly,59.0,HARBOR50,2026-07-16,,active
S009359,C009359,monthly,59.0,,2026-07-30,,active
S000399,C000399,annual,588.0,,2025-02-25,,active
S000811,C000811,monthly,59.0,,2025-02-04,2025-12-31,canceled
S004829,C004829,monthly,59.0,,2025-12-05,,active
S004205,C004205,monthly,59.0,,2025-10-28,2026-01-01,canceled
S004628,C004628,monthly,59.0,,2025-11-04,,active
S000379,C000379,annual,588.0,,2025-01-16,,active
S000062,C000062,monthly,59.0,,2025-01-04,,active
S010811,C010811,monthly,59.0,HARBOR50,2026-08-01,,active
S001492,C001492,monthly,59.0,,2025-04-09,2025-07-13,canceled
S006037,C006037,monthly,59.0,,2026-02-07,,active
S008314,C008314,monthly,59.0,HARBOR50,2026-05-27,,active
S005201,C005201,monthly,59.0,,2025-12-25,,active
S001971,C001971,monthly,59.0,,2025-05-05,2025-10-07,canceled
S000889,C000889,monthly,59.0,,2025-03-19,,active
S005091,C005091,monthly,59.0,,2025-12-02,2026-07-31,canceled
S002471,C002471,monthly,59.0,,2025-06-27,,active
S002391,C002391,annual,588.0,,2025-06-12,,active
S007486,C007486,monthly,59.0,,2026-04-03,,active
S009694,C009694,monthly,59.0,HARBOR50,2026-07-09,,active
S001891,C001891,monthly,59.0,,2025-05-07,2026-08-31,canceled
S009715,C009715,monthly,59.0,HARBOR50,2026-07-07,,active
S009753,C009753,monthly,59.0,,2026-07-25,,active
S002167,C002167,annual,588.0,,2025-06-08,,active
S005009,C005009,monthly,59.0,,2025-12-28,,active
S008800,C008800,monthly,59.0,,2026-06-16,2026-08-16,canceled
S008172,C008172,monthly,59.0,HARBOR50,2026-05-26,,active
S003938,C003938,monthly,59.0,,2025-10-24,2026-03-25,canceled
S008069,C008069,monthly,59.0,HARBOR50,2026-05-02,,active
S010704,C010704,monthly,59.0,,2026-08-10,,active
S006147,C006147,monthly,59.0,,2026-02-11,,active
S008923,C008923,monthly,59.0,HARBOR50,2026-06-05,2026-08-07,canceled
S008510,C008510,monthly,59.0,,2026-06-10,2026-08-13,canceled
S008734,C008734,monthly,59.0,,2026-06-21,,active
S000532,C000532,monthly,59.0,,2025-02-22,,active
S011442,C011442,monthly,59.0,COMP100,2026-08-14,2026-08-18,canceled
S001306,C001306,monthly,59.0,,2025-04-08,2025-07-02,canceled
S002366,C002366,monthly,59.0,,2025-06-26,,active
S000429,C000429,annual,588.0,,2025-02-11,,active
S000131,C000131,monthly,59.0,,2025-01-26,,active
S001072,C001072,monthly,59.0,,2025-03-02,2026-09-03,canceled
S008866,C008866,monthly,59.0,HARBOR50,2026-06-07,,active
S000999,C000999,annual,588.0,,2025-03-03,,active
S000541,C000541,monthly,59.0,,2025-02-06,,active
S002566,C002566,monthly,59.0,,2025-07-02,,active
S011589,C005912,annual,588.0,,2026-07-02,,active
S002019,C002019,monthly,59.0,,2025-05-18,,active
S005989,C005989,monthly,59.0,,2026-02-28,,active
S005633,C005633,monthly,59.0,,2026-01-09,,active
S010267,C010267,monthly,59.0,,2026-08-05,,active
S009237,C009237,monthly,59.0,HARBOR50,2026-06-03,,active
S005235,C005235,annual,588.0,,2025-12-25,,active
S005755,C005755,monthly,59.0,,2026-02-27,,active
S005266,C005266,monthly,59.0,,2025-12-06,2026-08-01,canceled
S008505,C008505,monthly,59.0,,2026-06-08,,active
S010518,C010518,monthly,59.0,,2026-08-04,,active
S000691,C000691,monthly,59.0,,2025-02-09,2025-03-09,canceled
S004841,C004841,annual,588.0,,2025-12-01,,active
S001556,C001556,monthly,59.0,,2025-04-28,,active
S006555,C006555,monthly,59.0,,2026-03-30,,active
S009516,C009516,monthly,59.0,,2026-07-31,,active
S009045,C009045,monthly,59.0,HARBOR50,2026-06-25,2026-07-25,canceled
S001398,C001398,monthly,59.0,,2025-04-21,,active
S007584,C007584,monthly,59.0,HARBOR50,2026-04-16,,active
S009664,C009664,monthly,59.0,,2026-07-21,,active
S002293,C002293,annual,588.0,,2025-06-04,,active
S003690,C003690,monthly,59.0,,2025-09-25,,active
S009137,C009137,monthly,59.0,HARBOR50,2026-06-22,,active
S004306,C004306,monthly,59.0,,2025-10-10,2026-04-09,canceled
S006157,C006157,monthly,59.0,,2026-02-14,,active
S004513,C004513,monthly,59.0,,2025-11-26,,active
S010248,C010248,monthly,59.0,,2026-08-07,,active
S011606,C004290,annual,588.0,,2026-07-13,,active
S002357,C002357,monthly,59.0,,2025-06-05,2025-07-08,canceled
S009500,C009500,monthly,59.0,,2026-07-08,,active
S006999,C006999,annual,588.0,,2026-04-04,,active
S010153,C010153,monthly,59.0,,2026-08-22,,active
S000707,C000707,monthly,59.0,,2025-02-24,,active
S004497,C004497,monthly,59.0,,2025-11-27,,active
S010363,C010363,monthly,59.0,,2026-08-06,,active
S011312,C011312,monthly,59.0,HARBOR50,2026-09-08,,active
S007865,C007865,annual,588.0,,2026-05-18,,active
S006515,C006515,monthly,59.0,,2026-03-15,,active
S009558,C009558,monthly,59.0,,2026-07-24,,active
S004151,C004151,monthly,59.0,,2025-10-23,,active
S000744,C000744,monthly,59.0,,2025-02-24,2025-05-24,canceled
S011308,C011308,monthly,59.0,HARBOR50,2026-09-06,,active
S006708,C006708,monthly,59.0,HARBOR50,2026-03-16,,active
S010947,C010947,monthly,59.0,HARBOR50,2026-08-24,,active
S002649,C002649,monthly,59.0,,2025-07-22,,active
S005271,C005271,monthly,59.0,,2025-12-25,,active
S006890,C006890,monthly,59.0,,2026-04-09,,active
S003809,C003809,annual,588.0,,2025-09-20,,active
S003867,C003867,annual,588.0,,2025-10-10,,active
S004393,C004393,annual,588.0,,2025-11-05,,active
S001839,C001839,annual,588.0,,2025-05-23,2026-05-29,canceled
S004612,C004612,monthly,59.0,,2025-11-10,,active
S008592,C008592,monthly,59.0,,2026-06-30,,active
S008084,C008084,monthly,59.0,HARBOR50,2026-05-20,2026-05-23,canceled
S007289,C007289,monthly,59.0,HARBOR50,2026-04-16,,active
S004236,C004236,monthly,59.0,,2025-10-05,2026-08-11,canceled
S008578,C008578,annual,588.0,,2026-06-05,,active
S010565,C010565,monthly,59.0,HARBOR50,2026-08-28,2026-09-10,canceled
S003321,C003321,monthly,59.0,,2025-08-26,,active
S002265,C002265,annual,588.0,,2025-06-18,,active
S003545,C003545,monthly,59.0,,2025-09-04,,active
S008596,C008596,monthly,59.0,,2026-06-25,2026-07-20,canceled
S001314,C001314,monthly,59.0,,2025-04-04,2025-12-05,canceled
S010063,C010063,monthly,59.0,HARBOR50,2026-07-04,,active
S004713,C004713,monthly,59.0,,2025-11-24,,active
S005463,C005463,monthly,59.0,,2026-01-07,,active
S007021,C007021,monthly,59.0,,2026-04-12,,active
S010139,C010139,monthly,59.0,,2026-08-19,,active
S002400,C002400,annual,588.0,,2025-06-09,,active
S003725,C003725,monthly,59.0,,2025-09-21,,active
S004792,C004792,monthly,59.0,,2025-11-14,,active
S002902,C002902,monthly,59.0,,2025-07-29,,active
S005441,C005441,annual,588.0,,2026-01-19,,active
S001268,C001268,annual,588.0,,2025-04-10,2026-04-16,canceled
S011499,C005745,annual,588.0,,2026-08-11,,active
S005685,C005685,monthly,59.0,,2026-01-01,2026-06-28,canceled
S010172,C010172,annual,588.0,,2026-08-22,,active
S007184,C007184,monthly,59.0,,2026-04-17,,active
S002407,C002407,monthly,59.0,,2025-06-11,,active
S003632,C003632,monthly,59.0,,2025-09-16,2025-12-18,canceled
S006925,C006925,monthly,59.0,,2026-04-09,,active
S009039,C009039,monthly,59.0,HARBOR50,2026-06-04,,active
S009061,C009061,monthly,59.0,HARBOR50,2026-06-13,,active
S010952,C010952,monthly,59.0,HARBOR50,2026-08-03,,active
S010891,C010891,monthly,59.0,HARBOR50,2026-08-16,,active
S000271,C000271,monthly,59.0,,2025-01-16,,active
S003615,C003615,annual,588.0,,2025-09-26,,active
S007227,C007227,monthly,59.0,HARBOR50,2026-04-23,,active
S005884,C005884,monthly,59.0,,2026-02-12,2026-06-14,canceled
S010751,C010751,monthly,59.0,HARBOR50,2026-08-24,,active
S005543,C005543,monthly,59.0,,2026-01-23,,active
S009427,C009427,annual,588.0,,2026-07-03,,active
S009150,C009150,monthly,59.0,HARBOR50,2026-06-11,,active
S005760,C005760,monthly,59.0,,2026-02-27,2026-05-29,canceled
S006468,C006468,annual,588.0,,2026-03-09,,active
S008901,C008901,monthly,59.0,HARBOR50,2026-06-08,,active
S004452,C004452,monthly,59.0,,2025-11-07,,active
S003770,C003770,monthly,59.0,,2025-09-25,2025-11-29,canceled
S009432,C009432,annual,588.0,,2026-07-13,,active
S006276,C006276,monthly,59.0,,2026-03-20,,active
S004071,C004071,annual,588.0,,2025-10-20,,active
S001796,C001796,annual,588.0,,2025-05-05,,active
S008358,C008358,monthly,59.0,HARBOR50,2026-05-30,,active
S006417,C006417,monthly,59.0,,2026-03-03,2026-07-03,canceled
S001446,C001446,monthly,59.0,,2025-04-23,2025-05-19,canceled
S000206,C000206,monthly,59.0,,2025-01-08,,active
S003605,C003605,monthly,59.0,,2025-09-25,,active
S011318,C011318,monthly,59.0,HARBOR50,2026-09-02,,active
S005396,C005396,monthly,59.0,,2026-01-11,2026-02-04,canceled
S008587,C008587,monthly,59.0,,2026-06-16,,active
S001290,C001290,annual,588.0,,2025-04-13,2026-04-15,canceled
S006752,C006752,monthly,59.0,HARBOR50,2026-03-16,,active
S010557,C010557,monthly,59.0,HARBOR50,2026-08-22,,active
S004365,C004365,annual,588.0,,2025-11-26,,active
S008075,C008075,monthly,59.0,HARBOR50,2026-05-12,2026-08-13,canceled
S002141,C002141,monthly,59.0,,2025-06-15,,active
S006139,C006139,annual,588.0,,2026-02-21,,active
S004854,C004854,annual,588.0,,2025-12-07,,active
S008455,C008455,annual,588.0,,2026-06-29,,active
S006638,C006638,monthly,59.0,HARBOR50,2026-03-07,2026-09-09,canceled
S003704,C003704,annual,588.0,,2025-09-09,,active
S008123,C008123,monthly,59.0,HARBOR50,2026-05-11,,active
S001725,C001725,annual,588.0,,2025-05-08,2026-05-13,canceled
S001902,C001902,monthly,59.0,,2025-05-30,2025-12-26,canceled
S006804,C006804,monthly,59.0,HARBOR50,2026-03-18,2026-07-13,canceled
S006636,C006636,monthly,59.0,,2026-03-31,,active
S009721,C009721,monthly,59.0,HARBOR50,2026-07-26,,active
S000183,C000183,monthly,59.0,,2025-01-09,,active
S004642,C004642,monthly,59.0,,2025-11-06,2026-05-09,canceled
S000153,C000153,monthly,59.0,,2025-01-05,2025-06-04,canceled
S001209,C001209,monthly,59.0,,2025-03-07,2026-01-07,canceled
S011655,C003285,annual,588.0,,2026-06-26,,active
S005573,C005573,monthly,59.0,,2026-01-22,,active
S009818,C009818,monthly,59.0,HARBOR50,2026-07-03,,active
S003618,C003618,monthly,59.0,,2025-09-19,2026-05-22,canceled
S003055,C003055,monthly,59.0,,2025-08-03,2026-08-02,canceled
S000139,C000139,monthly,59.0,,2025-01-23,,active
S000696,C000696,monthly,59.0,,2025-02-21,,active
S009533,C009533,annual,588.0,,2026-07-20,,active
S009970,C009970,annual,588.0,,2026-07-09,,active
S000644,C000644,monthly,59.0,,2025-02-14,,active
S008962,C008962,monthly,59.0,HARBOR50,2026-06-08,,active
S009560,C009560,monthly,59.0,,2026-07-20,,active
S004495,C004495,monthly,59.0,,2025-11-21,2025-12-25,canceled
S003143,C003143,monthly,59.0,,2025-08-30,,active
S003594,C003594,monthly,59.0,,2025-09-06,,active
S010734,C010734,monthly,59.0,HARBOR50,2026-08-17,,active
S010003,C010003,monthly,59.0,HARBOR50,2026-07-13,,active
S006369,C006369,monthly,59.0,,2026-03-14,,active
S002352,C002352,monthly,59.0,,2025-06-04,,active
S009648,C009648,monthly,59.0,,2026-07-26,,active
S007564,C007564,monthly,59.0,HARBOR50,2026-04-08,,active
S003569,C003569,monthly,59.0,,2025-09-09,2025-10-01,canceled
S001857,C001857,annual,588.0,,2025-05-25,,active
S005719,C005719,monthly,59.0,,2026-01-22,,active
S007464,C007464,monthly,59.0,HARBOR50,2026-04-26,,active
S007035,C007035,monthly,59.0,,2026-04-16,,active
S005557,C005557,monthly,59.0,,2026-01-31,2026-08-29,canceled
S004593,C004593,monthly,59.0,,2025-11-27,,active
S010389,C010389,monthly,59.0,HARBOR50,2026-08-09,,active
S004478,C004478,monthly,59.0,,2025-11-09,,active
S002576,C002576,monthly,59.0,,2025-07-26,2026-07-23,canceled
S006949,C006949,monthly,59.0,,2026-04-08,,active
S007251,C007251,monthly,59.0,,2026-04-16,,active
S005757,C005757,annual,588.0,,2026-02-09,,active
S006299,C006299,monthly,59.0,,2026-03-05,,active
S011549,C002661,annual,588.0,,2025-12-20,,active
S003620,C003620,annual,588.0,,2025-09-21,,active
S003612,C003612,monthly,59.0,,2025-09-22,,active
S005193,C005193,annual,588.0,,2025-12-06,,active
S008652,C008652,annual,588.0,,2026-06-08,,active
S009452,C009452,annual,588.0,,2026-07-01,,active
S002586,C002586,monthly,59.0,,2025-07-01,2026-08-04,canceled
S009163,C009163,monthly,59.0,HARBOR50,2026-06-23,,active
S003743,C003743,monthly,59.0,,2025-09-01,,active
S010845,C010845,monthly,59.0,HARBOR50,2026-08-15,,active
S009501,C009501,monthly,59.0,,2026-07-28,,active
S007845,C007845,monthly,59.0,,2026-05-29,,active
S003018,C003018,monthly,59.0,,2025-08-04,,active
S009384,C009384,monthly,59.0,,2026-07-12,,active
S000994,C000994,annual,588.0,,2025-03-16,2026-03-16,canceled
S001834,C001834,annual,588.0,,2025-05-02,,active
S011678,C001856,annual,588.0,,2026-03-27,,active
S010284,C010284,monthly,59.0,,2026-08-18,,active
S001530,C001530,annual,588.0,,2025-04-24,,active
S006152,C006152,annual,588.0,,2026-02-09,,active
S007581,C007581,monthly,59.0,HARBOR50,2026-04-27,,active
S010973,C010973,monthly,59.0,HARBOR50,2026-08-19,,active
S004140,C004140,monthly,59.0,,2025-10-05,,active
S008692,C008692,monthly,59.0,HARBOR50,2026-06-03,,active
S007009,C007009,monthly,59.0,,2026-04-14,2026-07-18,canceled
S000045,C000045,monthly,59.0,,2025-01-25,,active
S000620,C000620,annual,588.0,,2025-02-23,,active
S002179,C002179,monthly,59.0,,2025-06-19,,active
S009680,C009680,monthly,59.0,,2026-07-21,,active
S007328,C007328,monthly,59.0,HARBOR50,2026-04-27,2026-08-28,canceled
S010677,C010677,monthly,59.0,HARBOR50,2026-08-23,,active
S003244,C003244,monthly,59.0,,2025-08-17,,active
S007944,C007944,annual,588.0,,2026-05-14,,active
S004122,C004122,monthly,59.0,,2025-10-22,,active
S002583,C002583,monthly,59.0,,2025-07-29,,active
S000972,C000972,monthly,59.0,,2025-03-06,2026-05-31,canceled
S007074,C007074,annual,588.0,,2026-04-07,,active
S000364,C000364,monthly,59.0,,2025-01-30,,active
S000463,C000463,monthly,59.0,,2025-02-03,2025-05-08,canceled
S007400,C007400,monthly,59.0,HARBOR50,2026-04-02,2026-09-04,canceled
S004808,C004808,monthly,59.0,,2025-11-29,,active
S006779,C006779,monthly,59.0,HARBOR50,2026-03-28,,active
S008341,C008341,monthly,59.0,HARBOR50,2026-05-10,,active
S002569,C002569,annual,588.0,,2025-07-20,,active
S010210,C010210,monthly,59.0,,2026-08-24,,active
S003575,C003575,monthly,59.0,,2025-09-25,2026-04-20,canceled
S011538,C000439,annual,588.0,,2025-07-23,,active
S002595,C002595,monthly,59.0,,2025-07-20,,active
S005423,C005423,annual,588.0,,2026-01-19,,active
S011564,C002847,annual,588.0,,2026-08-26,,active
S001854,C001854,monthly,59.0,,2025-05-23,,active
S004626,C004626,monthly,59.0,,2025-11-18,,active
S001316,C001316,monthly,59.0,,2025-04-20,,active
S005265,C005265,monthly,59.0,,2025-12-25,,active
S008788,C008788,annual,588.0,,2026-06-30,,active
S002798,C002798,monthly,59.0,,2025-07-23,2026-07-21,canceled
S004258,C004258,monthly,59.0,,2025-10-11,,active
S007995,C007995,monthly,59.0,,2026-05-17,,active
S004631,C004631,monthly,59.0,,2025-11-29,,active
S001733,C001733,annual,588.0,,2025-05-03,,active
S004965,C004965,annual,588.0,,2025-12-02,,active
S007681,C007681,monthly,59.0,,2026-05-25,,active
S005461,C005461,monthly,59.0,,2026-01-26,,active
S006660,C006660,monthly,59.0,,2026-03-18,,active
S010376,C010376,annual,588.0,,2026-08-07,,active
S011189,C011189,monthly,59.0,HARBOR50,2026-09-13,,active
S003623,C003623,monthly,59.0,,2025-09-17,2025-10-13,canceled
S010019,C010019,monthly,59.0,HARBOR50,2026-07-01,,active
S011087,C011087,annual,588.0,,2026-09-07,,active
S005070,C005070,monthly,59.0,,2025-12-25,,active
S003178,C003178,monthly,59.0,,2025-08-20,2025-12-25,canceled
S009525,C009525,monthly,59.0,HARBOR50,2026-07-03,,active
S004996,C004996,monthly,59.0,,2025-12-16,2026-03-19,canceled
S001212,C001212,annual,588.0,,2025-03-07,,active
S000464,C000464,monthly,59.0,,2025-02-06,2025-08-12,canceled
S004834,C004834,annual,588.0,,2025-12-17,,active
S009110,C009110,monthly,59.0,HARBOR50,2026-06-23,,active
S001951,C001951,monthly,59.0,,2025-05-20,,active
S000503,C000503,monthly,59.0,,2025-02-12,2025-09-17,canceled
S008733,C008733,monthly,59.0,,2026-06-01,,active
S004445,C004445,monthly,59.0,,2025-11-28,2026-01-25,canceled
S007161,C007161,monthly,59.0,,2026-04-28,,active
S004930,C004930,monthly,59.0,,2025-12-01,,active
S001102,C001102,monthly,59.0,,2025-03-17,2025-09-14,canceled
S001595,C001595,annual,588.0,,2025-04-02,,active
S002610,C002610,annual,588.0,,2025-07-14,2026-07-20,canceled
S005715,C005715,monthly,59.0,,2026-01-06,,active
S003950,C003950,monthly,59.0,,2025-10-16,,active
S004882,C004882,annual,588.0,,2025-12-29,,active
S008170,C008170,monthly,59.0,HARBOR50,2026-05-10,,active
S010255,C010255,monthly,59.0,,2026-08-06,,active
S005093,C005093,monthly,59.0,,2025-12-15,,active
S002529,C002529,annual,588.0,,2025-07-19,,active
S001712,C001712,monthly,59.0,,2025-05-26,,active
S006004,C006004,monthly,59.0,,2026-02-26,,active
S001266,C001266,monthly,59.0,,2025-04-19,,active
S010428,C010428,monthly,59.0,,2026-08-23,,active
S000372,C000372,monthly,59.0,,2025-01-07,2026-09-12,canceled
S009172,C009172,monthly,59.0,HARBOR50,2026-06-07,,active
S001766,C001766,monthly,59.0,,2025-05-21,2026-05-18,canceled
S004449,C004449,annual,588.0,,2025-11-28,,active
S001234,C001234,annual,588.0,,2025-03-14,,active
S003331,C003331,monthly,59.0,,2025-08-06,2025-08-05,canceled
S004743,C004743,monthly,59.0,,2025-11-21,,active
S002063,C002063,monthly,59.0,,2025-05-11,,active
S006434,C006434,monthly,59.0,,2026-03-01,,active
S005141,C005141,annual,588.0,,2025-12-17,,active
S001477,C001477,monthly,59.0,,2025-04-26,2026-01-28,canceled
S009855,C009855,monthly,59.0,HARBOR50,2026-07-15,,active
S005873,C005873,annual,588.0,,2026-02-23,,active
S000259,C000259,monthly,59.0,,2025-01-23,2026-03-19,canceled
S000233,C000233,monthly,59.0,,2025-01-19,,active
S005603,C005603,monthly,59.0,,2026-01-03,,active
S005875,C005875,annual,588.0,,2026-02-05,,active
S006186,C006186,monthly,59.0,,2026-02-10,,active
S000723,C000723,annual,588.0,,2025-02-13,,active
S005250,C005250,annual,588.0,,2025-12-25,,active
S008795,C008795,annual,588.0,,2026-06-02,,active
S011138,C011138,annual,588.0,,2026-09-06,,active
S003303,C003303,monthly,59.0,,2025-08-30,2026-08-05,canceled
S005083,C005083,monthly,59.0,,2025-12-08,,active
S002160,C002160,monthly,59.0,,2025-06-09,,active
S001978,C001978,annual,588.0,,2025-05-17,2026-05-21,canceled
S006927,C006927,monthly,59.0,,2026-04-25,,active
S003342,C003342,monthly,59.0,,2025-08-15,2025-09-15,canceled
S003895,C003895,monthly,59.0,,2025-10-06,,active
S011512,C006572,annual,588.0,,2026-08-26,,active
S003271,C003271,annual,588.0,,2025-08-06,,active
S000933,C000933,annual,588.0,,2025-03-11,,active
S006252,C006252,monthly,59.0,,2026-03-16,2026-07-12,canceled
S002740,C002740,monthly,59.0,,2025-07-20,,active
S003180,C003180,annual,588.0,,2025-08-05,,active
S002317,C002317,monthly,59.0,,2025-06-11,,active
S003864,C003864,monthly,59.0,,2025-10-19,,active
S005754,C005754,monthly,59.0,,2026-02-28,,active
S006098,C006098,monthly,59.0,,2026-02-04,,active
S007325,C007325,monthly,59.0,HARBOR50,2026-04-24,,active
S002302,C002302,annual,588.0,,2025-06-30,,active
S003819,C003819,monthly,59.0,,2025-09-13,2026-06-12,canceled
S007411,C007411,monthly,59.0,HARBOR50,2026-04-21,,active
S010015,C010015,monthly,59.0,HARBOR50,2026-07-28,,active
S004056,C004056,annual,588.0,,2025-10-08,,active
S001563,C001563,monthly,59.0,,2025-04-13,,active
S003073,C003073,monthly,59.0,,2025-08-19,2025-10-21,canceled
S000659,C000659,annual,588.0,,2025-02-01,,active
S001105,C001105,monthly,59.0,,2025-03-20,2025-06-13,canceled
S007749,C007749,monthly,59.0,,2026-05-17,,active
S005724,C005724,annual,588.0,,2026-01-31,,active
S003383,C003383,monthly,59.0,,2025-08-05,,active
S009546,C009546,annual,588.0,,2026-07-26,,active
S004469,C004469,monthly,59.0,,2025-11-11,,active
S006909,C006909,monthly,59.0,,2026-04-23,2026-08-19,canceled
S009809,C009809,monthly,59.0,HARBOR50,2026-07-28,,active
S010696,C010696,monthly,59.0,,2026-08-30,,active
S009465,C009465,monthly,59.0,,2026-07-04,,active
S002223,C002223,monthly,59.0,,2025-06-25,,active
S007605,C007605,monthly,59.0,HARBOR50,2026-04-01,2026-08-04,canceled
S009612,C009612,annual,588.0,,2026-07-16,,active
S008877,C008877,annual,588.0,,2026-06-12,,active
S003238,C003238,monthly,59.0,,2025-08-11,,active
S004924,C004924,monthly,59.0,,2025-12-21,,active
S004955,C004955,monthly,59.0,,2025-12-24,,active
S010024,C010024,monthly,59.0,HARBOR50,2026-07-07,,active
S009538,C009538,annual,588.0,,2026-07-14,,active
S009979,C009979,monthly,59.0,HARBOR50,2026-07-06,,active
S005406,C005406,monthly,59.0,,2026-01-18,,active
S004776,C004776,monthly,59.0,,2025-11-22,,active
S008713,C008713,monthly,59.0,,2026-06-01,,active
S002598,C002598,monthly,59.0,,2025-07-14,,active
S001901,C001901,monthly,59.0,,2025-05-28,2025-06-30,canceled
S005475,C005475,monthly,59.0,,2026-01-11,,active
S003762,C003762,monthly,59.0,,2025-09-28,2026-01-22,canceled
S007885,C007885,monthly,59.0,,2026-05-02,,active
S002852,C002852,monthly,59.0,,2025-07-23,2025-12-20,canceled
S010774,C010774,monthly,59.0,HARBOR50,2026-08-29,,active
S010419,C010419,monthly,59.0,,2026-08-07,,active
S009393,C009393,monthly,59.0,,2026-07-06,,active
S011109,C011109,monthly,59.0,,2026-09-07,,active
S003139,C003139,monthly,59.0,,2025-08-03,,active
S005953,C005953,monthly,59.0,,2026-02-24,,active
S011211,C011211,monthly,59.0,HARBOR50,2026-09-10,,active
S010777,C010777,monthly,59.0,,2026-08-04,,active
S009064,C009064,monthly,59.0,HARBOR50,2026-06-03,,active
S005114,C005114,monthly,59.0,,2025-12-08,,active
S011074,C011074,monthly,59.0,,2026-09-04,,active
S001229,C001229,annual,588.0,,2025-03-10,,active
S005634,C005634,monthly,59.0,,2026-01-29,,active
S003004,C003004,monthly,59.0,,2025-08-13,,canceled
S008512,C008512,monthly,59.0,,2026-06-03,,active
S006781,C006781,monthly,59.0,HARBOR50,2026-03-07,,active
S010815,C010815,monthly,59.0,HARBOR50,2026-08-06,,active
S002857,C002857,monthly,59.0,,2025-07-28,,active
S011036,C011036,monthly,59.0,,2026-09-06,,active
S003287,C003287,monthly,59.0,,2025-08-15,,active
S010392,C010392,monthly,59.0,,2026-08-22,,active
S010158,C010158,monthly,59.0,,2026-08-06,,active
S007896,C007896,monthly,59.0,,2026-05-18,,active
S004952,C004952,annual,588.0,,2025-12-12,,active
S008789,C008789,monthly,59.0,,2026-06-10,,active
S002488,C002488,monthly,59.0,,2025-06-19,,active
S002224,C002224,monthly,59.0,,2025-06-01,,active
S011531,C000982,annual,588.0,,2025-12-15,,active
S010941,C010941,monthly,59.0,HARBOR50,2026-08-20,,active
S004958,C004958,monthly,59.0,,2025-12-12,2026-02-08,canceled
S003213,C003213,annual,588.0,,2025-08-20,,active
S002382,C002382,monthly,59.0,,2025-06-08,,active
S000511,C000511,monthly,59.0,,2025-02-20,,active
S002781,C002781,annual,588.0,,2025-07-24,2026-07-29,canceled
S003377,C003377,monthly,59.0,,2025-08-16,,active
S007910,C007910,monthly,59.0,,2026-05-06,,active
S004607,C004607,monthly,59.0,,2025-11-23,,active
S010531,C010531,monthly,59.0,,2026-08-29,,active
S009843,C009843,monthly,59.0,HARBOR50,2026-07-29,,active
S009808,C009808,monthly,59.0,HARBOR50,2026-07-22,,active
S005622,C005622,annual,588.0,,2026-01-07,,active
S003314,C003314,monthly,59.0,,2025-08-04,,active
S003114,C003114,monthly,59.0,,2025-08-18,,active
S002882,C002882,annual,588.0,,2025-07-07,,active
S010000,C010000,monthly,59.0,,2026-07-27,,active
S003590,C003590,monthly,59.0,,2025-09-14,2025-09-20,canceled
S005901,C005901,monthly,59.0,,2026-02-09,,active
S004118,C004118,monthly,59.0,,2025-10-26,,active
S000577,C000577,monthly,59.0,,2025-02-07,,active
S000067,C000067,annual,588.0,,2025-01-04,2026-01-08,canceled
S002577,C002577,monthly,59.0,,2025-07-01,,active
S004939,C004939,monthly,59.0,,2025-12-07,,active
S006432,C006432,annual,588.0,,2026-03-14,,active
S002454,C002454,monthly,59.0,,2025-06-12,2025-07-13,canceled
S001963,C001963,monthly,59.0,,2025-05-24,2026-07-27,canceled
S003766,C003766,annual,588.0,,2025-09-27,,active
S004917,C004917,monthly,59.0,,2025-12-06,,active
S003453,C003453,annual,588.0,,2025-09-10,,active
S000267,C000267,monthly,59.0,,2025-01-05,2025-08-10,canceled
S011121,C011121,monthly,59.0,,2026-09-01,,active
S004322,C004322,monthly,59.0,,2025-10-09,,active
S009806,C009806,monthly,59.0,HARBOR50,2026-07-05,,active
S007280,C007280,monthly,59.0,HARBOR50,2026-04-06,,active
S008911,C008911,monthly,59.0,HARBOR50,2026-06-11,,active
S010538,C010538,monthly,59.0,,2026-08-18,,active
S010507,C010507,monthly,59.0,,2026-08-04,,active
S008867,C008867,monthly,59.0,HARBOR50,2026-06-29,,active
S003137,C003137,monthly,59.0,,2025-08-15,,active
S008167,C008167,monthly,59.0,,2026-05-30,,active
S005781,C005781,monthly,59.0,,2026-02-05,2026-04-08,canceled
S008526,C008526,annual,588.0,,2026-06-19,,active
S002405,C002405,monthly,59.0,,2025-06-14,,active
S003327,C003327,monthly,59.0,,2025-08-04,2025-10-29,canceled
S006591,C006591,annual,588.0,,2026-03-02,,active
S001332,C001332,monthly,59.0,,2025-04-17,,active
S010506,C010506,monthly,59.0,,2026-08-31,,active
S008482,C008482,monthly,59.0,,2026-06-01,,active
S000170,C000170,monthly,59.0,,2025-01-10,,active
S006992,C006992,annual,588.0,,2026-04-14,,active
S003016,C003016,monthly,59.0,,2025-08-04,2025-08-08,canceled
S001253,C001253,monthly,59.0,,2025-03-10,,active
S010511,C010511,annual,588.0,,2026-08-27,,active
S011640,C007476,annual,588.0,,2026-09-10,,active
S003558,C003558,annual,588.0,,2025-09-18,,active
S006836,C006836,monthly,59.0,HARBOR50,2026-03-28,,active
S007222,C007222,monthly,59.0,,2026-04-02,,active
S007302,C007302,monthly,59.0,HARBOR50,2026-04-19,2026-08-20,canceled
S005550,C005550,monthly,59.0,,2026-01-12,2026-08-16,canceled
S005612,C005612,monthly,59.0,,2026-01-17,,active
S001679,C001679,monthly,59.0,,2025-05-31,,active
S008855,C008855,monthly,59.0,HARBOR50,2026-06-25,,active
S001161,C001161,annual,588.0,,2025-03-10,,active
S000103,C000103,annual,588.0,,2025-01-22,,active
S003489,C003489,monthly,59.0,,2025-09-13,2026-05-14,canceled
S011576,C002918,annual,588.0,,2026-05-25,,active
S000478,C000478,monthly,59.0,,2025-02-03,2025-05-08,canceled
S005659,C005659,monthly,59.0,,2026-01-28,,active
S001947,C001947,annual,588.0,,2025-05-03,,active
S007974,C007974,monthly,59.0,,2026-05-23,,active
S005734,C005734,annual,588.0,,2026-01-10,,active
S001656,C001656,monthly,59.0,,2025-04-25,2025-08-24,canceled
S006443,C006443,monthly,59.0,,2026-03-21,2026-08-26,canceled
S000184,C000184,monthly,59.0,,2025-01-27,2025-09-01,canceled
S007038,C007038,annual,588.0,,2026-04-20,,active
S003166,C003166,monthly,59.0,,2025-08-17,2025-09-12,canceled
S009251,C009251,monthly,59.0,,2026-06-11,,active
S010500,C010500,annual,588.0,,2026-08-10,,active
S008959,C008959,monthly,59.0,HARBOR50,2026-06-13,2026-07-11,canceled
S004703,C004703,monthly,59.0,,2025-11-07,,active
S007136,C007136,monthly,59.0,,2026-04-23,,active
S008886,C008886,monthly,59.0,HARBOR50,2026-06-02,,active
S002626,C002626,annual,588.0,,2025-07-03,2026-07-08,canceled
S008046,C008046,monthly,59.0,HARBOR50,2026-05-01,,active
S001606,C001606,annual,588.0,,2025-04-03,,active
S011240,C011240,monthly,59.0,HARBOR50,2026-09-12,,active
S001055,C001055,monthly,59.0,,2025-03-29,,active
S000989,C000989,monthly,59.0,,2025-03-23,,active
S002360,C002360,monthly,59.0,,2025-06-21,,active
S003928,C003928,monthly,59.0,,2025-10-16,,active
S002046,C002046,monthly,59.0,,2025-05-23,2026-03-28,canceled
S002125,C002125,monthly,59.0,,2025-06-20,,active
S002436,C002436,monthly,59.0,,2025-06-09,2026-07-10,canceled
S010005,C010005,annual,588.0,,2026-07-09,,active
S006237,C006237,annual,588.0,,2026-03-27,,active
S008258,C008258,monthly,59.0,HARBOR50,2026-05-02,,active
S009833,C009833,monthly,59.0,HARBOR50,2026-07-05,,active
S007407,C007407,monthly,59.0,HARBOR50,2026-04-17,,active
S008663,C008663,monthly,59.0,,2026-06-04,2026-07-31,canceled
S005682,C005682,monthly,59.0,,2026-01-18,2026-02-17,canceled
S008766,C008766,monthly,59.0,,2026-06-15,,active
S006381,C006381,annual,588.0,,2026-03-14,,active
S011437,C011437,monthly,59.0,COMP100,2025-05-05,2025-05-09,canceled
S003538,C003538,monthly,59.0,,2025-09-19,,active
S011134,C011134,annual,588.0,,2026-09-11,,active
S009673,C009673,annual,588.0,,2026-07-01,,active
S007290,C007290,monthly,59.0,HARBOR50,2026-04-05,,active
S007490,C007490,monthly,59.0,HARBOR50,2026-04-01,,active
S007513,C007513,monthly,59.0,HARBOR50,2026-04-11,,active
S006613,C006613,monthly,59.0,HARBOR50,2026-03-09,,active
S002704,C002704,monthly,59.0,,2025-07-20,,active
S005625,C005625,monthly,59.0,,2026-01-25,,active
S009912,C009912,monthly,59.0,HARBOR50,2026-07-07,,active
S001723,C001723,monthly,59.0,,2025-05-03,2025-08-31,canceled
S005377,C005377,monthly,59.0,,2026-01-19,,active
S008658,C008658,monthly,59.0,,2026-06-20,,active
S004991,C004991,monthly,59.0,,2025-12-05,2026-04-11,canceled
S000913,C000913,monthly,59.0,,2025-03-10,,active
S005926,C005926,monthly,59.0,,2026-02-08,,active
S011484,C002450,annual,588.0,,2026-03-24,,active
S002092,C002092,monthly,59.0,,2025-05-21,,active
S005895,C005895,annual,588.0,,2026-02-10,,active
S004274,C004274,monthly,59.0,,2025-10-04,,active
S008027,C008027,monthly,59.0,HARBOR50,2026-05-20,,active
S007316,C007316,annual,588.0,,2026-04-27,,active
S004531,C004531,annual,588.0,,2025-11-28,,active
S007179,C007179,monthly,59.0,HARBOR50,2026-04-19,,active
S006351,C006351,annual,588.0,,2026-03-18,,active
S008244,C008244,monthly,59.0,HARBOR50,2026-05-13,,active
S000027,C000027,annual,588.0,,2025-01-18,2026-01-21,canceled
S005410,C005410,monthly,59.0,,2026-01-03,2025-12-31,canceled
S011643,C005750,annual,588.0,,2026-09-04,,active
S007459,C007459,monthly,59.0,HARBOR50,2026-04-12,,active
S005822,C005822,annual,588.0,,2026-02-26,,active
S001683,C001683,monthly,59.0,,2025-05-19,,active
S003222,C003222,annual,588.0,,2025-08-07,,active
S006691,C006691,monthly,59.0,HARBOR50,2026-03-22,2026-08-20,canceled
S008995,C008995,monthly,59.0,,2026-06-26,2026-08-21,canceled
S003787,C003787,annual,588.0,,2025-09-12,,active
S010588,C010588,annual,588.0,,2026-08-07,,active
S010480,C010480,monthly,59.0,,2026-08-04,,active
S005983,C005983,annual,588.0,,2026-02-15,,active
S010029,C010029,monthly,59.0,HARBOR50,2026-07-30,,active
S002041,C002041,monthly,59.0,,2025-05-02,2025-12-26,canceled
S004291,C004291,monthly,59.0,,2025-10-12,,active
S007660,C007660,annual,588.0,,2026-05-25,,active
S002784,C002784,monthly,59.0,,2025-07-08,,active
S003083,C003083,annual,588.0,,2025-08-04,,active
S007133,C007133,monthly,59.0,,2026-04-04,,active
S009166,C009166,monthly,59.0,HARBOR50,2026-06-19,,active
S003634,C003634,monthly,59.0,,2025-09-20,,active
S010998,C010998,monthly,59.0,HARBOR50,2026-08-08,,active
S009052,C009052,monthly,59.0,HARBOR50,2026-06-07,,active
S007344,C007344,monthly,59.0,HARBOR50,2026-04-08,2026-06-04,canceled
S006843,C006843,monthly,59.0,HARBOR50,2026-03-09,,active
S001551,C001551,monthly,59.0,,2025-04-07,,active
S003660,C003660,annual,588.0,,2025-09-27,,active
S003291,C003291,annual,588.0,,2025-08-25,,active
S002608,C002608,annual,588.0,,2025-07-30,,active
S002944,C002944,monthly,59.0,,2025-07-17,2026-04-12,canceled
S007214,C007214,monthly,59.0,,2026-04-27,,active
S005072,C005072,monthly,59.0,,2025-12-14,2025-11-29,canceled
S009192,C009192,monthly,59.0,HARBOR50,2026-06-07,,active
S006465,C006465,monthly,59.0,,2026-03-10,,active
S010832,C010832,monthly,59.0,,2026-08-14,,active
S006528,C006528,monthly,59.0,,2026-03-17,,active
S000519,C000519,monthly,59.0,,2025-02-05,,active
S009699,C009699,monthly,59.0,HARBOR50,2026-07-11,,active
S001668,C001668,annual,588.0,,2025-04-05,,active
S003156,C003156,annual,588.0,,2025-08-06,,active
S001599,C001599,annual,588.0,,2025-04-06,2026-04-12,canceled
S009667,C009667,annual,588.0,,2026-07-27,,active
S004133,C004133,monthly,59.0,,2025-10-03,,active
S001084,C001084,annual,588.0,,2025-03-17,,active
S001064,C001064,annual,588.0,,2025-03-16,,active
S000401,C000401,monthly,59.0,,2025-02-08,2025-10-03,canceled
S008978,C008978,monthly,59.0,HARBOR50,2026-06-29,,active
S009438,C009438,monthly,59.0,,2026-07-11,,active
S010853,C010853,monthly,59.0,HARBOR50,2026-08-31,,active
S005544,C005544,monthly,59.0,,2026-01-27,,active
S010297,C010297,annual,588.0,,2026-08-16,,active
S002380,C002380,monthly,59.0,,2025-06-02,2026-01-30,canceled
S000761,C000761,monthly,59.0,,2025-02-05,2025-07-09,canceled
S007774,C007774,monthly,59.0,,2026-05-22,,active
S008169,C008169,monthly,59.0,HARBOR50,2026-05-01,,active
S011412,C011412,monthly,59.0,COMP100,2025-11-17,2025-11-20,canceled
S010795,C010795,monthly,59.0,HARBOR50,2026-08-10,,active
S009767,C009767,monthly,59.0,,2026-07-13,,active
S001001,C001001,monthly,59.0,,2025-03-07,,active
S000558,C000558,annual,588.0,,2025-02-04,2026-02-08,canceled
S010497,C010497,annual,588.0,,2026-08-08,,active
S007410,C007410,monthly,59.0,HARBOR50,2026-04-25,,active
S005270,C005270,monthly,59.0,,2025-12-25,2026-06-20,canceled
S009176,C009176,monthly,59.0,,2026-06-26,,active
S005495,C005495,monthly,59.0,,2026-01-30,2026-02-03,canceled
S009112,C009112,monthly,59.0,HARBOR50,2026-06-12,,active
S004470,C004470,monthly,59.0,,2025-11-01,,active
S001309,C001309,annual,588.0,,2025-04-25,,active
S009069,C009069,monthly,59.0,,2026-06-26,,active
S008987,C008987,monthly,59.0,HARBOR50,2026-06-02,,active
S011210,C011210,monthly,59.0,HARBOR50,2026-09-01,,active
S010175,C010175,monthly,59.0,,2026-08-18,,active
S001299,C001299,annual,588.0,,2025-04-04,,active
S011276,C011276,monthly,59.0,HARBOR50,2026-09-14,,active
S010197,C010197,monthly,59.0,,2026-08-27,,active
S003715,C003715,monthly,59.0,,2025-09-27,2026-01-27,canceled
S008708,C008708,annual,588.0,,2026-06-19,,active
S001607,C001607,monthly,59.0,,2025-04-08,2026-01-06,canceled
S007589,C007589,monthly,59.0,HARBOR50,2026-04-08,2026-08-09,canceled
S004192,C004192,monthly,59.0,,2025-10-15,,active
S011566,C003018,annual,588.0,,2025-12-10,,active
S003616,C003616,annual,588.0,,2025-09-19,,active
S000484,C000484,monthly,59.0,,2025-02-02,,active
S004729,C004729,monthly,59.0,,2025-11-13,,active
S009217,C009217,monthly,59.0,HARBOR50,2026-06-15,,active
S002933,C002933,annual,588.0,,2025-07-21,,active
S010182,C010182,monthly,59.0,,2026-08-12,,active
S002832,C002832,monthly,59.0,,2025-07-21,,active
S006115,C006115,monthly,59.0,,2026-02-12,,active
S001120,C001120,monthly,59.0,,2025-03-27,,active
S008100,C008100,monthly,59.0,HARBOR50,2026-05-02,,active
S007739,C007739,monthly,59.0,,2026-05-23,,active
S005408,C005408,annual,588.0,,2026-01-27,,active
S000974,C000974,annual,588.0,,2025-03-12,,canceled
S011409,C011409,monthly,59.0,COMP100,2026-02-21,2026-02-22,canceled
S003280,C003280,monthly,59.0,,2025-08-07,,active
S000299,C000299,monthly,59.0,,2025-01-02,,active
S001798,C001798,monthly,59.0,,2025-05-30,2025-09-02,canceled
S010808,C010808,monthly,59.0,HARBOR50,2026-08-27,,active
S011096,C011096,monthly,59.0,,2026-09-01,,active
S000152,C000152,annual,588.0,,2025-01-05,,active
S002961,C002961,monthly,59.0,,2025-08-21,,active
S005725,C005725,monthly,59.0,,2026-01-28,2026-05-04,canceled
S010692,C010692,monthly,59.0,HARBOR50,2026-08-12,,active
S003346,C003346,monthly,59.0,,2025-08-21,2026-03-19,canceled
S002232,C002232,monthly,59.0,,2025-06-17,,active
S010155,C010155,monthly,59.0,,2026-08-17,,active
S004692,C004692,monthly,59.0,,2025-11-04,,active
S004180,C004180,monthly,59.0,,2025-10-04,2025-12-07,canceled
S004648,C004648,annual,588.0,,2025-11-29,,active
S011373,C011373,monthly,59.0,COMP100,2025-07-26,2025-07-31,canceled
S009588,C009588,monthly,59.0,,2026-07-29,,active
S007265,C007265,monthly,59.0,HARBOR50,2026-04-13,,active
S009651,C009651,monthly,59.0,,2026-07-24,,active
S006661,C006661,monthly,59.0,HARBOR50,2026-03-21,2026-07-17,canceled
S005431,C005431,monthly,59.0,,2026-01-15,,active
S005853,C005853,annual,588.0,,2026-02-28,,active
S004866,C004866,monthly,59.0,,2025-12-25,2026-05-29,canceled
S000455,C000455,monthly,59.0,,2025-02-11,,active
S001378,C001378,monthly,59.0,,2025-04-20,,active
S003581,C003581,monthly,59.0,,2025-09-22,,active
S001618,C001618,annual,588.0,,2025-04-24,,active
S006948,C006948,monthly,59.0,,2026-04-25,,active
S005135,C005135,monthly,59.0,,2025-12-25,,active
S007022,C007022,monthly,59.0,,2026-04-05,,active
S006146,C006146,monthly,59.0,,2026-02-21,,active
S004559,C004559,monthly,59.0,,2025-11-21,2025-12-26,canceled
S000291,C000291,monthly,59.0,,2025-01-22,2025-09-27,canceled
S007641,C007641,monthly,59.0,HARBOR50,2026-04-20,,active
S005571,C005571,monthly,59.0,,2026-01-24,2026-02-20,canceled
S006275,C006275,monthly,59.0,,2026-03-21,,active
S000385,C000385,monthly,59.0,,2025-01-09,2026-06-14,canceled
S005308,C005308,monthly,59.0,,2026-01-25,2026-08-28,canceled
S008780,C008780,monthly,59.0,,2026-06-01,2026-06-25,canceled
S007450,C007450,monthly,59.0,HARBOR50,2026-04-11,2026-08-05,canceled
S005450,C005450,monthly,59.0,,2026-01-30,,active
S011594,C000021,annual,588.0,,2025-11-19,,active
S003940,C003940,monthly,59.0,,2025-10-10,,active
S000415,C000415,monthly,59.0,,2025-02-09,2026-07-13,canceled
S000818,C000818,annual,588.0,,2025-02-01,,active
S007384,C007384,monthly,59.0,HARBOR50,2026-04-13,,active
S005960,C005960,monthly,59.0,,2026-02-03,2026-07-31,canceled
S009622,C009622,monthly,59.0,,2026-07-04,,active
S009632,C009632,monthly,59.0,,2026-07-23,,active
S000670,C000670,annual,588.0,,2025-02-17,2026-02-19,canceled
S004848,C004848,monthly,59.0,,2025-12-16,2026-06-11,canceled
S009076,C009076,monthly,59.0,HARBOR50,2026-06-13,,active
S010540,C010540,monthly,59.0,,2026-08-18,,active
S007293,C007293,monthly,59.0,HARBOR50,2026-04-27,,active
S006183,C006183,monthly,59.0,,2026-02-05,,active
S011659,C001400,annual,588.0,,2026-06-20,,active
S009701,C009701,monthly,59.0,HARBOR50,2026-07-10,,active
S008772,C008772,annual,588.0,,2026-06-15,,active
S006072,C006072,monthly,59.0,,2026-02-01,2026-04-03,canceled
S003679,C003679,annual,588.0,,2025-09-20,,active
S001312,C001312,monthly,59.0,,2025-04-15,2026-01-10,canceled
S006802,C006802,monthly,59.0,HARBOR50,2026-03-24,2026-04-20,canceled
S001110,C001110,monthly,59.0,,2025-03-12,2025-04-07,canceled
S007759,C007759,monthly,59.0,,2026-05-05,,active
S003537,C003537,monthly,59.0,,2025-09-16,,active
S002404,C002404,annual,588.0,,2025-06-19,,active
S006135,C006135,monthly,59.0,,2026-02-17,2026-05-17,canceled
S003131,C003131,monthly,59.0,,2025-08-31,,active
S007968,C007968,annual,588.0,,2026-05-12,,active
S006301,C006301,monthly,59.0,,2026-03-10,,active
S008759,C008759,monthly,59.0,,2026-06-30,,active
S004944,C004944,annual,588.0,,2025-12-11,,active
S006901,C006901,monthly,59.0,,2026-04-09,,active
S011273,C011273,monthly,59.0,HARBOR50,2026-09-04,,active
S008737,C008737,monthly,59.0,,2026-06-15,,active
S006032,C006032,monthly,59.0,,2026-02-11,2026-04-12,canceled
S001449,C001449,monthly,59.0,,2025-04-17,,active
S007624,C007624,monthly,59.0,HARBOR50,2026-04-17,,active
S004570,C004570,monthly,59.0,,2025-11-21,,active
S004855,C004855,monthly,59.0,,2025-12-22,,active
S002486,C002486,annual,588.0,,2025-06-22,2026-06-25,canceled
S010384,C010384,annual,588.0,,2026-08-30,,active
S001140,C001140,annual,588.0,,2025-03-25,2025-04-14,canceled
S004745,C004745,monthly,59.0,,2025-11-23,,active
S004442,C004442,monthly,59.0,,2025-11-28,,active
S005025,C005025,monthly,59.0,,2025-12-26,,active
S005458,C005458,monthly,59.0,,2026-01-24,,active
S001482,C001482,monthly,59.0,,2025-04-06,,active
S010222,C010222,monthly,59.0,,2026-08-06,2026-09-09,canceled
S011380,C011380,monthly,59.0,COMP100,2026-05-20,,active
S003533,C003533,annual,588.0,,2025-09-24,,active
S000946,C000946,monthly,59.0,,2025-03-23,,active
S002008,C002008,monthly,59.0,,2025-05-14,2025-08-13,canceled
S004587,C004587,annual,588.0,,2025-11-02,,active
S006440,C006440,monthly,59.0,,2026-03-07,,active
S007333,C007333,monthly,59.0,,2026-04-09,,active
S010017,C010017,monthly,59.0,,2026-07-21,,active
S009309,C009309,monthly,59.0,HARBOR50,2026-06-12,,active
S006180,C006180,monthly,59.0,,2026-02-03,2026-06-01,canceled
S003709,C003709,monthly,59.0,,2025-09-09,,active
S005427,C005427,annual,588.0,,2026-01-03,,active
S004369,C004369,monthly,59.0,,2025-11-20,,active
S001401,C001401,annual,588.0,,2025-04-21,,active
S011264,C011264,monthly,59.0,HARBOR50,2026-09-10,,active
S002517,C002517,annual,588.0,,2025-07-23,2026-07-25,canceled
S007338,C007338,monthly,59.0,HARBOR50,2026-04-25,,active
S009205,C009205,monthly,59.0,HARBOR50,2026-06-26,2026-07-22,canceled
S002410,C002410,annual,588.0,,2025-06-22,,active
S004129,C004129,monthly,59.0,,2025-10-03,,active
S005171,C005171,annual,588.0,,2025-12-26,,active
S004018,C004018,monthly,59.0,,2025-10-05,2025-10-30,canceled
S000254,C000254,monthly,59.0,,2025-01-15,,active
S005448,C005448,annual,588.0,,2026-01-11,,active
S011394,C011394,monthly,59.0,COMP100,2025-12-01,2025-12-04,canceled
S002845,C002845,annual,588.0,,2025-07-30,,active
S006330,C006330,monthly,59.0,,2026-03-11,,active
S007965,C007965,monthly,59.0,HARBOR50,2026-05-16,,active
S004001,C004001,monthly,59.0,,2025-10-31,,active
S009650,C009650,monthly,59.0,,2026-07-24,,active
S006653,C006653,monthly,59.0,HARBOR50,2026-03-04,,active
S009703,C009703,monthly,59.0,HARBOR50,2026-07-09,,active
S008913,C008913,monthly,59.0,HARBOR50,2026-06-25,,active
S010931,C010931,monthly,59.0,HARBOR50,2026-08-29,,active
S005799,C005799,monthly,59.0,,2026-02-12,,active
S003027,C003027,monthly,59.0,,2025-08-03,,active
S004747,C004747,monthly,59.0,,2025-11-13,,active
S002282,C002282,annual,588.0,,2025-06-27,,active
S008102,C008102,monthly,59.0,HARBOR50,2026-05-21,,active
S010537,C010537,monthly,59.0,HARBOR50,2026-08-31,,active
S010526,C010526,monthly,59.0,,2026-08-18,,active
S004070,C004070,monthly,59.0,,2025-10-05,,active
S009141,C009141,annual,588.0,,2026-06-21,,active
S001070,C001070,monthly,59.0,,2025-03-15,2025-09-10,canceled
S008383,C008383,monthly,59.0,HARBOR50,2026-05-04,,active
S005885,C005885,monthly,59.0,,2026-02-07,,active
S003232,C003232,monthly,59.0,,2025-08-03,2026-04-07,canceled
S010332,C010332,monthly,59.0,,2026-08-03,2026-08-28,canceled
S000860,C000860,monthly,59.0,,2025-03-08,2025-06-03,canceled
S008261,C008261,monthly,59.0,HARBOR50,2026-05-16,,active
S003187,C003187,monthly,59.0,,2025-08-20,2026-05-19,canceled
S003013,C003013,monthly,59.0,,2025-08-14,,active
S009033,C009033,monthly,59.0,,2026-06-25,,active
S007840,C007840,monthly,59.0,,2026-05-20,,active
S007238,C007238,monthly,59.0,,2026-04-20,,active
S011520,C007193,annual,588.0,,2026-08-17,,active
S006474,C006474,monthly,59.0,,2026-03-04,,active
S008333,C008333,monthly,59.0,HARBOR50,2026-05-10,,active
S010530,C010530,monthly,59.0,HARBOR50,2026-08-07,,active
S011150,C011150,annual,588.0,,2026-09-07,,active
S011338,C011338,monthly,59.0,HARBOR50,2026-09-08,,active
S006145,C006145,monthly,59.0,,2026-02-02,,active
S007517,C007517,monthly,59.0,HARBOR50,2026-04-17,,active
S007139,C007139,monthly,59.0,,2026-04-18,,active
S000658,C000658,monthly,59.0,,2025-02-22,,active
S010627,C010627,monthly,59.0,HARBOR50,2026-08-16,,active
S005404,C005404,monthly,59.0,,2026-01-24,,active
S003484,C003484,annual,588.0,,2025-09-15,,active
S000270,C000270,monthly,59.0,,2025-01-06,,active
S007870,C007870,monthly,59.0,HARBOR50,2026-05-09,,active
S002276,C002276,monthly,59.0,,2025-06-23,,active
S003210,C003210,monthly,59.0,,2025-08-26,2026-04-20,canceled
S000879,C000879,monthly,59.0,,2025-03-21,,active
S010487,C010487,monthly,59.0,,2026-08-28,,active
S010592,C010592,monthly,59.0,HARBOR50,2026-08-13,,active
S004985,C004985,monthly,59.0,,2025-12-18,,active
S000476,C000476,annual,588.0,,2025-02-28,,canceled
S006235,C006235,monthly,59.0,,2026-03-08,,active
S006182,C006182,monthly,59.0,,2026-02-02,,active
S005581,C005581,monthly,59.0,,2026-01-21,2026-08-27,canceled
S000069,C000069,monthly,59.0,,2025-01-05,,active
S002102,C002102,monthly,59.0,,2025-06-28,,active
S002946,C002946,monthly,59.0,,2025-08-20,,active
S001251,C001251,monthly,59.0,,2025-03-09,,active
S001049,C001049,annual,588.0,,2025-03-07,,active
S005553,C005553,monthly,59.0,,2026-01-27,2026-06-23,canceled
S005336,C005336,monthly,59.0,,2026-01-15,2026-07-11,canceled
S008967,C008967,annual,588.0,,2026-06-23,,active
S004366,C004366,monthly,59.0,,2025-11-15,,active
S004077,C004077,monthly,59.0,,2025-10-12,,active
S004199,C004199,monthly,59.0,,2025-10-16,2025-12-12,canceled
S008077,C008077,monthly,59.0,,2026-05-23,,active
S005638,C005638,monthly,59.0,,2026-01-30,,active
S003492,C003492,annual,588.0,,2025-09-23,,active
S005869,C005869,monthly,59.0,,2026-02-11,,active
S002289,C002289,monthly,59.0,,2025-06-17,2025-10-18,canceled
S008074,C008074,monthly,59.0,HARBOR50,2026-05-19,,active
S002222,C002222,monthly,59.0,,2025-06-18,,active
S004615,C004615,annual,588.0,,2025-11-11,,active
S010629,C010629,monthly,59.0,,2026-08-21,,active
S009422,C009422,monthly,59.0,,2026-07-16,,active
S000553,C000553,annual,588.0,,2025-02-26,,active
S010243,C010243,annual,588.0,,2026-08-29,,active
S005001,C005001,monthly,59.0,,2025-12-19,,active
S001000,C001000,monthly,59.0,,2025-03-19,2025-04-01,canceled
S007904,C007904,annual,588.0,,2026-05-07,,active
S001134,C001134,monthly,59.0,,2025-03-26,2025-11-28,canceled
S007537,C007537,monthly,59.0,HARBOR50,2026-04-11,,active
S003153,C003153,monthly,59.0,,2025-08-09,,active
S008840,C008840,monthly,59.0,HARBOR50,2026-06-07,,active
S010078,C010078,monthly,59.0,,2026-07-18,,active
S002429,C002429,monthly,59.0,,2025-06-23,,active
S002078,C002078,monthly,59.0,,2025-05-19,2026-03-21,canceled
S003132,C003132,monthly,59.0,,2025-08-15,,active
S005595,C005595,monthly,59.0,,2026-01-11,,active
S002716,C002716,monthly,59.0,,2025-07-20,,active
S003293,C003293,monthly,59.0,,2025-08-24,2026-04-20,canceled
S003980,C003980,monthly,59.0,,2025-10-17,2026-02-15,canceled
S002003,C002003,monthly,59.0,,2025-05-19,,active
S000514,C000514,annual,588.0,,2025-02-10,,active
S001558,C001558,monthly,59.0,,2025-04-16,,active
S008988,C008988,monthly,59.0,HARBOR50,2026-06-22,,active
S009298,C009298,monthly,59.0,HARBOR50,2026-06-12,,active
S009790,C009790,monthly,59.0,HARBOR50,2026-07-01,,active
S007532,C007532,monthly,59.0,HARBOR50,2026-04-03,,active
S009001,C009001,monthly,59.0,,2026-06-23,,active
S010397,C010397,annual,588.0,,2026-08-27,,active
S005909,C005909,annual,588.0,,2026-02-03,,active
S003281,C003281,monthly,59.0,,2025-08-12,2025-10-13,canceled
S009242,C009242,monthly,59.0,HARBOR50,2026-06-15,,active
S009457,C009457,annual,588.0,,2026-07-28,,active
S004617,C004617,monthly,59.0,,2025-11-04,2026-05-01,canceled
S006624,C006624,monthly,59.0,HARBOR50,2026-03-25,2026-06-21,canceled
S006355,C006355,monthly,59.0,,2026-03-02,,active
S008094,C008094,monthly,59.0,HARBOR50,2026-05-28,,active
S010290,C010290,annual,588.0,,2026-08-09,,active
S001351,C001351,annual,588.0,,2025-04-19,2026-04-23,canceled
S001092,C001092,monthly,59.0,,2025-03-11,,canceled
S009910,C009910,monthly,59.0,HARBOR50,2026-07-06,,active
S008043,C008043,monthly,59.0,,2026-05-17,,active
S001138,C001138,monthly,59.0,,2025-03-25,2026-04-20,canceled
S010714,C010714,monthly,59.0,HARBOR50,2026-08-08,2026-08-27,canceled
S010802,C010802,monthly,59.0,HARBOR50,2026-08-31,,active
S009119,C009119,monthly,59.0,,2026-06-28,,active
S004911,C004911,monthly,59.0,,2025-12-24,,active
S004780,C004780,annual,588.0,,2025-11-07,,active
S007160,C007160,monthly,59.0,,2026-04-01,,active
S006112,C006112,monthly,59.0,,2026-02-28,,active
S009204,C009204,monthly,59.0,,2026-06-03,2026-08-02,canceled
S006424,C006424,annual,588.0,,2026-03-30,,active
S001432,C001432,annual,588.0,,2025-04-06,,active
S001015,C001015,monthly,59.0,,2025-03-29,,active
S008024,C008024,monthly,59.0,HARBOR50,2026-05-29,,active
S004146,C004146,monthly,59.0,,2025-10-23,,active
S002820,C002820,monthly,59.0,,2025-07-26,,active
S008851,C008851,monthly,59.0,HARBOR50,2026-06-25,,active
S006204,C006204,annual,588.0,,2026-02-12,,active
S009578,C009578,monthly,59.0,,2026-07-10,,active
S000522,C000522,annual,588.0,,2025-02-09,,active
S011234,C011234,monthly,59.0,HARBOR50,2026-09-07,,active
S007713,C007713,monthly,59.0,,2026-05-26,2026-05-14,canceled
S003237,C003237,monthly,59.0,,2025-08-21,,active
S004245,C004245,monthly,59.0,,2025-10-17,,active
S009124,C009124,monthly,59.0,HARBOR50,2026-06-18,,active
S000341,C000341,annual,588.0,,2025-01-29,,active
S004962,C004962,annual,588.0,,2025-12-22,,active
S004700,C004700,annual,588.0,,2025-11-03,,active
S011330,C011330,monthly,59.0,HARBOR50,2026-09-03,,active
S002519,C002519,monthly,59.0,,2025-07-03,,active
S007924,C007924,monthly,59.0,HARBOR50,2026-05-17,,active
S000065,C000065,monthly,59.0,,2025-01-02,2026-04-01,canceled
S000048,C000048,monthly,59.0,,2025-01-11,,active
S000073,C000073,monthly,59.0,,2025-01-11,,active
S000701,C000701,monthly,59.0,,2025-02-22,,active
S001142,C001142,monthly,59.0,,2025-03-04,,active
S008408,C008408,monthly,59.0,,2026-06-21,,active
S001473,C001473,monthly,59.0,,2025-04-13,,active
S008308,C008308,monthly,59.0,HARBOR50,2026-05-26,,active
S007609,C007609,monthly,59.0,HARBOR50,2026-04-20,2026-08-21,canceled
S010608,C010608,monthly,59.0,HARBOR50,2026-08-23,,active
S011498,C006971,annual,588.0,,2026-09-07,,active
S007165,C007165,monthly,59.0,,2026-04-11,,active
S005034,C005034,monthly,59.0,,2025-12-11,,active
S003746,C003746,monthly,59.0,,2025-09-15,,active
S001900,C001900,monthly,59.0,,2025-05-24,,active
S006321,C006321,monthly,59.0,,2026-03-10,,active
S001921,C001921,monthly,59.0,,2025-05-11,,active
S006988,C006988,monthly,59.0,,2026-04-04,,active
S006074,C006074,monthly,59.0,,2026-02-09,,active
S006940,C006940,monthly,59.0,,2026-04-11,,active
S006954,C006954,annual,588.0,,2026-04-05,,active
S010539,C010539,monthly,59.0,,2026-08-09,,active
S011054,C011054,monthly,59.0,,2026-09-07,,active
S008976,C008976,monthly,59.0,HARBOR50,2026-06-10,,active
S001856,C001856,monthly,59.0,,2025-05-19,,active
S008371,C008371,monthly,59.0,HARBOR50,2026-05-10,,active
S010862,C010862,monthly,59.0,HARBOR50,2026-08-15,,active
S008937,C008937,monthly,59.0,HARBOR50,2026-06-25,,active
S002999,C002999,monthly,59.0,,2025-08-14,,active
S007911,C007911,monthly,59.0,HARBOR50,2026-05-09,,active
S003574,C003574,monthly,59.0,,2025-09-30,2026-01-27,canceled
S009125,C009125,monthly,59.0,HARBOR50,2026-06-26,,active
S000512,C000512,monthly,59.0,,2025-02-22,2025-04-26,canceled
S000333,C000333,monthly,59.0,,2025-01-16,,active
S010520,C010520,monthly,59.0,HARBOR50,2026-08-11,,active
S006405,C006405,monthly,59.0,,2026-03-03,,active
S004523,C004523,annual,588.0,,2025-11-22,,active
S010804,C010804,monthly,59.0,HARBOR50,2026-08-31,,active
S011567,C004701,annual,588.0,,2026-07-22,,active
S002971,C002971,monthly,59.0,,2025-08-27,2025-08-18,canceled
S009116,C009116,monthly,59.0,HARBOR50,2026-06-23,,active
S003624,C003624,monthly,59.0,,2025-09-17,,active
S002607,C002607,monthly,59.0,,2025-07-05,,active
S004801,C004801,annual,588.0,,2025-11-15,,active
S005536,C005536,monthly,59.0,,2026-01-10,2026-06-08,canceled
S010264,C010264,monthly,59.0,,2026-08-02,,active
S000460,C000460,annual,588.0,,2025-02-24,,active
S010224,C010224,monthly,59.0,,2026-08-06,,active
S002637,C002637,monthly,59.0,,2025-07-12,,active
S005395,C005395,monthly,59.0,,2026-01-16,,active
S006757,C006757,monthly,59.0,HARBOR50,2026-03-10,,active
S007548,C007548,monthly,59.0,HARBOR50,2026-04-14,2026-08-08,canceled
S007894,C007894,monthly,59.0,,2026-05-09,,active
S008881,C008881,monthly,59.0,HARBOR50,2026-06-24,,active
S002010,C002010,monthly,59.0,,2025-05-01,2025-11-01,canceled
S006912,C006912,monthly,59.0,,2026-04-04,2026-04-23,canceled
S007231,C007231,monthly,59.0,,2026-04-21,,active
S007985,C007985,monthly,59.0,HARBOR50,2026-05-05,,active
S009665,C009665,monthly,59.0,,2026-07-30,,active
S001153,C001153,monthly,59.0,,2025-03-22,2025-07-26,canceled
S010235,C010235,monthly,59.0,,2026-08-12,,active
S000896,C000896,monthly,59.0,,2025-03-28,,active
S006326,C006326,monthly,59.0,,2026-03-16,,active
S001826,C001826,monthly,59.0,,2025-05-17,,active
S001925,C001925,annual,588.0,,2025-05-06,2026-05-08,canceled
S007305,C007305,monthly,59.0,HARBOR50,2026-04-28,,active
S011568,C001873,annual,588.0,,2026-07-01,,active
S004596,C004596,annual,588.0,,2025-11-05,,active
S004293,C004293,monthly,59.0,,2025-10-13,2025-11-14,canceled
S003526,C003526,monthly,59.0,,2025-09-24,,active
S004061,C004061,monthly,59.0,,2025-10-06,2025-11-08,canceled
S009981,C009981,monthly,59.0,HARBOR50,2026-07-19,,active
S004758,C004758,annual,588.0,,2025-11-01,,active
S000593,C000593,monthly,59.0,,2025-02-25,2025-11-23,canceled
S007342,C007342,monthly,59.0,HARBOR50,2026-04-16,2026-08-12,canceled
S008650,C008650,monthly,59.0,HARBOR50,2026-06-28,,active
S003831,C003831,annual,588.0,,2025-09-13,,active
S010334,C010334,monthly,59.0,,2026-08-29,,active
S004561,C004561,monthly,59.0,,2025-11-19,,active
S005292,C005292,annual,588.0,,2026-01-12,,active
S003160,C003160,monthly,59.0,,2025-08-25,2026-05-28,canceled
S009022,C009022,monthly,59.0,HARBOR50,2026-06-20,,active
S000900,C000900,monthly,59.0,,2025-03-15,,active
S007190,C007190,annual,588.0,,2026-04-07,,active
S002022,C002022,monthly,59.0,,2025-05-08,,active
S011004,C011004,monthly,59.0,,2026-08-07,,active
S007875,C007875,monthly,59.0,,2026-05-30,,active
S006460,C006460,monthly,59.0,,2026-03-17,,active
S001590,C001590,monthly,59.0,,2025-04-10,2026-02-05,canceled
S002057,C002057,monthly,59.0,,2025-05-22,,active
S004347,C004347,monthly,59.0,,2025-11-12,,active
S004662,C004662,monthly,59.0,,2025-11-10,,active
S003845,C003845,annual,588.0,,2025-09-07,,active
S005246,C005246,monthly,59.0,,2025-12-17,,active
S002048,C002048,monthly,59.0,,2025-05-27,2025-09-23,canceled
S001032,C001032,monthly,59.0,,2025-03-26,,active
S003505,C003505,monthly,59.0,,2025-09-06,,active
S010286,C010286,annual,588.0,,2026-08-20,,active
S006739,C006739,monthly,59.0,HARBOR50,2026-03-11,2026-07-14,canceled
S002911,C002911,monthly,59.0,,2025-07-18,,active
S001728,C001728,monthly,59.0,,2025-05-14,,active
S000905,C000905,monthly,59.0,,2025-03-16,,active
S003667,C003667,monthly,59.0,,2025-09-01,2025-12-06,canceled
S002968,C002968,monthly,59.0,,2025-08-13,2026-06-11,canceled
S005104,C005104,monthly,59.0,,2025-12-03,,active
S001980,C001980,annual,588.0,,2025-05-24,,active
S009174,C009174,monthly,59.0,HARBOR50,2026-06-11,,active
S010136,C010136,monthly,59.0,,2026-08-16,,active
S001852,C001852,annual,588.0,,2025-05-10,2026-05-12,canceled
S010381,C010381,monthly,59.0,,2026-08-04,,active
S010263,C010263,annual,588.0,,2026-08-26,,active
S005941,C005941,annual,588.0,,2026-02-11,,active
S001197,C001197,monthly,59.0,,2025-03-11,2025-05-14,canceled
S001323,C001323,monthly,59.0,,2025-04-08,2026-09-06,canceled
S004332,C004332,monthly,59.0,,2025-10-02,2026-05-29,canceled
S009904,C009904,monthly,59.0,HARBOR50,2026-07-14,,active
S001909,C001909,monthly,59.0,,2025-05-13,,active
S007445,C007445,monthly,59.0,HARBOR50,2026-04-24,,active
S007137,C007137,monthly,59.0,,2026-04-13,,active
S000095,C000095,monthly,59.0,,2025-01-22,,active
S010328,C010328,monthly,59.0,,2026-08-21,,active
S011439,C011439,monthly,59.0,COMP100,2025-01-13,,active
S005753,C005753,monthly,59.0,,2026-02-09,,active
S002131,C002131,monthly,59.0,,2025-06-08,,active
S009752,C009752,monthly,59.0,HARBOR50,2026-07-10,,active
S007847,C007847,monthly,59.0,,2026-05-11,,active
S005631,C005631,monthly,59.0,,2026-01-02,,active
S009731,C009731,monthly,59.0,HARBOR50,2026-07-26,,active
S005478,C005478,monthly,59.0,,2026-01-10,,active
S007340,C007340,monthly,59.0,HARBOR50,2026-04-25,2026-05-30,canceled
S005609,C005609,monthly,59.0,,2026-01-19,,active
S000047,C000047,monthly,59.0,,2025-01-16,,active
S001544,C001544,monthly,59.0,,2025-04-20,2026-03-16,canceled
S005906,C005906,annual,588.0,,2026-02-03,,active
S010995,C010995,monthly,59.0,HARBOR50,2026-08-03,,active
S001803,C001803,monthly,59.0,,2025-05-09,,active
S011291,C011291,monthly,59.0,HARBOR50,2026-09-04,,active
S009574,C009574,annual,588.0,,2026-07-23,,active
S011427,C011427,monthly,59.0,COMP100,2025-01-01,2025-01-01,canceled
S008052,C008052,monthly,59.0,HARBOR50,2026-05-26,,active
S008235,C008235,monthly,59.0,HARBOR50,2026-05-20,,active
S009377,C009377,annual,588.0,,2026-07-07,,active
S011359,C011359,monthly,59.0,COMP100,2026-08-19,2026-08-19,canceled
S011329,C011329,monthly,59.0,HARBOR50,2026-09-02,,active
S001677,C001677,annual,588.0,,2025-05-14,,active
S003379,C003379,monthly,59.0,,2025-08-19,2026-03-25,canceled
S001129,C001129,annual,588.0,,2025-03-02,,active
S006009,C006009,annual,588.0,,2026-02-10,,active
S008012,C008012,monthly,59.0,HARBOR50,2026-05-15,2026-09-12,canceled
S009582,C009582,monthly,59.0,,2026-07-20,,active
S000133,C000133,monthly,59.0,,2025-01-26,,active
S007246,C007246,monthly,59.0,,2026-04-21,,active
S002333,C002333,monthly,59.0,,2025-06-21,2026-04-21,canceled
S007625,C007625,monthly,59.0,HARBOR50,2026-04-15,,active
S009462,C009462,annual,588.0,,2026-07-22,,active
S007084,C007084,monthly,59.0,,2026-04-13,2026-05-10,canceled
S003207,C003207,monthly,59.0,,2025-08-03,,active
S009339,C009339,monthly,59.0,,2026-07-20,,active
S000741,C000741,monthly,59.0,,2025-02-11,,active
S000746,C000746,monthly,59.0,,2025-02-18,,active
S008670,C008670,annual,588.0,,2026-06-12,,active
S008353,C008353,annual,588.0,,2026-05-04,,active
S001141,C001141,annual,588.0,,2025-03-28,,active
S005630,C005630,monthly,59.0,,2026-01-09,2026-05-07,canceled
S003122,C003122,monthly,59.0,,2025-08-15,,active
S004880,C004880,monthly,59.0,,2025-12-23,,active
S009107,C009107,monthly,59.0,HARBOR50,2026-06-24,,active
S003771,C003771,annual,588.0,,2025-09-29,,active
S000296,C000296,monthly,59.0,,2025-01-12,,active
S008034,C008034,monthly,59.0,HARBOR50,2026-05-16,2026-09-08,canceled
S003549,C003549,monthly,59.0,,2025-09-25,,active
S007658,C007658,monthly,59.0,,2026-05-08,,active
S005878,C005878,monthly,59.0,,2026-02-07,,active
S006919,C006919,monthly,59.0,,2026-04-19,,active
S007268,C007268,monthly,59.0,HARBOR50,2026-04-20,,active
S002348,C002348,annual,588.0,,2025-06-12,,active
S004447,C004447,monthly,59.0,,2025-11-24,2025-12-23,canceled
S008458,C008458,annual,588.0,,2026-06-01,,active
S003700,C003700,monthly,59.0,,2025-09-20,2025-10-16,canceled
S007892,C007892,monthly,59.0,,2026-05-31,,active
S000516,C000516,annual,588.0,,2025-02-13,,active
S001510,C001510,monthly,59.0,,2025-04-23,,active
S007106,C007106,annual,588.0,,2026-04-27,,active
S011170,C011170,monthly,59.0,HARBOR50,2026-09-07,,active
S001775,C001775,monthly,59.0,,2025-05-25,2026-05-30,canceled
S007686,C007686,annual,588.0,,2026-05-23,,active
S002914,C002914,annual,588.0,,2025-07-08,,active
S007476,C007476,monthly,59.0,,2026-04-01,,active
S009782,C009782,monthly,59.0,HARBOR50,2026-07-31,,active
S007046,C007046,annual,588.0,,2026-04-19,,active
S011199,C011199,monthly,59.0,HARBOR50,2026-09-14,,active
S004267,C004267,monthly,59.0,,2025-10-08,2026-07-04,canceled
S009179,C009179,monthly,59.0,HARBOR50,2026-06-27,,active
S004974,C004974,monthly,59.0,,2025-12-19,,active
S006577,C006577,monthly,59.0,HARBOR50,2026-03-16,2026-08-11,canceled
S002810,C002810,monthly,59.0,,2025-07-04,,active
S004733,C004733,annual,588.0,,2025-11-15,,active
S003518,C003518,annual,588.0,,2025-09-02,,active
S009456,C009456,annual,588.0,,2026-07-02,,active
S002018,C002018,monthly,59.0,,2025-05-06,,active
S001303,C001303,monthly,59.0,,2025-04-11,,active
S004669,C004669,monthly,59.0,,2025-11-27,,active
S005095,C005095,monthly,59.0,,2025-12-12,,active
S001578,C001578,monthly,59.0,,2025-04-09,2025-11-11,canceled
S010598,C010598,monthly,59.0,HARBOR50,2026-08-05,,active
S001458,C001458,monthly,59.0,,2025-04-19,,active
S003074,C003074,monthly,59.0,,2025-08-09,,canceled
S003514,C003514,monthly,59.0,,2025-09-25,,active
S007080,C007080,monthly,59.0,,2026-04-22,2026-05-17,canceled
S000728,C000728,monthly,59.0,,2025-02-14,,active
S005177,C005177,monthly,59.0,,2025-12-20,,active
S007193,C007193,monthly,59.0,,2026-04-16,,active
S011163,C011163,annual,588.0,,2026-09-10,,active
S002599,C002599,monthly,59.0,,2025-07-09,,active
S004608,C004608,annual,588.0,,2025-11-13,,active
S000609,C000609,monthly,59.0,,2025-02-23,2025-09-23,canceled
S009905,C009905,monthly,59.0,HARBOR50,2026-07-27,2026-08-23,canceled
S004080,C004080,monthly,59.0,,2025-10-08,,active
S008566,C008566,annual,588.0,,2026-06-25,,active
S000628,C000628,monthly,59.0,,2025-02-17,,active
S003408,C003408,monthly,59.0,,2025-09-14,2026-05-10,canceled
S009836,C009836,annual,588.0,,2026-07-10,,active
S004526,C004526,monthly,59.0,,2025-11-17,,active
S000471,C000471,annual,588.0,,2025-02-05,,active
S000492,C000492,monthly,59.0,,2025-02-25,,active
S002112,C002112,monthly,59.0,,2025-06-29,2025-12-03,canceled
S001732,C001732,monthly,59.0,,2025-05-05,,active
S008716,C008716,annual,588.0,,2026-06-30,,active
S005494,C005494,monthly,59.0,,2026-01-11,,active
S010423,C010423,monthly,59.0,,2026-08-09,,active
S011638,C001802,annual,588.0,,2025-11-22,,active
S007687,C007687,monthly,59.0,,2026-05-29,,active
S000885,C000885,monthly,59.0,,2025-03-12,,active
S009322,C009322,annual,588.0,,2026-07-04,,active
S009757,C009757,monthly,59.0,HARBOR50,2026-07-20,,active
S003322,C003322,monthly,59.0,,2025-08-27,,active
S008090,C008090,monthly,59.0,HARBOR50,2026-05-15,,active
S001976,C001976,annual,588.0,,2025-05-12,2026-05-13,canceled
S002140,C002140,monthly,59.0,,2025-06-26,,active
S000893,C000893,monthly,59.0,,2025-03-02,2026-06-04,canceled
S010060,C010060,monthly,59.0,HARBOR50,2026-07-28,,active
S009742,C009742,monthly,59.0,HARBOR50,2026-07-27,,active
S005649,C005649,monthly,59.0,,2026-01-11,,canceled
S001127,C001127,monthly,59.0,,2025-03-03,2025-06-27,canceled
S005103,C005103,monthly,59.0,,2025-12-12,2026-09-15,canceled
S010310,C010310,annual,588.0,,2026-08-01,,active
S000410,C000410,monthly,59.0,,2025-02-25,2025-05-30,canceled
S011593,C000281,annual,588.0,,2025-07-23,,active
S008149,C008149,monthly,59.0,,2026-05-09,,active
S002510,C002510,monthly,59.0,,2025-07-04,,active
S001190,C001190,monthly,59.0,,2025-03-16,2026-08-15,canceled
S008630,C008630,monthly,59.0,,2026-06-26,,active
S010214,C010214,monthly,59.0,,2026-08-07,,active
S004622,C004622,monthly,59.0,,2025-11-03,,active
S011379,C011379,monthly,59.0,COMP100,2025-10-06,2025-10-11,canceled
S006456,C006456,monthly,59.0,HARBOR50,2026-03-13,2026-07-13,canceled
S007626,C007626,monthly,59.0,HARBOR50,2026-04-07,,active
S000830,C000830,monthly,59.0,,2025-03-08,,active
S010713,C010713,monthly,59.0,HARBOR50,2026-08-10,,active
S003102,C003102,monthly,59.0,,2025-08-25,,active
S008567,C008567,monthly,59.0,,2026-06-27,,active
S001461,C001461,monthly,59.0,,2025-04-09,,active
S005436,C005436,monthly,59.0,,2026-01-04,,active
S004512,C004512,monthly,59.0,,2025-11-26,,active
S008831,C008831,monthly,59.0,HARBOR50,2026-06-04,,active
S001171,C001171,monthly,59.0,,2025-03-03,,active
S006063,C006063,annual,588.0,,2026-02-26,,active
S007308,C007308,monthly,59.0,,2026-04-22,,active
S009586,C009586,monthly,59.0,,2026-07-29,,active
S009060,C009060,monthly,59.0,HARBOR50,2026-06-11,,active
S002337,C002337,monthly,59.0,,2025-06-04,,canceled
S011441,C011441,monthly,59.0,COMP100,2025-04-09,,active
S002340,C002340,annual,588.0,,2025-06-15,,active
S002314,C002314,monthly,59.0,,2025-06-19,,active
S001100,C001100,monthly,59.0,,2025-03-17,,active
S005855,C005855,annual,588.0,,2026-02-08,,active
S008127,C008127,monthly,59.0,HARBOR50,2026-05-30,,active
S007792,C007792,monthly,59.0,,2026-05-17,,active
S007183,C007183,monthly,59.0,HARBOR50,2026-04-21,2026-08-26,canceled
S006521,C006521,monthly,59.0,,2026-03-31,,active
S003695,C003695,monthly,59.0,,2025-09-17,,active
S010959,C010959,monthly,59.0,,2026-08-12,,active
S006687,C006687,monthly,59.0,HARBOR50,2026-03-17,,active
S007002,C007002,annual,588.0,,2026-04-29,,active
S000806,C000806,annual,588.0,,2025-02-24,,active
S009528,C009528,monthly,59.0,,2026-07-08,,active
S011179,C011179,annual,588.0,,2026-09-12,,active
S006238,C006238,monthly,59.0,,2026-03-11,,active
S007124,C007124,monthly,59.0,HARBOR50,2026-04-28,,active
S010050,C010050,monthly,59.0,HARBOR50,2026-07-23,,active
S007576,C007576,monthly,59.0,HARBOR50,2026-04-06,,active
S002746,C002746,monthly,59.0,,2025-07-05,,active
S006025,C006025,monthly,59.0,,2026-02-13,,active
S002191,C002191,monthly,59.0,,2025-06-10,,active
S002665,C002665,monthly,59.0,,2025-07-19,,active
S011679,C004880,annual,588.0,,2026-09-02,,active
S008370,C008370,monthly,59.0,HARBOR50,2026-05-08,,active
S008869,C008869,monthly,59.0,HARBOR50,2026-06-02,,active
S001310,C001310,monthly,59.0,,2025-04-11,2025-08-14,canceled
S007258,C007258,monthly,59.0,HARBOR50,2026-04-20,2026-08-24,canceled
S006799,C006799,monthly,59.0,HARBOR50,2026-03-09,2026-08-08,canceled
S011243,C011243,monthly,59.0,HARBOR50,2026-09-11,,active
S005981,C005981,annual,588.0,,2026-02-12,,active
S004251,C004251,monthly,59.0,,2025-10-12,,active
S000904,C000904,monthly,59.0,,2025-03-01,2026-06-27,canceled
S007120,C007120,monthly,59.0,,2026-04-03,,active
S008725,C008725,monthly,59.0,HARBOR50,2026-06-26,,active
S004722,C004722,monthly,59.0,,2025-11-05,,active
S004362,C004362,monthly,59.0,,2025-11-07,,active
S001280,C001280,monthly,59.0,,2025-04-27,2025-10-31,canceled
S009996,C009996,monthly,59.0,HARBOR50,2026-07-11,,active
S009154,C009154,monthly,59.0,HARBOR50,2026-06-06,,active
S005148,C005148,monthly,59.0,,2025-12-28,,active
S003850,C003850,monthly,59.0,,2025-09-21,2025-10-18,canceled
S011547,C006805,annual,588.0,,2026-09-04,,active
S008051,C008051,monthly,59.0,HARBOR50,2026-05-01,,active
S003718,C003718,monthly,59.0,,2025-09-29,,active
S010745,C010745,monthly,59.0,HARBOR50,2026-08-14,,active
S009638,C009638,annual,588.0,,2026-07-22,,active
S008001,C008001,monthly,59.0,HARBOR50,2026-05-27,,active
S005285,C005285,monthly,59.0,,2026-01-23,,active
S000934,C000934,annual,588.0,,2025-03-25,,active
S002625,C002625,monthly,59.0,,2025-07-17,,active
S006819,C006819,monthly,59.0,HARBOR50,2026-03-22,,active
S006322,C006322,monthly,59.0,,2026-03-03,,active
S009775,C009775,monthly,59.0,,2026-07-20,,active
S002650,C002650,monthly,59.0,,2025-07-02,,active
S007502,C007502,monthly,59.0,HARBOR50,2026-04-12,2026-06-11,canceled
S008902,C008902,monthly,59.0,HARBOR50,2026-06-20,,active
S005064,C005064,monthly,59.0,,2025-12-14,2026-04-17,canceled
S005762,C005762,monthly,59.0,,2026-02-25,,active
S009925,C009925,monthly,59.0,HARBOR50,2026-07-10,,active
S008823,C008823,monthly,59.0,HARBOR50,2026-06-01,,active
S010755,C010755,monthly,59.0,HARBOR50,2026-08-20,,active
S005059,C005059,monthly,59.0,,2025-12-25,,active
S009226,C009226,monthly,59.0,HARBOR50,2026-06-13,,active
S003010,C003010,monthly,59.0,,2025-08-21,,active
S002970,C002970,monthly,59.0,,2025-08-02,2026-02-28,canceled
S007789,C007789,monthly,59.0,,2026-05-24,,active
S008573,C008573,monthly,59.0,,2026-06-26,,active
S007499,C007499,monthly,59.0,HARBOR50,2026-04-16,2026-08-18,canceled
S001262,C001262,annual,588.0,,2025-04-10,,active
S011229,C011229,monthly,59.0,HARBOR50,2026-09-01,,active
S007001,C007001,annual,588.0,,2026-04-13,,active
S002696,C002696,annual,588.0,,2025-07-13,,active
S002662,C002662,monthly,59.0,,2025-07-16,2025-07-24,canceled
S001195,C001195,monthly,59.0,,2025-03-03,,active
S000264,C000264,monthly,59.0,,2025-01-12,2025-09-12,canceled
S004859,C004859,monthly,59.0,,2025-12-08,2026-06-11,canceled
S009927,C009927,monthly,59.0,HARBOR50,2026-07-31,,active
S008681,C008681,monthly,59.0,,2026-06-01,,active
S009142,C009142,monthly,59.0,HARBOR50,2026-06-10,,active
S002328,C002328,monthly,59.0,,2025-06-09,2026-08-10,canceled
S006529,C006529,monthly,59.0,,2026-03-25,2026-04-28,canceled
S003799,C003799,monthly,59.0,,2025-09-25,2026-01-27,canceled
S006419,C006419,monthly,59.0,,2026-03-07,,active
S011265,C011265,monthly,59.0,,2026-09-11,,active
S006403,C006403,monthly,59.0,,2026-03-24,,active
S007971,C007971,annual,588.0,,2026-05-12,,active
S002910,C002910,monthly,59.0,,2025-07-05,2026-05-03,canceled
S009158,C009158,monthly,59.0,HARBOR50,2026-06-04,,active
S008417,C008417,annual,588.0,,2026-06-07,,active
S005608,C005608,monthly,59.0,,2026-01-16,,active
S007049,C007049,monthly,59.0,,2026-04-06,2026-08-02,canceled
S007320,C007320,monthly,59.0,HARBOR50,2026-04-16,,active
S004110,C004110,monthly,59.0,,2025-10-25,,active
S008930,C008930,monthly,59.0,HARBOR50,2026-06-07,,active
S004438,C004438,monthly,59.0,,2025-11-13,,active
S006231,C006231,monthly,59.0,,2026-03-09,,active
S001799,C001799,monthly,59.0,,2025-05-04,,active
S005933,C005933,monthly,59.0,,2026-02-11,,active
S011588,C005945,annual,588.0,,2026-09-10,,active
S001030,C001030,monthly,59.0,,2025-03-01,,active
S007690,C007690,monthly,59.0,,2026-05-20,,active
S007917,C007917,monthly,59.0,HARBOR50,2026-05-02,2026-08-27,canceled
S005058,C005058,monthly,59.0,,2025-12-15,,active
S011672,C006343,annual,588.0,,2026-08-25,,active
S005549,C005549,monthly,59.0,,2026-01-22,,active
S002213,C002213,monthly,59.0,,2025-06-24,,active
S005356,C005356,monthly,59.0,,2026-01-31,2026-08-06,canceled
S010484,C010484,monthly,59.0,,2026-08-22,,active
S002918,C002918,monthly,59.0,,2025-07-14,,active
S001559,C001559,annual,588.0,,2025-04-24,2026-04-26,canceled
S008433,C008433,monthly,59.0,,2026-06-03,,active
S005268,C005268,annual,588.0,,2025-12-07,,active
S011088,C011088,monthly,59.0,,2026-09-09,,active
S010821,C010821,monthly,59.0,HARBOR50,2026-08-11,,active
S010548,C010548,monthly,59.0,,2026-08-01,,active
S010981,C010981,monthly,59.0,HARBOR50,2026-08-01,,active
S001246,C001246,monthly,59.0,,2025-03-20,,active
S003965,C003965,monthly,59.0,,2025-10-21,2026-06-16,canceled
S002537,C002537,monthly,59.0,,2025-07-27,,active
S011158,C011158,monthly,59.0,,2026-09-02,,active
S004277,C004277,monthly,59.0,,2025-10-03,2025-10-29,canceled
S000077,C000077,monthly,59.0,,2025-01-08,2025-09-12,canceled
S005577,C005577,monthly,59.0,,2026-01-28,,active
S003548,C003548,annual,588.0,,2025-09-06,,active
S001643,C001643,monthly,59.0,,2025-04-04,2025-09-04,canceled
S002605,C002605,monthly,59.0,,2025-07-03,,active
S004711,C004711,monthly,59.0,,2025-11-05,,active
S003320,C003320,annual,588.0,,2025-08-24,2026-08-26,canceled
S007269,C007269,monthly,59.0,HARBOR50,2026-04-10,,active
S005997,C005997,annual,588.0,,2026-02-23,,active
S004760,C004760,monthly,59.0,,2025-11-15,2025-12-13,canceled
S003858,C003858,monthly,59.0,,2025-09-09,,active
S006850,C006850,monthly,59.0,HARBOR50,2026-03-05,2026-07-02,canceled
S007421,C007421,monthly,59.0,HARBOR50,2026-04-30,,active
S005812,C005812,monthly,59.0,,2026-02-11,,active
S002039,C002039,annual,588.0,,2025-05-24,2026-05-24,canceled
S004915,C004915,annual,588.0,,2025-12-19,,active
S008065,C008065,monthly,59.0,HARBOR50,2026-05-19,,active
S005078,C005078,monthly,59.0,,2025-12-29,,active
S006450,C006450,monthly,59.0,,2026-03-06,,active
S008907,C008907,monthly,59.0,HARBOR50,2026-06-07,,active
S000979,C000979,monthly,59.0,,2025-03-24,,active
S010770,C010770,monthly,59.0,HARBOR50,2026-08-10,,active
S002788,C002788,monthly,59.0,,2025-07-13,,active
S009824,C009824,monthly,59.0,HARBOR50,2026-07-03,,active
S007360,C007360,monthly,59.0,HARBOR50,2026-04-28,,active
S011406,C011406,monthly,59.0,COMP100,2025-03-04,2025-03-09,canceled
S004554,C004554,annual,588.0,,2025-11-27,,active
S000842,C000842,annual,588.0,,2025-03-07,,active
S011666,C005146,annual,588.0,,2026-05-20,,active
S008773,C008773,monthly,59.0,,2026-06-21,,active
S004311,C004311,annual,588.0,,2025-10-26,,active
S004730,C004730,monthly,59.0,,2025-11-29,2026-07-02,canceled
S005640,C005640,annual,588.0,,2026-01-22,,active
S006595,C006595,annual,588.0,,2026-03-16,,active
S008117,C008117,monthly,59.0,HARBOR50,2026-05-08,,active
S007843,C007843,monthly,59.0,,2026-05-01,2026-07-01,canceled
S007764,C007764,monthly,59.0,,2026-05-14,,active
S009830,C009830,monthly,59.0,HARBOR50,2026-07-01,,active
S003876,C003876,monthly,59.0,,2025-10-25,,active
S004253,C004253,monthly,59.0,,2025-10-20,,active
S010948,C010948,monthly,59.0,HARBOR50,2026-08-07,,active
S002895,C002895,monthly,59.0,,2025-07-05,2025-08-05,canceled
S001913,C001913,annual,588.0,,2025-05-10,,active
S011387,C011387,monthly,59.0,COMP100,2025-12-08,,active
S000543,C000543,monthly,59.0,,2025-02-27,,active
S005654,C005654,annual,588.0,,2026-01-26,,active
S006307,C006307,annual,588.0,,2026-03-16,,active
S006600,C006600,monthly,59.0,HARBOR50,2026-03-06,2026-05-02,canceled
S006741,C006741,monthly,59.0,HARBOR50,2026-03-04,2026-06-05,canceled
S002559,C002559,monthly,59.0,,2025-07-15,,active
S001795,C001795,monthly,59.0,,2025-05-11,,active
S000283,C000283,annual,588.0,,2025-01-07,,active
S006924,C006924,monthly,59.0,,2026-04-25,,active
S001666,C001666,monthly,59.0,,2025-04-13,2026-05-11,canceled
S000082,C000082,monthly,59.0,,2025-01-03,,active
S002941,C002941,monthly,59.0,,2025-07-14,,active
S003631,C003631,monthly,59.0,,2025-09-11,2025-12-07,canceled
S008960,C008960,monthly,59.0,HARBOR50,2026-06-19,,active
S002258,C002258,monthly,59.0,,2025-06-26,,active
S000117,C000117,monthly,59.0,,2025-01-01,,active
S010305,C010305,annual,588.0,,2026-08-08,,active
S010207,C010207,monthly,59.0,,2026-08-09,,active
S005245,C005245,monthly,59.0,,2025-12-15,,active
S011171,C011171,monthly,59.0,,2026-09-14,,active
S007461,C007461,monthly,59.0,HARBOR50,2026-04-22,2026-08-16,canceled
S010068,C010068,monthly,59.0,,2026-07-14,,active
S002563,C002563,monthly,59.0,,2025-07-29,2026-01-24,canceled
S007838,C007838,monthly,59.0,,2026-05-06,,active
S002394,C002394,monthly,59.0,,2025-06-12,,active
S003460,C003460,annual,588.0,,2025-09-12,,active
S008151,C008151,monthly,59.0,HARBOR50,2026-05-14,,active
S003211,C003211,annual,588.0,,2025-08-15,,active
S007260,C007260,monthly,59.0,HARBOR50,2026-04-08,,active
S004328,C004328,monthly,59.0,,2025-10-20,,active
S003753,C003753,monthly,59.0,,2025-09-17,,active
S002756,C002756,monthly,59.0,,2025-07-29,,active
S002421,C002421,monthly,59.0,,2025-06-14,2025-12-15,canceled
S000572,C000572,annual,588.0,,2025-02-18,,active
S001862,C001862,monthly,59.0,,2025-05-18,2026-07-13,canceled
S010871,C010871,monthly,59.0,HARBOR50,2026-08-14,,active
S008485,C008485,monthly,59.0,,2026-06-26,,active
S001652,C001652,annual,588.0,,2025-04-17,,active
S008165,C008165,annual,588.0,,2026-05-25,,active
S004250,C004250,monthly,59.0,,2025-10-06,,active
S000777,C000777,monthly,59.0,,2025-02-10,2026-04-08,canceled
S007247,C007247,monthly,59.0,,2026-04-20,2026-05-14,canceled
S005416,C005416,monthly,59.0,,2026-01-15,2026-08-11,canceled
S007869,C007869,monthly,59.0,,2026-05-06,,active
S007677,C007677,monthly,59.0,,2026-05-31,,active
S011493,C006384,annual,588.0,,2026-08-18,,active
S002735,C002735,monthly,59.0,,2025-07-22,,active
S006079,C006079,annual,588.0,,2026-02-04,,active
S000961,C000961,monthly,59.0,,2025-03-06,2026-02-07,canceled
S008313,C008313,monthly,59.0,HARBOR50,2026-05-01,,active
S008660,C008660,annual,588.0,,2026-06-06,,active
S010061,C010061,annual,588.0,,2026-07-20,,active
S005576,C005576,annual,588.0,,2026-01-08,,active
S000902,C000902,monthly,59.0,,2025-03-31,2026-02-02,canceled
S000595,C000595,monthly,59.0,,2025-02-08,,active
S007023,C007023,monthly,59.0,,2026-04-05,,active
S009666,C009666,monthly,59.0,,2026-07-10,,active
S001187,C001187,monthly,59.0,,2025-03-01,2025-04-06,canceled
S002004,C002004,annual,588.0,,2025-05-17,,active
S008316,C008316,monthly,59.0,,2026-05-08,2026-07-02,canceled
S000088,C000088,monthly,59.0,,2025-01-12,,active
S002268,C002268,annual,588.0,,2025-06-26,,active
S003682,C003682,monthly,59.0,,2025-09-26,2026-08-02,canceled
S010838,C010838,monthly,59.0,HARBOR50,2026-08-28,,active
S001660,C001660,monthly,59.0,,2025-04-13,,active
S004219,C004219,annual,588.0,,2025-10-30,,active
S003688,C003688,monthly,59.0,,2025-09-28,,active
S000137,C000137,annual,588.0,,2025-01-15,,active
S007696,C007696,annual,588.0,,2026-05-18,,active
S000228,C000228,monthly,59.0,,2025-01-09,2025-09-04,canceled
S001535,C001535,monthly,59.0,,2025-04-10,,active
S008893,C008893,monthly,59.0,HARBOR50,2026-06-10,,active
S002521,C002521,monthly,59.0,,2025-07-07,,active
S007177,C007177,monthly,59.0,,2026-04-03,,active
S000468,C000468,monthly,59.0,,2025-02-02,2026-05-06,canceled
S003091,C003091,monthly,59.0,,2025-08-13,,active
S007306,C007306,monthly,59.0,HARBOR50,2026-04-04,,active
S004395,C004395,annual,588.0,,2025-11-14,,active
S005385,C005385,monthly,59.0,,2026-01-12,,active
S006172,C006172,monthly,59.0,,2026-02-20,2026-07-20,canceled
S005602,C005602,monthly,59.0,,2026-01-21,2026-07-23,canceled
S002052,C002052,monthly,59.0,,2025-05-05,2026-02-01,canceled
S004216,C004216,annual,588.0,,2025-10-20,,active
S003084,C003084,monthly,59.0,,2025-08-26,,active
S007907,C007907,monthly,59.0,,2026-05-28,,active
S007498,C007498,monthly,59.0,HARBOR50,2026-04-06,,active
S002827,C002827,monthly,59.0,,2025-07-19,2025-12-21,canceled
S007115,C007115,monthly,59.0,,2026-04-22,,active
S003120,C003120,annual,588.0,,2025-08-27,,active
S000144,C000144,monthly,59.0,,2025-01-20,,active
S008246,C008246,monthly,59.0,HARBOR50,2026-05-18,,active
S011153,C011153,monthly,59.0,HARBOR50,2026-09-10,,active
S005651,C005651,monthly,59.0,,2026-01-07,,active
S003017,C003017,monthly,59.0,,2025-08-27,,active
S010665,C010665,monthly,59.0,HARBOR50,2026-08-18,,active
S006603,C006603,monthly,59.0,HARBOR50,2026-03-21,,active
S003888,C003888,monthly,59.0,,2025-10-23,,active
S005046,C005046,monthly,59.0,,2025-12-25,,active
S008008,C008008,monthly,59.0,HARBOR50,2026-05-28,,active
S005805,C005805,monthly,59.0,,2026-02-23,,active
S000419,C000419,annual,588.0,,2025-02-18,,active
S007553,C007553,monthly,59.0,HARBOR50,2026-04-19,,active
S006061,C006061,monthly,59.0,,2026-02-25,,active
S000703,C000703,monthly,59.0,,2025-02-01,2025-07-02,canceled
S011216,C011216,monthly,59.0,HARBOR50,2026-09-14,,active
S006844,C006844,monthly,59.0,HARBOR50,2026-03-01,,active
S001108,C001108,annual,588.0,,2025-03-17,2026-03-23,canceled
S008262,C008262,monthly,59.0,,2026-05-22,,active
S002285,C002285,monthly,59.0,,2025-06-26,2025-09-25,canceled
S005802,C005802,monthly,59.0,,2026-02-10,,active
S006187,C006187,monthly,59.0,,2026-02-05,,active
S003686,C003686,monthly,59.0,,2025-09-13,2025-12-09,canceled
S002687,C002687,monthly,59.0,,2025-07-03,,active
S006621,C006621,monthly,59.0,HARBOR50,2026-03-03,2026-03-29,canceled
S001615,C001615,annual,588.0,,2025-04-12,2026-04-13,canceled
S005660,C005660,monthly,59.0,,2026-01-10,2026-02-09,canceled
S007676,C007676,monthly,59.0,,2026-05-26,,active
S001818,C001818,annual,588.0,,2025-05-19,2026-05-22,canceled
S008020,C008020,monthly,59.0,HARBOR50,2026-05-12,,active
S010669,C010669,monthly,59.0,,2026-08-12,,active
S004568,C004568,monthly,59.0,,2025-11-16,,active
S003874,C003874,annual,588.0,,2025-10-16,,active
S006801,C006801,monthly,59.0,HARBOR50,2026-03-27,2026-07-30,canceled
S003135,C003135,monthly,59.0,,2025-08-03,2026-02-03,canceled
S005635,C005635,monthly,59.0,,2026-01-14,,active
S009617,C009617,monthly,59.0,,2026-07-10,,active
S002122,C002122,monthly,59.0,,2025-06-20,2026-07-26,canceled
S004544,C004544,annual,588.0,,2025-11-16,,active
S011345,C011345,monthly,59.0,COMP100,2025-01-23,2025-01-26,canceled
S000248,C000248,monthly,59.0,,2025-01-12,,active
S000051,C000051,monthly,59.0,,2025-01-31,,active
S009233,C009233,monthly,59.0,HARBOR50,2026-06-10,,active
S008429,C008429,monthly,59.0,,2026-06-14,,active
S008879,C008879,monthly,59.0,HARBOR50,2026-06-18,,active
S010129,C010129,monthly,59.0,,2026-08-01,,active
S001676,C001676,monthly,59.0,,2025-05-11,,active
S000638,C000638,monthly,59.0,,2025-02-11,2025-10-17,canceled
S010280,C010280,monthly,59.0,,2026-08-18,,active
S000547,C000547,annual,588.0,,2025-02-26,,canceled
S000912,C000912,monthly,59.0,,2025-03-27,,active
S001756,C001756,annual,588.0,,2025-05-07,,active
S006097,C006097,monthly,59.0,,2026-02-12,,active
S006609,C006609,monthly,59.0,HARBOR50,2026-03-28,2026-08-23,canceled
S008198,C008198,monthly,59.0,HARBOR50,2026-05-24,,active
S004888,C004888,monthly,59.0,,2025-12-31,2026-02-26,canceled
S005752,C005752,monthly,59.0,,2026-02-15,,active
S003926,C003926,monthly,59.0,,2025-10-04,,active
S002439,C002439,monthly,59.0,,2025-06-05,2025-06-15,canceled
S003987,C003987,annual,588.0,,2025-10-07,,active
S005127,C005127,monthly,59.0,,2025-12-11,,active
S000127,C000127,annual,588.0,,2025-01-14,,active
S002373,C002373,monthly,59.0,,2025-06-02,2026-02-03,canceled
S004625,C004625,monthly,59.0,,2025-11-06,2026-02-09,canceled
S007440,C007440,monthly,59.0,HARBOR50,2026-04-29,2026-08-22,canceled
S004916,C004916,monthly,59.0,,2025-12-20,,active
S003212,C003212,monthly,59.0,,2025-08-26,,active
S008860,C008860,monthly,59.0,HARBOR50,2026-06-28,,active
S005502,C005502,monthly,59.0,,2026-01-03,2026-03-29,canceled
S001753,C001753,monthly,59.0,,2025-05-13,,active
S004213,C004213,monthly,59.0,,2025-10-20,,active
S008550,C008550,monthly,59.0,,2026-06-18,,active
S009657,C009657,annual,588.0,,2026-07-18,,active
S008624,C008624,monthly,59.0,,2026-06-28,,active
S005444,C005444,monthly,59.0,,2026-01-03,,active
S003595,C003595,monthly,59.0,,2025-09-14,2026-09-08,canceled
S002539,C002539,monthly,59.0,,2025-07-12,2025-10-08,canceled
S008120,C008120,monthly,59.0,HARBOR50,2026-05-19,,active
S004381,C004381,monthly,59.0,,2025-11-28,,active
S003878,C003878,monthly,59.0,,2025-10-05,,active
S005173,C005173,monthly,59.0,,2025-12-30,2026-07-28,canceled
S001069,C001069,annual,588.0,,2025-03-27,,active
S005291,C005291,annual,588.0,,2026-01-08,,active
S009965,C009965,annual,588.0,,2026-07-16,,active
S000874,C000874,monthly,59.0,,2025-03-21,,active
S002416,C002416,monthly,59.0,,2025-06-16,,active
S005347,C005347,monthly,59.0,,2026-01-28,,active
S000260,C000260,monthly,59.0,,2025-01-14,2025-04-11,canceled
S001671,C001671,monthly,59.0,,2025-04-17,2025-09-15,canceled
S006827,C006827,monthly,59.0,HARBOR50,2026-03-20,2026-08-18,canceled
S001894,C001894,monthly,59.0,,2025-05-04,2025-09-03,canceled
S001107,C001107,monthly,59.0,,2025-03-11,,active
S002143,C002143,annual,588.0,,2025-06-17,,active
S000439,C000439,monthly,59.0,,2025-02-15,,active
S000256,C000256,monthly,59.0,,2025-01-20,2026-03-26,canceled
S000277,C000277,monthly,59.0,,2025-01-02,2025-11-02,canceled
S004856,C004856,monthly,59.0,,2025-12-31,,active
S006422,C006422,annual,588.0,,2026-03-20,,active
S002481,C002481,monthly,59.0,,2025-06-28,2025-09-25,canceled
S005319,C005319,monthly,59.0,,2026-01-06,,active
S007959,C007959,monthly,59.0,,2026-05-19,,active
S000263,C000263,annual,588.0,,2025-01-20,,active
S000681,C000681,monthly,59.0,,2025-02-18,,active
S003461,C003461,monthly,59.0,,2025-09-20,,active
S011494,C000071,annual,588.0,,2026-07-08,,active
S003712,C003712,monthly,59.0,,2025-09-14,2025-12-19,canceled
S008718,C008718,monthly,59.0,,2026-06-05,,active
S004633,C004633,annual,588.0,,2025-11-09,,active
S009597,C009597,monthly,59.0,,2026-07-01,,active
S006935,C006935,monthly,59.0,,2026-04-27,,active
S005798,C005798,monthly,59.0,,2026-02-11,,active
S011648,C006358,annual,588.0,,2026-07-25,,active
S002272,C002272,monthly,59.0,,2025-06-24,,active
S000302,C000302,monthly,59.0,,2025-01-01,2025-06-04,canceled
S007389,C007389,monthly,59.0,HARBOR50,2026-04-09,,active
S004876,C004876,monthly,59.0,,2025-12-12,,active
S009695,C009695,monthly,59.0,HARBOR50,2026-07-30,,active
S010382,C010382,monthly,59.0,,2026-08-18,,active
S008807,C008807,annual,588.0,,2026-06-29,,active
S007539,C007539,monthly,59.0,HARBOR50,2026-04-14,2026-08-15,canceled
S002482,C002482,annual,588.0,,2025-06-29,,active
S005329,C005329,annual,588.0,,2026-01-23,,active
S005737,C005737,annual,588.0,,2026-01-28,,active
S004167,C004167,monthly,59.0,,2025-10-10,,active
S011143,C011143,monthly,59.0,,2026-09-08,,active
S001073,C001073,monthly,59.0,,2025-03-30,,active
S004509,C004509,annual,588.0,,2025-11-27,,active
S005818,C005818,annual,588.0,,2026-02-07,,active
S009600,C009600,monthly,59.0,,2026-07-27,,active
S009573,C009573,annual,588.0,,2026-07-21,,active
S005366,C005366,monthly,59.0,,2026-01-15,,active
S001182,C001182,monthly,59.0,,2025-03-25,,active
S000765,C000765,annual,588.0,,2025-02-12,,active
S010855,C010855,monthly,59.0,HARBOR50,2026-08-09,,active
S008943,C008943,monthly,59.0,HARBOR50,2026-06-19,,active
S001874,C001874,monthly,59.0,,2025-05-16,,active
S008150,C008150,monthly,59.0,HARBOR50,2026-05-12,2026-09-11,canceled
S007766,C007766,monthly,59.0,,2026-05-22,,active
S009527,C009527,monthly,59.0,,2026-07-01,,active
S003562,C003562,monthly,59.0,,2025-09-27,,active
S006302,C006302,monthly,59.0,,2026-03-19,,active
S005443,C005443,annual,588.0,,2026-01-22,,active
S010043,C010043,monthly,59.0,HARBOR50,2026-07-28,,active
S002952,C002952,annual,588.0,,2025-08-27,,active
S002420,C002420,monthly,59.0,,2025-06-23,2025-08-21,canceled
S000562,C000562,monthly,59.0,,2025-02-03,,active
S002509,C002509,monthly,59.0,,2025-07-15,,active
S006834,C006834,monthly,59.0,HARBOR50,2026-03-02,2026-06-27,canceled
S004704,C004704,monthly,59.0,,2025-11-29,,active
S011424,C011424,monthly,59.0,COMP100,2026-05-07,,active
S009737,C009737,monthly,59.0,HARBOR50,2026-07-19,,active
S007420,C007420,annual,588.0,,2026-04-03,,active
S008400,C008400,monthly,59.0,HARBOR50,2026-05-09,2026-09-10,canceled
S011147,C011147,annual,588.0,,2026-09-06,,active
S010612,C010612,monthly,59.0,HARBOR50,2026-08-20,,active
S008504,C008504,annual,588.0,,2026-06-08,,active
S004797,C004797,monthly,59.0,,2025-11-02,,active
S009956,C009956,monthly,59.0,HARBOR50,2026-07-13,,active
S005460,C005460,monthly,59.0,,2026-01-05,,active
S009771,C009771,monthly,59.0,HARBOR50,2026-07-12,,active
S006205,C006205,monthly,59.0,,2026-03-08,,active
S011187,C011187,monthly,59.0,HARBOR50,2026-09-06,,active
S006668,C006668,monthly,59.0,HARBOR50,2026-03-04,,canceled
S009916,C009916,monthly,59.0,HARBOR50,2026-07-23,,active
S006808,C006808,monthly,59.0,HARBOR50,2026-03-09,,active
S006798,C006798,monthly,59.0,HARBOR50,2026-03-30,2026-07-24,canceled
S002159,C002159,monthly,59.0,,2025-06-24,,active
S006390,C006390,monthly,59.0,,2026-03-26,,active
S010915,C010915,monthly,59.0,,2026-08-20,,active
S004909,C004909,annual,588.0,,2025-12-23,,active
S009858,C009858,monthly,59.0,HARBOR50,2026-07-16,,active
S000748,C000748,monthly,59.0,,2025-02-14,,active
S004878,C004878,annual,588.0,,2025-12-25,,active
S007601,C007601,monthly,59.0,HARBOR50,2026-04-05,,active
S006788,C006788,monthly,59.0,HARBOR50,2026-03-04,2026-08-27,canceled
S008599,C008599,monthly,59.0,,2026-06-18,,active
S008767,C008767,annual,588.0,,2026-06-15,,active
S011604,C003506,annual,588.0,,2026-06-30,,active
S002797,C002797,monthly,59.0,,2025-07-18,2026-07-19,canceled
S010736,C010736,monthly,59.0,HARBOR50,2026-08-07,,active
S000932,C000932,monthly,59.0,,2025-03-31,,active
S002323,C002323,monthly,59.0,,2025-06-28,2025-09-21,canceled
S008104,C008104,monthly,59.0,HARBOR50,2026-05-03,2026-07-30,canceled
S007108,C007108,monthly,59.0,,2026-04-20,,active
S009483,C009483,monthly,59.0,,2026-07-02,,active
S010697,C010697,monthly,59.0,HARBOR50,2026-08-27,,active
S009259,C009259,monthly,59.0,HARBOR50,2026-06-22,,active
S005251,C005251,monthly,59.0,,2025-12-26,2026-04-21,canceled
S002359,C002359,monthly,59.0,,2025-06-18,,active
S010602,C010602,annual,588.0,,2026-08-27,,active
S003654,C003654,monthly,59.0,,2025-09-09,2025-10-15,canceled
S008421,C008421,annual,588.0,,2026-06-17,,active
S002401,C002401,monthly,59.0,,2025-06-12,2025-06-30,canceled
S009338,C009338,monthly,59.0,,2026-07-07,,active
S001257,C001257,monthly,59.0,,2025-04-07,,active
S011114,C011114,monthly,59.0,HARBOR50,2026-09-03,,active
S003648,C003648,monthly,59.0,,2025-09-04,,active
S011623,C006015,annual,588.0,,2026-06-08,,active
S000792,C000792,annual,588.0,,2025-02-09,2026-02-15,canceled
S010329,C010329,monthly,59.0,,2026-08-13,,active
S010911,C010911,monthly,59.0,HARBOR50,2026-08-28,,active
S011503,C005036,annual,588.0,,2026-08-28,,active
S009236,C009236,monthly,59.0,HARBOR50,2026-06-07,,active
S009284,C009284,monthly,59.0,HARBOR50,2026-06-28,,active
S008110,C008110,annual,588.0,,2026-05-29,,active
S000895,C000895,monthly,59.0,,2025-03-26,2026-03-21,canceled
S001218,C001218,monthly,59.0,,2025-03-25,2025-11-25,canceled
S008722,C008722,monthly,59.0,,2026-06-19,,active
S004326,C004326,annual,588.0,,2025-10-07,,active
S000970,C000970,monthly,59.0,,2025-03-21,,active
S010593,C010593,monthly,59.0,HARBOR50,2026-08-30,,active
S002185,C002185,monthly,59.0,,2025-06-04,2025-11-07,canceled
S000038,C000038,annual,588.0,,2025-01-09,,active
S006448,C006448,monthly,59.0,,2026-03-18,,active
S004645,C004645,monthly,59.0,,2025-11-01,,active
S010876,C010876,monthly,59.0,,2026-08-24,,active
S011139,C011139,monthly,59.0,,2026-09-14,,active
S008271,C008271,monthly,59.0,HARBOR50,2026-05-12,,active
S008072,C008072,monthly,59.0,HARBOR50,2026-05-22,,active
S007225,C007225,annual,588.0,,2026-04-29,,active
S000834,C000834,annual,588.0,,2025-03-14,,active
S009323,C009323,monthly,59.0,,2026-07-02,,active
S002330,C002330,annual,588.0,,2025-06-18,,active
S000224,C000224,monthly,59.0,,2025-01-31,,active
S010854,C010854,monthly,59.0,HARBOR50,2026-08-26,,active
S005183,C005183,monthly,59.0,,2025-12-09,,active
S005498,C005498,monthly,59.0,,2026-01-20,2026-04-26,canceled
S005929,C005929,monthly,59.0,,2026-02-17,,active
S009436,C009436,monthly,59.0,,2026-07-30,,active
S007777,C007777,monthly,59.0,,2026-05-21,,active
S007281,C007281,monthly,59.0,HARBOR50,2026-04-30,,active
S008028,C008028,monthly,59.0,HARBOR50,2026-05-27,,active
S000343,C000343,annual,588.0,,2025-01-13,2026-01-17,canceled
S010842,C010842,monthly,59.0,HARBOR50,2026-08-24,,active
S006101,C006101,monthly,59.0,,2026-02-20,,active
S005469,C005469,monthly,59.0,,2026-01-23,,active
S008811,C008811,monthly,59.0,HARBOR50,2026-06-02,,active
S009669,C009669,annual,588.0,,2026-07-12,,active
S003437,C003437,annual,588.0,,2025-09-09,,active
S011207,C011207,monthly,59.0,HARBOR50,2026-09-02,,active
S009765,C009765,monthly,59.0,HARBOR50,2026-07-07,,active
S004314,C004314,monthly,59.0,,2025-10-11,2026-01-12,canceled
S007267,C007267,monthly,59.0,HARBOR50,2026-04-14,2026-08-09,canceled
S010044,C010044,monthly,59.0,HARBOR50,2026-07-30,,active
S008698,C008698,monthly,59.0,,2026-06-28,2026-08-31,canceled
S007515,C007515,monthly,59.0,,2026-04-13,2026-05-08,canceled
S001918,C001918,monthly,59.0,,2025-05-11,,active
S000752,C000752,annual,588.0,,2025-02-26,,active
S004239,C004239,monthly,59.0,,2025-10-16,2025-11-16,canceled
S008175,C008175,monthly,59.0,HARBOR50,2026-05-12,,active
S007782,C007782,annual,588.0,,2026-05-19,,active
S006348,C006348,monthly,59.0,,2026-03-21,,active
S003794,C003794,annual,588.0,,2025-09-16,,active
S009635,C009635,monthly,59.0,HARBOR50,2026-07-03,,active
S010076,C010076,monthly,59.0,HARBOR50,2026-07-05,,active
S008412,C008412,annual,588.0,,2026-06-06,,active
S005131,C005131,monthly,59.0,,2025-12-25,2026-02-22,canceled
S009215,C009215,monthly,59.0,HARBOR50,2026-06-27,,active
S007446,C007446,monthly,59.0,HARBOR50,2026-04-30,,active
S000106,C000106,monthly,59.0,,2025-01-24,2026-05-20,canceled
S010846,C010846,monthly,59.0,HARBOR50,2026-08-05,,active
S002474,C002474,annual,588.0,,2025-06-26,2026-07-02,canceled
S003353,C003353,monthly,59.0,,2025-08-16,,active
S005399,C005399,monthly,59.0,,2026-01-19,,active
S005231,C005231,annual,588.0,,2025-12-08,,active
S002789,C002789,monthly,59.0,,2025-07-17,,active
S003146,C003146,monthly,59.0,,2025-08-25,2026-01-26,canceled
S002101,C002101,monthly,59.0,,2025-06-29,,active
S011099,C011099,monthly,59.0,,2026-09-11,,active
S010241,C010241,monthly,59.0,,2026-08-08,,active
S007341,C007341,monthly,59.0,HARBOR50,2026-04-17,,active
S005893,C005893,monthly,59.0,,2026-02-21,2026-08-27,canceled
S003262,C003262,monthly,59.0,,2025-08-15,2026-02-10,canceled
S007826,C007826,monthly,59.0,,2026-05-06,,active
S003296,C003296,annual,588.0,,2025-08-02,,active
S006842,C006842,monthly,59.0,,2026-03-03,,active
S005511,C005511,monthly,59.0,,2026-01-15,,active
S004346,C004346,annual,588.0,,2025-10-01,,active
S001532,C001532,monthly,59.0,,2025-04-25,2025-11-26,canceled
S006825,C006825,monthly,59.0,HARBOR50,2026-03-14,2026-04-17,canceled
S004898,C004898,annual,588.0,,2025-12-24,,active
S007173,C007173,monthly,59.0,,2026-04-15,,active
S010179,C010179,annual,588.0,,2026-08-15,,active
S007332,C007332,monthly,59.0,HARBOR50,2026-04-30,,active
S005530,C005530,monthly,59.0,,2026-01-04,,active
S010369,C010369,annual,588.0,,2026-08-27,,active
S002919,C002919,monthly,59.0,,2025-07-22,2025-12-17,canceled
S004280,C004280,monthly,59.0,,2025-10-12,,active
S004783,C004783,monthly,59.0,,2025-11-11,2025-12-14,canceled
S008238,C008238,monthly,59.0,HARBOR50,2026-05-21,,active
S008665,C008665,monthly,59.0,,2026-06-05,,active
S011572,C004734,annual,588.0,,2026-06-11,,active
S002040,C002040,monthly,59.0,,2025-05-04,,active
S003315,C003315,monthly,59.0,,2025-08-08,2026-09-03,canceled
S005045,C005045,monthly,59.0,,2025-12-05,2026-01-09,canceled
S004928,C004928,monthly,59.0,,2025-12-03,,active
S006967,C006967,annual,588.0,,2026-04-10,,active
S008343,C008343,monthly,59.0,HARBOR50,2026-05-21,,active
S003504,C003504,monthly,59.0,,2025-09-15,,active
S000198,C000198,monthly,59.0,,2025-01-23,2025-11-25,canceled
S004518,C004518,monthly,59.0,,2025-11-28,2026-04-23,canceled
S008745,C008745,annual,588.0,,2026-06-12,2026-06-28,canceled
S005563,C005563,annual,588.0,,2026-01-12,,active
S003000,C003000,monthly,59.0,,2025-08-29,,active
S001431,C001431,monthly,59.0,,2025-04-04,,active
S004934,C004934,monthly,59.0,,2025-12-06,,active
S009717,C009717,monthly,59.0,HARBOR50,2026-07-31,,active
S007927,C007927,annual,588.0,,2026-05-25,,active
S002646,C002646,annual,588.0,,2025-07-23,2026-07-28,canceled
S009292,C009292,monthly,59.0,HARBOR50,2026-06-23,,active
S010852,C010852,monthly,59.0,HARBOR50,2026-08-01,,active
S007380,C007380,monthly,59.0,HARBOR50,2026-04-03,,active
S000119,C000119,monthly,59.0,,2025-01-17,2026-01-13,canceled
S004618,C004618,monthly,59.0,,2025-11-10,,active
S007506,C007506,monthly,59.0,HARBOR50,2026-04-03,,active
S000235,C000235,monthly,59.0,,2025-01-11,,active
S010926,C010926,monthly,59.0,HARBOR50,2026-08-06,,active
S003227,C003227,monthly,59.0,,2025-08-30,2026-05-27,canceled
S008338,C008338,monthly,59.0,HARBOR50,2026-05-05,,active
S003923,C003923,monthly,59.0,,2025-10-27,2025-11-24,canceled
S000443,C000443,monthly,59.0,,2025-02-02,2025-09-01,canceled
S008281,C008281,monthly,59.0,HARBOR50,2026-05-02,,active
S007879,C007879,monthly,59.0,,2026-05-20,2026-07-25,canceled
S003011,C003011,monthly,59.0,,2025-08-31,,canceled
S011680,C005085,annual,588.0,,2026-08-29,,active
S004487,C004487,annual,588.0,,2025-11-10,,active
S002089,C002089,annual,588.0,,2025-05-25,,active
S003599,C003599,annual,588.0,,2025-09-11,,active
S007780,C007780,annual,588.0,,2026-05-13,,active
S000743,C000743,monthly,59.0,,2025-02-19,2026-03-16,canceled
S003022,C003022,monthly,59.0,,2025-08-28,,active
S004616,C004616,monthly,59.0,,2025-11-21,,active
S002206,C002206,monthly,59.0,,2025-06-26,,active
S004668,C004668,annual,588.0,,2025-11-08,,active
S001745,C001745,annual,588.0,,2025-05-03,,active
S001317,C001317,annual,588.0,,2025-04-15,,active
S010955,C010955,monthly,59.0,HARBOR50,2026-08-19,,active
S010819,C010819,monthly,59.0,HARBOR50,2026-08-18,,active
S008821,C008821,monthly,59.0,HARBOR50,2026-06-27,,active
S007144,C007144,monthly,59.0,,2026-04-03,,active
S006981,C006981,monthly,59.0,,2026-04-07,2026-05-06,canceled
S006315,C006315,annual,588.0,,2026-03-14,,active
S004732,C004732,monthly,59.0,,2025-11-16,,active
S000886,C000886,monthly,59.0,,2025-03-14,,active
S010440,C010440,monthly,59.0,,2026-08-07,,active
S010759,C010759,monthly,59.0,HARBOR50,2026-08-06,,active
S003808,C003808,monthly,59.0,,2025-09-05,,active
S009006,C009006,monthly,59.0,HARBOR50,2026-06-01,,active
S008957,C008957,monthly,59.0,HARBOR50,2026-06-07,,active
S003363,C003363,monthly,59.0,,2025-08-22,2026-02-15,canceled
S006950,C006950,monthly,59.0,,2026-04-04,,active
S004528,C004528,monthly,59.0,,2025-11-07,2026-07-09,canceled
S006891,C006891,annual,588.0,,2026-04-06,,active
S001118,C001118,monthly,59.0,,2025-03-25,,active
S003889,C003889,monthly,59.0,,2025-10-09,2025-11-01,canceled
S007087,C007087,annual,588.0,,2026-04-18,,active
S004527,C004527,monthly,59.0,,2025-11-11,,active
S007550,C007550,monthly,59.0,HARBOR50,2026-04-20,,active
S007666,C007666,monthly,59.0,,2026-05-29,,active
S011343,C011343,monthly,59.0,COMP100,2025-08-14,,active
S009845,C009845,monthly,59.0,HARBOR50,2026-07-30,,active
S008677,C008677,monthly,59.0,,2026-06-12,,active
S003392,C003392,monthly,59.0,,2025-08-29,2025-09-18,canceled
S006274,C006274,annual,588.0,,2026-03-28,,active
S011546,C000132,annual,588.0,,2026-04-07,,active
S000442,C000442,monthly,59.0,,2025-02-22,,active
S002658,C002658,monthly,59.0,,2025-07-25,,active
S006176,C006176,monthly,59.0,,2026-02-08,,active
S002908,C002908,monthly,59.0,,2025-07-24,,active
S006537,C006537,monthly,59.0,,2026-03-31,,active
S001208,C001208,monthly,59.0,,2025-03-08,2025-04-08,canceled
S003279,C003279,monthly,59.0,,2025-08-17,2026-08-18,canceled
S001734,C001734,monthly,59.0,,2025-05-23,,active
S009337,C009337,annual,588.0,,2026-07-28,,active
S011369,C011369,monthly,59.0,COMP100,2026-06-24,2026-06-27,canceled
S002616,C002616,monthly,59.0,,2025-07-18,2025-11-20,canceled
S010186,C010186,monthly,59.0,,2026-08-18,,active
S002710,C002710,monthly,59.0,,2025-07-28,,active
S000185,C000185,monthly,59.0,,2025-01-31,,active
S002762,C002762,monthly,59.0,,2025-07-28,,active
S000305,C000305,monthly,59.0,,2025-01-31,,active
S010008,C010008,monthly,59.0,HARBOR50,2026-07-15,,active
S001601,C001601,monthly,59.0,,2025-04-29,2026-02-26,canceled
S001400,C001400,monthly,59.0,,2025-04-06,,active
S000725,C000725,monthly,59.0,,2025-02-12,,active
S004132,C004132,annual,588.0,,2025-10-23,,active
S004172,C004172,monthly,59.0,,2025-10-15,,active
S003541,C003541,monthly,59.0,,2025-09-19,,active
S006645,C006645,monthly,59.0,HARBOR50,2026-03-16,,active
S002886,C002886,monthly,59.0,,2025-07-21,2026-03-25,canceled
S007505,C007505,monthly,59.0,,2026-04-13,,active
S005874,C005874,monthly,59.0,,2026-02-04,,active
S009254,C009254,monthly,59.0,HARBOR50,2026-06-25,,active
S007670,C007670,monthly,59.0,,2026-05-06,,active
S001587,C001587,monthly,59.0,,2025-04-22,,active
S009460,C009460,annual,588.0,,2026-07-16,,active
S011090,C011090,monthly,59.0,,2026-09-09,2026-09-12,canceled
S000213,C000213,monthly,59.0,,2025-01-30,2025-09-26,canceled
S003521,C003521,monthly,59.0,,2025-09-16,,active
S010193,C010193,monthly,59.0,,2026-08-19,,active
S010025,C010025,monthly,59.0,HARBOR50,2026-07-08,,active
S005674,C005674,monthly,59.0,,2026-01-20,2026-02-11,canceled
S003019,C003019,monthly,59.0,,2025-08-31,,active
S003638,C003638,monthly,59.0,,2025-09-04,,active
S008728,C008728,monthly,59.0,,2026-06-04,,active
S011281,C011281,monthly,59.0,HARBOR50,2026-09-05,,active
S002829,C002829,annual,588.0,,2025-07-24,,active
S010733,C010733,monthly,59.0,HARBOR50,2026-08-12,,active
S002345,C002345,monthly,59.0,,2025-06-20,,active
S004008,C004008,monthly,59.0,,2025-10-25,,active
S001334,C001334,annual,588.0,,2025-04-01,,active
S007339,C007339,monthly,59.0,HARBOR50,2026-04-26,,active
S006587,C006587,monthly,59.0,HARBOR50,2026-03-30,,active
S009518,C009518,monthly,59.0,HARBOR50,2026-07-15,,active
S005578,C005578,monthly,59.0,,2026-01-28,,active
S010552,C010552,monthly,59.0,HARBOR50,2026-08-04,,active
S006712,C006712,monthly,59.0,HARBOR50,2026-03-20,,active
S002120,C002120,monthly,59.0,,2025-06-16,,active
S005274,C005274,monthly,59.0,,2025-12-22,,active
S003025,C003025,monthly,59.0,,2025-08-04,,active
S000737,C000737,monthly,59.0,,2025-02-01,,active
S007008,C007008,monthly,59.0,,2026-04-11,,active
S006040,C006040,annual,588.0,,2026-02-20,,active
S006047,C006047,monthly,59.0,,2026-02-10,,active
S009738,C009738,monthly,59.0,HARBOR50,2026-07-31,,active
S010782,C010782,monthly,59.0,HARBOR50,2026-08-01,,active
S000245,C000245,annual,588.0,,2025-01-16,2026-01-20,canceled
S003609,C003609,monthly,59.0,,2025-09-21,,active
S010292,C010292,annual,588.0,,2026-08-03,,active
S009066,C009066,annual,588.0,,2026-06-19,,active
S002402,C002402,monthly,59.0,,2025-06-03,2026-06-08,canceled
S007915,C007915,monthly,59.0,,2026-05-08,,active
S006288,C006288,monthly,59.0,,2026-03-19,,active
S003935,C003935,monthly,59.0,,2025-10-13,,active
S001893,C001893,annual,588.0,,2025-05-03,,active
S007449,C007449,monthly,59.0,HARBOR50,2026-04-21,2026-08-19,canceled
S002504,C002504,monthly,59.0,,2025-07-15,,active
S004334,C004334,monthly,59.0,,2025-10-28,2026-09-03,canceled
S009346,C009346,annual,588.0,,2026-07-13,,active
S004941,C004941,monthly,59.0,,2025-12-21,,active
S004946,C004946,monthly,59.0,,2025-12-04,2026-06-05,canceled
S002468,C002468,annual,588.0,,2025-06-29,,active
S005281,C005281,monthly,59.0,,2025-12-30,,active
S011362,C011362,monthly,59.0,COMP100,2025-02-17,2025-02-17,canceled
S008423,C008423,monthly,59.0,,2026-06-01,,active
S004897,C004897,monthly,59.0,,2025-12-28,2026-01-25,canceled
S011249,C011249,monthly,59.0,HARBOR50,2026-09-06,,active
S010943,C010943,monthly,59.0,HARBOR50,2026-08-27,,active
S009616,C009616,monthly,59.0,,2026-07-29,,active
S008548,C008548,annual,588.0,,2026-06-07,,active
S002424,C002424,monthly,59.0,,2025-06-23,2025-06-21,canceled
S001508,C001508,monthly,59.0,,2025-04-07,,active
S004190,C004190,monthly,59.0,,2025-10-29,,active
S007200,C007200,monthly,59.0,,2026-04-02,,active
S002016,C002016,annual,588.0,,2025-05-23,,active
S007758,C007758,annual,588.0,,2026-05-10,,active
S006144,C006144,monthly,59.0,,2026-02-04,,active
S001308,C001308,annual,588.0,,2025-04-30,,active
S004588,C004588,monthly,59.0,,2025-11-23,2026-02-25,canceled
S002108,C002108,monthly,59.0,,2025-06-22,,active
S008646,C008646,monthly,59.0,,2026-06-01,,active
S009898,C009898,monthly,59.0,HARBOR50,2026-07-15,,active
S004089,C004089,monthly,59.0,,2025-10-20,,active
S004685,C004685,annual,588.0,,2025-11-08,,active
S007253,C007253,monthly,59.0,HARBOR50,2026-04-02,2026-09-04,canceled
S011491,C000390,annual,588.0,,2026-06-18,,active
S000420,C000420,monthly,59.0,,2025-02-10,2025-09-05,canceled
S000523,C000523,monthly,59.0,,2025-02-17,,active
S010686,C010686,monthly,59.0,HARBOR50,2026-08-07,,active
S005580,C005580,annual,588.0,,2026-01-01,,active
S001443,C001443,monthly,59.0,,2025-04-01,2025-11-28,canceled
S010281,C010281,annual,588.0,,2026-08-14,,active
S002847,C002847,monthly,59.0,,2025-07-15,,active
S007201,C007201,monthly,59.0,,2026-04-13,,active
S010211,C010211,annual,588.0,,2026-08-25,2026-09-09,canceled
S004304,C004304,annual,588.0,,2025-10-11,,active
S001868,C001868,monthly,59.0,,2025-05-22,,active
S000570,C000570,monthly,59.0,,2025-02-16,,active
S001225,C001225,monthly,59.0,,2025-03-20,2025-06-22,canceled
S005218,C005218,monthly,59.0,,2025-12-21,,active
S010045,C010045,monthly,59.0,HARBOR50,2026-07-24,,active
S004456,C004456,monthly,59.0,,2025-11-06,,active
S005971,C005971,annual,588.0,,2026-02-26,,active
S002698,C002698,monthly,59.0,,2025-07-28,,active
S010646,C010646,monthly,59.0,HARBOR50,2026-08-18,,active
S000555,C000555,annual,588.0,,2025-02-28,,canceled
S008080,C008080,monthly,59.0,HARBOR50,2026-05-29,,active
S010574,C010574,monthly,59.0,HARBOR50,2026-08-04,,active
S006566,C006566,monthly,59.0,,2026-03-09,,active
S004806,C004806,annual,588.0,,2025-11-06,,active
S005985,C005985,monthly,59.0,,2026-02-23,,active
S005039,C005039,annual,588.0,,2025-12-25,,active
S008232,C008232,monthly,59.0,HARBOR50,2026-05-28,,active
S006015,C006015,monthly,59.0,,2026-02-03,,active
S001657,C001657,monthly,59.0,,2025-04-27,2026-02-21,canceled
S009281,C009281,monthly,59.0,HARBOR50,2026-06-10,,active
S001341,C001341,annual,588.0,,2025-04-16,,active
S003739,C003739,monthly,59.0,,2025-09-20,,active
S010443,C010443,monthly,59.0,,2026-08-10,,active
S004066,C004066,monthly,59.0,,2025-10-25,,active
S010004,C010004,monthly,59.0,HARBOR50,2026-07-09,,active
S003805,C003805,annual,588.0,,2025-09-05,2026-09-08,canceled
S010937,C010937,monthly,59.0,HARBOR50,2026-08-26,,active
S003992,C003992,annual,588.0,,2025-10-02,,active
S008291,C008291,monthly,59.0,HARBOR50,2026-05-17,2026-09-11,canceled
S006517,C006517,monthly,59.0,,2026-03-10,,active
S001774,C001774,monthly,59.0,,2025-05-12,,active
S004289,C004289,monthly,59.0,,2025-10-17,,active
S002355,C002355,monthly,59.0,,2025-06-29,2025-11-22,canceled
S000142,C000142,monthly,59.0,,2025-01-18,2025-04-14,canceled
S002518,C002518,annual,588.0,,2025-07-23,,active
S009469,C009469,monthly,59.0,,2026-07-12,,active
S006155,C006155,annual,588.0,,2026-02-01,,active
S010445,C010445,monthly,59.0,,2026-08-21,,active
S004556,C004556,monthly,59.0,,2025-11-28,,active
S008771,C008771,monthly,59.0,,2026-06-04,,active
S005629,C005629,annual,588.0,,2026-01-15,,active
S010016,C010016,monthly,59.0,HARBOR50,2026-07-03,,active
S005722,C005722,annual,588.0,,2026-01-17,,active
S008983,C008983,monthly,59.0,,2026-06-12,,active
S002835,C002835,monthly,59.0,,2025-07-09,2025-11-13,canceled
S001409,C001409,monthly,59.0,,2025-04-01,2025-06-05,canceled
S006026,C006026,monthly,59.0,,2026-02-13,,active
S010513,C010513,monthly,59.0,,2026-08-13,,active
S000538,C000538,annual,588.0,,2025-02-13,,active
S003390,C003390,monthly,59.0,,2025-08-09,,active
S008554,C008554,monthly,59.0,,2026-06-14,,active
S002209,C002209,monthly,59.0,,2025-06-12,2026-08-15,canceled
S005506,C005506,monthly,59.0,,2026-01-01,,active
S008996,C008996,monthly,59.0,,2026-06-27,,active
S001892,C001892,monthly,59.0,,2025-05-27,,active
S007796,C007796,annual,588.0,,2026-05-01,,active
S003268,C003268,monthly,59.0,,2025-08-20,,active
S000802,C000802,annual,588.0,,2025-02-01,2026-02-01,canceled
S001695,C001695,monthly,59.0,,2025-05-08,2026-04-08,canceled
S003881,C003881,monthly,59.0,,2025-10-30,,active
S010962,C010962,monthly,59.0,,2026-08-01,,active
S007204,C007204,annual,588.0,,2026-04-10,,active
S011269,C011269,monthly,59.0,HARBOR50,2026-09-11,,active
S007053,C007053,annual,588.0,,2026-04-01,,active
S006971,C006971,monthly,59.0,,2026-04-07,,active
S004895,C004895,annual,588.0,,2025-12-13,,active
S009723,C009723,monthly,59.0,HARBOR50,2026-07-14,,active
S005904,C005904,monthly,59.0,,2026-02-17,,active
S000349,C000349,monthly,59.0,,2025-01-31,,active
S000855,C000855,annual,588.0,,2025-03-02,,active
S003406,C003406,monthly,59.0,,2025-08-18,2026-04-20,canceled
S005000,C005000,monthly,59.0,,2025-12-26,,active
S001527,C001527,monthly,59.0,,2025-04-18,,active
S002681,C002681,monthly,59.0,,2025-07-04,2025-07-01,canceled
S003689,C003689,monthly,59.0,,2025-09-11,,active
S005740,C005740,monthly,59.0,,2026-01-13,2026-02-10,canceled
S009601,C009601,monthly,59.0,,2026-07-12,,active
S009636,C009636,monthly,59.0,,2026-07-31,,active
S002867,C002867,monthly,59.0,,2025-07-30,,active
S004030,C004030,annual,588.0,,2025-10-05,,active
S010523,C010523,monthly,59.0,,2026-08-12,,active
S008593,C008593,annual,588.0,,2026-06-06,,active
S010314,C010314,monthly,59.0,,2026-08-14,2026-08-21,canceled
S009095,C009095,monthly,59.0,HARBOR50,2026-06-04,,active
S005087,C005087,monthly,59.0,,2025-12-05,,active
S005258,C005258,monthly,59.0,,2025-12-02,2026-05-28,canceled
S009320,C009320,monthly,59.0,,2026-07-08,,active
S009016,C009016,monthly,59.0,HARBOR50,2026-06-01,,active
S007054,C007054,annual,588.0,,2026-04-16,,active
S007824,C007824,monthly,59.0,,2026-05-17,,active
S011057,C011057,monthly,59.0,,2026-09-11,,active
S001540,C001540,annual,588.0,,2025-04-14,2026-04-20,canceled
S001805,C001805,annual,588.0,,2025-05-17,,active
S008044,C008044,monthly,59.0,,2026-05-31,,active
S003861,C003861,annual,588.0,,2025-10-26,,active
S007039,C007039,monthly,59.0,,2026-04-12,,active
S004426,C004426,monthly,59.0,,2025-11-12,,active
S004535,C004535,annual,588.0,,2025-11-25,,active
S004176,C004176,monthly,59.0,,2025-10-12,,active
S003570,C003570,monthly,59.0,,2025-09-09,,active
S007487,C007487,monthly,59.0,HARBOR50,2026-04-10,,active
S003047,C003047,monthly,59.0,,2025-08-17,2025-08-24,canceled
S005730,C005730,monthly,59.0,,2026-01-20,,active
S010645,C010645,monthly,59.0,HARBOR50,2026-08-09,,active
S009378,C009378,monthly,59.0,,2026-07-16,,active
S010657,C010657,monthly,59.0,HARBOR50,2026-08-18,,active
S005477,C005477,monthly,59.0,,2026-01-04,2026-01-29,canceled
S001046,C001046,monthly,59.0,,2025-03-30,,active
S009083,C009083,monthly,59.0,HARBOR50,2026-06-15,,active
S000241,C000241,monthly,59.0,,2025-01-27,2026-05-01,canceled
S007938,C007938,monthly,59.0,,2026-05-10,,active
S006669,C006669,monthly,59.0,HARBOR50,2026-03-10,,active
S008375,C008375,monthly,59.0,HARBOR50,2026-05-07,,active
S009365,C009365,monthly,59.0,,2026-07-21,2026-08-15,canceled
S008437,C008437,monthly,59.0,,2026-06-26,,active
S006429,C006429,monthly,59.0,,2026-03-02,,active
S008465,C008465,monthly,59.0,,2026-06-27,,active
S005241,C005241,annual,588.0,,2025-12-27,,active
S001201,C001201,annual,588.0,,2025-03-08,,active
S006103,C006103,annual,588.0,,2026-02-23,,active
S002692,C002692,annual,588.0,,2025-07-19,,active
S005345,C005345,monthly,59.0,,2026-01-03,,active
S008926,C008926,monthly,59.0,,2026-06-01,,active
S010716,C010716,monthly,59.0,HARBOR50,2026-08-07,,active
S006654,C006654,monthly,59.0,HARBOR50,2026-03-15,2026-07-14,canceled
S006395,C006395,annual,588.0,,2026-03-04,,active
S007979,C007979,monthly,59.0,,2026-05-04,,active
S002104,C002104,monthly,59.0,,2025-06-13,,active
S008486,C008486,monthly,59.0,,2026-06-24,,active
S007202,C007202,monthly,59.0,,2026-04-29,,active
S007588,C007588,monthly,59.0,HARBOR50,2026-04-26,,active
S001858,C001858,monthly,59.0,,2025-05-14,2025-05-17,canceled
S001237,C001237,monthly,59.0,,2025-03-16,,active
S001550,C001550,monthly,59.0,,2025-04-02,,active
S004355,C004355,monthly,59.0,,2025-11-09,2026-01-12,canceled
S009781,C009781,monthly,59.0,HARBOR50,2026-07-15,,active
S004698,C004698,monthly,59.0,,2025-11-05,2026-01-08,canceled
S002619,C002619,monthly,59.0,,2025-07-11,,active
S008478,C008478,monthly,59.0,,2026-06-09,,active
S001817,C001817,monthly,59.0,,2025-05-10,,active
S005355,C005355,monthly,59.0,,2026-01-30,,active
S006851,C006851,monthly,59.0,HARBOR50,2026-03-03,,active
S011060,C011060,monthly,59.0,,2026-09-05,,active
S007158,C007158,monthly,59.0,,2026-04-20,,active
S008414,C008414,annual,588.0,,2026-06-18,,active
S001270,C001270,annual,588.0,,2025-04-04,,active
S004785,C004785,annual,588.0,,2025-11-17,,active
S006318,C006318,monthly,59.0,,2026-03-08,,active
S009431,C009431,monthly,59.0,,2026-07-14,,active
S002111,C002111,annual,588.0,,2025-06-24,2026-06-30,canceled
S003560,C003560,annual,588.0,,2025-09-14,,active
S003479,C003479,monthly,59.0,,2025-09-25,,active
S007206,C007206,monthly,59.0,HARBOR50,2026-04-25,2026-08-21,canceled
S009922,C009922,annual,588.0,,2026-07-25,,active
S011461,C011461,monthly,59.0,COMP100,2026-08-26,2026-08-29,canceled
S006773,C006773,monthly,59.0,HARBOR50,2026-03-17,,active
S004019,C004019,monthly,59.0,,2025-10-03,,active
S001230,C001230,monthly,59.0,,2025-03-10,,active
S011652,C000655,annual,588.0,,2026-05-17,,active
S005826,C005826,annual,588.0,,2026-02-13,,active
S004619,C004619,annual,588.0,,2025-11-27,,active
S010404,C010404,annual,588.0,,2026-08-26,,active
S004386,C004386,annual,588.0,,2025-11-02,,active
S006671,C006671,monthly,59.0,HARBOR50,2026-03-16,2026-07-16,canceled
S001899,C001899,monthly,59.0,,2025-05-15,,active
S000520,C000520,annual,588.0,,2025-02-07,,active
S003439,C003439,annual,588.0,,2025-09-07,2026-09-11,canceled
S011602,C004303,annual,588.0,,2026-06-04,,active
S009255,C009255,monthly,59.0,HARBOR50,2026-06-08,,active
S002701,C002701,monthly,59.0,,2025-07-12,,active
S010525,C010525,monthly,59.0,,2026-08-15,,active
S002009,C002009,annual,588.0,,2025-05-05,,active
S003561,C003561,monthly,59.0,,2025-09-01,,active
S008312,C008312,monthly,59.0,HARBOR50,2026-05-14,2026-09-07,canceled
S004868,C004868,monthly,59.0,,2025-12-18,,active
S001178,C001178,monthly,59.0,,2025-03-31,2026-05-25,canceled
S010921,C010921,monthly,59.0,HARBOR50,2026-08-10,,active
S004883,C004883,annual,588.0,,2025-12-12,,active
S010437,C010437,monthly,59.0,,2026-08-28,,active
S005628,C005628,monthly,59.0,,2026-01-06,2026-06-09,canceled
S004843,C004843,monthly,59.0,,2025-12-28,,active
S005845,C005845,monthly,59.0,,2026-02-27,,active
S010054,C010054,monthly,59.0,HARBOR50,2026-07-01,,active
S001052,C001052,annual,588.0,,2025-03-08,,active
S011408,C011408,monthly,59.0,COMP100,2025-02-28,2025-03-04,canceled
S004460,C004460,monthly,59.0,,2025-11-16,2026-05-16,canceled
S000713,C000713,annual,588.0,,2025-02-08,2026-02-12,canceled
S008307,C008307,monthly,59.0,HARBOR50,2026-05-19,,active
S003273,C003273,monthly,59.0,,2025-08-02,2026-06-28,canceled
S010595,C010595,monthly,59.0,,2026-08-15,,active
S008749,C008749,monthly,59.0,,2026-06-30,,active
S009864,C009864,monthly,59.0,HARBOR50,2026-07-13,,active
S003734,C003734,monthly,59.0,,2025-09-05,,active
S001269,C001269,monthly,59.0,,2025-04-27,,active
S010600,C010600,monthly,59.0,HARBOR50,2026-08-20,,active
S010101,C010101,monthly,59.0,HARBOR50,2026-07-24,,active
S000181,C000181,monthly,59.0,,2025-01-14,2026-06-17,canceled
S003391,C003391,monthly,59.0,,2025-08-24,,active
S003150,C003150,monthly,59.0,,2025-08-14,,active
S009227,C009227,monthly,59.0,HARBOR50,2026-06-23,,active
S005311,C005311,annual,588.0,,2026-01-30,,active
S004364,C004364,annual,588.0,,2025-11-16,,active
S006300,C006300,monthly,59.0,,2026-03-25,,active
S002987,C002987,monthly,59.0,,2025-08-23,,active
S009454,C009454,monthly,59.0,,2026-07-01,,active
S001767,C001767,annual,588.0,,2025-05-01,,active
S008396,C008396,monthly,59.0,HARBOR50,2026-05-01,2026-09-05,canceled
S005496,C005496,monthly,59.0,,2026-01-17,,active
S008634,C008634,monthly,59.0,,2026-06-26,,active
S000230,C000230,monthly,59.0,,2025-01-26,2025-03-22,canceled
S003949,C003949,monthly,59.0,,2025-10-04,,active
S008159,C008159,monthly,59.0,HARBOR50,2026-05-24,,active
S006578,C006578,monthly,59.0,HARBOR50,2026-03-07,,active
S010131,C010131,monthly,59.0,,2026-08-19,,active
S011253,C011253,monthly,59.0,HARBOR50,2026-09-05,,active
S008916,C008916,monthly,59.0,HARBOR50,2026-06-30,2026-08-25,canceled
S002062,C002062,monthly,59.0,,2025-05-31,2025-07-31,canceled
S008946,C008946,annual,588.0,,2026-06-06,,active
S000799,C000799,monthly,59.0,,2025-02-09,,active
S009011,C009011,monthly,59.0,,2026-06-05,,active
S010268,C010268,monthly,59.0,,2026-08-24,,active
S011131,C011131,annual,588.0,,2026-09-04,,active
S011288,C011288,monthly,59.0,HARBOR50,2026-09-03,,active
S001593,C001593,monthly,59.0,,2025-04-05,2025-06-04,canceled
S004428,C004428,monthly,59.0,,2025-11-12,,active
S001586,C001586,monthly,59.0,,2025-04-12,,active
S003223,C003223,annual,588.0,,2025-08-06,,active
S000783,C000783,annual,588.0,,2025-02-26,,canceled
S006934,C006934,monthly,59.0,,2026-04-20,,active
S010533,C010533,monthly,59.0,,2026-08-22,,active
S003200,C003200,monthly,59.0,,2025-08-06,2025-11-07,canceled
S002556,C002556,monthly,59.0,,2025-07-24,2025-08-23,canceled
S006126,C006126,monthly,59.0,,2026-02-09,,active
S011172,C011172,monthly,59.0,,2026-09-09,,active
S010907,C010907,monthly,59.0,HARBOR50,2026-08-10,,active
S004067,C004067,annual,588.0,,2025-10-08,,active
S006586,C006586,monthly,59.0,,2026-03-17,,active
S010271,C010271,monthly,59.0,,2026-08-27,,active
S002383,C002383,annual,588.0,,2025-06-02,,active
S004337,C004337,monthly,59.0,,2025-10-08,,active
S004078,C004078,monthly,59.0,,2025-10-08,,active
S000854,C000854,monthly,59.0,,2025-03-08,,active
S007129,C007129,monthly,59.0,,2026-04-10,2026-05-10,canceled
S005053,C005053,annual,588.0,,2025-12-24,,active
S001688,C001688,monthly,59.0,,2025-05-25,,active
S005189,C005189,monthly,59.0,,2025-12-08,2026-01-04,canceled
S002442,C002442,annual,588.0,,2025-06-29,,active
S007721,C007721,monthly,59.0,,2026-05-05,,active
S000651,C000651,monthly,59.0,,2025-02-13,2025-08-11,canceled
S003111,C003111,monthly,59.0,,2025-08-28,,active
S001350,C001350,monthly,59.0,,2025-04-16,2026-06-21,canceled
S002988,C002988,monthly,59.0,,2025-08-30,,active
S011001,C011001,monthly,59.0,HARBOR50,2026-08-26,,active
S004961,C004961,monthly,59.0,,2025-12-19,,active
S005838,C005838,monthly,59.0,,2026-02-15,2026-07-20,canceled
S009797,C009797,monthly,59.0,HARBOR50,2026-07-13,,active
S006124,C006124,monthly,59.0,,2026-02-06,,active
S000601,C000601,monthly,59.0,,2025-02-04,,active
S001882,C001882,annual,588.0,,2025-05-20,,active
S009928,C009928,monthly,59.0,HARBOR50,2026-07-10,,active
S005254,C005254,monthly,59.0,,2025-12-30,2026-02-24,canceled
S006030,C006030,monthly,59.0,,2026-02-01,,active
S004486,C004486,monthly,59.0,,2025-11-19,,active
S001439,C001439,monthly,59.0,,2025-04-15,,active
S010466,C010466,monthly,59.0,,2026-08-05,2026-08-30,canceled
S003129,C003129,annual,588.0,,2025-08-11,,active
S001661,C001661,monthly,59.0,,2025-04-29,,active
S001504,C001504,monthly,59.0,,2025-04-04,2025-09-29,canceled
S000424,C000424,annual,588.0,,2025-02-25,,active
S010105,C010105,monthly,59.0,,2026-08-15,,active
S002831,C002831,monthly,59.0,,2025-07-09,,active
S006718,C006718,annual,588.0,,2026-03-17,,active
S004738,C004738,monthly,59.0,,2025-11-13,2026-01-10,canceled
S010648,C010648,monthly,59.0,HARBOR50,2026-08-17,,active
S010545,C010545,annual,588.0,,2026-08-22,,active
S010925,C010925,monthly,59.0,HARBOR50,2026-08-05,,active
S006856,C006856,monthly,59.0,HARBOR50,2026-03-04,,active
S005627,C005627,annual,588.0,,2026-01-13,,active
S009572,C009572,monthly,59.0,,2026-07-18,,active
S001485,C001485,monthly,59.0,,2025-04-19,,active
S001610,C001610,monthly,59.0,,2025-04-10,2025-07-14,canceled
S009924,C009924,monthly,59.0,,2026-07-08,,active
S002980,C002980,monthly,59.0,,2025-08-06,2025-11-04,canceled
S001060,C001060,monthly,59.0,,2025-03-24,,active
S001261,C001261,annual,588.0,,2025-04-01,2026-04-05,canceled
S005390,C005390,monthly,59.0,,2026-01-13,,active
S005569,C005569,monthly,59.0,,2026-01-11,,active
S009502,C009502,annual,588.0,,2026-07-18,,active
S009068,C009068,monthly,59.0,HARBOR50,2026-06-26,,active
S006640,C006640,monthly,59.0,,2026-03-07,2026-06-07,canceled
S009661,C009661,monthly,59.0,,2026-07-17,2026-08-18,canceled
S005527,C005527,monthly,59.0,,2026-01-15,,active
S004484,C004484,monthly,59.0,,2025-11-14,,active
S004940,C004940,monthly,59.0,,2025-12-20,,active
S007244,C007244,annual,588.0,,2026-04-08,,active
S004225,C004225,monthly,59.0,,2025-10-20,,active
S011132,C011132,annual,588.0,,2026-09-13,,active
S005023,C005023,monthly,59.0,,2025-12-12,,active
S007371,C007371,monthly,59.0,HARBOR50,2026-04-14,,active
S009167,C009167,monthly,59.0,HARBOR50,2026-06-01,,active
S000001,C000001,annual,588.0,,2025-01-09,,active
S003054,C003054,monthly,59.0,,2025-08-28,,active
S004865,C004865,monthly,59.0,,2025-12-02,,active
S004900,C004900,annual,588.0,,2025-12-15,,active
S006957,C006957,annual,588.0,,2026-04-09,,active
S002216,C002216,monthly,59.0,,2025-06-11,2025-09-15,canceled
S008267,C008267,monthly,59.0,,2026-05-14,2026-09-14,canceled
S010857,C010857,monthly,59.0,HARBOR50,2026-08-07,,active
S000527,C000527,monthly,59.0,,2025-02-25,,active
S010489,C010489,monthly,59.0,,2026-08-17,,active
S011337,C011337,monthly,59.0,HARBOR50,2026-09-07,,active
S007482,C007482,monthly,59.0,,2026-04-20,,active
S003426,C003426,monthly,59.0,,2025-09-06,,active
S001572,C001572,annual,588.0,,2025-04-26,,active
S000563,C000563,monthly,59.0,,2025-02-08,,active
S001362,C001362,monthly,59.0,,2025-04-22,2026-02-25,canceled
S008225,C008225,monthly,59.0,HARBOR50,2026-05-09,2026-09-13,canceled
S002457,C002457,monthly,59.0,,2025-06-04,,active
S007592,C007592,monthly,59.0,,2026-04-17,,active
S006400,C006400,monthly,59.0,,2026-03-17,,active
S008176,C008176,monthly,59.0,HARBOR50,2026-05-27,,active
S000606,C000606,monthly,59.0,,2025-02-04,2025-09-02,canceled
S000585,C000585,monthly,59.0,,2025-02-08,2025-02-16,canceled
S010403,C010403,monthly,59.0,HARBOR50,2026-08-06,,active
S004286,C004286,monthly,59.0,,2025-10-26,,active
S010276,C010276,monthly,59.0,,2026-08-31,,active
S011064,C011064,monthly,59.0,,2026-09-13,,active
S008719,C008719,monthly,59.0,,2026-06-10,,active
S005166,C005166,monthly,59.0,,2025-12-27,,active
S005185,C005185,monthly,59.0,,2025-12-17,2025-12-27,canceled
S004241,C004241,monthly,59.0,,2025-10-01,2026-01-25,canceled
S003173,C003173,annual,588.0,,2025-08-10,,active
S003257,C003257,annual,588.0,,2025-08-27,,active
S011649,C001152,annual,588.0,,2025-08-04,,active
S001181,C001181,monthly,59.0,,2025-03-06,,active
S004567,C004567,annual,588.0,,2025-11-09,,active
S009548,C009548,monthly,59.0,,2026-07-11,,active
S010390,C010390,monthly,59.0,,2026-08-18,2026-08-25,canceled
S004576,C004576,annual,588.0,,2025-11-09,,active
S006421,C006421,monthly,59.0,,2026-03-25,,active
S002242,C002242,monthly,59.0,,2025-06-14,,active
S003105,C003105,monthly,59.0,,2025-08-05,,active
S005297,C005297,monthly,59.0,,2026-01-03,,active
S009191,C009191,monthly,59.0,HARBOR50,2026-06-11,,active
S010582,C010582,monthly,59.0,HARBOR50,2026-08-28,,active
S005533,C005533,monthly,59.0,,2026-01-04,,active
S001297,C001297,monthly,59.0,,2025-04-09,,active
S007501,C007501,monthly,59.0,HARBOR50,2026-04-29,,active
S008717,C008717,annual,588.0,,2026-06-04,,active
S005113,C005113,monthly,59.0,,2025-12-18,,active
S010120,C010120,monthly,59.0,,2026-08-19,,active
S011263,C011263,monthly,59.0,HARBOR50,2026-09-02,,active
S002134,C002134,monthly,59.0,,2025-06-24,,active
S008527,C008527,monthly,59.0,,2026-06-17,,active
S005582,C005582,monthly,59.0,,2026-01-11,,active
S001662,C001662,monthly,59.0,,2025-04-11,2025-09-06,canceled
S009250,C009250,annual,588.0,,2026-06-20,,active
S005932,C005932,monthly,59.0,,2026-02-21,,active
S005665,C005665,monthly,59.0,,2026-01-22,,active
S006868,C006868,annual,588.0,,2026-04-14,,active
S001018,C001018,monthly,59.0,,2025-03-04,2026-06-07,canceled
S005679,C005679,annual,588.0,,2026-01-04,,active
S008679,C008679,monthly,59.0,,2026-06-15,,active
S005661,C005661,monthly,59.0,,2026-01-09,,active
S005384,C005384,monthly,59.0,,2026-01-17,,active
S002183,C002183,annual,588.0,,2025-06-11,2026-06-14,canceled
S000645,C000645,annual,588.0,,2025-02-04,,active
S003927,C003927,annual,588.0,,2025-10-30,,active
S011022,C011022,monthly,59.0,,2026-09-09,,active
S003936,C003936,monthly,59.0,,2025-10-11,,active
S000171,C000171,monthly,59.0,,2025-01-09,2025-12-13,canceled
S006377,C006377,monthly,59.0,,2026-03-31,,active
S003014,C003014,monthly,59.0,,2025-08-12,2025-10-06,canceled
S009551,C009551,annual,588.0,,2026-07-29,,active
S000753,C000753,monthly,59.0,,2025-02-01,2026-09-08,canceled
S007929,C007929,monthly,59.0,,2026-05-09,,active
S006863,C006863,monthly,59.0,,2026-04-02,,active
S001665,C001665,monthly,59.0,,2025-04-09,,active
S009962,C009962,monthly,59.0,HARBOR50,2026-07-28,,active
S009847,C009847,monthly,59.0,HARBOR50,2026-07-24,,active
S010700,C010700,monthly,59.0,HARBOR50,2026-08-29,,active
S005210,C005210,monthly,59.0,,2025-12-05,,active
S003231,C003231,annual,588.0,,2025-08-20,,active
S007730,C007730,monthly,59.0,,2026-05-01,,active
S011393,C011393,monthly,59.0,COMP100,2026-08-02,,active
S000935,C000935,monthly,59.0,,2025-03-13,,active
S002194,C002194,monthly,59.0,,2025-06-17,,active
S007350,C007350,monthly,59.0,HARBOR50,2026-04-01,,active
S000021,C000021,monthly,59.0,,2025-01-02,,active
S004163,C004163,monthly,59.0,,2025-10-06,,active
S005832,C005832,monthly,59.0,,2026-02-26,,active
S001145,C001145,monthly,59.0,,2025-03-20,,active
S000987,C000987,monthly,59.0,,2025-03-14,,active
S004471,C004471,monthly,59.0,,2025-11-14,2025-12-08,canceled
S005851,C005851,monthly,59.0,,2026-02-25,,active
S003862,C003862,monthly,59.0,,2025-10-15,,active
S006543,C006543,monthly,59.0,,2026-03-30,2026-06-03,canceled
S001475,C001475,annual,588.0,,2025-04-16,,active
S009982,C009982,monthly,59.0,HARBOR50,2026-07-31,,active
S010856,C010856,monthly,59.0,,2026-08-22,,active
S004502,C004502,monthly,59.0,,2025-11-19,2026-03-21,canceled
S008059,C008059,monthly,59.0,HARBOR50,2026-05-09,,active
S008746,C008746,monthly,59.0,,2026-06-15,,active
S003572,C003572,monthly,59.0,,2025-09-03,2026-06-05,canceled
S009109,C009109,monthly,59.0,HARBOR50,2026-06-24,,active
S005693,C005693,monthly,59.0,,2026-01-17,,active
S003747,C003747,monthly,59.0,,2025-09-02,2026-08-05,canceled
S005583,C005583,monthly,59.0,,2026-01-22,2026-02-22,canceled
S001715,C001715,monthly,59.0,,2025-05-02,2026-05-29,canceled
S008941,C008941,monthly,59.0,HARBOR50,2026-06-06,,active
S002592,C002592,monthly,59.0,,2025-07-21,,active
S009090,C009090,monthly,59.0,HARBOR50,2026-06-03,,active
S001992,C001992,annual,588.0,,2025-05-24,2026-05-29,canceled
S009628,C009628,monthly,59.0,,2026-07-05,,active
S005786,C005786,annual,588.0,,2026-02-09,,active
S006800,C006800,monthly,59.0,HARBOR50,2026-03-15,,active
S000656,C000656,annual,588.0,,2025-02-17,,active
S005808,C005808,monthly,59.0,,2026-02-14,,active
S010978,C010978,monthly,59.0,HARBOR50,2026-08-19,,active
S004812,C004812,monthly,59.0,,2025-11-13,2026-01-18,canceled
S010829,C010829,monthly,59.0,HARBOR50,2026-08-10,,active
S005624,C005624,monthly,59.0,,2026-01-25,,active
S011419,C011419,monthly,59.0,COMP100,2025-06-03,2025-06-07,canceled
S009111,C009111,monthly,59.0,HARBOR50,2026-06-24,,active
S004297,C004297,monthly,59.0,,2025-10-05,,active
S009792,C009792,monthly,59.0,,2026-07-12,,active
S009050,C009050,monthly,59.0,HARBOR50,2026-06-14,,active
S004793,C004793,monthly,59.0,,2025-11-18,2026-07-15,canceled
S003414,C003414,monthly,59.0,,2025-09-01,,active
S011668,C001424,annual,588.0,,2026-02-20,,active
S008806,C008806,monthly,59.0,,2026-06-14,,active
S007097,C007097,monthly,59.0,HARBOR50,2026-04-04,,active
S005108,C005108,annual,588.0,,2025-12-09,,active
S009718,C009718,monthly,59.0,HARBOR50,2026-07-05,,active
S009327,C009327,monthly,59.0,,2026-07-23,,active
S001282,C001282,monthly,59.0,,2025-04-29,2026-07-01,canceled
S003669,C003669,monthly,59.0,,2025-09-10,,active
S005144,C005144,monthly,59.0,,2025-12-10,2026-01-13,canceled
S006629,C006629,monthly,59.0,HARBOR50,2026-03-26,,active
S010301,C010301,monthly,59.0,,2026-08-30,,active
S003914,C003914,monthly,59.0,,2025-10-30,,active
S011528,C004579,annual,588.0,,2026-08-24,,active
S006580,C006580,monthly,59.0,,2026-03-13,,active
S011285,C011285,monthly,59.0,HARBOR50,2026-09-14,,active
S003784,C003784,annual,588.0,,2025-09-17,,active
S011194,C011194,monthly,59.0,HARBOR50,2026-09-06,,active
S001771,C001771,monthly,59.0,,2025-05-30,,active
S010999,C010999,monthly,59.0,HARBOR50,2026-08-06,,active
S006915,C006915,annual,588.0,,2026-04-24,,active
S010797,C010797,monthly,59.0,HARBOR50,2026-08-05,,active
S006045,C006045,monthly,59.0,,2026-02-24,,active
S008657,C008657,monthly,59.0,,2026-06-14,,active
S000477,C000477,monthly,59.0,,2025-02-22,2026-01-26,canceled
S003685,C003685,monthly,59.0,,2025-09-19,2026-01-15,canceled
S003372,C003372,annual,588.0,,2025-08-13,,active
S002435,C002435,monthly,59.0,,2025-06-25,,active
S008678,C008678,monthly,59.0,,2026-06-27,,active
S000535,C000535,monthly,59.0,,2025-02-10,,active
S008895,C008895,monthly,59.0,HARBOR50,2026-06-04,,active
S003544,C003544,monthly,59.0,,2025-09-24,,active
S004043,C004043,annual,588.0,,2025-10-05,,active
S007089,C007089,monthly,59.0,HARBOR50,2026-04-19,2026-04-11,canceled
S009054,C009054,annual,588.0,,2026-06-05,,active
S006277,C006277,monthly,59.0,,2026-03-03,,active
S008315,C008315,monthly,59.0,HARBOR50,2026-05-21,,active
S008706,C008706,monthly,59.0,,2026-06-02,,active
S008764,C008764,monthly,59.0,,2026-06-09,2026-07-05,canceled
S005208,C005208,annual,588.0,,2025-12-10,,active
S001289,C001289,monthly,59.0,,2025-04-05,,active
S001827,C001827,monthly,59.0,,2025-05-15,,active
S000699,C000699,monthly,59.0,,2025-02-19,2025-08-25,canceled
S003230,C003230,monthly,59.0,,2025-08-05,,active
S002774,C002774,monthly,59.0,,2025-07-17,,active
S008803,C008803,monthly,59.0,,2026-06-02,,active
S001780,C001780,monthly,59.0,,2025-05-05,,active
S008217,C008217,monthly,59.0,,2026-05-03,,active
S009030,C009030,monthly,59.0,HARBOR50,2026-06-08,,active
S006008,C006008,monthly,59.0,,2026-02-02,,active
S006168,C006168,monthly,59.0,,2026-02-06,,active
S005643,C005643,annual,588.0,,2026-01-01,,active
S007521,C007521,monthly,59.0,HARBOR50,2026-04-30,,active
S007809,C007809,monthly,59.0,,2026-05-24,,active
S010326,C010326,monthly,59.0,,2026-08-08,,active
S001923,C001923,monthly,59.0,,2025-05-27,,active
S007458,C007458,annual,588.0,,2026-04-22,,active
S005736,C005736,annual,588.0,,2026-01-11,,active
S010168,C010168,monthly,59.0,,2026-08-28,,active
S007790,C007790,monthly,59.0,,2026-05-17,2026-06-12,canceled
S003318,C003318,monthly,59.0,,2025-08-16,,active
S009995,C009995,monthly,59.0,HARBOR50,2026-07-20,,active
S003007,C003007,monthly,59.0,,2025-08-27,,active
S002241,C002241,monthly,59.0,,2025-06-11,,active
S003778,C003778,monthly,59.0,,2025-09-30,,active
S001786,C001786,annual,588.0,,2025-05-23,,active
S003502,C003502,monthly,59.0,,2025-09-01,2025-08-30,canceled
S008385,C008385,monthly,59.0,HARBOR50,2026-05-07,,active
S000328,C000328,monthly,59.0,,2025-01-19,2026-03-24,canceled
S005112,C005112,annual,588.0,,2025-12-09,,active
S007831,C007831,monthly,59.0,,2026-05-05,2026-08-02,canceled
S003036,C003036,monthly,59.0,,2025-08-02,2026-01-26,canceled
S005979,C005979,monthly,59.0,,2026-02-22,,active
S001139,C001139,monthly,59.0,,2025-03-15,,active
S002700,C002700,monthly,59.0,,2025-07-13,,active
S006784,C006784,monthly,59.0,HARBOR50,2026-03-13,,active
S001697,C001697,monthly,59.0,,2025-05-25,2025-12-19,canceled
S000726,C000726,monthly,59.0,,2025-02-02,,active
S004553,C004553,annual,588.0,,2025-11-27,,active
S002990,C002990,annual,588.0,,2025-08-12,,active
S000447,C000447,monthly,59.0,,2025-02-16,2026-02-11,canceled
S005249,C005249,monthly,59.0,,2025-12-18,2026-05-24,canceled
S003603,C003603,monthly,59.0,,2025-09-30,2026-06-30,canceled
S004657,C004657,monthly,59.0,,2025-11-16,,active
S007387,C007387,monthly,59.0,HARBOR50,2026-04-01,2026-08-26,canceled
S010244,C010244,monthly,59.0,,2026-08-30,,active
S003224,C003224,monthly,59.0,,2025-08-18,2025-10-22,canceled
S000354,C000354,monthly,59.0,,2025-01-24,2026-03-22,canceled
S008782,C008782,annual,588.0,,2026-06-30,,active
S003691,C003691,annual,588.0,,2025-09-29,,active
S006582,C006582,annual,588.0,,2026-03-05,,active
S005920,C005920,monthly,59.0,,2026-02-12,,active
S008038,C008038,monthly,59.0,HARBOR50,2026-05-07,,active
S002292,C002292,monthly,59.0,,2025-06-03,,active
S009256,C009256,monthly,59.0,HARBOR50,2026-06-12,,active
S005594,C005594,monthly,59.0,,2026-01-07,,active
S004368,C004368,monthly,59.0,,2025-11-29,,active
S009211,C009211,monthly,59.0,HARBOR50,2026-06-20,,active
S001548,C001548,monthly,59.0,,2025-04-16,2026-05-18,canceled
S000157,C000157,monthly,59.0,,2025-01-28,,active
S002657,C002657,monthly,59.0,,2025-07-19,,active
S005892,C005892,annual,588.0,,2026-02-19,,active
S011411,C011411,monthly,59.0,COMP100,2026-06-01,2026-06-01,canceled
S009392,C009392,monthly,59.0,,2026-07-31,,active
S011583,C004417,annual,588.0,,2026-05-06,,active
S003608,C003608,annual,588.0,,2025-09-29,,active
S009745,C009745,monthly,59.0,HARBOR50,2026-07-18,,active
S005854,C005854,monthly,59.0,,2026-02-18,2026-08-16,canceled
S002309,C002309,monthly,59.0,,2025-06-15,,active
S003161,C003161,annual,588.0,,2025-08-08,,active
S010637,C010637,monthly,59.0,HARBOR50,2026-08-24,,active
S009143,C009143,monthly,59.0,HARBOR50,2026-06-10,,active
S004142,C004142,annual,588.0,,2025-10-15,,active
S009229,C009229,monthly,59.0,HARBOR50,2026-06-04,,active
S011009,C011009,monthly,59.0,,2026-09-07,,active
S004840,C004840,annual,588.0,,2025-12-20,,active
S003527,C003527,monthly,59.0,,2025-09-19,,active
S009499,C009499,monthly,59.0,,2026-07-08,,active
S010399,C010399,annual,588.0,,2026-08-23,,active
S006873,C006873,monthly,59.0,,2026-04-01,2026-04-27,canceled
S002335,C002335,monthly,59.0,,2025-06-14,2026-01-09,canceled
S002863,C002863,monthly,59.0,,2025-07-09,2026-04-13,canceled
S005192,C005192,monthly,59.0,,2025-12-13,2026-09-09,canceled
S000584,C000584,annual,588.0,,2025-02-07,,active
S005698,C005698,monthly,59.0,,2026-01-16,2026-03-20,canceled
S008229,C008229,monthly,59.0,HARBOR50,2026-05-02,,active
S004126,C004126,monthly,59.0,,2025-10-03,,active
S005965,C005965,monthly,59.0,,2026-02-05,,active
S009096,C009096,monthly,59.0,HARBOR50,2026-06-18,,active
S002979,C002979,annual,588.0,,2025-08-01,,active
S002166,C002166,annual,588.0,,2025-06-22,,active
S010504,C010504,annual,588.0,,2026-08-17,,active
S004530,C004530,annual,588.0,,2025-11-27,,active
S007372,C007372,annual,588.0,,2026-04-13,,active
S004086,C004086,monthly,59.0,,2025-10-11,2026-01-10,canceled
S008107,C008107,monthly,59.0,HARBOR50,2026-05-20,2026-08-16,canceled
S003636,C003636,monthly,59.0,,2025-09-24,2026-02-27,canceled
S009963,C009963,annual,588.0,,2026-07-02,,active
S009748,C009748,monthly,59.0,HARBOR50,2026-07-06,,active
S003883,C003883,monthly,59.0,,2025-10-04,,active
S011454,C011454,monthly,59.0,COMP100,2025-04-23,,active
S011323,C011323,monthly,59.0,,2026-09-01,,active
S004864,C004864,annual,588.0,,2025-12-05,,active
S008295,C008295,monthly,59.0,HARBOR50,2026-05-15,2026-09-12,canceled
S003511,C003511,monthly,59.0,,2025-09-26,2026-06-01,canceled
S000362,C000362,monthly,59.0,,2025-01-24,2025-03-24,canceled
S002221,C002221,annual,588.0,,2025-06-20,,active
S002751,C002751,monthly,59.0,,2025-07-01,2026-04-30,canceled
S002496,C002496,monthly,59.0,,2025-06-12,,active
S005939,C005939,monthly,59.0,,2026-02-01,,active
S008129,C008129,monthly,59.0,HARBOR50,2026-05-15,2026-09-11,canceled
S004125,C004125,monthly,59.0,,2025-10-04,,active
S009126,C009126,monthly,59.0,HARBOR50,2026-06-13,2026-08-08,canceled
S005551,C005551,annual,588.0,,2026-01-24,,active
S007731,C007731,annual,588.0,,2026-05-19,,active
S007364,C007364,monthly,59.0,HARBOR50,2026-04-20,2026-08-16,canceled
S011066,C011066,monthly,59.0,,2026-09-03,,active
S009343,C009343,annual,588.0,,2026-07-12,,active
S010220,C010220,monthly,59.0,,2026-08-12,,active
S004931,C004931,annual,588.0,,2025-12-16,,active
S004770,C004770,monthly,59.0,,2025-11-17,2025-12-19,canceled
S000774,C000774,monthly,59.0,,2025-02-09,,active
S005742,C005742,monthly,59.0,,2026-01-11,,active
S003817,C003817,monthly,59.0,,2025-09-18,,active
S010508,C010508,monthly,59.0,HARBOR50,2026-08-03,,active
S007672,C007672,monthly,59.0,,2026-05-09,,active
S003361,C003361,monthly,59.0,,2025-08-02,,active
S006217,C006217,monthly,59.0,,2026-03-13,,active
S006044,C006044,monthly,59.0,,2026-02-09,,active
S004343,C004343,monthly,59.0,,2025-10-27,2025-12-28,canceled
S005835,C005835,monthly,59.0,,2026-02-21,,active
S011272,C011272,monthly,59.0,HARBOR50,2026-09-01,,active
S002349,C002349,monthly,59.0,,2025-06-22,,active
S006119,C006119,annual,588.0,,2026-02-02,,active
S001033,C001033,monthly,59.0,,2025-03-03,,active
S007702,C007702,annual,588.0,,2026-05-19,,active
S006001,C006001,annual,588.0,,2026-02-22,,active
S003751,C003751,monthly,59.0,,2025-09-26,2026-08-29,canceled
S009983,C009983,monthly,59.0,HARBOR50,2026-07-11,,active
S001489,C001489,monthly,59.0,,2025-04-28,,active
S006975,C006975,monthly,59.0,,2026-04-09,,active
S007966,C007966,monthly,59.0,,2026-05-21,,active
S006202,C006202,monthly,59.0,,2026-02-21,,active
S004963,C004963,monthly,59.0,,2025-12-16,,active
S004485,C004485,monthly,59.0,,2025-11-28,,active
S007648,C007648,monthly,59.0,HARBOR50,2026-04-15,2026-08-14,canceled
S000592,C000592,monthly,59.0,,2025-02-20,2025-10-23,canceled
S011609,C005993,annual,588.0,,2026-07-03,,active
S003596,C003596,monthly,59.0,,2025-09-12,2026-04-13,canceled
S000740,C000740,monthly,59.0,,2025-02-11,,active
S010457,C010457,monthly,59.0,,2026-08-26,,active
S008888,C008888,monthly,59.0,HARBOR50,2026-06-12,,active
S007259,C007259,annual,588.0,,2026-04-27,,active
S000992,C000992,monthly,59.0,,2025-03-17,,active
S002949,C002949,monthly,59.0,,2025-08-25,,active
S006877,C006877,monthly,59.0,,2026-04-17,,active
S006622,C006622,monthly,59.0,HARBOR50,2026-03-03,2026-08-01,canceled
S011102,C011102,monthly,59.0,,2026-09-09,,active
S009732,C009732,monthly,59.0,HARBOR50,2026-07-27,,active
S006554,C006554,monthly,59.0,,2026-03-05,,active
S011414,C011414,monthly,59.0,COMP100,2025-12-02,2025-12-06,canceled
S008533,C008533,annual,588.0,,2026-06-28,,active
S010785,C010785,monthly,59.0,HARBOR50,2026-08-12,,active
S004867,C004867,monthly,59.0,,2025-12-14,,active
S006221,C006221,monthly,59.0,,2026-03-20,,active
S010026,C010026,monthly,59.0,HARBOR50,2026-07-29,,active
S002432,C002432,monthly,59.0,,2025-06-13,2025-10-10,canceled
S009195,C009195,monthly,59.0,HARBOR50,2026-06-29,,active
S006334,C006334,monthly,59.0,,2026-03-16,,active
S002024,C002024,monthly,59.0,,2025-05-25,,active
S009681,C009681,annual,588.0,,2026-07-01,,active
S000631,C000631,monthly,59.0,,2025-02-11,,active
S009637,C009637,monthly,59.0,,2026-07-17,,active
S008131,C008131,monthly,59.0,,2026-05-23,2026-08-16,canceled
S008769,C008769,monthly,59.0,,2026-06-23,,active
S001859,C001859,monthly,59.0,,2025-05-15,,active
S006086,C006086,monthly,59.0,,2026-02-23,,active
S000732,C000732,annual,588.0,,2025-02-16,,active
S006690,C006690,monthly,59.0,HARBOR50,2026-03-21,2026-07-21,canceled
S004466,C004466,monthly,59.0,,2025-11-21,2026-07-22,canceled
S006367,C006367,monthly,59.0,,2026-03-17,,active
S009624,C009624,monthly,59.0,,2026-07-23,,active
S007712,C007712,monthly,59.0,,2026-05-06,,active
S007249,C007249,monthly,59.0,HARBOR50,2026-04-28,2026-08-23,canceled
S004689,C004689,annual,588.0,,2025-11-28,,active
S008853,C008853,monthly,59.0,HARBOR50,2026-06-22,,active
S000914,C000914,monthly,59.0,,2025-03-25,,active
S001250,C001250,monthly,59.0,,2025-03-23,,active
S008047,C008047,monthly,59.0,HARBOR50,2026-05-20,,active
S001932,C001932,monthly,59.0,,2025-05-22,,active
S002875,C002875,annual,588.0,,2025-07-18,,active
S004637,C004637,monthly,59.0,,2025-11-01,,active
S008597,C008597,monthly,59.0,,2026-06-20,,active
S003480,C003480,annual,588.0,,2025-09-15,,active
S004408,C004408,annual,588.0,,2025-11-05,,active
S001542,C001542,annual,588.0,,2025-04-16,,active
S000404,C000404,monthly,59.0,,2025-02-28,,active
S008135,C008135,monthly,59.0,HARBOR50,2026-05-12,,active
S002535,C002535,monthly,59.0,,2025-07-16,,active
S011357,C011357,monthly,59.0,COMP100,2025-10-20,2025-10-21,canceled
S002270,C002270,annual,588.0,,2025-06-25,2026-07-01,canceled
S004084,C004084,monthly,59.0,,2025-10-19,2025-11-04,canceled
S009056,C009056,monthly,59.0,HARBOR50,2026-06-22,,active
S008898,C008898,monthly,59.0,HARBOR50,2026-06-04,,active
S001634,C001634,monthly,59.0,,2025-04-05,,canceled
S007126,C007126,annual,588.0,,2026-04-18,,active
S002981,C002981,monthly,59.0,,2025-08-12,,active
S010388,C010388,monthly,59.0,,2026-08-04,,active
S003929,C003929,monthly,59.0,,2025-10-17,,active
S007886,C007886,monthly,59.0,,2026-05-16,,active
S003147,C003147,monthly,59.0,,2025-08-14,,active
S001517,C001517,monthly,59.0,,2025-04-26,,active
S003251,C003251,monthly,59.0,,2025-08-30,,active
S001459,C001459,monthly,59.0,,2025-04-09,,active
S000269,C000269,monthly,59.0,,2025-01-30,,active
S011385,C011385,monthly,59.0,COMP100,2025-10-09,,active
S001227,C001227,annual,588.0,,2025-03-01,,active
S000583,C000583,monthly,59.0,,2025-02-11,2025-07-12,canceled
S002413,C002413,monthly,59.0,,2025-06-15,,active
S007842,C007842,annual,588.0,,2026-05-17,,active
S009202,C009202,monthly,59.0,HARBOR50,2026-06-28,2026-07-12,canceled
S000178,C000178,monthly,59.0,,2025-01-19,2026-04-17,canceled
S010183,C010183,monthly,59.0,,2026-08-21,,active
S007217,C007217,monthly,59.0,,2026-04-26,,active
S002846,C002846,annual,588.0,,2025-07-24,2026-07-27,canceled
S008377,C008377,monthly,59.0,HARBOR50,2026-05-17,,active
S006216,C006216,monthly,59.0,,2026-03-26,,active
S000301,C000301,annual,588.0,,2025-01-17,,active
S000612,C000612,monthly,59.0,,2025-02-07,,active
S009037,C009037,monthly,59.0,,2026-06-28,2026-08-27,canceled
S002994,C002994,monthly,59.0,,2025-08-16,,active
S005641,C005641,monthly,59.0,,2026-01-10,,active
S002188,C002188,annual,588.0,,2025-06-19,,active
S001641,C001641,annual,588.0,,2025-04-23,,active
S008259,C008259,monthly,59.0,HARBOR50,2026-05-24,,active
S007166,C007166,annual,588.0,,2026-04-18,,active
S002157,C002157,monthly,59.0,,2025-06-30,2025-08-03,canceled
S003140,C003140,monthly,59.0,,2025-08-26,2025-11-30,canceled
S002036,C002036,monthly,59.0,,2025-05-26,2026-03-31,canceled
S007015,C007015,annual,588.0,,2026-04-29,,active
S005411,C005411,monthly,59.0,,2026-01-04,,active
S003757,C003757,monthly,59.0,,2025-09-08,,active
S003765,C003765,monthly,59.0,,2025-09-24,,active
S002542,C002542,monthly,59.0,,2025-07-28,2025-08-23,canceled
S001719,C001719,annual,588.0,,2025-05-01,,active
S010482,C010482,monthly,59.0,HARBOR50,2026-08-05,,active
S007255,C007255,monthly,59.0,HARBOR50,2026-04-05,,active
S001042,C001042,monthly,59.0,,2025-03-09,,active
S008628,C008628,monthly,59.0,,2026-06-25,,active
S007708,C007708,monthly,59.0,,2026-05-03,,active
S011467,C003195,annual,588.0,,2026-05-08,,active
S003033,C003033,annual,588.0,,2025-08-29,,active
S007453,C007453,monthly,59.0,HARBOR50,2026-04-22,,active
S004338,C004338,annual,588.0,,2025-10-19,,active
S009302,C009302,monthly,59.0,,2026-06-13,,active
S005646,C005646,monthly,59.0,,2026-01-25,2026-04-26,canceled
S005792,C005792,monthly,59.0,,2026-02-25,,active
S007020,C007020,monthly,59.0,,2026-04-01,,active
S007785,C007785,monthly,59.0,,2026-05-13,2026-09-08,canceled
S000216,C000216,monthly,59.0,,2025-01-04,2026-01-30,canceled
S001560,C001560,monthly,59.0,,2025-04-26,,active
S001811,C001811,annual,588.0,,2025-05-14,,active
S003951,C003951,monthly,59.0,,2025-10-20,2026-06-17,canceled
S002162,C002162,annual,588.0,,2025-06-14,,active
S007949,C007949,annual,588.0,,2026-05-10,,active
S006480,C006480,monthly,59.0,,2026-03-31,,active
S003385,C003385,monthly,59.0,,2025-08-13,2025-09-13,canceled
S002479,C002479,annual,588.0,,2025-06-13,,active
S008089,C008089,annual,588.0,,2026-05-17,,active
S000017,C000017,annual,588.0,,2025-01-20,,active
S005253,C005253,monthly,59.0,,2025-12-12,,active
S006539,C006539,monthly,59.0,,2026-03-04,,active
S008397,C008397,monthly,59.0,HARBOR50,2026-05-17,,active
S001493,C001493,monthly,59.0,,2025-04-22,,active
S001522,C001522,monthly,59.0,,2025-04-03,2025-09-03,canceled
S010492,C010492,monthly,59.0,,2026-08-20,,active
S003417,C003417,monthly,59.0,,2025-09-12,,active
S011023,C011023,annual,588.0,,2026-09-14,,active
S001752,C001752,annual,588.0,,2025-05-02,,active
S006333,C006333,annual,588.0,,2026-03-14,,active
S000483,C000483,monthly,59.0,,2025-02-08,2025-09-15,canceled
S005732,C005732,monthly,59.0,,2026-01-08,2026-08-04,canceled
S010490,C010490,annual,588.0,,2026-08-02,,active
S002766,C002766,annual,588.0,,2025-07-31,,active
S007117,C007117,monthly,59.0,,2026-04-08,,active
S001106,C001106,monthly,59.0,,2025-03-25,,active
S011078,C011078,annual,588.0,,2026-09-14,,active
S002226,C002226,monthly,59.0,,2025-06-20,2026-06-15,canceled
S010108,C010108,monthly,59.0,,2026-08-03,,active
S011239,C011239,monthly,59.0,HARBOR50,2026-09-07,,active
S001933,C001933,monthly,59.0,,2025-05-16,,active
S004214,C004214,monthly,59.0,,2025-10-08,,active
S000309,C000309,monthly,59.0,,2025-01-02,2025-07-08,canceled
S002628,C002628,monthly,59.0,,2025-07-07,2025-10-09,canceled
S003866,C003866,annual,588.0,,2025-10-05,,active
S007954,C007954,monthly,59.0,,2026-05-24,,active
S004482,C004482,monthly,59.0,,2025-11-12,,active
S005238,C005238,monthly,59.0,,2025-12-09,,active
S005306,C005306,monthly,59.0,,2026-01-21,,active
S009570,C009570,monthly,59.0,,2026-07-09,,active
S011371,C011371,monthly,59.0,COMP100,2026-08-03,2026-08-08,canceled
S000693,C000693,monthly,59.0,,2025-02-07,2025-03-11,canceled
S010426,C010426,monthly,59.0,HARBOR50,2026-08-28,,active
S004969,C004969,monthly,59.0,,2025-12-26,2026-06-21,canceled
S005820,C005820,monthly,59.0,,2026-02-14,,active
S004275,C004275,annual,588.0,,2025-10-10,,active
S000383,C000383,monthly,59.0,,2025-01-11,2026-09-08,canceled
S009827,C009827,monthly,59.0,HARBOR50,2026-07-02,,active
S004654,C004654,monthly,59.0,,2025-11-30,,active
S000126,C000126,monthly,59.0,,2025-01-05,,active
S006561,C006561,monthly,59.0,,2026-03-02,,active
S010386,C010386,monthly,59.0,,2026-08-04,,active
S011532,C006106,annual,588.0,,2026-08-15,,active
S005949,C005949,monthly,59.0,,2026-02-01,,active
S004710,C004710,monthly,59.0,,2025-11-04,,active
S000894,C000894,monthly,59.0,,2025-03-12,,active
S001823,C001823,monthly,59.0,,2025-05-13,,active
S008234,C008234,monthly,59.0,HARBOR50,2026-05-12,,active
S011176,C011176,annual,588.0,,2026-09-03,,active
S010649,C010649,monthly,59.0,HARBOR50,2026-08-17,,active
S006707,C006707,monthly,59.0,HARBOR50,2026-03-20,,active
S001220,C001220,monthly,59.0,,2025-03-06,2026-02-02,canceled
S008774,C008774,monthly,59.0,,2026-06-25,,active
S005910,C005910,annual,588.0,,2026-02-14,,active
S001087,C001087,monthly,59.0,,2025-03-08,2025-04-07,canceled
S001890,C001890,monthly,59.0,,2025-05-24,,active
S000953,C000953,monthly,59.0,,2025-03-19,2025-04-22,canceled
S007229,C007229,monthly,59.0,,2026-04-18,,active
S000414,C000414,monthly,59.0,,2025-02-19,,active
S003487,C003487,monthly,59.0,,2025-09-26,,active
S000597,C000597,monthly,59.0,,2025-02-22,2025-11-18,canceled
S005918,C005918,monthly,59.0,,2026-02-23,,active
S005425,C005425,annual,588.0,,2026-01-09,,active
S009364,C009364,monthly,59.0,,2026-07-19,,active
S004226,C004226,monthly,59.0,,2025-10-11,2026-01-13,canceled
S003958,C003958,monthly,59.0,,2025-10-25,,active
S001991,C001991,monthly,59.0,,2025-05-17,,active
S004874,C004874,monthly,59.0,,2025-12-02,,active
S011123,C011123,annual,588.0,,2026-09-13,,active
S007881,C007881,monthly,59.0,,2026-05-17,2026-07-15,canceled
S000621,C000621,monthly,59.0,,2025-02-23,2025-06-29,canceled
S005051,C005051,monthly,59.0,,2025-12-27,,active
S001503,C001503,annual,588.0,,2025-04-08,,active
S002081,C002081,monthly,59.0,,2025-05-23,2026-01-23,canceled
S011049,C011049,annual,588.0,,2026-09-01,,active
S010118,C010118,monthly,59.0,,2026-08-21,,active
S004403,C004403,monthly,59.0,,2025-11-17,,active
S001296,C001296,monthly,59.0,,2025-04-02,2025-07-07,canceled
S003491,C003491,annual,588.0,,2025-09-19,,active
S001438,C001438,annual,588.0,,2025-04-16,,active
S010897,C010897,monthly,59.0,HARBOR50,2026-08-18,,active
S005764,C005764,monthly,59.0,,2026-02-27,,active
S001326,C001326,annual,588.0,,2025-04-12,,active
S000138,C000138,monthly,59.0,,2025-01-03,2025-11-03,canceled
S011625,C000976,annual,588.0,,2025-09-02,,active
S008148,C008148,monthly,59.0,,2026-05-17,,active
S009773,C009773,monthly,59.0,,2026-07-17,,active
S007612,C007612,monthly,59.0,HARBOR50,2026-04-26,,active
S004581,C004581,monthly,59.0,,2025-11-08,,canceled
S004145,C004145,monthly,59.0,,2025-10-18,,active
S006229,C006229,monthly,59.0,,2026-03-25,2026-06-22,canceled
S000173,C000173,monthly,59.0,,2025-01-10,,active
S005713,C005713,monthly,59.0,,2026-01-01,,active
S007288,C007288,monthly,59.0,HARBOR50,2026-04-24,2026-05-19,canceled
S010786,C010786,monthly,59.0,HARBOR50,2026-08-01,,active
S001099,C001099,monthly,59.0,,2025-03-26,,active
S007032,C007032,monthly,59.0,,2026-04-23,,active
S004260,C004260,annual,588.0,,2025-10-06,,active
S005284,C005284,annual,588.0,,2025-12-12,,active
S009101,C009101,monthly,59.0,HARBOR50,2026-06-09,,active
S008876,C008876,monthly,59.0,HARBOR50,2026-06-13,,active
S002725,C002725,monthly,59.0,,2025-07-24,2025-09-23,canceled
S003524,C003524,monthly,59.0,,2025-09-02,,active
S010496,C010496,annual,588.0,,2026-08-30,,active
S009419,C009419,monthly,59.0,,2026-07-26,,active
S009899,C009899,monthly,59.0,HARBOR50,2026-07-26,2026-08-21,canceled
S007312,C007312,monthly,59.0,HARBOR50,2026-04-22,,active
S011560,C002251,annual,588.0,,2025-10-12,,active
S004407,C004407,monthly,59.0,,2025-11-16,,active
S001651,C001651,monthly,59.0,,2025-04-10,,active
S003159,C003159,monthly,59.0,,2025-08-27,2026-06-23,canceled
S004188,C004188,monthly,59.0,,2025-10-07,,active
S003474,C003474,annual,588.0,,2025-09-20,,active
S005745,C005745,monthly,59.0,,2026-01-19,,active
S003163,C003163,monthly,59.0,,2025-08-23,,active
S003001,C003001,annual,588.0,,2025-08-14,,active
S007072,C007072,monthly,59.0,,2026-04-25,,active
S007866,C007866,monthly,59.0,,2026-05-26,2026-06-21,canceled
S011653,C004829,annual,588.0,,2026-04-19,,active
S009437,C009437,monthly,59.0,,2026-07-27,,active
S007034,C007034,monthly,59.0,,2026-04-10,,active
S004185,C004185,monthly,59.0,,2025-10-06,,active
S003901,C003901,monthly,59.0,,2025-10-23,2026-04-25,canceled
S002398,C002398,monthly,59.0,,2025-06-04,2025-08-30,canceled
S008689,C008689,monthly,59.0,,2026-06-29,,active
S009397,C009397,monthly,59.0,,2026-07-21,,active
S001609,C001609,annual,588.0,,2025-04-10,,active
S002408,C002408,annual,588.0,,2025-06-17,2026-06-19,canceled
S001098,C001098,monthly,59.0,,2025-03-21,2026-08-19,canceled
S003394,C003394,annual,588.0,,2025-08-09,,active
S004074,C004074,monthly,59.0,,2025-10-15,,active
S000870,C000870,monthly,59.0,,2025-03-28,,active
S003092,C003092,monthly,59.0,,2025-08-05,2025-11-05,canceled
S006050,C006050,monthly,59.0,,2026-02-17,,active
S005924,C005924,annual,588.0,,2026-02-01,,active
S003847,C003847,monthly,59.0,,2025-09-05,,active
S002093,C002093,monthly,59.0,,2025-05-08,,active
S007940,C007940,monthly,59.0,HARBOR50,2026-05-06,2026-08-31,canceled
S000207,C000207,monthly,59.0,,2025-01-19,,active
S004212,C004212,annual,588.0,,2025-10-20,,active
S009652,C009652,monthly,59.0,,2026-07-05,2026-08-07,canceled
S011570,C001660,annual,588.0,,2026-07-16,,active
S011642,C005310,annual,588.0,,2026-07-19,,active
S010451,C010451,monthly,59.0,,2026-08-04,,active
S002236,C002236,monthly,59.0,,2025-06-23,2026-07-27,canceled
S008347,C008347,monthly,59.0,HARBOR50,2026-05-06,,active
S003909,C003909,monthly,59.0,,2025-10-04,,active
S009164,C009164,monthly,59.0,HARBOR50,2026-06-16,,active
S007399,C007399,monthly,59.0,HARBOR50,2026-04-06,,active
S001804,C001804,annual,588.0,,2025-05-19,2026-05-21,canceled
S002555,C002555,monthly,59.0,,2025-07-23,2026-03-19,canceled
S005644,C005644,monthly,59.0,,2026-01-27,,active
S008989,C008989,monthly,59.0,HARBOR50,2026-06-18,,active
S010461,C010461,monthly,59.0,,2026-08-11,,active
S003066,C003066,monthly,59.0,,2025-08-05,,active
S009828,C009828,monthly,59.0,HARBOR50,2026-07-26,,active
S002617,C002617,monthly,59.0,,2025-07-29,,active
S006493,C006493,monthly,59.0,,2026-03-08,,active
S009402,C009402,monthly,59.0,,2026-07-25,,active
S001905,C001905,monthly,59.0,,2025-05-06,,active
S001916,C001916,monthly,59.0,,2025-05-08,,active
S008387,C008387,monthly,59.0,HARBOR50,2026-05-21,,active
S005302,C005302,annual,588.0,,2026-01-04,,active
S007291,C007291,monthly,59.0,HARBOR50,2026-04-15,,active
S008268,C008268,monthly,59.0,HARBOR50,2026-05-12,,active
S006795,C006795,monthly,59.0,HARBOR50,2026-03-11,,active
S006380,C006380,annual,588.0,,2026-03-24,,active
S004500,C004500,monthly,59.0,,2025-11-11,,active
S011495,C001421,annual,588.0,,2025-12-12,,active
S011200,C011200,monthly,59.0,HARBOR50,2026-09-03,,active
S005484,C005484,monthly,59.0,,2026-01-19,,active
S004798,C004798,monthly,59.0,,2025-11-19,2025-11-23,canceled
S003919,C003919,annual,588.0,,2025-10-14,,active
S006191,C006191,monthly,59.0,,2026-02-18,,active
S006754,C006754,monthly,59.0,,2026-03-02,2026-07-01,canceled
S005125,C005125,monthly,59.0,,2025-12-04,,active
S011184,C011184,monthly,59.0,HARBOR50,2026-09-07,,active
S006643,C006643,annual,588.0,,2026-03-17,,active
S000923,C000923,annual,588.0,,2025-03-06,,active
S002786,C002786,monthly,59.0,,2025-07-20,2025-08-24,canceled
S006977,C006977,monthly,59.0,,2026-04-02,,active
S005188,C005188,annual,588.0,,2025-12-26,,active
S010579,C010579,monthly,59.0,,2026-08-24,,active
S010261,C010261,monthly,59.0,,2026-08-19,,active
S002453,C002453,monthly,59.0,,2025-06-19,,active
S005335,C005335,monthly,59.0,,2026-01-18,2026-07-14,canceled
S004248,C004248,monthly,59.0,,2025-10-11,,active
S005011,C005011,annual,588.0,,2025-12-15,,active
S003719,C003719,monthly,59.0,,2025-09-17,,active
S010752,C010752,monthly,59.0,HARBOR50,2026-08-03,,active
S005545,C005545,monthly,59.0,,2026-01-01,,active
S004557,C004557,monthly,59.0,,2025-11-02,,active
S006937,C006937,monthly,59.0,,2026-04-19,,active
S001059,C001059,monthly,59.0,,2025-03-03,2025-09-05,canceled
S000793,C000793,monthly,59.0,,2025-02-04,2025-02-12,canceled
S006672,C006672,monthly,59.0,HARBOR50,2026-03-06,,active
S001511,C001511,monthly,59.0,,2025-04-06,,active
S006746,C006746,monthly,59.0,HARBOR50,2026-03-03,2026-08-02,canceled
S006278,C006278,monthly,59.0,,2026-03-01,2026-03-24,canceled
S005075,C005075,monthly,59.0,,2025-12-21,,active
S007801,C007801,monthly,59.0,,2026-05-06,,active
S008839,C008839,monthly,59.0,HARBOR50,2026-06-26,,active
S007079,C007079,monthly,59.0,,2026-04-29,,active
S004058,C004058,monthly,59.0,,2025-10-05,,active
S011340,C011340,monthly,59.0,HARBOR50,2026-09-14,,active
S004017,C004017,annual,588.0,,2025-10-27,,active
S001075,C001075,monthly,59.0,,2025-03-03,2025-06-01,canceled
S003646,C003646,monthly,59.0,,2025-09-24,2025-10-21,canceled
S002106,C002106,monthly,59.0,,2025-06-16,,active
S006067,C006067,monthly,59.0,,2026-02-10,,active
S004691,C004691,monthly,59.0,,2025-11-22,2026-04-17,canceled
S005493,C005493,monthly,59.0,,2026-01-15,,active
S010562,C010562,monthly,59.0,HARBOR50,2026-08-11,,active
S005234,C005234,monthly,59.0,,2025-12-28,,active
S009938,C009938,monthly,59.0,HARBOR50,2026-07-26,,active
S010924,C010924,monthly,59.0,HARBOR50,2026-08-10,,active
S002503,C002503,monthly,59.0,,2025-07-04,2026-06-09,canceled
S001414,C001414,monthly,59.0,,2025-04-19,,active
S001430,C001430,monthly,59.0,,2025-04-20,,active
S009740,C009740,monthly,59.0,HARBOR50,2026-07-01,,active
S001248,C001248,annual,588.0,,2025-03-16,,active
S002066,C002066,monthly,59.0,,2025-05-14,,active
S002228,C002228,monthly,59.0,,2025-06-09,2026-01-14,canceled
S000190,C000190,monthly,59.0,,2025-01-30,,active
S004178,C004178,monthly,59.0,,2025-10-01,2026-08-03,canceled
S010475,C010475,monthly,59.0,,2026-08-20,,active
S008071,C008071,monthly,59.0,HARBOR50,2026-05-19,,active
S003639,C003639,monthly,59.0,,2025-09-13,2026-06-09,canceled
S000472,C000472,monthly,59.0,,2025-02-15,,active
S008274,C008274,monthly,59.0,HARBOR50,2026-05-27,2026-06-24,canceled
S009373,C009373,annual,588.0,,2026-07-13,,active
S001704,C001704,monthly,59.0,,2025-05-11,,active
S002760,C002760,annual,588.0,,2025-07-26,,active
S006714,C006714,monthly,59.0,HARBOR50,2026-03-02,2026-07-06,canceled
S001298,C001298,monthly,59.0,,2025-04-20,2025-04-24,canceled
S000266,C000266,monthly,59.0,,2025-01-28,2026-06-30,canceled
S006331,C006331,monthly,59.0,,2026-03-11,,active
S011382,C011382,monthly,59.0,COMP100,2026-04-28,2026-04-28,canceled
S011384,C011384,monthly,59.0,COMP100,2025-03-23,2025-03-23,canceled
S007710,C007710,monthly,59.0,,2026-05-24,,active
S006706,C006706,monthly,59.0,HARBOR50,2026-03-16,2026-09-10,canceled
S000600,C000600,monthly,59.0,,2025-02-07,,active
S002163,C002163,annual,588.0,,2025-06-26,,active
S000918,C000918,monthly,59.0,,2025-03-06,,active
S006895,C006895,monthly,59.0,,2026-04-29,2026-05-12,canceled
S000290,C000290,monthly,59.0,,2025-01-08,2025-08-03,canceled
S005733,C005733,annual,588.0,,2026-01-08,,active
S011637,C000134,annual,588.0,,2025-10-30,,active
S005889,C005889,monthly,59.0,,2026-02-09,,active
S010395,C010395,monthly,59.0,,2026-08-12,,active
S002807,C002807,monthly,59.0,,2025-07-13,,active
S001716,C001716,monthly,59.0,,2025-05-03,2026-04-05,canceled
S009954,C009954,monthly,59.0,HARBOR50,2026-07-07,,active
S007952,C007952,monthly,59.0,,2026-05-22,2026-06-10,canceled
S005105,C005105,monthly,59.0,,2025-12-06,,active
S003030,C003030,monthly,59.0,,2025-08-01,,active
S006930,C006930,monthly,59.0,,2026-04-21,,active
S010092,C010092,monthly,59.0,HARBOR50,2026-07-27,,active
S003653,C003653,monthly,59.0,,2025-09-24,,active
S005519,C005519,annual,588.0,,2026-01-24,,active
S009874,C009874,monthly,59.0,HARBOR50,2026-07-16,,active
S005650,C005650,monthly,59.0,,2026-01-27,,active
S009244,C009244,monthly,59.0,HARBOR50,2026-06-13,,active
S000456,C000456,monthly,59.0,,2025-02-22,2025-02-02,canceled
S001179,C001179,monthly,59.0,,2025-03-21,2026-07-23,canceled
S010913,C010913,monthly,59.0,,2026-08-18,,active
S000940,C000940,annual,588.0,,2025-03-15,,active
S009332,C009332,annual,588.0,,2026-07-23,,active
S007223,C007223,monthly,59.0,,2026-04-11,,active
S009018,C009018,monthly,59.0,HARBOR50,2026-06-19,,active
S011259,C011259,monthly,59.0,,2026-09-10,,active
S000398,C000398,monthly,59.0,,2025-02-22,,active
S002748,C002748,monthly,59.0,,2025-07-20,,active
S005964,C005964,monthly,59.0,,2026-02-15,,active
S003774,C003774,monthly,59.0,,2025-09-16,2025-08-30,canceled
S007447,C007447,monthly,59.0,HARBOR50,2026-04-16,,active
S003110,C003110,annual,588.0,,2025-08-09,,active
S004563,C004563,annual,588.0,,2025-11-07,,active
S005672,C005672,monthly,59.0,,2026-01-02,,active
S000980,C000980,monthly,59.0,,2025-03-13,2025-06-16,canceled
S009744,C009744,annual,588.0,,2026-07-05,,active
S010057,C010057,monthly,59.0,HARBOR50,2026-07-06,,active
S000557,C000557,monthly,59.0,,2025-02-09,2026-06-15,canceled
S007882,C007882,monthly,59.0,,2026-05-08,,active
S010327,C010327,monthly,59.0,,2026-08-17,,active
S011062,C011062,annual,588.0,,2026-09-13,,active
S001406,C001406,monthly,59.0,,2025-04-06,2026-02-05,canceled
S011627,C000243,annual,588.0,,2025-06-02,,active
S003488,C003488,annual,588.0,,2025-09-22,,active
S004640,C004640,monthly,59.0,,2025-11-16,,active
S007830,C007830,monthly,59.0,,2026-05-29,,active
S004152,C004152,monthly,59.0,,2025-10-20,,active
S000755,C000755,monthly,59.0,,2025-02-11,,active
S004850,C004850,monthly,59.0,,2025-12-27,,active
S001850,C001850,annual,588.0,,2025-05-17,2026-05-19,canceled
S010035,C010035,monthly,59.0,HARBOR50,2026-07-31,,active
S009643,C009643,monthly,59.0,HARBOR50,2026-07-11,,active
S003118,C003118,monthly,59.0,,2025-08-09,,active
S006511,C006511,annual,588.0,,2026-03-02,,active
S007903,C007903,monthly,59.0,,2026-05-23,2026-07-26,canceled
S009554,C009554,monthly,59.0,,2026-07-05,,active
S001275,C001275,monthly,59.0,,2025-04-08,,active
S004170,C004170,monthly,59.0,,2025-10-30,,active
S003263,C003263,monthly,59.0,,2025-08-24,,active
S008757,C008757,monthly,59.0,,2026-06-11,,active
S006323,C006323,monthly,59.0,,2026-03-11,2026-04-04,canceled
S007075,C007075,monthly,59.0,,2026-04-10,,active
S005068,C005068,monthly,59.0,,2025-12-26,,active
S008577,C008577,monthly,59.0,,2026-06-23,,active
S003109,C003109,annual,588.0,,2025-08-28,,active
S004262,C004262,annual,588.0,,2025-10-29,,active
S007510,C007510,monthly,59.0,HARBOR50,2026-04-22,2026-08-18,canceled
S004396,C004396,monthly,59.0,,2025-11-10,2026-05-08,canceled
S006859,C006859,monthly,59.0,HARBOR50,2026-03-22,2026-08-25,canceled
S004444,C004444,monthly,59.0,,2025-11-02,2026-01-03,canceled
S010379,C010379,monthly,59.0,,2026-08-04,,active
S003463,C003463,monthly,59.0,,2025-09-13,,active
S003355,C003355,monthly,59.0,,2025-08-13,,active
S002794,C002794,monthly,59.0,,2025-07-20,,active
S002876,C002876,monthly,59.0,,2025-07-10,,active
S010455,C010455,monthly,59.0,,2026-08-23,,active
S000148,C000148,monthly,59.0,,2025-01-07,,active
S000089,C000089,annual,588.0,,2025-01-02,,active
S004352,C004352,annual,588.0,,2025-11-05,,active
S002058,C002058,annual,588.0,,2025-05-09,,active
S000575,C000575,annual,588.0,,2025-02-17,2026-02-20,canceled
S006453,C006453,monthly,59.0,,2026-03-31,,active
S010213,C010213,monthly,59.0,,2026-08-07,,active
S011434,C011434,monthly,59.0,COMP100,2025-07-31,,active
S000403,C000403,monthly,59.0,,2025-02-26,,active
S009175,C009175,monthly,59.0,HARBOR50,2026-06-14,,active
S004166,C004166,monthly,59.0,,2025-10-31,,active
S000832,C000832,monthly,59.0,,2025-03-20,2025-04-13,canceled
S011527,C006852,annual,588.0,,2026-08-03,,active
S002485,C002485,monthly,59.0,,2025-06-27,2025-12-25,canceled
S010946,C010946,monthly,59.0,HARBOR50,2026-08-25,,active
S006705,C006705,monthly,59.0,HARBOR50,2026-03-25,2026-08-28,canceled
S001985,C001985,monthly,59.0,,2025-05-06,,active
S003729,C003729,monthly,59.0,,2025-09-03,,active
S008742,C008742,monthly,59.0,,2026-06-15,2026-06-28,canceled
S000130,C000130,monthly,59.0,,2025-01-21,2025-06-18,canceled
S005314,C005314,monthly,59.0,,2026-01-11,,active
S010628,C010628,monthly,59.0,HARBOR50,2026-08-03,,active
S007617,C007617,monthly,59.0,HARBOR50,2026-04-25,2026-08-22,canceled
S001399,C001399,monthly,59.0,,2025-04-04,,active
S004244,C004244,monthly,59.0,,2025-10-18,,active
S011487,C001094,annual,588.0,,2025-12-05,,active
S003087,C003087,monthly,59.0,,2025-08-09,2026-04-10,canceled
S010046,C010046,monthly,59.0,HARBOR50,2026-07-27,,active
S009713,C009713,monthly,59.0,HARBOR50,2026-07-07,,active
S005067,C005067,annual,588.0,,2025-12-29,,active
S003870,C003870,annual,588.0,,2025-10-03,,active
S004109,C004109,monthly,59.0,,2025-10-13,,active
S001720,C001720,annual,588.0,,2025-05-13,,active
S001713,C001713,annual,588.0,,2025-05-25,,active
S010861,C010861,monthly,59.0,HARBOR50,2026-08-12,,active
S003381,C003381,monthly,59.0,,2025-08-13,,canceled
S001741,C001741,annual,588.0,,2025-05-17,,active
S007448,C007448,monthly,59.0,HARBOR50,2026-04-18,2026-08-20,canceled
S001067,C001067,monthly,59.0,,2025-03-28,2025-06-23,canceled
S004795,C004795,annual,588.0,,2025-11-09,,active
S004578,C004578,annual,588.0,,2025-11-22,,active
S010069,C010069,monthly,59.0,HARBOR50,2026-07-30,,active
S006438,C006438,annual,588.0,,2026-03-22,,active
S005787,C005787,monthly,59.0,,2026-02-18,2026-03-17,canceled
S001109,C001109,monthly,59.0,,2025-03-13,2025-12-15,canceled
S010699,C010699,monthly,59.0,HARBOR50,2026-08-14,,active
S008571,C008571,annual,588.0,,2026-06-12,,active
S005775,C005775,annual,588.0,,2026-02-20,,active
S002613,C002613,monthly,59.0,,2025-07-25,,active
S011660,C006322,annual,588.0,,2026-08-23,,active
S008418,C008418,monthly,59.0,,2026-06-19,,active
S002350,C002350,annual,588.0,,2025-06-27,,active
S005407,C005407,monthly,59.0,,2026-01-16,,active
S007352,C007352,monthly,59.0,HARBOR50,2026-04-26,2026-08-23,canceled
S006832,C006832,monthly,59.0,HARBOR50,2026-03-16,2026-08-19,canceled
S002750,C002750,annual,588.0,,2025-07-12,,active
S000675,C000675,monthly,59.0,,2025-02-08,2025-06-14,canceled
S007427,C007427,monthly,59.0,HARBOR50,2026-04-01,2026-09-05,canceled
S007925,C007925,monthly,59.0,HARBOR50,2026-05-09,,active
S009644,C009644,monthly,59.0,,2026-07-22,,active
S007068,C007068,monthly,59.0,,2026-04-27,,active
S006184,C006184,monthly,59.0,,2026-02-02,,active
S002691,C002691,annual,588.0,,2025-07-08,,active
S002326,C002326,annual,588.0,,2025-06-06,,active
S008124,C008124,monthly,59.0,HARBOR50,2026-05-07,,active
S000182,C000182,monthly,59.0,,2025-01-03,2026-05-31,canceled
S003692,C003692,monthly,59.0,,2025-09-13,,active
S000997,C000997,monthly,59.0,,2025-03-01,2025-10-29,canceled
S002344,C002344,monthly,59.0,,2025-06-21,2025-12-17,canceled
S005758,C005758,monthly,59.0,,2026-02-15,,active
S010104,C010104,monthly,59.0,,2026-07-02,,active
S002031,C002031,monthly,59.0,,2025-05-05,,active
S008975,C008975,monthly,59.0,HARBOR50,2026-06-04,,active
S009888,C009888,monthly,59.0,HARBOR50,2026-07-20,,active
S002800,C002800,annual,588.0,,2025-07-05,,active
S010192,C010192,monthly,59.0,,2026-08-07,,active
S003908,C003908,monthly,59.0,,2025-10-05,2026-01-01,canceled
S004181,C004181,annual,588.0,,2025-10-02,,active
S002043,C002043,monthly,59.0,,2025-05-06,,active
S002126,C002126,annual,588.0,,2025-06-08,2026-06-14,canceled
S006233,C006233,monthly,59.0,,2026-03-14,,active
S011145,C011145,monthly,59.0,,2026-09-08,,active
S011168,C011168,annual,588.0,,2026-09-12,,active
S003982,C003982,monthly,59.0,,2025-10-20,2026-07-17,canceled
S010198,C010198,monthly,59.0,,2026-08-01,,active
S011025,C011025,monthly,59.0,,2026-09-04,,active
S008944,C008944,monthly,59.0,HARBOR50,2026-06-29,,active
S000937,C000937,monthly,59.0,,2025-03-03,,active
S000004,C000004,annual,588.0,,2025-01-18,,active
S003825,C003825,annual,588.0,,2025-09-27,,active
S009098,C009098,monthly,59.0,HARBOR50,2026-06-16,,active
S001267,C001267,annual,588.0,,2025-04-26,,active
S010479,C010479,monthly,59.0,,2026-08-01,,active
S005824,C005824,monthly,59.0,,2026-02-14,,active
S008411,C008411,monthly,59.0,,2026-06-13,,active
S007566,C007566,monthly,59.0,HARBOR50,2026-04-13,2026-08-07,canceled
S007829,C007829,annual,588.0,,2026-05-07,,active
S009515,C009515,monthly,59.0,,2026-07-01,,active
S007240,C007240,monthly,59.0,,2026-04-07,,active
S004562,C004562,monthly,59.0,,2025-11-18,2026-07-21,canceled
S000640,C000640,monthly,59.0,,2025-02-04,2025-02-18,canceled
S000944,C000944,annual,588.0,,2025-03-11,,active
S004481,C004481,monthly,59.0,,2025-11-29,,active
S006082,C006082,monthly,59.0,,2026-02-03,2026-06-07,canceled
S002838,C002838,monthly,59.0,,2025-07-24,2026-02-17,canceled
S004254,C004254,monthly,59.0,,2025-10-18,2026-06-22,canceled
S002296,C002296,monthly,59.0,,2025-06-30,,canceled
S008817,C008817,monthly,59.0,HARBOR50,2026-06-19,,active
S002135,C002135,annual,588.0,,2025-06-26,2026-07-01,canceled
S000123,C000123,monthly,59.0,,2025-01-08,,active
S007029,C007029,monthly,59.0,,2026-04-04,,active
S010860,C010860,monthly,59.0,HARBOR50,2026-08-22,,active
S006968,C006968,monthly,59.0,,2026-04-26,,active
S010863,C010863,monthly,59.0,HARBOR50,2026-08-06,,active
S009863,C009863,monthly,59.0,HARBOR50,2026-07-26,,active
S005012,C005012,annual,588.0,,2025-12-18,,active
S004800,C004800,annual,588.0,,2025-11-26,,active
S000619,C000619,annual,588.0,,2025-02-24,2026-02-26,canceled
S009859,C009859,monthly,59.0,HARBOR50,2026-07-15,,active
S005198,C005198,monthly,59.0,,2025-12-19,2026-03-20,canceled
S003115,C003115,monthly,59.0,,2025-08-28,,active
S009571,C009571,monthly,59.0,,2026-07-11,,active
S001942,C001942,annual,588.0,,2025-05-18,,active
S002444,C002444,monthly,59.0,,2025-06-04,,active
S003873,C003873,monthly,59.0,,2025-10-10,2026-04-04,canceled
S008204,C008204,monthly,59.0,HARBOR50,2026-05-26,,active
S010769,C010769,monthly,59.0,HARBOR50,2026-08-31,,active
S011354,C011354,monthly,59.0,COMP100,2026-02-19,2026-02-19,canceled
S002705,C002705,annual,588.0,,2025-07-20,,active
S007395,C007395,monthly,59.0,HARBOR50,2026-04-03,2026-06-07,canceled
S008304,C008304,monthly,59.0,,2026-05-20,,active
S002015,C002015,monthly,59.0,,2025-05-04,2025-12-30,canceled
S006703,C006703,monthly,59.0,HARBOR50,2026-03-25,,active
S010269,C010269,monthly,59.0,,2026-08-15,,active
S004153,C004153,annual,588.0,,2025-10-14,,active
S011496,C005321,annual,588.0,,2026-09-10,,active
S009563,C009563,annual,588.0,,2026-07-19,,active
S000867,C000867,monthly,59.0,,2025-03-01,2025-06-28,canceled
S000864,C000864,monthly,59.0,,2025-03-02,,active
S010730,C010730,monthly,59.0,HARBOR50,2026-08-27,,active
S006855,C006855,monthly,59.0,HARBOR50,2026-03-08,,active
S008016,C008016,monthly,59.0,HARBOR50,2026-05-26,,active
S007726,C007726,annual,588.0,,2026-05-22,,active
S006397,C006397,annual,588.0,,2026-03-27,,active
S000560,C000560,monthly,59.0,,2025-02-02,,active
S000697,C000697,monthly,59.0,,2025-02-16,2025-06-13,canceled
S001884,C001884,annual,588.0,,2025-05-06,2026-05-09,canceled
S003455,C003455,monthly,59.0,,2025-09-17,,active
S010721,C010721,monthly,59.0,HARBOR50,2026-08-01,2026-08-25,canceled
S008015,C008015,monthly,59.0,HARBOR50,2026-05-04,2026-09-06,canceled
S010413,C010413,monthly,59.0,,2026-08-28,,active
S010674,C010674,monthly,59.0,HARBOR50,2026-08-09,,active
S000049,C000049,monthly,59.0,,2025-01-03,,active
S000462,C000462,monthly,59.0,,2025-02-21,2026-03-28,canceled
S001494,C001494,annual,588.0,,2025-04-11,,active
S010753,C010753,monthly,59.0,HARBOR50,2026-08-23,,active
S009992,C009992,monthly,59.0,HARBOR50,2026-07-03,,active
S010336,C010336,monthly,59.0,,2026-08-05,,active
S006558,C006558,monthly,59.0,,2026-03-08,,active
S002668,C002668,monthly,59.0,,2025-07-01,,active
S005149,C005149,monthly,59.0,,2025-12-05,,active
S007330,C007330,monthly,59.0,HARBOR50,2026-04-30,,active
S010703,C010703,monthly,59.0,HARBOR50,2026-08-15,,active
S007088,C007088,monthly,59.0,,2026-04-14,,active
S010147,C010147,monthly,59.0,,2026-08-21,,active
S004756,C004756,monthly,59.0,,2025-11-03,,active
S011677,C003337,annual,588.0,,2026-04-10,,active
S002689,C002689,monthly,59.0,,2025-07-07,,active
S000712,C000712,monthly,59.0,,2025-02-23,,active
S001447,C001447,monthly,59.0,,2025-04-14,2025-12-18,canceled
S003063,C003063,monthly,59.0,,2025-08-29,,active
S009846,C009846,monthly,59.0,HARBOR50,2026-07-24,,active
S004943,C004943,monthly,59.0,,2025-12-26,,active
S010969,C010969,monthly,59.0,HARBOR50,2026-08-17,,active
S003006,C003006,annual,588.0,,2025-08-08,,active
S009891,C009891,monthly,59.0,HARBOR50,2026-07-27,,active
S003456,C003456,monthly,59.0,,2025-09-04,,active
S003859,C003859,monthly,59.0,,2025-09-20,2025-10-23,canceled
S003985,C003985,annual,588.0,,2025-10-16,,active
S003133,C003133,monthly,59.0,,2025-08-18,,active
S010679,C010679,monthly,59.0,HARBOR50,2026-08-08,,active
S010006,C010006,monthly,59.0,HARBOR50,2026-07-25,,active
S004345,C004345,monthly,59.0,,2025-10-10,2026-02-04,canceled
S000617,C000617,monthly,59.0,,2025-02-06,2025-10-01,canceled
S008391,C008391,monthly,59.0,HARBOR50,2026-05-02,,active
S004728,C004728,monthly,59.0,,2025-11-01,,active
S010848,C010848,monthly,59.0,HARBOR50,2026-08-20,,active
S005562,C005562,monthly,59.0,,2026-01-06,,active
S001094,C001094,monthly,59.0,,2025-03-06,,active
S008025,C008025,monthly,59.0,HARBOR50,2026-05-31,,active
S010370,C010370,monthly,59.0,,2026-08-21,,active
S003601,C003601,annual,588.0,,2025-09-21,,active
S009815,C009815,monthly,59.0,HARBOR50,2026-07-22,,active
S006790,C006790,monthly,59.0,HARBOR50,2026-03-27,2026-08-22,canceled
S006963,C006963,monthly,59.0,,2026-04-16,2026-07-17,canceled
S009741,C009741,monthly,59.0,HARBOR50,2026-07-08,2026-09-07,canceled
S001663,C001663,monthly,59.0,,2025-04-16,2025-12-12,canceled
S010984,C010984,monthly,59.0,HARBOR50,2026-08-11,,active
S008464,C008464,monthly,59.0,,2026-06-03,,active
S004184,C004184,annual,588.0,,2025-10-05,,active
S008317,C008317,monthly,59.0,HARBOR50,2026-05-21,,active
S004420,C004420,monthly,59.0,,2025-11-26,,active
S000167,C000167,monthly,59.0,,2025-01-04,,active
S008753,C008753,monthly,59.0,,2026-06-16,,active
S007092,C007092,monthly,59.0,,2026-04-20,2026-07-23,canceled
S000026,C000026,monthly,59.0,,2025-01-27,,active
S009750,C009750,monthly,59.0,HARBOR50,2026-07-28,,active
S003821,C003821,annual,588.0,,2025-09-05,,active
S008727,C008727,monthly,59.0,HARBOR50,2026-06-22,,active
S000085,C000085,monthly,59.0,,2025-01-18,,active
S004453,C004453,monthly,59.0,,2025-11-03,,active
S003078,C003078,monthly,59.0,,2025-08-23,,active
S000820,C000820,monthly,59.0,,2025-02-10,2025-07-06,canceled
S003699,C003699,monthly,59.0,,2025-09-02,2025-12-05,canceled
S002632,C002632,monthly,59.0,,2025-07-30,,active
S001670,C001670,annual,588.0,,2025-04-04,,active
S000794,C000794,monthly,59.0,,2025-02-22,2025-03-24,canceled
S003387,C003387,annual,588.0,,2025-08-23,,active
S000407,C000407,monthly,59.0,,2025-02-05,2025-05-04,canceled
S002060,C002060,monthly,59.0,,2025-05-17,,active
S000370,C000370,monthly,59.0,,2025-01-11,2025-04-17,canceled
S010163,C010163,monthly,59.0,,2026-08-10,,active
S006036,C006036,monthly,59.0,,2026-02-06,,active
S006861,C006861,annual,588.0,,2026-04-14,,active
S001441,C001441,monthly,59.0,,2025-04-29,,active
S001865,C001865,monthly,59.0,,2025-05-23,2025-12-19,canceled
S009248,C009248,monthly,59.0,HARBOR50,2026-06-03,2026-08-05,canceled
S010822,C010822,monthly,59.0,HARBOR50,2026-08-18,,active
S009428,C009428,monthly,59.0,,2026-07-26,,active
S008966,C008966,monthly,59.0,,2026-06-01,,active
S005523,C005523,annual,588.0,,2026-01-05,,active
S006051,C006051,monthly,59.0,,2026-02-07,2026-07-14,canceled
S007717,C007717,monthly,59.0,,2026-05-10,,active
S007004,C007004,monthly,59.0,,2026-04-23,,active
S010806,C010806,monthly,59.0,HARBOR50,2026-08-27,,active
S011356,C011356,monthly,59.0,COMP100,2026-03-19,,active
S004217,C004217,monthly,59.0,,2025-10-06,,active
S004003,C004003,monthly,59.0,,2025-10-18,,active
S008798,C008798,monthly,59.0,,2026-06-04,,active
S002012,C002012,monthly,59.0,,2025-05-07,2025-06-03,canceled
S010124,C010124,monthly,59.0,,2026-08-03,,active
S009968,C009968,monthly,59.0,HARBOR50,2026-07-30,,active
S009268,C009268,monthly,59.0,HARBOR50,2026-06-28,,active
S008101,C008101,monthly,59.0,HARBOR50,2026-05-11,,active
S011159,C011159,monthly,59.0,,2026-09-13,,active
S000279,C000279,annual,588.0,,2025-01-26,,active
S007167,C007167,monthly,59.0,,2026-04-26,,active
S000636,C000636,annual,588.0,,2025-02-10,2026-02-10,canceled
S003735,C003735,monthly,59.0,,2025-09-24,,active
S005428,C005428,monthly,59.0,,2026-01-28,,active
S009911,C009911,monthly,59.0,HARBOR50,2026-07-18,,active
S009872,C009872,annual,588.0,,2026-07-30,,active
S008887,C008887,monthly,59.0,HARBOR50,2026-06-25,,active
S002461,C002461,monthly,59.0,,2025-06-13,,active
S003309,C003309,annual,588.0,,2025-08-09,,active
S008019,C008019,monthly,59.0,,2026-05-19,,active
S001231,C001231,monthly,59.0,,2025-03-05,,active
S010245,C010245,annual,588.0,,2026-08-13,,active
S004160,C004160,monthly,59.0,,2025-10-15,2026-02-12,canceled
S004493,C004493,monthly,59.0,,2025-11-02,,active
S008331,C008331,annual,588.0,,2026-05-22,,active
S011444,C011444,monthly,59.0,COMP100,2026-07-04,2026-07-09,canceled
S005313,C005313,monthly,59.0,,2026-01-03,2026-08-03,canceled
S000544,C000544,monthly,59.0,,2025-02-24,,active
S011333,C011333,monthly,59.0,HARBOR50,2026-09-12,,active
S005004,C005004,annual,588.0,,2025-12-26,,active
S005467,C005467,monthly,59.0,,2026-01-03,,active
S003986,C003986,annual,588.0,,2025-10-28,,active
S002917,C002917,monthly,59.0,,2025-07-11,2026-02-09,canceled
S008796,C008796,monthly,59.0,,2026-06-16,2026-09-14,canceled
S009810,C009810,monthly,59.0,,2026-07-04,,active
S003090,C003090,monthly,59.0,,2025-08-13,2025-09-09,canceled
S010117,C010117,monthly,59.0,,2026-08-13,,active
S005794,C005794,monthly,59.0,,2026-02-22,,active
S005016,C005016,annual,588.0,,2025-12-07,,active
S001277,C001277,monthly,59.0,,2025-04-19,,active
S011526,C002235,annual,588.0,,2026-07-12,,active
S007094,C007094,monthly,59.0,,2026-04-13,,active
S002032,C002032,annual,588.0,,2025-05-29,2026-05-29,canceled
S008744,C008744,monthly,59.0,,2026-06-10,,active
S010989,C010989,monthly,59.0,HARBOR50,2026-08-09,,active
S000033,C000033,monthly,59.0,,2025-01-06,2025-02-03,canceled
S008156,C008156,monthly,59.0,HARBOR50,2026-05-31,,active
S004228,C004228,annual,588.0,,2025-10-10,,active
S010609,C010609,monthly,59.0,HARBOR50,2026-08-03,,active
S004585,C004585,monthly,59.0,,2025-11-28,2026-08-02,canceled
S008393,C008393,monthly,59.0,HARBOR50,2026-05-04,,active
S002035,C002035,monthly,59.0,,2025-05-28,2025-12-01,canceled
S009885,C009885,monthly,59.0,HARBOR50,2026-07-06,,active
S001444,C001444,monthly,59.0,,2025-04-26,,active
S005325,C005325,monthly,59.0,,2026-01-09,,active
S000749,C000749,monthly,59.0,,2025-02-15,2025-05-16,canceled
S010522,C010522,annual,588.0,,2026-08-21,,active
S001467,C001467,annual,588.0,,2025-04-01,,active
S001938,C001938,monthly,59.0,,2025-05-04,2026-07-06,canceled
S008825,C008825,monthly,59.0,HARBOR50,2026-06-04,,active
S009491,C009491,monthly,59.0,,2026-07-28,,active
S006116,C006116,annual,588.0,,2026-02-15,,active
S001175,C001175,monthly,59.0,,2025-03-05,2025-04-29,canceled
S011012,C011012,monthly,59.0,,2026-09-12,,active
S000829,C000829,annual,588.0,,2025-03-04,,active
S004529,C004529,annual,588.0,,2025-11-18,,active
S010902,C010902,monthly,59.0,HARBOR50,2026-08-01,,active
S002974,C002974,monthly,59.0,,2025-08-22,,active
S009700,C009700,monthly,59.0,HARBOR50,2026-07-30,,active
S004354,C004354,annual,588.0,,2025-11-01,,active
S002991,C002991,monthly,59.0,,2025-08-08,2026-08-03,canceled
S008297,C008297,monthly,59.0,HARBOR50,2026-05-18,,active
S002116,C002116,monthly,59.0,,2025-06-02,,active
S004901,C004901,monthly,59.0,,2025-12-24,,active
S006087,C006087,monthly,59.0,,2026-02-25,2026-07-30,canceled
S005367,C005367,monthly,59.0,,2026-01-21,,active
S008754,C008754,monthly,59.0,,2026-06-20,,active
S005442,C005442,annual,588.0,,2026-01-05,,active
S007727,C007727,monthly,59.0,,2026-05-06,,active
S005221,C005221,monthly,59.0,,2025-12-29,,active
S004779,C004779,monthly,59.0,,2025-11-15,,canceled
S006175,C006175,monthly,59.0,,2026-02-26,2026-06-01,canceled
S008580,C008580,monthly,59.0,,2026-06-28,,active
S000863,C000863,monthly,59.0,,2025-03-21,,active
S004670,C004670,monthly,59.0,,2025-11-03,,active
S007618,C007618,monthly,59.0,HARBOR50,2026-04-16,,active
S010219,C010219,monthly,59.0,,2026-08-22,,active
S001855,C001855,monthly,59.0,,2025-05-20,,active
S004002,C004002,monthly,59.0,,2025-10-16,,active
S009639,C009639,monthly,59.0,,2026-07-16,,active
S008344,C008344,monthly,59.0,HARBOR50,2026-05-16,,active
S000607,C000607,monthly,59.0,,2025-02-02,,active
S003221,C003221,monthly,59.0,,2025-08-17,,active
S005849,C005849,monthly,59.0,,2026-02-18,,active
S011014,C011014,monthly,59.0,,2026-09-13,,active
S008221,C008221,monthly,59.0,,2026-05-21,,active
S005320,C005320,monthly,59.0,,2026-01-08,,active
S008873,C008873,monthly,59.0,HARBOR50,2026-06-14,,active
S002620,C002620,monthly,59.0,,2025-07-20,,active
S003977,C003977,monthly,59.0,,2025-10-16,,active
S006552,C006552,monthly,59.0,,2026-03-09,,active
S004695,C004695,monthly,59.0,,2025-11-06,,active
S002937,C002937,annual,588.0,,2025-07-12,,active
S006695,C006695,monthly,59.0,HARBOR50,2026-03-25,2026-07-23,canceled
S007947,C007947,monthly,59.0,HARBOR50,2026-05-29,2026-08-26,canceled
S005462,C005462,annual,588.0,,2026-01-26,,active
S010940,C010940,monthly,59.0,HARBOR50,2026-08-04,,active
S009504,C009504,monthly,59.0,,2026-07-09,,active
S008293,C008293,monthly,59.0,HARBOR50,2026-05-24,,active
S010300,C010300,monthly,59.0,,2026-08-08,,active
S009117,C009117,monthly,59.0,HARBOR50,2026-06-05,,active
S007874,C007874,monthly,59.0,,2026-05-02,2026-07-03,canceled
S000022,C000022,monthly,59.0,,2025-01-26,,active
S008306,C008306,monthly,59.0,HARBOR50,2026-05-09,,active
S001357,C001357,monthly,59.0,,2025-04-26,,active
S002808,C002808,monthly,59.0,,2025-07-17,2025-10-16,canceled
S009930,C009930,monthly,59.0,,2026-07-03,,active
S005728,C005728,annual,588.0,,2026-01-24,,active
S003364,C003364,annual,588.0,,2025-08-08,,active
S003959,C003959,monthly,59.0,,2025-10-10,,active
S010366,C010366,annual,588.0,,2026-08-08,,active
S004186,C004186,monthly,59.0,,2025-10-14,2025-10-24,canceled
S007540,C007540,monthly,59.0,HARBOR50,2026-04-10,2026-08-06,canceled
S001271,C001271,annual,588.0,,2025-04-19,,active
S011086,C011086,monthly,59.0,,2026-09-10,,active
S001367,C001367,monthly,59.0,,2025-04-14,,active
S009605,C009605,monthly,59.0,,2026-07-04,,active
S010086,C010086,monthly,59.0,HARBOR50,2026-07-13,,active
S005607,C005607,monthly,59.0,,2026-01-01,,active
S002256,C002256,monthly,59.0,,2025-06-24,2026-04-29,canceled
S009085,C009085,monthly,59.0,HARBOR50,2026-06-06,,active
S000319,C000319,monthly,59.0,,2025-01-23,2026-04-28,canceled
S007837,C007837,monthly,59.0,,2026-05-05,,active
S010739,C010739,monthly,59.0,HARBOR50,2026-08-13,,active
S010275,C010275,monthly,59.0,,2026-08-24,,active
S006899,C006899,monthly,59.0,,2026-04-03,,active
S001617,C001617,monthly,59.0,,2025-04-20,2025-11-13,canceled
S008513,C008513,monthly,59.0,,2026-06-20,,active
S000044,C000044,monthly,59.0,,2025-01-25,,active
S010355,C010355,monthly,59.0,,2026-08-04,,active
S004933,C004933,monthly,59.0,,2025-12-15,,active
S006479,C006479,monthly,59.0,,2026-03-30,,active
S001986,C001986,monthly,59.0,,2025-05-03,2026-06-28,canceled
S000578,C000578,monthly,59.0,,2025-02-19,,active
S000968,C000968,monthly,59.0,,2025-03-02,,active
S007300,C007300,monthly,59.0,HARBOR50,2026-04-16,,active
S004683,C004683,monthly,59.0,,2025-11-28,,active
S008202,C008202,monthly,59.0,HARBOR50,2026-05-27,,active
S004749,C004749,monthly,59.0,,2025-11-01,2025-11-25,canceled
S008813,C008813,monthly,59.0,HARBOR50,2026-06-15,2026-09-13,canceled
S006291,C006291,monthly,59.0,,2026-03-02,,active
S001788,C001788,monthly,59.0,,2025-05-30,2026-05-26,canceled
S008794,C008794,monthly,59.0,,2026-06-24,,active
S007525,C007525,monthly,59.0,HARBOR50,2026-04-27,,active
S000890,C000890,annual,588.0,,2025-03-04,,active
S002648,C002648,monthly,59.0,,2025-07-13,2025-11-14,canceled
S007207,C007207,monthly,59.0,,2026-04-10,,active
S002680,C002680,monthly,59.0,,2025-07-22,2025-12-22,canceled
S010468,C010468,monthly,59.0,,2026-08-03,,active
S002630,C002630,monthly,59.0,,2025-07-23,,active
S007992,C007992,monthly,59.0,HARBOR50,2026-05-25,,active
S002708,C002708,annual,588.0,,2025-07-06,,active
S006458,C006458,monthly,59.0,HARBOR50,2026-03-25,,active
S001650,C001650,monthly,59.0,,2025-04-02,2026-01-01,canceled
S005711,C005711,annual,588.0,,2026-01-06,,active
S002443,C002443,monthly,59.0,,2025-06-29,,active
S003422,C003422,annual,588.0,,2025-09-05,,active
S003255,C003255,monthly,59.0,,2025-08-16,,active
S000939,C000939,annual,588.0,,2025-03-19,,active
S006059,C006059,monthly,59.0,,2026-02-07,,active
S005090,C005090,monthly,59.0,,2025-12-21,,active
S007678,C007678,monthly,59.0,,2026-05-11,,active
S004816,C004816,monthly,59.0,,2025-12-16,,active
S011300,C011300,monthly,59.0,,2026-09-10,,active
S007556,C007556,monthly,59.0,HARBOR50,2026-04-04,2026-08-02,canceled
S000573,C000573,annual,588.0,,2025-02-21,2026-02-25,canceled
S009020,C009020,monthly,59.0,HARBOR50,2026-06-11,,active
S005440,C005440,monthly,59.0,,2026-01-16,,active
S009789,C009789,monthly,59.0,HARBOR50,2026-07-11,,active
S007867,C007867,monthly,59.0,,2026-05-09,,active
S000445,C000445,annual,588.0,,2025-02-28,,active
S007468,C007468,annual,588.0,,2026-04-11,,active
S010824,C010824,annual,588.0,,2026-08-17,,active
S006674,C006674,monthly,59.0,HARBOR50,2026-03-14,2026-07-13,canceled
S006733,C006733,monthly,59.0,HARBOR50,2026-03-04,,active
S003911,C003911,annual,588.0,,2025-10-09,,active
S003085,C003085,monthly,59.0,,2025-08-25,,active
S008970,C008970,monthly,59.0,HARBOR50,2026-06-04,,active
S002475,C002475,annual,588.0,,2025-06-05,,active
S002633,C002633,monthly,59.0,,2025-07-02,2025-08-27,canceled
S009559,C009559,monthly,59.0,,2026-07-13,,active
S010610,C010610,monthly,59.0,HARBOR50,2026-08-19,,active
S006446,C006446,monthly,59.0,,2026-03-09,,active
S010960,C010960,monthly,59.0,HARBOR50,2026-08-19,,active
S004781,C004781,monthly,59.0,,2025-11-26,2026-01-23,canceled
S000790,C000790,monthly,59.0,,2025-02-23,2025-09-29,canceled
S007031,C007031,monthly,59.0,,2026-04-25,2026-07-23,canceled
S006136,C006136,monthly,59.0,,2026-02-15,,active
S008078,C008078,monthly,59.0,HARBOR50,2026-05-17,,active
S008095,C008095,monthly,59.0,HARBOR50,2026-05-06,,active
S011420,C011420,monthly,59.0,COMP100,2025-08-19,2025-08-20,canceled
S011632,C007107,annual,588.0,,2026-08-05,,active
S007040,C007040,monthly,59.0,,2026-04-24,2026-05-03,canceled
S007973,C007973,monthly,59.0,,2026-05-28,,active
S002192,C002192,annual,588.0,,2025-06-09,2026-06-15,canceled
S002769,C002769,monthly,59.0,,2025-07-15,2026-07-20,canceled
S002262,C002262,monthly,59.0,,2025-06-12,,active
S006133,C006133,monthly,59.0,,2026-02-20,,active
S010517,C010517,monthly,59.0,,2026-08-12,,active
S000150,C000150,monthly,59.0,,2025-01-31,2026-02-04,canceled
S004417,C004417,monthly,59.0,,2025-11-23,,active
S008449,C008449,annual,588.0,,2026-06-25,,active
S002469,C002469,monthly,59.0,,2025-06-04,2025-07-04,canceled
S011165,C011165,monthly,59.0,,2026-09-14,,active
S006791,C006791,monthly,59.0,,2026-03-16,,active
S011016,C011016,monthly,59.0,,2026-09-14,,active
S004454,C004454,annual,588.0,,2025-11-17,,active
S002674,C002674,monthly,59.0,,2025-07-26,,active
S008885,C008885,monthly,59.0,HARBOR50,2026-06-02,,active
S000342,C000342,monthly,59.0,,2025-01-25,2026-03-21,canceled
S009921,C009921,monthly,59.0,HARBOR50,2026-07-04,2026-07-18,canceled
S001374,C001374,monthly,59.0,,2025-04-09,2026-02-11,canceled
S003431,C003431,annual,588.0,,2025-09-14,,active
S006658,C006658,monthly,59.0,HARBOR50,2026-03-16,,active
S003630,C003630,monthly,59.0,,2025-09-01,,active
S002458,C002458,monthly,59.0,,2025-06-14,2025-06-03,canceled
S001097,C001097,monthly,59.0,,2025-03-14,2026-07-15,canceled
S003144,C003144,monthly,59.0,,2025-08-17,2026-02-20,canceled
S011452,C011452,monthly,59.0,COMP100,2025-05-05,2025-05-07,canceled
S004477,C004477,annual,588.0,,2025-11-08,,active
S002318,C002318,monthly,59.0,,2025-06-16,,active
S007671,C007671,annual,588.0,,2026-05-05,,active
S001579,C001579,monthly,59.0,,2025-04-28,,active
S010306,C010306,monthly,59.0,,2026-08-27,,active
S007638,C007638,monthly,59.0,HARBOR50,2026-04-05,2026-07-31,canceled
S000771,C000771,monthly,59.0,,2025-02-08,2025-07-04,canceled
S006560,C006560,monthly,59.0,,2026-03-27,,active
S009658,C009658,monthly,59.0,HARBOR50,2026-07-14,,active
S008739,C008739,monthly,59.0,,2026-06-11,2026-06-25,canceled
S007806,C007806,monthly,59.0,,2026-05-26,,active
S008528,C008528,monthly,59.0,,2026-06-18,,active
S004653,C004653,annual,588.0,,2025-11-08,,active
S011037,C011037,annual,588.0,,2026-09-06,,active
S010916,C010916,monthly,59.0,HARBOR50,2026-08-22,,active
S008294,C008294,annual,588.0,,2026-05-11,,active
S005714,C005714,annual,588.0,,2026-01-12,,active
S011233,C011233,monthly,59.0,HARBOR50,2026-09-11,,active
S000177,C000177,annual,588.0,,2025-01-17,,active
S010744,C010744,monthly,59.0,,2026-08-16,,active
S004382,C004382,monthly,59.0,,2025-11-21,2025-11-25,canceled
S010709,C010709,monthly,59.0,HARBOR50,2026-08-13,,active
S007634,C007634,monthly,59.0,HARBOR50,2026-04-29,,active
S006887,C006887,monthly,59.0,,2026-04-10,,active
S006614,C006614,monthly,59.0,HARBOR50,2026-03-07,2026-04-05,canceled
S011033,C011033,annual,588.0,,2026-09-06,,active
S009484,C009484,annual,588.0,,2026-07-21,,active
S001851,C001851,monthly,59.0,,2025-05-03,2026-04-29,canceled
S002208,C002208,monthly,59.0,,2025-06-06,2026-05-03,canceled
S011622,C001338,annual,588.0,,2026-04-27,,active
S002552,C002552,annual,588.0,,2025-07-14,,active
S007942,C007942,monthly,59.0,HARBOR50,2026-05-17,,active
S008565,C008565,monthly,59.0,,2026-06-28,,active
S003614,C003614,monthly,59.0,,2025-09-11,,active
S000491,C000491,annual,588.0,,2025-02-16,2026-02-18,canceled
S010773,C010773,monthly,59.0,HARBOR50,2026-08-28,,active
S004278,C004278,annual,588.0,,2025-10-11,,active
S000338,C000338,monthly,59.0,,2025-01-24,,active
S005483,C005483,monthly,59.0,,2026-01-17,,active
S010414,C010414,monthly,59.0,,2026-08-13,,active
S003915,C003915,annual,588.0,,2025-10-23,,active
S006771,C006771,monthly,59.0,HARBOR50,2026-03-21,,active
S001337,C001337,monthly,59.0,,2025-04-21,2026-08-25,canceled
S002381,C002381,monthly,59.0,,2025-06-30,2025-06-12,canceled
S005540,C005540,monthly,59.0,,2026-01-06,,active
S006496,C006496,annual,588.0,,2026-03-08,,active
S000294,C000294,monthly,59.0,,2025-01-28,2025-06-03,canceled
S000100,C000100,annual,588.0,,2025-01-19,2026-01-24,canceled
S010659,C010659,monthly,59.0,HARBOR50,2026-08-12,,active
S006722,C006722,monthly,59.0,HARBOR50,2026-03-17,2026-07-21,canceled
S008714,C008714,monthly,59.0,,2026-06-15,,active
S004065,C004065,monthly,59.0,,2025-10-14,,active
S003432,C003432,monthly,59.0,,2025-09-14,,active
S005542,C005542,monthly,59.0,,2026-01-30,,active
S003334,C003334,monthly,59.0,,2025-08-05,,active
S010106,C010106,monthly,59.0,,2026-08-28,,active
S007153,C007153,annual,588.0,,2026-04-18,2026-05-08,canceled
S005205,C005205,annual,588.0,,2025-12-30,,active
S008190,C008190,monthly,59.0,HARBOR50,2026-05-12,,active
S001952,C001952,monthly,59.0,,2025-05-07,,active
S011614,C006400,annual,588.0,,2026-09-06,,active
S008778,C008778,monthly,59.0,HARBOR50,2026-06-29,,active
S010585,C010585,monthly,59.0,HARBOR50,2026-08-28,2026-09-14,canceled
S005667,C005667,monthly,59.0,,2026-01-05,2026-02-02,canceled
S005958,C005958,annual,588.0,,2026-02-14,,active
S011286,C011286,monthly,59.0,HARBOR50,2026-09-05,,active
S002985,C002985,monthly,59.0,,2025-08-01,,active
S001848,C001848,monthly,59.0,,2025-05-16,,active
S007763,C007763,monthly,59.0,,2026-05-16,,active
S001904,C001904,monthly,59.0,,2025-05-19,2026-08-13,canceled
S003436,C003436,monthly,59.0,,2025-09-09,,active
S000298,C000298,monthly,59.0,,2025-01-24,,active
S008802,C008802,monthly,59.0,HARBOR50,2026-06-21,,active
S002028,C002028,monthly,59.0,,2025-05-03,,active
S003663,C003663,monthly,59.0,,2025-09-12,,active
S000756,C000756,annual,588.0,,2025-02-12,,active
S003944,C003944,monthly,59.0,,2025-10-20,,active
S008922,C008922,monthly,59.0,,2026-06-01,,active
S011403,C011403,monthly,59.0,COMP100,2025-06-20,,active
S000957,C000957,monthly,59.0,,2025-03-02,,active
S000458,C000458,annual,588.0,,2025-02-19,,active
S009070,C009070,monthly,59.0,HARBOR50,2026-06-01,,active
S005151,C005151,monthly,59.0,,2025-12-02,,active
S003855,C003855,annual,588.0,,2025-09-09,,active
S009442,C009442,monthly,59.0,,2026-07-01,,active
S009923,C009923,monthly,59.0,HARBOR50,2026-07-03,2026-07-30,canceled
S006962,C006962,monthly,59.0,,2026-04-07,,active
S006285,C006285,monthly,59.0,,2026-03-04,2026-04-05,canceled
S002775,C002775,annual,588.0,,2025-07-08,,active
S010223,C010223,monthly,59.0,,2026-08-10,,active
S006267,C006267,monthly,59.0,,2026-03-03,,active
S005084,C005084,monthly,59.0,,2025-12-09,,active
S010583,C010583,monthly,59.0,HARBOR50,2026-08-26,,active
S010341,C010341,monthly,59.0,,2026-08-04,,active
S007028,C007028,monthly,59.0,,2026-04-22,,active
S010256,C010256,monthly,59.0,,2026-08-26,,active
S007877,C007877,annual,588.0,,2026-05-07,,active
S003683,C003683,monthly,59.0,,2025-09-14,2025-09-22,canceled
S010013,C010013,monthly,59.0,HARBOR50,2026-07-06,,active
S002156,C002156,monthly,59.0,,2025-06-17,2025-08-17,canceled
S002841,C002841,monthly,59.0,,2025-07-21,,active
S005154,C005154,monthly,59.0,,2025-12-27,,active
S000186,C000186,monthly,59.0,,2025-01-21,2025-10-20,canceled
S011010,C011010,monthly,59.0,,2026-09-04,,active
S011115,C011115,monthly,59.0,,2026-09-02,,active
S006298,C006298,annual,588.0,,2026-03-20,,active
S010331,C010331,annual,588.0,,2026-08-20,,active
S009977,C009977,monthly,59.0,HARBOR50,2026-07-17,,active
S000417,C000417,annual,588.0,,2025-02-15,,active
S009826,C009826,monthly,59.0,HARBOR50,2026-07-04,,active
S011348,C011348,monthly,59.0,COMP100,2025-08-16,,active
S009193,C009193,monthly,59.0,HARBOR50,2026-06-13,,active
S007751,C007751,monthly,59.0,,2026-05-16,,active
S001770,C001770,monthly,59.0,,2025-05-01,2026-02-25,canceled
S011107,C011107,annual,588.0,,2026-09-05,,active
S008834,C008834,monthly,59.0,HARBOR50,2026-06-11,,active
S004813,C004813,annual,588.0,,2025-12-27,,active
S005110,C005110,monthly,59.0,,2025-12-09,,active
S002263,C002263,monthly,59.0,,2025-06-09,,active
S001722,C001722,monthly,59.0,,2025-05-07,2025-08-04,canceled
S006807,C006807,monthly,59.0,HARBOR50,2026-03-17,,active
S008982,C008982,monthly,59.0,,2026-06-21,,active
S001561,C001561,monthly,59.0,,2025-04-18,2025-11-19,canceled
S000125,C000125,monthly,59.0,,2025-01-23,,active
S007701,C007701,monthly,59.0,,2026-05-28,,active
S004970,C004970,monthly,59.0,,2025-12-10,,active
S008775,C008775,annual,588.0,,2026-06-19,,active
S006148,C006148,annual,588.0,,2026-02-09,,active
S004004,C004004,monthly,59.0,,2025-10-31,2026-01-31,canceled
S009594,C009594,monthly,59.0,,2026-07-16,,active
S002792,C002792,monthly,59.0,,2025-07-21,2026-04-19,canceled
S004671,C004671,monthly,59.0,,2025-11-10,,canceled
S005353,C005353,annual,588.0,,2026-01-22,,active
S009413,C009413,annual,588.0,,2026-07-04,,active
S000116,C000116,monthly,59.0,,2025-01-15,2025-06-16,canceled
S005993,C005993,monthly,59.0,,2026-02-14,,active
S005572,C005572,monthly,59.0,,2026-01-18,2026-05-18,canceled
S004658,C004658,monthly,59.0,,2025-11-19,,active
S004155,C004155,monthly,59.0,,2025-10-03,2026-07-28,canceled
S007960,C007960,monthly,59.0,,2026-05-23,2026-06-22,canceled
S001198,C001198,monthly,59.0,,2025-03-26,2026-07-24,canceled
S007192,C007192,annual,588.0,,2026-04-25,,active
S001471,C001471,monthly,59.0,,2025-04-06,,active
S003637,C003637,annual,588.0,,2025-09-01,2026-09-06,canceled
S000400,C000400,monthly,59.0,,2025-02-08,,active
S004752,C004752,monthly,59.0,,2025-11-05,,active
S002375,C002375,monthly,59.0,,2025-06-29,2026-08-26,canceled
S003536,C003536,monthly,59.0,,2025-09-09,2026-08-07,canceled
S000650,C000650,annual,588.0,,2025-02-20,2026-02-25,canceled
S007863,C007863,monthly,59.0,,2026-05-17,2026-06-09,canceled
S010030,C010030,monthly,59.0,HARBOR50,2026-07-09,,active
S010958,C010958,monthly,59.0,HARBOR50,2026-08-21,,active
S005346,C005346,monthly,59.0,,2026-01-28,,active
S010872,C010872,monthly,59.0,HARBOR50,2026-08-18,,active
S003621,C003621,monthly,59.0,,2025-09-08,2026-06-11,canceled
S005223,C005223,monthly,59.0,,2025-12-17,,active
S009908,C009908,annual,588.0,,2026-07-14,,active
S011654,C000069,annual,588.0,,2026-07-15,,active
S011457,C011457,monthly,59.0,COMP100,2026-04-02,2026-04-07,canceled
S009729,C009729,monthly,59.0,HARBOR50,2026-07-26,,active
S006726,C006726,monthly,59.0,HARBOR50,2026-03-09,2026-07-08,canceled
S002627,C002627,monthly,59.0,,2025-07-21,,active
S004313,C004313,monthly,59.0,,2025-10-28,,active
S011486,C002650,annual,588.0,,2025-12-04,,active
S010615,C010615,monthly,59.0,HARBOR50,2026-08-15,,active
S000411,C000411,monthly,59.0,,2025-02-21,2026-07-19,canceled
S001385,C001385,monthly,59.0,,2025-04-21,,active
S001188,C001188,monthly,59.0,,2025-03-24,2025-07-21,canceled
S006998,C006998,monthly,59.0,,2026-04-05,,active
S007664,C007664,monthly,59.0,,2026-05-04,,active
S006384,C006384,monthly,59.0,,2026-03-22,,active
S001164,C001164,monthly,59.0,,2025-03-18,2025-07-22,canceled
S003126,C003126,monthly,59.0,,2025-08-28,,active
S010240,C010240,monthly,59.0,,2026-08-31,,active
S011284,C011284,monthly,59.0,HARBOR50,2026-09-09,,active
S002699,C002699,monthly,59.0,,2025-07-04,2025-10-02,canceled
S007587,C007587,monthly,59.0,HARBOR50,2026-04-18,2026-06-18,canceled
S000921,C000921,monthly,59.0,,2025-03-28,,active
S005596,C005596,monthly,59.0,,2026-01-26,,active
S009228,C009228,monthly,59.0,HARBOR50,2026-06-27,,active
S001789,C001789,monthly,59.0,,2025-05-31,,active
S009490,C009490,monthly,59.0,,2026-07-12,,active
S007752,C007752,monthly,59.0,,2026-05-28,,active
S010058,C010058,monthly,59.0,HARBOR50,2026-07-27,,active
S000363,C000363,monthly,59.0,,2025-01-28,2026-01-25,canceled
S007990,C007990,monthly,59.0,,2026-05-13,,active
S002924,C002924,monthly,59.0,,2025-07-23,2026-04-28,canceled
S003106,C003106,monthly,59.0,,2025-08-03,,active
S004823,C004823,monthly,59.0,,2025-12-02,,active
S004624,C004624,monthly,59.0,,2025-11-29,2026-03-25,canceled
S006810,C006810,monthly,59.0,HARBOR50,2026-03-30,,active
S009318,C009318,annual,588.0,,2026-07-13,,active
S004222,C004222,monthly,59.0,,2025-10-03,,active
S011405,C011405,monthly,59.0,COMP100,2025-11-23,2025-11-24,canceled
S011167,C011167,monthly,59.0,,2026-09-05,,active
S011325,C011325,monthly,59.0,HARBOR50,2026-09-05,,active
S010775,C010775,monthly,59.0,HARBOR50,2026-08-16,,active
S006003,C006003,monthly,59.0,,2026-02-24,,active
S006841,C006841,annual,588.0,,2026-03-12,,active
S010107,C010107,monthly,59.0,,2026-08-19,,active
S010743,C010743,monthly,59.0,HARBOR50,2026-08-06,,active
S001370,C001370,monthly,59.0,,2025-04-07,,active
S008542,C008542,monthly,59.0,,2026-06-13,2026-09-12,canceled
S005424,C005424,monthly,59.0,,2026-01-17,,active
S011367,C011367,monthly,59.0,COMP100,2026-03-06,,canceled
S004744,C004744,monthly,59.0,,2025-11-14,2026-08-20,canceled
S008399,C008399,monthly,59.0,HARBOR50,2026-05-22,,active
S005776,C005776,annual,588.0,,2026-02-09,,active
S006697,C006697,annual,588.0,,2026-03-22,,active
S007431,C007431,monthly,59.0,HARBOR50,2026-04-06,,active
S006952,C006952,monthly,59.0,,2026-04-21,,active
S007185,C007185,monthly,59.0,,2026-04-14,,active
S010792,C010792,monthly,59.0,,2026-08-20,,active
S008915,C008915,monthly,59.0,HARBOR50,2026-06-18,,active
S000275,C000275,monthly,59.0,,2025-01-19,,active
S008298,C008298,annual,588.0,,2026-05-25,,active
S011228,C011228,monthly,59.0,HARBOR50,2026-09-03,,active
S011598,C001580,annual,588.0,,2026-03-20,,active
S001760,C001760,annual,588.0,,2025-05-18,2026-05-20,canceled
S000751,C000751,monthly,59.0,,2025-02-09,2026-05-17,canceled
S011076,C011076,annual,588.0,,2026-09-03,,active
S009988,C009988,monthly,59.0,HARBOR50,2026-07-19,,active
S011261,C011261,monthly,59.0,HARBOR50,2026-09-06,,active
S002322,C002322,monthly,59.0,,2025-06-18,,active
S002734,C002734,monthly,59.0,,2025-07-12,2026-05-16,canceled
S010576,C010576,monthly,59.0,HARBOR50,2026-08-21,,active
S002261,C002261,monthly,59.0,,2025-06-10,,active
S009866,C009866,monthly,59.0,HARBOR50,2026-07-23,,active
S001412,C001412,monthly,59.0,,2025-04-28,,active
S002218,C002218,monthly,59.0,,2025-06-19,,active
S008616,C008616,annual,588.0,,2026-06-09,,active
S008556,C008556,annual,588.0,,2026-06-14,,active
S005825,C005825,monthly,59.0,,2026-02-20,,active
S004259,C004259,monthly,59.0,,2025-10-20,2025-12-25,canceled
S005922,C005922,monthly,59.0,,2026-02-11,,active
S008484,C008484,monthly,59.0,,2026-06-01,,active
S006402,C006402,monthly,59.0,,2026-03-24,,active
S008228,C008228,monthly,59.0,HARBOR50,2026-05-27,,active
S010651,C010651,monthly,59.0,HARBOR50,2026-08-15,,active
S001276,C001276,monthly,59.0,,2025-04-13,,active
S006597,C006597,monthly,59.0,HARBOR50,2026-03-01,,active
S007055,C007055,monthly,59.0,,2026-04-09,,active
S004087,C004087,monthly,59.0,,2025-10-05,2026-08-01,canceled
S003341,C003341,annual,588.0,,2025-08-22,,active
S011407,C011407,monthly,59.0,COMP100,2026-02-23,2026-02-25,canceled
S001520,C001520,monthly,59.0,,2025-04-18,2026-01-22,canceled
S000289,C000289,monthly,59.0,,2025-01-12,,active
S006567,C006567,monthly,59.0,,2026-03-27,,active
S007597,C007597,monthly,59.0,HARBOR50,2026-04-10,,active
S003543,C003543,monthly,59.0,,2025-09-29,,active
S006442,C006442,monthly,59.0,,2026-03-30,,active
S002390,C002390,monthly,59.0,,2025-06-12,,active
S000426,C000426,annual,588.0,,2025-02-07,,active
S007157,C007157,monthly,59.0,,2026-04-17,,active
S001128,C001128,monthly,59.0,,2025-03-09,2025-12-04,canceled
S006760,C006760,monthly,59.0,HARBOR50,2026-03-24,2026-07-23,canceled
S004429,C004429,monthly,59.0,,2025-11-10,2026-02-11,canceled
S001463,C001463,monthly,59.0,,2025-04-10,,active
S000212,C000212,monthly,59.0,,2025-01-11,,active
S003676,C003676,monthly,59.0,,2025-09-18,,active
S003642,C003642,monthly,59.0,,2025-09-28,,active
S001029,C001029,annual,588.0,,2025-03-28,,active
S009969,C009969,monthly,59.0,HARBOR50,2026-07-27,,active
S002202,C002202,monthly,59.0,,2025-06-15,2025-07-06,canceled
S008200,C008200,annual,588.0,,2026-05-30,,active
S003347,C003347,monthly,59.0,,2025-08-29,,active
S010217,C010217,monthly,59.0,,2026-08-31,,active
S005310,C005310,monthly,59.0,,2026-01-16,,active
S010556,C010556,monthly,59.0,HARBOR50,2026-08-28,,active
S001071,C001071,monthly,59.0,,2025-03-31,,active
S004542,C004542,monthly,59.0,,2025-11-06,,active
S011071,C011071,monthly,59.0,,2026-09-13,,active
S007419,C007419,monthly,59.0,HARBOR50,2026-04-30,,active
S002883,C002883,annual,588.0,,2025-07-09,,active
S003948,C003948,annual,588.0,,2025-10-23,,active
S009461,C009461,annual,588.0,,2026-07-27,,active
S004344,C004344,monthly,59.0,,2025-10-02,2026-06-03,canceled
S011524,C006306,annual,588.0,,2026-09-01,,active
S008276,C008276,monthly,59.0,HARBOR50,2026-05-21,,active
S000550,C000550,annual,588.0,,2025-02-16,2026-02-19,canceled
S005871,C005871,annual,588.0,,2026-02-08,,active
S009448,C009448,monthly,59.0,,2026-07-15,,active
S004270,C004270,annual,588.0,,2025-10-04,,active
S005449,C005449,monthly,59.0,,2026-01-15,2026-02-10,canceled
S011328,C011328,monthly,59.0,HARBOR50,2026-09-10,,active
S006649,C006649,monthly,59.0,HARBOR50,2026-03-16,,active
S011105,C011105,monthly,59.0,,2026-09-06,,active
S001836,C001836,monthly,59.0,,2025-05-18,2026-07-13,canceled
S009656,C009656,monthly,59.0,,2026-07-05,,active
S002840,C002840,annual,588.0,,2025-07-25,,active
S005567,C005567,monthly,59.0,,2026-01-06,,active
S001450,C001450,monthly,59.0,,2025-04-08,2025-05-05,canceled
S001347,C001347,monthly,59.0,,2025-04-22,2025-05-18,canceled
S009349,C009349,monthly,59.0,,2026-07-28,,active
S006498,C006498,annual,588.0,,2026-03-25,,active
S003217,C003217,annual,588.0,,2025-08-17,,active
S002741,C002741,monthly,59.0,,2025-07-07,,active
S010157,C010157,monthly,59.0,,2026-08-17,,active
S008256,C008256,monthly,59.0,HARBOR50,2026-05-12,2026-09-08,canceled
S005180,C005180,monthly,59.0,,2025-12-03,,active
S008355,C008355,monthly,59.0,,2026-05-26,,active
S001964,C001964,annual,588.0,,2025-05-20,,active
S010126,C010126,monthly,59.0,,2026-08-22,,active
S002811,C002811,monthly,59.0,,2025-07-06,,active
S003906,C003906,monthly,59.0,,2025-10-06,2026-09-09,canceled
S002200,C002200,monthly,59.0,,2025-06-16,,active
S011671,C003287,annual,588.0,,2026-01-19,,active
S000227,C000227,monthly,59.0,,2025-01-30,,active
S008082,C008082,monthly,59.0,HARBOR50,2026-05-03,,active
S004330,C004330,monthly,59.0,,2025-10-20,2025-11-17,canceled
S006510,C006510,monthly,59.0,,2026-03-22,,active
S011217,C011217,monthly,59.0,HARBOR50,2026-09-02,,active
S007901,C007901,annual,588.0,,2026-05-15,,active
S005848,C005848,monthly,59.0,,2026-02-12,,active
S003418,C003418,annual,588.0,,2025-09-17,,active
S004763,C004763,monthly,59.0,,2025-11-06,2026-09-02,canceled
S004891,C004891,annual,588.0,,2025-12-16,,active
S010122,C010122,monthly,59.0,,2026-08-01,,active
S010996,C010996,monthly,59.0,,2026-08-29,,active
S010438,C010438,monthly,59.0,,2026-08-01,,active
S009351,C009351,monthly,59.0,,2026-07-31,,active
S011471,C005943,annual,588.0,,2026-08-08,,active
S010216,C010216,monthly,59.0,,2026-08-02,,active
S001495,C001495,monthly,59.0,,2025-04-10,2025-05-07,canceled
S004173,C004173,monthly,59.0,,2025-10-04,,active
S007418,C007418,monthly,59.0,HARBOR50,2026-04-27,2026-08-26,canceled
S010065,C010065,monthly,59.0,HARBOR50,2026-07-01,,active
S010618,C010618,monthly,59.0,,2026-08-11,2026-09-11,canceled
S004079,C004079,monthly,59.0,,2025-10-20,2026-02-23,canceled
S010742,C010742,monthly,59.0,,2026-08-07,,active
S007647,C007647,monthly,59.0,HARBOR50,2026-04-21,2026-08-23,canceled
S002177,C002177,monthly,59.0,,2025-06-22,2025-08-18,canceled
S009678,C009678,monthly,59.0,HARBOR50,2026-07-25,,active
S011377,C011377,monthly,59.0,COMP100,2025-11-27,2025-11-28,canceled
S003128,C003128,annual,588.0,,2025-08-08,,active
S007369,C007369,monthly,59.0,HARBOR50,2026-04-26,,active
S006920,C006920,monthly,59.0,,2026-04-13,,active
S007375,C007375,monthly,59.0,HARBOR50,2026-04-14,2026-08-17,canceled
S008214,C008214,monthly,59.0,HARBOR50,2026-05-22,,active
S006694,C006694,monthly,59.0,HARBOR50,2026-03-15,2026-08-16,canceled
S010516,C010516,monthly,59.0,,2026-08-27,,active
S003869,C003869,annual,588.0,,2025-10-06,,active
S002025,C002025,monthly,59.0,,2025-05-26,,active
S003622,C003622,monthly,59.0,,2025-09-23,,active
S002695,C002695,monthly,59.0,,2025-07-09,,active
S006849,C006849,monthly,59.0,HARBOR50,2026-03-02,2026-08-04,canceled
S010424,C010424,annual,588.0,,2026-08-24,,active
S006731,C006731,monthly,59.0,HARBOR50,2026-03-23,2026-07-18,canceled
S006910,C006910,annual,588.0,,2026-04-27,,active
S009258,C009258,monthly,59.0,HARBOR50,2026-06-11,,active
S002578,C002578,annual,588.0,,2025-07-12,,active
S000776,C000776,monthly,59.0,,2025-02-22,2025-11-28,canceled
S011670,C005639,annual,588.0,,2026-06-27,,active
S001353,C001353,monthly,59.0,,2025-04-20,,active
S004678,C004678,annual,588.0,,2025-11-08,,active
S010638,C010638,monthly,59.0,HARBOR50,2026-08-03,,active
S001249,C001249,monthly,59.0,,2025-03-16,,active
S001236,C001236,annual,588.0,,2025-03-24,2026-03-28,canceled
S003310,C003310,monthly,59.0,,2025-08-06,,active
S006980,C006980,monthly,59.0,,2026-04-17,,active
S005934,C005934,monthly,59.0,,2026-02-19,,active
S003635,C003635,monthly,59.0,,2025-09-11,,active
S003317,C003317,monthly,59.0,,2025-08-13,,active
S003179,C003179,monthly,59.0,,2025-08-07,,active
S010606,C010606,monthly,59.0,HARBOR50,2026-08-07,,active
S006666,C006666,monthly,59.0,HARBOR50,2026-03-21,2026-05-26,canceled
S003814,C003814,monthly,59.0,,2025-09-03,,canceled
S000360,C000360,annual,588.0,,2025-01-18,2026-01-21,canceled
S005590,C005590,annual,588.0,,2026-01-31,,active
S005195,C005195,monthly,59.0,,2025-12-31,,active
S004858,C004858,annual,588.0,,2025-12-28,,active
S007334,C007334,monthly,59.0,HARBOR50,2026-04-16,,active
S008896,C008896,monthly,59.0,HARBOR50,2026-06-23,,active
S004524,C004524,monthly,59.0,,2025-11-23,,active
S000789,C000789,monthly,59.0,,2025-02-20,2025-11-18,canceled
S000381,C000381,monthly,59.0,,2025-01-04,2025-09-06,canceled
S000822,C000822,monthly,59.0,,2025-02-28,,active
S010441,C010441,monthly,59.0,,2026-08-28,,active
S006095,C006095,annual,588.0,,2026-02-15,,active
S010761,C010761,monthly,59.0,HARBOR50,2026-08-24,,active
S009832,C009832,monthly,59.0,HARBOR50,2026-07-19,,active
S004852,C004852,annual,588.0,,2025-12-13,,active
S009472,C009472,monthly,59.0,,2026-07-16,,active
S004106,C004106,annual,588.0,,2025-10-18,,active
S002945,C002945,annual,588.0,,2025-07-05,,active
S009458,C009458,annual,588.0,,2026-07-02,,active
S002049,C002049,monthly,59.0,,2025-05-02,,canceled
S006682,C006682,monthly,59.0,HARBOR50,2026-03-10,,active
S001214,C001214,monthly,59.0,,2025-03-16,2025-06-17,canceled
S008544,C008544,annual,588.0,,2026-06-04,,active
S000850,C000850,monthly,59.0,,2025-03-21,,active
S001541,C001541,monthly,59.0,,2025-04-17,2025-05-12,canceled
S010719,C010719,monthly,59.0,HARBOR50,2026-08-31,,active
S004584,C004584,monthly,59.0,,2025-11-04,,active
S008223,C008223,monthly,59.0,HARBOR50,2026-05-19,,active
S006370,C006370,monthly,59.0,,2026-03-08,2026-06-10,canceled
S004000,C004000,monthly,59.0,,2025-10-08,2026-01-02,canceled
S004757,C004757,monthly,59.0,,2025-11-10,,active
S010289,C010289,monthly,59.0,,2026-08-12,,active
S010559,C010559,monthly,59.0,HARBOR50,2026-08-14,,active
S006696,C006696,monthly,59.0,HARBOR50,2026-03-07,2026-08-07,canceled
S006066,C006066,monthly,59.0,,2026-02-24,,active
S004266,C004266,annual,588.0,,2025-10-08,,active
S008427,C008427,annual,588.0,,2026-06-11,,active
S006273,C006273,monthly,59.0,,2026-03-22,,active
S001455,C001455,monthly,59.0,,2025-04-28,,active
S003395,C003395,monthly,59.0,,2025-08-26,,active
S006138,C006138,monthly,59.0,,2026-02-21,,active
S001453,C001453,monthly,59.0,,2025-04-22,2026-07-26,canceled
S000467,C000467,monthly,59.0,,2025-02-24,,active
S009579,C009579,monthly,59.0,,2026-07-19,,active
S011247,C011247,monthly,59.0,HARBOR50,2026-09-13,,active
S000881,C000881,monthly,59.0,,2025-03-27,2025-04-27,canceled
S010722,C010722,monthly,59.0,HARBOR50,2026-08-08,2026-08-10,canceled
S005003,C005003,monthly,59.0,,2025-12-30,,active
S007978,C007978,monthly,59.0,,2026-05-09,,active
S003399,C003399,monthly,59.0,,2025-08-20,,active
S010340,C010340,monthly,59.0,,2026-08-13,,active
S003677,C003677,monthly,59.0,,2025-09-29,,active
S001368,C001368,annual,588.0,,2025-04-15,,active
S007983,C007983,monthly,59.0,HARBOR50,2026-05-12,,active
S006611,C006611,monthly,59.0,HARBOR50,2026-03-05,2026-07-29,canceled
S002690,C002690,monthly,59.0,,2025-07-02,2026-01-29,canceled
S005756,C005756,annual,588.0,,2026-02-15,,active
S007873,C007873,annual,588.0,,2026-05-27,,active
S002929,C002929,monthly,59.0,,2025-07-12,2025-11-06,canceled
S010114,C010114,monthly,59.0,,2026-08-27,,active
S010625,C010625,monthly,59.0,HARBOR50,2026-08-03,,active
S002801,C002801,monthly,59.0,,2025-07-08,,active
S004629,C004629,annual,588.0,,2025-11-29,,active
S009401,C009401,monthly,59.0,,2026-07-25,2026-08-29,canceled
S004060,C004060,monthly,59.0,,2025-10-22,,active
S001472,C001472,annual,588.0,,2025-04-30,,active
S004479,C004479,monthly,59.0,,2025-11-25,,active
S003371,C003371,monthly,59.0,,2025-08-19,,active
S001636,C001636,monthly,59.0,,2025-04-08,2025-10-10,canceled
S002755,C002755,monthly,59.0,,2025-07-13,,active
S004385,C004385,monthly,59.0,,2025-11-19,2025-11-26,canceled
S005691,C005691,monthly,59.0,,2026-01-02,,active
S000745,C000745,monthly,59.0,,2025-02-20,2025-06-22,canceled
S002790,C002790,monthly,59.0,,2025-07-27,,active
S004069,C004069,monthly,59.0,,2025-10-31,,active
S000261,C000261,monthly,59.0,,2025-01-11,2025-12-07,canceled
S007659,C007659,monthly,59.0,,2026-05-16,,active
S010204,C010204,monthly,59.0,,2026-08-12,,active
S005648,C005648,monthly,59.0,,2026-01-18,,active
S007909,C007909,monthly,59.0,,2026-05-09,,active
S002247,C002247,monthly,59.0,,2025-06-25,,active
S003290,C003290,monthly,59.0,,2025-08-23,2026-07-28,canceled
S006169,C006169,monthly,59.0,,2026-02-06,,active
S001648,C001648,annual,588.0,,2025-04-08,2026-04-14,canceled
S005054,C005054,monthly,59.0,,2025-12-13,,active
S010569,C010569,monthly,59.0,HARBOR50,2026-08-10,,active
S010372,C010372,monthly,59.0,,2026-08-08,,active
S003767,C003767,monthly,59.0,,2025-09-03,,active
S006470,C006470,monthly,59.0,HARBOR50,2026-03-12,2026-07-10,canceled
S011310,C011310,monthly,59.0,HARBOR50,2026-09-02,,active
S000046,C000046,annual,588.0,,2025-01-30,,active
S006527,C006527,monthly,59.0,,2026-03-13,2026-07-10,canceled
S007278,C007278,monthly,59.0,HARBOR50,2026-04-16,2026-04-11,canceled
S009203,C009203,monthly,59.0,HARBOR50,2026-06-16,,active
S001696,C001696,monthly,59.0,,2025-05-04,2026-04-04,canceled
S006279,C006279,monthly,59.0,,2026-03-05,,active
S002403,C002403,monthly,59.0,,2025-06-03,2026-03-31,canceled
S009426,C009426,monthly,59.0,,2026-07-16,,active
S009400,C009400,monthly,59.0,,2026-07-23,,active
S003386,C003386,monthly,59.0,,2025-08-19,,active
S002492,C002492,monthly,59.0,,2025-06-11,,active
S004682,C004682,monthly,59.0,,2025-11-11,2026-09-09,canceled
S010088,C010088,monthly,59.0,HARBOR50,2026-07-26,,active
S010027,C010027,monthly,59.0,HARBOR50,2026-07-30,,active
S003344,C003344,annual,588.0,,2025-08-11,,active
S006444,C006444,monthly,59.0,,2026-03-11,,active
S010660,C010660,monthly,59.0,,2026-08-12,,active
S008699,C008699,monthly,59.0,,2026-06-08,,active
S007610,C007610,monthly,59.0,HARBOR50,2026-04-12,,active
S003707,C003707,monthly,59.0,,2025-09-22,2026-03-17,canceled
S008215,C008215,monthly,59.0,HARBOR50,2026-05-04,,active
S008870,C008870,monthly,59.0,,2026-06-02,2026-06-06,canceled
S000679,C000679,monthly,59.0,,2025-02-23,,active
S003285,C003285,monthly,59.0,,2025-08-12,,active
S006156,C006156,monthly,59.0,,2026-02-28,2026-08-27,canceled
S010844,C010844,monthly,59.0,HARBOR50,2026-08-20,,active
S002844,C002844,monthly,59.0,,2025-07-16,2026-05-21,canceled
S005013,C005013,monthly,59.0,,2025-12-16,2026-07-17,canceled
S006764,C006764,monthly,59.0,HARBOR50,2026-03-16,,active
S005980,C005980,monthly,59.0,,2026-02-05,,active
S009102,C009102,monthly,59.0,HARBOR50,2026-06-26,,active
S007987,C007987,monthly,59.0,HARBOR50,2026-05-04,,active
S007373,C007373,monthly,59.0,HARBOR50,2026-04-20,2026-08-19,canceled
S004875,C004875,monthly,59.0,,2025-12-28,2026-06-26,canceled
S002456,C002456,annual,588.0,,2025-06-20,,active
S002174,C002174,annual,588.0,,2025-06-14,2026-06-16,canceled
S000862,C000862,monthly,59.0,,2025-03-03,2025-10-03,canceled
S010701,C010701,monthly,59.0,HARBOR50,2026-08-14,,active
S008674,C008674,monthly,59.0,,2026-06-12,,active
S010401,C010401,monthly,59.0,,2026-08-15,,active
S002639,C002639,monthly,59.0,,2025-07-07,,active
S003044,C003044,annual,588.0,,2025-08-17,,active
S004613,C004613,monthly,59.0,,2025-11-30,,active
S006546,C006546,monthly,59.0,,2026-03-03,,active
S008431,C008431,monthly,59.0,,2026-06-02,,active
S009940,C009940,monthly,59.0,HARBOR50,2026-07-02,,active
S007565,C007565,monthly,59.0,HARBOR50,2026-04-23,,active
S006547,C006547,monthly,59.0,,2026-03-22,2026-05-17,canceled
S004765,C004765,monthly,59.0,,2025-11-01,,active
S002715,C002715,monthly,59.0,,2025-07-17,,active
S009180,C009180,monthly,59.0,HARBOR50,2026-06-21,,active
S004431,C004431,monthly,59.0,,2025-11-19,2025-12-14,canceled
S006478,C006478,monthly,59.0,,2026-03-17,,active
S001915,C001915,monthly,59.0,,2025-05-02,,canceled
S003368,C003368,annual,588.0,,2025-08-12,,active
S011667,C001322,annual,588.0,,2026-08-23,,active
S007027,C007027,monthly,59.0,,2026-04-28,,active
S003529,C003529,annual,588.0,,2025-09-28,,active
S003141,C003141,monthly,59.0,,2025-08-26,,active
S011629,C000039,annual,588.0,,2026-09-11,,active
S001434,C001434,monthly,59.0,,2025-04-22,,active
S008582,C008582,monthly,59.0,,2026-06-09,2026-07-15,canceled
S004359,C004359,annual,588.0,,2025-11-18,,active
S005237,C005237,monthly,59.0,,2025-12-16,,canceled
S001103,C001103,monthly,59.0,,2025-03-04,2026-05-09,canceled
S010708,C010708,monthly,59.0,HARBOR50,2026-08-01,,active
S008208,C008208,annual,588.0,,2026-05-22,2026-05-24,canceled
S005412,C005412,monthly,59.0,,2026-01-16,,active
S008653,C008653,monthly,59.0,,2026-06-25,,active
S005365,C005365,annual,588.0,,2026-01-29,,active
S010322,C010322,monthly,59.0,,2026-08-25,,active
S001404,C001404,monthly,59.0,,2025-04-20,,active
S006931,C006931,monthly,59.0,,2026-04-19,,active
S000539,C000539,monthly,59.0,,2025-02-22,,active
S005770,C005770,monthly,59.0,,2026-02-26,,active
S005203,C005203,monthly,59.0,,2025-12-05,,active
S010495,C010495,monthly,59.0,HARBOR50,2026-08-29,,active
S004240,C004240,monthly,59.0,,2025-10-28,,active
S004049,C004049,monthly,59.0,,2025-10-22,,active
S007872,C007872,monthly,59.0,,2026-05-14,,active
S000402,C000402,monthly,59.0,,2025-02-21,2025-12-26,canceled
S008694,C008694,monthly,59.0,,2026-06-30,,active
S002097,C002097,monthly,59.0,,2025-05-17,2025-08-11,canceled
S003151,C003151,monthly,59.0,,2025-08-09,,active
S007746,C007746,annual,588.0,,2026-05-25,,active
S003830,C003830,monthly,59.0,,2025-09-15,,active
S008488,C008488,annual,588.0,,2026-06-25,,active
S008584,C008584,monthly,59.0,,2026-06-10,,active
S008483,C008483,monthly,59.0,,2026-06-11,,active
S007000,C007000,monthly,59.0,,2026-04-24,,active
S004287,C004287,annual,588.0,,2025-10-30,,active
S008993,C008993,monthly,59.0,HARBOR50,2026-06-27,,active
S006518,C006518,monthly,59.0,,2026-03-07,,active
S010920,C010920,monthly,59.0,HARBOR50,2026-08-23,,active
S010763,C010763,monthly,59.0,,2026-08-24,,active
S003534,C003534,monthly,59.0,,2025-09-30,,active
S006821,C006821,monthly,59.0,HARBOR50,2026-03-26,,active
S005517,C005517,annual,588.0,,2026-01-28,,active
S006329,C006329,monthly,59.0,,2026-03-09,,active
S001348,C001348,monthly,59.0,,2025-04-14,2026-02-16,canceled
S008115,C008115,monthly,59.0,HARBOR50,2026-05-25,2026-08-25,canceled
S003791,C003791,monthly,59.0,,2025-09-17,,active
S002926,C002926,monthly,59.0,,2025-07-25,2025-11-27,canceled
S001387,C001387,monthly,59.0,,2025-04-27,,active
S010647,C010647,monthly,59.0,HARBOR50,2026-08-14,,active
S006997,C006997,monthly,59.0,,2026-04-16,,active
S010141,C010141,monthly,59.0,,2026-08-31,,active
S005020,C005020,monthly,59.0,,2025-12-13,,active
S002342,C002342,annual,588.0,,2025-06-27,,active
S001154,C001154,monthly,59.0,,2025-03-02,2025-08-26,canceled
S010809,C010809,monthly,59.0,HARBOR50,2026-08-03,,active
S003306,C003306,monthly,59.0,,2025-08-07,2026-01-06,canceled
S006584,C006584,monthly,59.0,HARBOR50,2026-03-08,2026-07-02,canceled
S003062,C003062,monthly,59.0,,2025-08-14,,active
S010831,C010831,monthly,59.0,HARBOR50,2026-08-03,,active
S000346,C000346,monthly,59.0,,2025-01-23,2026-08-30,canceled
S011579,C000986,annual,588.0,,2025-12-11,,active
S009009,C009009,monthly,59.0,HARBOR50,2026-06-11,,active
S006069,C006069,monthly,59.0,,2026-02-11,,active
S007559,C007559,monthly,59.0,HARBOR50,2026-04-15,,active
S003051,C003051,annual,588.0,,2025-08-13,2026-08-13,canceled
S008334,C008334,monthly,59.0,HARBOR50,2026-05-29,,active
S001333,C001333,annual,588.0,,2025-04-21,,active
S011028,C011028,monthly,59.0,,2026-09-08,,active
S006408,C006408,monthly,59.0,,2026-03-17,,active
S005179,C005179,annual,588.0,,2025-12-12,2025-12-15,canceled
S002033,C002033,monthly,59.0,,2025-05-22,,active
S005168,C005168,monthly,59.0,,2025-12-08,,active
S007248,C007248,monthly,59.0,HARBOR50,2026-04-14,,active
S007998,C007998,monthly,59.0,HARBOR50,2026-05-01,2026-09-01,canceled
S007162,C007162,annual,588.0,,2026-04-19,,active
S006885,C006885,monthly,59.0,,2026-04-06,,active
S005746,C005746,monthly,59.0,,2026-01-18,,active
S011052,C011052,monthly,59.0,,2026-09-11,,active
S007732,C007732,monthly,59.0,,2026-05-09,,active
S009685,C009685,monthly,59.0,HARBOR50,2026-07-17,,active
S009231,C009231,monthly,59.0,HARBOR50,2026-06-11,,active
S009121,C009121,monthly,59.0,HARBOR50,2026-06-20,,active
S002520,C002520,monthly,59.0,,2025-07-02,2025-07-24,canceled
S011607,C001956,annual,588.0,,2026-05-06,,active
S008222,C008222,monthly,59.0,HARBOR50,2026-05-13,2026-09-15,canceled
S010549,C010549,monthly,59.0,,2026-08-26,,active
S010847,C010847,monthly,59.0,HARBOR50,2026-08-09,2026-09-10,canceled
S010324,C010324,monthly,59.0,,2026-08-29,,active
S011344,C011344,monthly,59.0,COMP100,2025-07-22,,active
S008892,C008892,monthly,59.0,HARBOR50,2026-06-01,,active
S003378,C003378,monthly,59.0,,2025-08-21,,active
S002721,C002721,monthly,59.0,,2025-07-19,,active
S008490,C008490,annual,588.0,,2026-06-24,,active
S003064,C003064,monthly,59.0,,2025-08-03,2026-09-02,canceled
S011332,C011332,monthly,59.0,HARBOR50,2026-09-01,,active
S009566,C009566,annual,588.0,,2026-07-08,,active
S002631,C002631,monthly,59.0,,2025-07-23,,active
S003810,C003810,monthly,59.0,,2025-09-11,,active
S003397,C003397,monthly,59.0,,2025-08-26,,active
S002470,C002470,monthly,59.0,,2025-06-14,2026-04-13,canceled
S005843,C005843,monthly,59.0,,2026-02-17,,active
S001319,C001319,monthly,59.0,,2025-04-04,,active
S009813,C009813,annual,588.0,,2026-07-29,,active
S009042,C009042,monthly,59.0,HARBOR50,2026-06-21,,active
S003865,C003865,annual,588.0,,2025-10-21,,active
S008216,C008216,monthly,59.0,,2026-05-26,,active
S006487,C006487,annual,588.0,,2026-03-08,,active
S002822,C002822,monthly,59.0,,2025-07-13,2025-12-08,canceled
S009464,C009464,monthly,59.0,,2026-07-19,,active
S004137,C004137,monthly,59.0,,2025-10-30,2026-02-24,canceled
S007195,C007195,annual,588.0,,2026-04-20,,active
S010097,C010097,monthly,59.0,HARBOR50,2026-07-20,,active
S000991,C000991,monthly,59.0,,2025-03-18,2025-04-10,canceled
S006559,C006559,monthly,59.0,,2026-03-07,,active
S005357,C005357,monthly,59.0,,2026-01-25,,active
S004580,C004580,monthly,59.0,,2025-11-25,,active
S003979,C003979,annual,588.0,,2025-10-25,,active
S005821,C005821,monthly,59.0,,2026-02-11,2026-05-17,canceled
S009710,C009710,monthly,59.0,HARBOR50,2026-07-24,,active
S003877,C003877,monthly,59.0,,2025-10-01,2026-06-05,canceled
S011630,C002425,annual,588.0,,2026-08-20,,active
S004085,C004085,annual,588.0,,2025-10-11,,active
S010870,C010870,annual,588.0,,2026-08-07,,active
S000337,C000337,monthly,59.0,,2025-01-14,2025-04-18,canceled
S006289,C006289,monthly,59.0,,2026-03-14,,active
S007619,C007619,monthly,59.0,,2026-04-18,2026-07-19,canceled
S009410,C009410,monthly,59.0,,2026-07-19,,active
S010885,C010885,monthly,59.0,HARBOR50,2026-08-04,,active
S001878,C001878,annual,588.0,,2025-05-26,2026-05-27,canceled
S002611,C002611,monthly,59.0,,2025-07-10,2025-08-15,canceled
S001202,C001202,annual,588.0,,2025-03-05,,active
S008452,C008452,monthly,59.0,,2026-06-14,,active
S011079,C011079,annual,588.0,,2026-09-08,,active
S000554,C000554,monthly,59.0,,2025-02-19,,active
S007013,C007013,monthly,59.0,,2026-04-20,,active
S005898,C005898,annual,588.0,,2026-02-22,,active
S000625,C000625,monthly,59.0,,2025-02-23,,active
S000222,C000222,monthly,59.0,,2025-01-26,,active
S009932,C009932,monthly,59.0,HARBOR50,2026-07-30,,active
S001403,C001403,monthly,59.0,,2025-04-01,2026-02-03,canceled
S006769,C006769,monthly,59.0,HARBOR50,2026-03-31,,active
S006793,C006793,monthly,59.0,HARBOR50,2026-03-04,2026-08-04,canceled
S006748,C006748,monthly,59.0,HARBOR50,2026-03-17,,active
S008392,C008392,monthly,59.0,HARBOR50,2026-05-27,,active
S010361,C010361,monthly,59.0,HARBOR50,2026-08-05,,active
S009144,C009144,monthly,59.0,HARBOR50,2026-06-30,,active
S002152,C002152,monthly,59.0,,2025-06-20,,active
S008691,C008691,monthly,59.0,,2026-06-29,,active
S006134,C006134,monthly,59.0,,2026-02-12,,active
S010732,C010732,monthly,59.0,HARBOR50,2026-08-26,,active
S001151,C001151,monthly,59.0,,2025-03-04,2025-12-03,canceled
S009013,C009013,monthly,59.0,HARBOR50,2026-06-25,,active
S006310,C006310,monthly,59.0,,2026-03-10,,active
S007697,C007697,annual,588.0,,2026-05-24,,active
S003835,C003835,monthly,59.0,,2025-09-13,2025-12-16,canceled
S006224,C006224,annual,588.0,,2026-03-02,,active
S009311,C009311,monthly,59.0,HARBOR50,2026-06-23,,active
S007977,C007977,monthly,59.0,,2026-05-29,,active
S003776,C003776,monthly,59.0,,2025-09-10,2026-01-13,canceled
S007975,C007975,monthly,59.0,,2026-05-18,,active
S001440,C001440,annual,588.0,,2025-04-13,,active
S003194,C003194,monthly,59.0,,2025-08-21,,active
S000552,C000552,annual,588.0,,2025-02-19,,active
S009944,C009944,monthly,59.0,,2026-07-14,,active
S004727,C004727,monthly,59.0,,2025-11-23,2025-12-16,canceled
S004115,C004115,monthly,59.0,,2025-10-26,,active
S007735,C007735,monthly,59.0,,2026-05-10,,active
S000565,C000565,annual,588.0,,2025-02-11,,active
S006908,C006908,monthly,59.0,,2026-04-25,,active
S008534,C008534,monthly,59.0,,2026-06-04,2026-07-01,canceled
S005473,C005473,monthly,59.0,,2026-01-10,,active
S002406,C002406,monthly,59.0,,2025-06-03,2026-03-30,canceled
S011135,C011135,annual,588.0,,2026-09-09,,active
S011545,C006517,annual,588.0,,2026-09-03,,active
S001831,C001831,monthly,59.0,,2025-05-13,2026-05-13,canceled
S002803,C002803,monthly,59.0,,2025-07-15,,active
S007050,C007050,monthly,59.0,,2026-04-10,,active
S011451,C011451,monthly,59.0,COMP100,2026-05-02,,active
S003240,C003240,annual,588.0,,2025-08-11,,active
S004920,C004920,annual,588.0,,2025-12-10,,active
S010258,C010258,monthly,59.0,,2026-08-20,,active
S004994,C004994,annual,588.0,,2025-12-26,,active
S003875,C003875,annual,588.0,,2025-10-19,,active
S005362,C005362,monthly,59.0,,2026-01-16,,active
S006715,C006715,monthly,59.0,HARBOR50,2026-03-29,2026-08-31,canceled
S000012,C000012,annual,588.0,,2025-01-16,2026-01-19,canceled
S005592,C005592,monthly,59.0,,2026-01-07,2026-06-06,canceled
S008249,C008249,monthly,59.0,HARBOR50,2026-05-18,,active
S011128,C011128,monthly,59.0,,2026-09-13,,active
S002819,C002819,monthly,59.0,,2025-07-25,,active
S002211,C002211,annual,588.0,,2025-06-21,,active
S000526,C000526,monthly,59.0,,2025-02-12,,active
S001366,C001366,monthly,59.0,,2025-04-12,2025-04-30,canceled
S001259,C001259,annual,588.0,,2025-04-30,2026-05-06,canceled
S002913,C002913,monthly,59.0,,2025-07-23,2026-04-19,canceled
S010895,C010895,monthly,59.0,HARBOR50,2026-08-01,,active
S000098,C000098,monthly,59.0,,2025-01-30,,active
S005986,C005986,monthly,59.0,,2026-02-05,,active
S010113,C010113,annual,588.0,,2026-08-27,,active
S005157,C005157,monthly,59.0,,2025-12-27,,active
S001321,C001321,monthly,59.0,,2025-04-08,,active
S008157,C008157,monthly,59.0,HARBOR50,2026-05-31,,active
S010491,C010491,monthly,59.0,,2026-08-29,,active
S010254,C010254,annual,588.0,,2026-08-15,,active
S003520,C003520,monthly,59.0,,2025-09-06,,active
S000136,C000136,monthly,59.0,,2025-01-01,,active
S008146,C008146,monthly,59.0,HARBOR50,2026-05-05,,active
S003802,C003802,monthly,59.0,,2025-09-08,,active
S004164,C004164,monthly,59.0,,2025-10-28,,active
S000729,C000729,annual,588.0,,2025-02-22,,active
S004604,C004604,annual,588.0,,2025-11-09,,active
S002597,C002597,monthly,59.0,,2025-07-24,2025-09-24,canceled
S010448,C010448,annual,588.0,,2026-08-16,,active
S000803,C000803,monthly,59.0,,2025-02-18,2025-07-25,canceled
S009755,C009755,monthly,59.0,HARBOR50,2026-07-07,,active
S005432,C005432,annual,588.0,,2026-01-30,,active
S008381,C008381,monthly,59.0,HARBOR50,2026-05-13,2026-07-08,canceled
S005132,C005132,annual,588.0,,2025-12-18,,active
S010767,C010767,monthly,59.0,HARBOR50,2026-08-27,,active
S008363,C008363,monthly,59.0,HARBOR50,2026-05-08,,active
S007569,C007569,monthly,59.0,HARBOR50,2026-04-28,,active
S000882,C000882,monthly,59.0,,2025-03-20,,active
S001842,C001842,monthly,59.0,,2025-05-12,2026-09-10,canceled
S008720,C008720,monthly,59.0,,2026-06-28,,active
S010171,C010171,monthly,59.0,,2026-08-16,,active
S008310,C008310,monthly,59.0,HARBOR50,2026-05-13,,active
S002150,C002150,monthly,59.0,,2025-06-12,2025-09-08,canceled
S002127,C002127,annual,588.0,,2025-06-17,2026-06-19,canceled
S003798,C003798,monthly,59.0,,2025-09-12,2026-09-09,canceled
S005207,C005207,monthly,59.0,,2025-12-10,2026-05-05,canceled
S007205,C007205,monthly,59.0,HARBOR50,2026-04-29,,active
S006064,C006064,monthly,59.0,,2026-02-22,,active
S009873,C009873,monthly,59.0,HARBOR50,2026-07-18,,active
S004503,C004503,annual,588.0,,2025-11-27,,active
S000102,C000102,annual,588.0,,2025-01-19,2026-01-23,canceled
S000499,C000499,annual,588.0,,2025-02-04,,active
S005915,C005915,monthly,59.0,,2026-02-07,,active
S010546,C010546,monthly,59.0,,2026-08-12,,active
S010851,C010851,monthly,59.0,HARBOR50,2026-08-31,,active
S001185,C001185,annual,588.0,,2025-03-14,,active
S009388,C009388,monthly,59.0,,2026-07-28,,active
S001017,C001017,monthly,59.0,,2025-03-03,,active
S011468,C006490,annual,588.0,,2026-08-06,,active
S004826,C004826,annual,588.0,,2025-12-16,,active
S006893,C006893,annual,588.0,,2026-04-16,,active
S005721,C005721,annual,588.0,,2026-01-24,,active
S006324,C006324,monthly,59.0,,2026-03-04,,active
S008588,C008588,annual,588.0,,2026-06-17,,active
S002225,C002225,monthly,59.0,,2025-06-27,2026-08-30,canceled
S004956,C004956,monthly,59.0,,2025-12-14,,active
S001655,C001655,monthly,59.0,,2025-04-17,2025-05-21,canceled
S007812,C007812,annual,588.0,,2026-05-06,,active
S011306,C011306,monthly,59.0,HARBOR50,2026-09-02,,active
S000210,C000210,annual,588.0,,2025-01-17,2025-02-08,canceled
S003435,C003435,monthly,59.0,,2025-09-24,,active
S005324,C005324,monthly,59.0,,2026-01-04,2026-05-01,canceled
S008701,C008701,monthly,59.0,,2026-06-18,,active
S003216,C003216,monthly,59.0,,2025-08-31,,active
S010813,C010813,monthly,59.0,HARBOR50,2026-08-07,,active
S006000,C006000,annual,588.0,,2026-02-09,,active
S004014,C004014,annual,588.0,,2025-10-15,,active
S003539,C003539,monthly,59.0,,2025-09-05,2026-03-31,canceled
S009113,C009113,monthly,59.0,HARBOR50,2026-06-17,,active
S010014,C010014,monthly,59.0,HARBOR50,2026-07-02,,active
S003319,C003319,monthly,59.0,,2025-08-30,,active
S009216,C009216,monthly,59.0,HARBOR50,2026-06-29,,active
S004951,C004951,monthly,59.0,,2025-12-04,,active
S003219,C003219,monthly,59.0,,2025-08-03,,canceled
S005394,C005394,monthly,59.0,,2026-01-19,2026-03-25,canceled
S007880,C007880,monthly,59.0,HARBOR50,2026-05-21,,active
S009583,C009583,monthly,59.0,HARBOR50,2026-07-31,2026-08-29,canceled
S006207,C006207,monthly,59.0,,2026-03-15,,active
S006336,C006336,monthly,59.0,,2026-03-22,2026-05-17,canceled
S002305,C002305,monthly,59.0,,2025-06-21,2025-12-21,canceled
S010338,C010338,monthly,59.0,,2026-08-05,,active
S009092,C009092,monthly,59.0,,2026-06-28,,active
S010945,C010945,monthly,59.0,HARBOR50,2026-08-22,,active
S000998,C000998,monthly,59.0,,2025-03-14,,active
S007142,C007142,monthly,59.0,,2026-04-15,,active
S006194,C006194,monthly,59.0,,2026-02-16,,active
S005200,C005200,monthly,59.0,,2025-12-12,,active
S003943,C003943,annual,588.0,,2025-10-17,,active
S003445,C003445,monthly,59.0,,2025-09-15,,active
S006960,C006960,monthly,59.0,,2026-04-11,,active
S007884,C007884,monthly,59.0,HARBOR50,2026-05-23,,active
S001488,C001488,monthly,59.0,,2025-04-10,2025-06-06,canceled
S001757,C001757,monthly,59.0,,2025-05-26,,active
S011349,C011349,monthly,59.0,COMP100,2025-09-17,,active
S001820,C001820,monthly,59.0,,2025-05-13,,active
S008598,C008598,annual,588.0,,2026-06-10,,active
S006259,C006259,monthly,59.0,,2026-03-02,,active
S003625,C003625,monthly,59.0,,2025-09-27,,active
S009286,C009286,monthly,59.0,HARBOR50,2026-06-27,,active
S007931,C007931,annual,588.0,,2026-05-02,,active
S001669,C001669,monthly,59.0,,2025-04-04,,active
S006740,C006740,monthly,59.0,HARBOR50,2026-03-24,,active
S004811,C004811,monthly,59.0,,2025-11-05,,active
S008442,C008442,monthly,59.0,,2026-06-11,,active
S002759,C002759,monthly,59.0,,2025-07-25,2025-11-21,canceled
S007462,C007462,monthly,59.0,HARBOR50,2026-04-22,,active
S003351,C003351,monthly,59.0,,2025-08-21,,active
S008287,C008287,monthly,59.0,HARBOR50,2026-05-21,,active
S007076,C007076,annual,588.0,,2026-04-08,,active
S008787,C008787,monthly,59.0,HARBOR50,2026-06-14,2026-08-11,canceled
S000677,C000677,monthly,59.0,,2025-02-07,,active
S005966,C005966,annual,588.0,,2026-02-06,,active
S004954,C004954,annual,588.0,,2025-12-27,,active
S004804,C004804,annual,588.0,,2025-11-07,,active
S001359,C001359,monthly,59.0,,2025-04-25,,active
S011209,C011209,monthly,59.0,HARBOR50,2026-09-07,,active
S004837,C004837,monthly,59.0,,2025-12-15,,active
S001685,C001685,annual,588.0,,2025-05-17,,active
S011364,C011364,monthly,59.0,COMP100,2026-03-13,2026-03-18,canceled
S010944,C010944,monthly,59.0,,2026-08-11,,active
S009555,C009555,monthly,59.0,,2026-07-25,,active
S009293,C009293,monthly,59.0,HARBOR50,2026-06-11,,active
S004575,C004575,monthly,59.0,,2025-11-30,,active
S004232,C004232,annual,588.0,,2025-10-01,,active
S003939,C003939,monthly,59.0,,2025-10-05,,active
S007692,C007692,annual,588.0,,2026-05-16,,active
S001076,C001076,monthly,59.0,,2025-03-11,2025-04-14,canceled
S002672,C002672,monthly,59.0,,2025-07-13,2026-02-08,canceled
S010869,C010869,monthly,59.0,HARBOR50,2026-08-11,2026-09-12,canceled
S006244,C006244,monthly,59.0,,2026-03-19,2026-04-15,canceled
S007494,C007494,monthly,59.0,HARBOR50,2026-04-20,,active
S000397,C000397,monthly,59.0,,2025-02-04,2025-10-04,canceled
S001130,C001130,monthly,59.0,,2025-03-05,,active
S009734,C009734,monthly,59.0,HARBOR50,2026-07-29,,active
S000871,C000871,monthly,59.0,,2025-03-05,,active
S001597,C001597,monthly,59.0,,2025-04-01,,active
S011399,C011399,monthly,59.0,COMP100,2025-01-12,2025-01-15,canceled
S003276,C003276,monthly,59.0,,2025-08-14,,active
S002747,C002747,monthly,59.0,,2025-07-09,2025-09-07,canceled
S005063,C005063,monthly,59.0,,2025-12-07,,active
S011141,C011141,annual,588.0,,2026-09-03,,active
S005349,C005349,monthly,59.0,,2026-01-19,,active
S002351,C002351,monthly,59.0,,2025-06-06,2026-04-01,canceled
S009984,C009984,monthly,59.0,HARBOR50,2026-07-16,,active
S007286,C007286,monthly,59.0,HARBOR50,2026-04-08,2026-08-13,canceled
S007787,C007787,monthly,59.0,,2026-05-28,,active
S004791,C004791,monthly,59.0,,2025-11-12,,active
S008948,C008948,monthly,59.0,HARBOR50,2026-06-19,,active
S004044,C004044,annual,588.0,,2025-10-04,,active
S011029,C011029,annual,588.0,,2026-09-01,,active
S005963,C005963,annual,588.0,,2026-02-23,,active
S003716,C003716,monthly,59.0,,2025-09-01,,active
S008173,C008173,monthly,59.0,HARBOR50,2026-05-05,2026-06-04,canceled
S007112,C007112,annual,588.0,,2026-04-25,,active
S000836,C000836,monthly,59.0,,2025-03-07,,active
S006386,C006386,monthly,59.0,,2026-03-02,,active
S009035,C009035,monthly,59.0,HARBOR50,2026-06-06,,active
S010571,C010571,monthly,59.0,HARBOR50,2026-08-28,,active
S007962,C007962,annual,588.0,,2026-05-19,,active
S001023,C001023,annual,588.0,,2025-03-13,,active
S000859,C000859,monthly,59.0,,2025-03-11,,active
S011108,C011108,monthly,59.0,,2026-09-06,,active
S002158,C002158,monthly,59.0,,2025-06-04,,active
S011352,C011352,monthly,59.0,COMP100,2025-02-10,2025-02-13,canceled
S011374,C011374,monthly,59.0,COMP100,2026-09-06,2026-09-11,canceled
S002386,C002386,annual,588.0,,2025-06-03,,active
S009387,C009387,monthly,59.0,,2026-07-18,,active
S004134,C004134,monthly,59.0,,2025-10-29,,active
S002139,C002139,monthly,59.0,,2025-06-05,,active
S004072,C004072,monthly,59.0,,2025-10-25,,active
S002098,C002098,monthly,59.0,,2025-05-12,,active
S007241,C007241,annual,588.0,,2026-04-25,,active
S009697,C009697,monthly,59.0,,2026-07-18,,active
S001435,C001435,monthly,59.0,,2025-04-28,2026-07-02,canceled
S002614,C002614,monthly,59.0,,2025-07-10,2026-09-07,canceled
S005908,C005908,annual,588.0,,2026-02-06,,active
S007805,C007805,annual,588.0,,2026-05-25,,active
S004098,C004098,monthly,59.0,,2025-10-11,,active
S011537,C005761,annual,588.0,,2026-06-28,,active
S008861,C008861,monthly,59.0,HARBOR50,2026-06-23,,active
S008413,C008413,monthly,59.0,,2026-06-27,,active
S009936,C009936,monthly,59.0,HARBOR50,2026-07-12,,active
S010469,C010469,monthly,59.0,,2026-08-20,,active
S003885,C003885,monthly,59.0,,2025-10-10,,active
S003169,C003169,monthly,59.0,,2025-08-30,,active
S005696,C005696,annual,588.0,,2026-01-05,,active
S010181,C010181,annual,588.0,,2026-08-18,,active
S010982,C010982,monthly,59.0,HARBOR50,2026-08-08,,active
S000288,C000288,monthly,59.0,,2025-01-01,2025-08-07,canceled
S010914,C010914,annual,588.0,,2026-08-31,,active
S007060,C007060,monthly,59.0,,2026-04-25,,active
S010827,C010827,monthly,59.0,HARBOR50,2026-08-24,,active
S010374,C010374,monthly,59.0,,2026-08-27,,active
S011616,C005926,annual,588.0,,2026-06-16,,active
S001496,C001496,monthly,59.0,,2025-04-11,,active
S006084,C006084,monthly,59.0,,2026-02-05,2026-09-10,canceled
S003528,C003528,monthly,59.0,,2025-09-05,,active
S008574,C008574,monthly,59.0,,2026-06-20,,active
S010814,C010814,monthly,59.0,HARBOR50,2026-08-17,,active
S004234,C004234,monthly,59.0,,2025-10-08,,active
S004317,C004317,monthly,59.0,,2025-10-01,2026-01-30,canceled
S004206,C004206,monthly,59.0,,2025-10-12,,active
S006772,C006772,monthly,59.0,,2026-03-27,,active
S000843,C000843,monthly,59.0,,2025-03-31,,active
S010227,C010227,monthly,59.0,,2026-08-30,,active
S003366,C003366,annual,588.0,,2025-08-13,2026-08-19,canceled
S011095,C011095,annual,588.0,,2026-09-05,,active
S007479,C007479,monthly,59.0,HARBOR50,2026-04-06,,active
S008007,C008007,monthly,59.0,HARBOR50,2026-05-02,2026-09-01,canceled
S003464,C003464,monthly,59.0,,2025-09-11,,active
S003130,C003130,monthly,59.0,,2025-08-02,,active
S004998,C004998,monthly,59.0,,2025-12-05,,active
S007636,C007636,monthly,59.0,HARBOR50,2026-04-22,2026-08-17,canceled
S010299,C010299,annual,588.0,,2026-08-27,,active
S004102,C004102,monthly,59.0,,2025-10-22,,active
S003812,C003812,monthly,59.0,,2025-09-23,2025-12-23,canceled
S007114,C007114,annual,588.0,,2026-04-26,,active
S000785,C000785,monthly,59.0,,2025-02-22,2025-08-19,canceled
S010421,C010421,monthly,59.0,,2026-08-16,,active
S006222,C006222,monthly,59.0,,2026-03-19,,active
S006562,C006562,monthly,59.0,,2026-03-18,,active
S000711,C000711,monthly,59.0,,2025-02-13,2025-07-12,canceled
S009647,C009647,monthly,59.0,,2026-07-09,2026-08-02,canceled
S001678,C001678,annual,588.0,,2025-05-17,,active
S010103,C010103,monthly,59.0,HARBOR50,2026-07-24,,active
S007409,C007409,monthly,59.0,HARBOR50,2026-04-21,2026-08-22,canceled
S002252,C002252,monthly,59.0,,2025-06-28,2026-02-25,canceled
S004769,C004769,monthly,59.0,,2025-11-08,,active
S002809,C002809,annual,588.0,,2025-07-24,,active
S009089,C009089,monthly,59.0,HARBOR50,2026-06-05,,active
S003195,C003195,monthly,59.0,,2025-08-05,,active
S010488,C010488,annual,588.0,,2026-08-05,,active
S004548,C004548,annual,588.0,,2025-11-08,,active
S004310,C004310,annual,588.0,,2025-10-07,,active
S001570,C001570,monthly,59.0,,2025-04-18,2025-10-17,canceled
S007175,C007175,monthly,59.0,,2026-04-18,,active
S003393,C003393,monthly,59.0,,2025-08-13,,active
S008050,C008050,monthly,59.0,HARBOR50,2026-05-05,,active
S010259,C010259,monthly,59.0,,2026-08-31,,active
S001484,C001484,monthly,59.0,,2025-04-18,2026-02-13,canceled
S006286,C006286,monthly,59.0,,2026-03-20,,active
S004716,C004716,monthly,59.0,,2025-11-03,2026-05-06,canceled
S010866,C010866,monthly,59.0,HARBOR50,2026-08-07,,active
S005152,C005152,monthly,59.0,,2025-12-12,,active
S008163,C008163,monthly,59.0,HARBOR50,2026-05-23,,active
S004725,C004725,monthly,59.0,,2025-11-02,,active
S001081,C001081,monthly,59.0,,2025-03-18,,active
S005731,C005731,annual,588.0,,2026-01-07,,active
S001425,C001425,monthly,59.0,,2025-04-09,,active
S000787,C000787,annual,588.0,,2025-02-28,,active
S001429,C001429,annual,588.0,,2025-04-01,,active
S004686,C004686,monthly,59.0,,2025-11-14,,active
S005056,C005056,annual,588.0,,2025-12-04,,active
S009140,C009140,monthly,59.0,,2026-06-19,,active
S007093,C007093,monthly,59.0,,2026-04-17,,active
S007986,C007986,monthly,59.0,HARBOR50,2026-05-09,2026-09-11,canceled
S007432,C007432,monthly,59.0,HARBOR50,2026-04-14,,active
S000715,C000715,monthly,59.0,,2025-02-17,2025-10-20,canceled
S001711,C001711,monthly,59.0,,2025-05-31,,active
S006727,C006727,monthly,59.0,HARBOR50,2026-03-07,,active
S007972,C007972,annual,588.0,,2026-05-10,,active
S005537,C005537,annual,588.0,,2026-01-28,,active
S007919,C007919,annual,588.0,,2026-05-21,,active
S003981,C003981,monthly,59.0,,2025-10-18,,active
S002947,C002947,monthly,59.0,,2025-08-13,2026-07-14,canceled
S008289,C008289,monthly,59.0,HARBOR50,2026-05-25,,active
S003650,C003650,monthly,59.0,,2025-09-28,,active
S006593,C006593,monthly,59.0,HARBOR50,2026-03-27,2026-08-21,canceled
S007006,C007006,monthly,59.0,,2026-04-22,,active
S005856,C005856,monthly,59.0,,2026-02-26,,active
S007603,C007603,monthly,59.0,HARBOR50,2026-04-13,,active
S009971,C009971,monthly,59.0,HARBOR50,2026-07-26,2026-08-21,canceled
S002717,C002717,monthly,59.0,,2025-07-03,2026-09-04,canceled
S000781,C000781,monthly,59.0,,2025-02-24,,active
S005107,C005107,monthly,59.0,,2025-12-11,,active
S005695,C005695,monthly,59.0,,2026-01-09,2026-09-15,canceled
S003434,C003434,monthly,59.0,,2025-09-27,,active
S008039,C008039,monthly,59.0,HARBOR50,2026-05-09,2026-09-03,canceled
S007309,C007309,monthly,59.0,HARBOR50,2026-04-03,2026-03-24,canceled
S000529,C000529,monthly,59.0,,2025-02-18,2025-05-14,canceled
S006088,C006088,annual,588.0,,2026-02-02,,active
S000655,C000655,monthly,59.0,,2025-02-04,,active
S001058,C001058,annual,588.0,,2025-03-03,,canceled
S002385,C002385,monthly,59.0,,2025-06-15,2025-08-10,canceled
S003449,C003449,monthly,59.0,,2025-09-12,,active
S006411,C006411,monthly,59.0,,2026-03-25,,active
S006990,C006990,monthly,59.0,,2026-04-08,,active
S000671,C000671,monthly,59.0,,2025-02-07,,active
S008919,C008919,monthly,59.0,HARBOR50,2026-06-17,,active
S001507,C001507,monthly,59.0,,2025-04-18,,active
S009273,C009273,monthly,59.0,HARBOR50,2026-06-22,,active
S001083,C001083,monthly,59.0,,2025-03-04,,active
S008622,C008622,monthly,59.0,,2026-06-07,,active
S008519,C008519,monthly,59.0,,2026-06-15,,active
S000163,C000163,monthly,59.0,,2025-01-03,,active
S005260,C005260,monthly,59.0,,2025-12-13,2026-07-15,canceled
S005823,C005823,monthly,59.0,,2026-02-05,,active
S009778,C009778,monthly,59.0,HARBOR50,2026-07-14,,active
S002960,C002960,monthly,59.0,,2025-08-21,,active
S004708,C004708,monthly,59.0,,2025-11-08,2026-09-09,canceled
S002884,C002884,monthly,59.0,,2025-07-15,,active
S001242,C001242,monthly,59.0,,2025-03-04,,active
S006020,C006020,annual,588.0,,2026-02-20,,active
S006627,C006627,monthly,59.0,HARBOR50,2026-03-23,2026-07-24,canceled
S001221,C001221,annual,588.0,,2025-03-01,,active
S008064,C008064,monthly,59.0,,2026-05-11,,active
S011319,C011319,monthly,59.0,HARBOR50,2026-09-02,,active
S000376,C000376,monthly,59.0,,2025-01-15,2026-01-11,canceled
S003773,C003773,annual,588.0,,2025-09-01,,active
S004312,C004312,monthly,59.0,,2025-10-10,2025-11-13,canceled
S003496,C003496,monthly,59.0,,2025-09-14,,active
S005216,C005216,annual,588.0,,2025-12-12,,active
S008992,C008992,monthly,59.0,HARBOR50,2026-06-23,,active
S000197,C000197,annual,588.0,,2025-01-04,,active
S002837,C002837,annual,588.0,,2025-07-05,,active
S009441,C009441,monthly,59.0,,2026-07-07,,active
S004605,C004605,monthly,59.0,,2025-11-12,,active
S005010,C005010,monthly,59.0,,2025-12-02,,active
S004582,C004582,annual,588.0,,2025-11-28,,active
S009080,C009080,monthly,59.0,,2026-06-26,,active
S005038,C005038,monthly,59.0,,2025-12-26,,active
S005951,C005951,monthly,59.0,,2026-02-03,,active
S003362,C003362,monthly,59.0,,2025-08-21,,active
S003494,C003494,monthly,59.0,,2025-09-14,,active
S007016,C007016,monthly,59.0,,2026-04-05,,active
S003304,C003304,annual,588.0,,2025-08-20,2026-08-22,canceled
S010474,C010474,annual,588.0,,2026-08-10,,active
S003991,C003991,monthly,59.0,,2025-10-18,,active
S003477,C003477,monthly,59.0,,2025-09-13,,active
S006162,C006162,monthly,59.0,,2026-02-12,,active
S006655,C006655,monthly,59.0,HARBOR50,2026-03-13,2026-06-08,canceled
S001509,C001509,monthly,59.0,,2025-04-18,2025-12-12,canceled
S002660,C002660,monthly,59.0,,2025-07-31,,active
S011224,C011224,monthly,59.0,HARBOR50,2026-09-07,,active
S006283,C006283,monthly,59.0,,2026-03-05,,active
S004536,C004536,annual,588.0,,2025-11-03,,active
S010201,C010201,monthly,59.0,,2026-08-18,,active
S002427,C002427,monthly,59.0,,2025-06-18,,active
S005476,C005476,monthly,59.0,,2026-01-12,,active
S008912,C008912,monthly,59.0,,2026-06-15,,active
S006154,C006154,monthly,59.0,,2026-02-06,,active
S010318,C010318,monthly,59.0,,2026-08-16,,active
S006389,C006389,annual,588.0,,2026-03-09,,active
S010630,C010630,monthly,59.0,HARBOR50,2026-08-16,,active
S002998,C002998,monthly,59.0,,2025-08-18,,active
S000915,C000915,monthly,59.0,,2025-03-28,,active
S007930,C007930,monthly,59.0,,2026-05-17,,active
S006039,C006039,monthly,59.0,,2026-02-08,2026-07-08,canceled
S007667,C007667,monthly,59.0,,2026-05-12,,active
S000714,C000714,annual,588.0,,2025-02-25,,canceled
S010502,C010502,monthly,59.0,,2026-08-10,,active
S006327,C006327,monthly,59.0,,2026-03-05,,active
S000129,C000129,annual,588.0,,2025-01-24,,active
S001653,C001653,monthly,59.0,,2025-04-02,,active
S003367,C003367,monthly,59.0,,2025-08-17,,active
S000627,C000627,monthly,59.0,,2025-02-04,,active
S003724,C003724,annual,588.0,,2025-09-19,,active
S007151,C007151,monthly,59.0,,2026-04-22,,active
S007575,C007575,monthly,59.0,HARBOR50,2026-04-13,,active
S005048,C005048,monthly,59.0,,2025-12-16,,active
S010072,C010072,monthly,59.0,HARBOR50,2026-07-30,,active
S008466,C008466,monthly,59.0,,2026-06-27,,active
S003828,C003828,monthly,59.0,,2025-09-15,2026-02-19,canceled
S005706,C005706,monthly,59.0,,2026-01-25,,active
S004463,C004463,annual,588.0,,2025-11-06,,active
S004027,C004027,monthly,59.0,,2025-10-25,2025-12-30,canceled
S007563,C007563,annual,588.0,,2026-04-19,,active
S001165,C001165,annual,588.0,,2025-03-17,,active
S000930,C000930,monthly,59.0,,2025-03-14,,active
S008495,C008495,monthly,59.0,,2026-06-03,,active
S011505,C001826,annual,588.0,,2026-06-27,,active
S009536,C009536,monthly,59.0,,2026-07-22,,active
S007408,C007408,monthly,59.0,,2026-04-07,2026-08-03,canceled
S001812,C001812,monthly,59.0,,2025-05-30,2026-01-29,canceled
S008057,C008057,monthly,59.0,,2026-05-09,2026-07-09,canceled
S005275,C005275,monthly,59.0,,2025-12-07,,active
S009403,C009403,annual,588.0,,2026-07-16,,active
S010132,C010132,annual,588.0,,2026-08-26,,active
S005975,C005975,monthly,59.0,,2026-02-14,,active
S001279,C001279,monthly,59.0,,2025-04-12,2025-12-15,canceled
S007261,C007261,monthly,59.0,HARBOR50,2026-04-17,2026-08-19,canceled
S002341,C002341,monthly,59.0,,2025-06-25,,active
S007855,C007855,annual,588.0,,2026-05-12,,active
S008070,C008070,monthly,59.0,HARBOR50,2026-05-08,,active
S003519,C003519,monthly,59.0,,2025-09-10,,active
S006163,C006163,monthly,59.0,,2026-02-07,2026-09-07,canceled
S005373,C005373,monthly,59.0,,2026-01-04,,active
S001355,C001355,annual,588.0,,2025-04-05,,active
S007920,C007920,annual,588.0,,2026-05-26,,active
S004583,C004583,annual,588.0,,2025-11-02,,active
S006122,C006122,monthly,59.0,,2026-02-05,,canceled
S004373,C004373,monthly,59.0,,2025-11-16,,canceled
S004042,C004042,monthly,59.0,,2025-10-18,2025-12-15,canceled
S002207,C002207,monthly,59.0,,2025-06-27,,active
S009352,C009352,annual,588.0,,2026-07-28,,active
S002826,C002826,annual,588.0,,2025-07-24,,active
S002044,C002044,annual,588.0,,2025-05-27,,active
S011097,C011097,monthly,59.0,,2026-09-07,,active
S010906,C010906,monthly,59.0,HARBOR50,2026-08-01,,active
S006016,C006016,monthly,59.0,,2026-02-12,,active
S011562,C003788,annual,588.0,,2026-09-05,,active
S000531,C000531,annual,588.0,,2025-02-09,,active
S000660,C000660,monthly,59.0,,2025-02-09,,active
S004967,C004967,monthly,59.0,,2025-12-27,2026-05-29,canceled
S002992,C002992,monthly,59.0,,2025-08-06,2026-08-08,canceled
S009698,C009698,monthly,59.0,,2026-07-30,,active
S006361,C006361,annual,588.0,,2026-03-02,,active
S000147,C000147,monthly,59.0,,2025-01-19,2026-04-18,canceled
S011101,C011101,annual,588.0,,2026-09-10,,active
S003338,C003338,monthly,59.0,,2025-08-04,,active
S011611,C001419,annual,588.0,,2026-04-22,,active
S001588,C001588,monthly,59.0,,2025-04-11,2025-05-11,canceled
S009727,C009727,monthly,59.0,HARBOR50,2026-07-13,,active
S003037,C003037,annual,588.0,,2025-08-06,,active
S004208,C004208,monthly,59.0,,2025-10-12,,active
S007673,C007673,annual,588.0,,2026-05-11,,active
S010535,C010535,monthly,59.0,,2026-08-08,,active
S006524,C006524,monthly,59.0,,2026-03-06,,active
S009564,C009564,monthly,59.0,HARBOR50,2026-07-17,,active
S006699,C006699,monthly,59.0,HARBOR50,2026-03-15,,active
S000353,C000353,monthly,59.0,,2025-01-04,,canceled
S007665,C007665,monthly,59.0,,2026-05-10,,active
S007981,C007981,monthly,59.0,HARBOR50,2026-05-20,,active
S003447,C003447,monthly,59.0,,2025-09-10,,active
S005678,C005678,annual,588.0,,2026-01-15,,active
S005987,C005987,monthly,59.0,,2026-02-05,,active
S002220,C002220,monthly,59.0,,2025-06-22,,active
S000480,C000480,monthly,59.0,,2025-02-13,,active
S005816,C005816,monthly,59.0,,2026-02-01,,active
S009506,C009506,monthly,59.0,,2026-07-10,,active
S000041,C000041,annual,588.0,,2025-01-18,2025-02-03,canceled
S011565,C006045,annual,588.0,,2026-09-03,,active
S007130,C007130,monthly,59.0,,2026-04-25,,active
S004265,C004265,monthly,59.0,,2025-10-10,,canceled
S001832,C001832,monthly,59.0,,2025-05-14,,active
S010626,C010626,monthly,59.0,HARBOR50,2026-08-24,2026-08-28,canceled
S001872,C001872,monthly,59.0,,2025-05-13,2026-07-08,canceled
S011481,C001063,annual,588.0,,2026-04-10,,active
S002354,C002354,monthly,59.0,,2025-06-23,,active
S005850,C005850,annual,588.0,,2026-02-08,,active
S003028,C003028,monthly,59.0,,2025-08-29,2026-05-25,canceled
S001846,C001846,monthly,59.0,,2025-05-15,,active
S001466,C001466,monthly,59.0,,2025-04-19,,active
S004984,C004984,monthly,59.0,,2025-12-18,2026-06-18,canceled
S001301,C001301,monthly,59.0,,2025-04-04,,active
S002151,C002151,monthly,59.0,,2025-06-10,2025-11-13,canceled
S000120,C000120,annual,588.0,,2025-01-10,,active
S010681,C010681,monthly,59.0,,2026-08-04,2026-09-07,canceled
S005215,C005215,monthly,59.0,,2025-12-23,,active
S008230,C008230,monthly,59.0,HARBOR50,2026-05-22,,active
S007512,C007512,monthly,59.0,HARBOR50,2026-04-15,2026-08-17,canceled
S001210,C001210,monthly,59.0,,2025-03-14,2025-11-08,canceled
S003832,C003832,monthly,59.0,,2025-09-01,2026-07-06,canceled
S008112,C008112,monthly,59.0,HARBOR50,2026-05-06,,active
S007935,C007935,monthly,59.0,,2026-05-01,,active
S003049,C003049,monthly,59.0,,2025-08-22,,active
S011000,C011000,monthly,59.0,HARBOR50,2026-08-29,,active
S003535,C003535,annual,588.0,,2025-09-17,2025-10-10,canceled
S007818,C007818,monthly,59.0,,2026-05-29,,active
S000251,C000251,monthly,59.0,,2025-01-08,2025-12-12,canceled
S006362,C006362,monthly,59.0,,2026-03-07,,active
S006451,C006451,monthly,59.0,,2026-03-05,,active
S005069,C005069,monthly,59.0,,2025-12-23,,active
S003326,C003326,monthly,59.0,,2025-08-28,2025-10-31,canceled
S007663,C007663,monthly,59.0,,2026-05-20,2026-08-13,canceled
S004997,C004997,monthly,59.0,,2025-12-18,,active
S006684,C006684,monthly,59.0,HARBOR50,2026-03-18,2026-07-22,canceled
S009890,C009890,monthly,59.0,HARBOR50,2026-07-05,,active
S010233,C010233,monthly,59.0,,2026-08-10,,active
S002419,C002419,monthly,59.0,,2025-06-12,,active
S003897,C003897,annual,588.0,,2025-10-10,,active
S001898,C001898,annual,588.0,,2025-05-10,,active
S011404,C011404,monthly,59.0,COMP100,2025-12-04,2025-12-05,canceled
S006100,C006100,monthly,59.0,,2026-02-20,2026-03-27,canceled
S000983,C000983,monthly,59.0,,2025-03-29,,active
S001861,C001861,monthly,59.0,,2025-05-06,2025-09-10,canceled
S003235,C003235,monthly,59.0,,2025-08-25,2025-09-19,canceled
S005666,C005666,monthly,59.0,,2026-01-29,,active
S003899,C003899,monthly,59.0,,2025-10-04,2026-09-04,canceled
S008416,C008416,monthly,59.0,,2026-06-14,,active
S001156,C001156,monthly,59.0,,2025-03-08,2025-10-05,canceled
S004388,C004388,monthly,59.0,,2025-11-06,,active
S011433,C011433,monthly,59.0,COMP100,2025-11-23,,active
S010358,C010358,annual,588.0,,2026-08-23,,active
S000345,C000345,monthly,59.0,,2025-01-19,,active
S009004,C009004,monthly,59.0,,2026-06-12,,active
S000253,C000253,monthly,59.0,,2025-01-13,,active
S007703,C007703,annual,588.0,,2026-05-19,,active
S008602,C008602,monthly,59.0,,2026-06-24,,active
S009127,C009127,monthly,59.0,,2026-06-20,,active
S003777,C003777,monthly,59.0,,2025-09-16,2026-03-20,canceled
S004349,C004349,monthly,59.0,,2025-11-16,,active
S005969,C005969,monthly,59.0,,2026-02-22,,active
S008938,C008938,monthly,59.0,HARBOR50,2026-06-15,,active
S010236,C010236,monthly,59.0,,2026-08-06,,active
S003428,C003428,monthly,59.0,,2025-09-01,2026-01-01,canceled
S002447,C002447,monthly,59.0,,2025-06-25,,active
S002037,C002037,monthly,59.0,,2025-05-25,2025-12-25,canceled
S001682,C001682,monthly,59.0,,2025-05-27,2026-01-19,canceled
S011506,C002761,annual,588.0,,2026-05-12,,active
S005079,C005079,monthly,59.0,,2025-12-25,,active
S002013,C002013,monthly,59.0,,2025-05-24,,active
S006866,C006866,annual,588.0,,2026-04-09,,active
S005338,C005338,monthly,59.0,,2026-01-30,,active
S006928,C006928,annual,588.0,,2026-04-06,,active
S009641,C009641,monthly,59.0,,2026-07-23,2026-08-07,canceled
S004571,C004571,monthly,59.0,,2025-11-25,,active
S007467,C007467,monthly,59.0,,2026-04-07,2026-06-12,canceled
S010949,C010949,monthly,59.0,HARBOR50,2026-08-23,,active
S002587,C002587,monthly,59.0,,2025-07-21,,active
S000135,C000135,monthly,59.0,,2025-01-05,,active
S004699,C004699,monthly,59.0,,2025-11-13,,active
S010194,C010194,annual,588.0,,2026-08-12,,active
S008058,C008058,monthly,59.0,,2026-05-20,,active
S008549,C008549,annual,588.0,,2026-06-25,,active
S007827,C007827,monthly,59.0,,2026-05-27,,active
S001525,C001525,monthly,59.0,,2025-04-15,2025-06-15,canceled
S008648,C008648,annual,588.0,,2026-06-08,,active
S005145,C005145,annual,588.0,,2025-12-11,,active
S001285,C001285,monthly,59.0,,2025-04-09,2025-11-12,canceled
S001115,C001115,monthly,59.0,,2025-03-25,,active
S002059,C002059,monthly,59.0,,2025-05-01,,active
S007311,C007311,monthly,59.0,HARBOR50,2026-04-07,,active
S005343,C005343,monthly,59.0,,2026-01-05,,active
S008164,C008164,monthly,59.0,HARBOR50,2026-05-12,,active
S010070,C010070,monthly,59.0,HARBOR50,2026-07-10,,active
S008914,C008914,monthly,59.0,HARBOR50,2026-06-09,,active
S001924,C001924,monthly,59.0,,2025-05-16,,active
S005378,C005378,monthly,59.0,,2026-01-26,,active
S000479,C000479,monthly,59.0,,2025-02-05,2026-06-06,canceled
S001243,C001243,annual,588.0,,2025-03-22,,active
S007102,C007102,monthly,59.0,,2026-04-24,,active
S007891,C007891,monthly,59.0,,2026-05-06,,active
S002257,C002257,monthly,59.0,,2025-06-07,2025-12-08,canceled
S010047,C010047,monthly,59.0,,2026-07-30,,active
S006306,C006306,monthly,59.0,,2026-03-07,,active
S008114,C008114,monthly,59.0,,2026-05-17,,active
S005030,C005030,monthly,59.0,,2025-12-14,,active
S004182,C004182,annual,588.0,,2025-10-01,,active
S008098,C008098,monthly,59.0,HARBOR50,2026-05-26,,active
S000128,C000128,monthly,59.0,,2025-01-15,,active
S009470,C009470,annual,588.0,,2026-07-10,,active
S004886,C004886,annual,588.0,,2025-12-11,,active
S001990,C001990,monthly,59.0,,2025-05-04,,active
S009120,C009120,monthly,59.0,HARBOR50,2026-06-16,2026-09-14,canceled
S005670,C005670,annual,588.0,,2026-01-09,,active
S000705,C000705,monthly,59.0,,2025-02-04,2025-09-03,canceled
S001252,C001252,annual,588.0,,2025-03-24,,active
S007279,C007279,annual,588.0,,2026-04-03,,active
S004545,C004545,annual,588.0,,2025-11-13,,active
S003849,C003849,annual,588.0,,2025-09-21,,active
S009909,C009909,monthly,59.0,HARBOR50,2026-07-03,,active
S007176,C007176,monthly,59.0,,2026-04-13,,active
S004717,C004717,monthly,59.0,,2025-11-25,2025-12-29,canceled
S009405,C009405,monthly,59.0,,2026-07-30,,active
S009019,C009019,monthly,59.0,HARBOR50,2026-06-16,,active
S001962,C001962,monthly,59.0,,2025-05-26,2026-05-26,canceled
S004667,C004667,annual,588.0,,2025-11-01,,active
S002233,C002233,monthly,59.0,,2025-06-27,2025-09-20,canceled
S011507,C004406,annual,588.0,,2026-07-21,,active
S005593,C005593,annual,588.0,,2026-01-18,,active
S003745,C003745,monthly,59.0,,2025-09-26,,active
S005073,C005073,monthly,59.0,,2025-12-17,,active
S007493,C007493,monthly,59.0,HARBOR50,2026-04-10,,active
S009386,C009386,monthly,59.0,,2026-07-15,,active
S007669,C007669,monthly,59.0,,2026-05-22,,active
S003164,C003164,monthly,59.0,,2025-08-09,,active
S002899,C002899,annual,588.0,,2025-07-28,,active
S007019,C007019,monthly,59.0,,2026-04-14,,active
S006926,C006926,monthly,59.0,,2026-04-03,,active
S006792,C006792,monthly,59.0,HARBOR50,2026-03-20,,active
S006198,C006198,monthly,59.0,,2026-02-04,,active
S009294,C009294,monthly,59.0,,2026-06-16,2026-07-01,canceled
S008836,C008836,monthly,59.0,HARBOR50,2026-06-06,,active
S004174,C004174,monthly,59.0,,2025-10-26,,active
S004295,C004295,monthly,59.0,,2025-10-16,2026-08-13,canceled
S004824,C004824,monthly,59.0,,2025-12-23,,active
S002369,C002369,annual,588.0,,2025-06-18,,active
S006592,C006592,monthly,59.0,HARBOR50,2026-03-21,,active
S001731,C001731,monthly,59.0,,2025-05-05,2026-01-07,canceled
S009301,C009301,monthly,59.0,HARBOR50,2026-06-05,,active
S011304,C011304,monthly,59.0,HARBOR50,2026-09-14,,active
S003495,C003495,monthly,59.0,,2025-09-19,,active
S009414,C009414,annual,588.0,,2026-07-14,,active
S009662,C009662,monthly,59.0,,2026-07-27,,active
S009094,C009094,monthly,59.0,HARBOR50,2026-06-25,,active
S007111,C007111,monthly,59.0,,2026-04-05,,active
S007081,C007081,monthly,59.0,,2026-04-20,,active
S009512,C009512,monthly,59.0,,2026-07-28,,active
S004877,C004877,annual,588.0,,2025-12-29,,active
S010335,C010335,annual,588.0,,2026-08-27,,active
S007484,C007484,monthly,59.0,HARBOR50,2026-04-06,,active
S011129,C011129,monthly,59.0,,2026-09-07,,active
S001914,C001914,monthly,59.0,,2025-05-16,2026-06-21,canceled
S010422,C010422,monthly,59.0,HARBOR50,2026-08-13,,active
S005430,C005430,annual,588.0,,2026-01-22,,active
S009362,C009362,monthly,59.0,,2026-07-24,,active
S002909,C002909,annual,588.0,,2025-07-06,,active
S005492,C005492,annual,588.0,,2026-01-21,,active
S000495,C000495,annual,588.0,,2025-02-03,,active
S005836,C005836,annual,588.0,,2026-02-16,,active
S010720,C010720,annual,588.0,,2026-08-01,,active
S011428,C011428,monthly,59.0,COMP100,2025-07-28,2025-07-29,canceled
S008425,C008425,annual,588.0,,2026-06-12,,active
S006961,C006961,monthly,59.0,,2026-04-28,,active
S007237,C007237,monthly,59.0,,2026-04-13,,active
S004506,C004506,annual,588.0,,2025-11-19,,active
S002347,C002347,monthly,59.0,,2025-06-29,,active
S007545,C007545,monthly,59.0,HARBOR50,2026-04-13,,active
S004981,C004981,annual,588.0,,2025-12-12,,active
S002307,C002307,monthly,59.0,,2025-06-19,,active
S000556,C000556,annual,588.0,,2025-02-14,,active
S000071,C000071,monthly,59.0,,2025-01-15,,active
S000695,C000695,monthly,59.0,,2025-02-19,2025-04-15,canceled
S002275,C002275,monthly,59.0,,2025-06-08,2025-09-01,canceled
S000698,C000698,annual,588.0,,2025-02-23,2026-02-24,canceled
S003727,C003727,annual,588.0,,2025-09-24,,active
S009565,C009565,monthly,59.0,,2026-07-14,,active
S002553,C002553,monthly,59.0,,2025-07-11,,active
S008799,C008799,monthly,59.0,,2026-06-14,,active
S003415,C003415,monthly,59.0,,2025-09-11,,active
S002384,C002384,monthly,59.0,,2025-06-30,,active
S002260,C002260,monthly,59.0,,2025-06-02,,active
S000104,C000104,monthly,59.0,,2025-01-02,2025-02-28,canceled
S004195,C004195,monthly,59.0,,2025-10-26,,active
S003844,C003844,monthly,59.0,,2025-09-12,2026-03-17,canceled
S009614,C009614,monthly,59.0,,2026-07-26,2026-08-07,canceled
S008934,C008934,monthly,59.0,HARBOR50,2026-06-21,,active
S004439,C004439,monthly,59.0,,2025-11-20,,active
S003448,C003448,monthly,59.0,,2025-09-18,,active
S007800,C007800,monthly,59.0,,2026-05-17,,active
S006551,C006551,monthly,59.0,,2026-03-03,,active
S005299,C005299,monthly,59.0,,2026-01-31,,active
S010348,C010348,monthly,59.0,,2026-08-22,2026-09-07,canceled
S008055,C008055,monthly,59.0,HARBOR50,2026-05-31,2026-07-02,canceled
S009535,C009535,monthly,59.0,,2026-07-19,,active
S004436,C004436,monthly,59.0,,2025-11-23,,active
S006017,C006017,annual,588.0,,2026-02-14,,active
S005552,C005552,monthly,59.0,,2026-01-05,,active
S001638,C001638,monthly,59.0,,2025-04-12,,active
S010624,C010624,monthly,59.0,HARBOR50,2026-08-08,,active
S001970,C001970,monthly,59.0,,2025-05-26,,active
S005810,C005810,monthly,59.0,,2026-02-19,,active
S009178,C009178,monthly,59.0,HARBOR50,2026-06-20,,active
S008161,C008161,monthly,59.0,,2026-05-12,,active
S004398,C004398,monthly,59.0,,2025-11-01,2025-12-31,canceled
S011514,C006280,annual,588.0,,2026-09-11,,active
S011615,C000073,annual,588.0,,2025-11-27,,active
S001293,C001293,monthly,59.0,,2025-04-19,,active
S004433,C004433,monthly,59.0,,2025-11-28,,active
S001749,C001749,monthly,59.0,,2025-05-19,,active
S006197,C006197,monthly,59.0,,2026-02-22,,active
S007950,C007950,monthly,59.0,HARBOR50,2026-05-05,,active
S009238,C009238,monthly,59.0,HARBOR50,2026-06-11,2026-07-17,canceled
S000518,C000518,annual,588.0,,2025-02-10,,active
S005236,C005236,monthly,59.0,,2025-12-26,2026-06-29,canceled
S007628,C007628,monthly,59.0,HARBOR50,2026-04-15,2026-07-12,canceled
S008664,C008664,monthly,59.0,HARBOR50,2026-06-23,,active
S000739,C000739,annual,588.0,,2025-02-18,,active
S010963,C010963,monthly,59.0,HARBOR50,2026-08-10,,active
S001703,C001703,monthly,59.0,,2025-05-27,,active
S005811,C005811,monthly,59.0,,2026-02-11,,active
S009589,C009589,monthly,59.0,,2026-07-10,,active
S009663,C009663,annual,588.0,,2026-07-23,,active
S007123,C007123,monthly,59.0,,2026-04-09,,active
S010265,C010265,monthly,59.0,,2026-08-03,,active
S011271,C011271,monthly,59.0,HARBOR50,2026-09-08,,active
S001448,C001448,monthly,59.0,,2025-04-24,,active
S009170,C009170,monthly,59.0,HARBOR50,2026-06-07,,active
S008033,C008033,monthly,59.0,HARBOR50,2026-05-11,2026-09-11,canceled
S007620,C007620,monthly,59.0,HARBOR50,2026-04-29,,active
S011392,C011392,monthly,59.0,COMP100,2025-09-20,,active
S011072,C011072,monthly,59.0,,2026-09-13,,active
S001024,C001024,monthly,59.0,,2025-03-08,,active
S005718,C005718,monthly,59.0,,2026-01-02,2026-01-30,canceled
S006875,C006875,monthly,59.0,,2026-04-27,,active
S006848,C006848,monthly,59.0,HARBOR50,2026-03-02,2026-03-31,canceled
S010673,C010673,monthly,59.0,HARBOR50,2026-08-14,,active
S008958,C008958,monthly,59.0,HARBOR50,2026-06-11,,active
S001050,C001050,monthly,59.0,,2025-03-26,2025-07-29,canceled
S009345,C009345,monthly,59.0,,2026-07-05,,active
S002694,C002694,monthly,59.0,,2025-07-02,2026-02-01,canceled
S003483,C003483,monthly,59.0,,2025-09-07,,active
S007580,C007580,monthly,59.0,HARBOR50,2026-04-21,,active
S003607,C003607,annual,588.0,,2025-09-19,,active
S008908,C008908,monthly,59.0,HARBOR50,2026-06-14,,active
S004319,C004319,monthly,59.0,,2025-10-22,,active
S010760,C010760,monthly,59.0,HARBOR50,2026-08-21,,active
S010816,C010816,monthly,59.0,HARBOR50,2026-08-19,,active
S001557,C001557,monthly,59.0,,2025-04-28,2026-01-23,canceled
S001629,C001629,monthly,59.0,,2025-04-20,,active
S011094,C011094,monthly,59.0,,2026-09-06,,active
S007757,C007757,monthly,59.0,,2026-05-13,,active
S003176,C003176,monthly,59.0,,2025-08-30,,active
S002118,C002118,monthly,59.0,,2025-06-30,2026-01-30,canceled
S011185,C011185,monthly,59.0,,2026-09-03,,active
S002103,C002103,monthly,59.0,,2025-06-25,,active
S002441,C002441,monthly,59.0,,2025-06-03,2026-07-29,canceled
S010009,C010009,monthly,59.0,HARBOR50,2026-07-13,,active
S001016,C001016,monthly,59.0,,2025-03-28,,active
S008704,C008704,annual,588.0,,2026-06-30,,active
S011155,C011155,monthly,59.0,,2026-09-07,,active
S005669,C005669,annual,588.0,,2026-01-11,,active
S008017,C008017,monthly,59.0,HARBOR50,2026-05-11,2026-09-08,canceled
S000846,C000846,annual,588.0,,2025-03-25,,active
S004198,C004198,monthly,59.0,,2025-10-13,2025-12-15,canceled
S004771,C004771,monthly,59.0,,2025-11-30,2025-12-31,canceled
S002580,C002580,monthly,59.0,,2025-07-17,2025-10-13,canceled
S007528,C007528,monthly,59.0,HARBOR50,2026-04-07,,active
S002505,C002505,annual,588.0,,2025-07-20,,active
S008379,C008379,monthly,59.0,HARBOR50,2026-05-05,2026-09-03,canceled
S011647,C000192,annual,588.0,,2026-09-13,,active
S005361,C005361,monthly,59.0,,2026-01-18,,active
S004890,C004890,monthly,59.0,,2025-12-05,,active
S001822,C001822,monthly,59.0,,2025-05-16,,active
S008299,C008299,monthly,59.0,HARBOR50,2026-05-23,2026-06-01,canceled
S006396,C006396,monthly,59.0,,2026-03-21,,active
S005191,C005191,annual,588.0,,2025-12-22,,active
S008145,C008145,monthly,59.0,HARBOR50,2026-05-13,,active
S001547,C001547,monthly,59.0,,2025-04-15,2025-04-19,canceled
S000315,C000315,monthly,59.0,,2025-01-24,2025-02-20,canceled
S000513,C000513,monthly,59.0,,2025-02-08,,active
S000286,C000286,monthly,59.0,,2025-01-22,,active
S008328,C008328,monthly,59.0,HARBOR50,2026-05-09,,active
S003032,C003032,monthly,59.0,,2025-08-23,,active
S010298,C010298,annual,588.0,,2026-08-17,,active
S008872,C008872,monthly,59.0,HARBOR50,2026-06-27,,active
S008710,C008710,monthly,59.0,HARBOR50,2026-06-14,,active
S009003,C009003,monthly,59.0,HARBOR50,2026-06-12,,active
S004715,C004715,monthly,59.0,,2025-11-04,,active
S002502,C002502,monthly,59.0,,2025-07-16,,active
S002536,C002536,annual,588.0,,2025-07-24,,active
S006090,C006090,monthly,59.0,,2026-02-06,,active
S008614,C008614,monthly,59.0,,2026-06-14,,active
S010159,C010159,monthly,59.0,,2026-08-07,,active
S010923,C010923,monthly,59.0,HARBOR50,2026-08-07,,active
S009531,C009531,monthly,59.0,,2026-07-16,,active
S001974,C001974,monthly,59.0,,2025-05-06,,active
S011464,C004115,annual,588.0,,2026-06-01,,active
S010134,C010134,monthly,59.0,,2026-08-23,,active
S003259,C003259,monthly,59.0,,2025-08-19,,active
S007549,C007549,monthly,59.0,HARBOR50,2026-04-02,2026-05-06,canceled
S004676,C004676,monthly,59.0,,2025-11-06,2026-06-06,canceled
S007970,C007970,monthly,59.0,,2026-05-08,,active
S005029,C005029,monthly,59.0,,2025-12-27,,active
S004023,C004023,monthly,59.0,,2025-10-21,2026-05-27,canceled
S002301,C002301,annual,588.0,,2025-06-09,,active
S002609,C002609,annual,588.0,,2025-07-30,,active
S003104,C003104,monthly,59.0,,2025-08-05,,active
S004546,C004546,monthly,59.0,,2025-11-29,,active
S001481,C001481,monthly,59.0,,2025-04-05,,active
S008005,C008005,monthly,59.0,HARBOR50,2026-05-25,,active
S003424,C003424,monthly,59.0,,2025-09-08,,active
S000334,C000334,monthly,59.0,,2025-01-24,,active
S006507,C006507,annual,588.0,,2026-03-19,,active
S008673,C008673,monthly,59.0,HARBOR50,2026-06-05,,active
S000336,C000336,annual,588.0,,2025-01-20,2026-01-21,canceled
S002308,C002308,monthly,59.0,,2025-06-27,2025-08-22,canceled
S002205,C002205,annual,588.0,,2025-06-04,2026-06-06,canceled
S003970,C003970,monthly,59.0,,2025-10-02,2025-12-02,canceled
S011315,C011315,monthly,59.0,HARBOR50,2026-09-14,,active
S006427,C006427,annual,588.0,,2026-03-06,,active
S007633,C007633,monthly,59.0,HARBOR50,2026-04-03,2026-07-01,canceled
S001566,C001566,annual,588.0,,2025-04-04,,active
S009913,C009913,monthly,59.0,HARBOR50,2026-07-22,,active
S007216,C007216,monthly,59.0,HARBOR50,2026-04-22,2026-07-27,canceled
S004594,C004594,monthly,59.0,,2025-11-23,,active
S010357,C010357,monthly,59.0,,2026-08-27,,active
S002550,C002550,monthly,59.0,,2025-07-02,,active
S007495,C007495,monthly,59.0,HARBOR50,2026-04-24,,active
S004761,C004761,monthly,59.0,,2025-11-02,2025-11-26,canceled
S011201,C011201,monthly,59.0,HARBOR50,2026-09-05,,active
S002905,C002905,annual,588.0,,2025-07-09,,active
S005976,C005976,monthly,59.0,,2026-02-28,,active
S011664,C004140,annual,588.0,,2026-07-18,,active
S009802,C009802,monthly,59.0,,2026-07-03,,active
S006053,C006053,monthly,59.0,,2026-02-13,,active
S005276,C005276,monthly,59.0,,2025-12-01,2026-06-04,canceled
S010764,C010764,monthly,59.0,HARBOR50,2026-08-03,,active
S002779,C002779,monthly,59.0,,2025-07-09,,active
S007424,C007424,monthly,59.0,HARBOR50,2026-04-09,2026-08-11,canceled
S008348,C008348,monthly,59.0,HARBOR50,2026-05-04,,active
S008257,C008257,monthly,59.0,HARBOR50,2026-05-06,2026-08-30,canceled
S008991,C008991,monthly,59.0,HARBOR50,2026-06-08,2026-07-06,canceled
S006913,C006913,monthly,59.0,,2026-04-11,2026-09-09,canceled
S005199,C005199,annual,588.0,,2025-12-05,,active
S002732,C002732,annual,588.0,,2025-07-04,2026-07-06,canceled
S002877,C002877,monthly,59.0,,2025-07-05,,active
S005750,C005750,monthly,59.0,,2026-02-09,,active
S002445,C002445,monthly,59.0,,2025-06-17,,active
S010570,C010570,monthly,59.0,,2026-08-05,,active
S004283,C004283,monthly,59.0,,2025-10-08,2025-12-04,canceled
S010394,C010394,monthly,59.0,,2026-08-18,,active
S003305,C003305,annual,588.0,,2025-08-06,,active
S006262,C006262,monthly,59.0,,2026-03-12,,active
S007317,C007317,monthly,59.0,HARBOR50,2026-04-09,2026-08-08,canceled
S009100,C009100,monthly,59.0,HARBOR50,2026-06-04,,active
S003462,C003462,monthly,59.0,,2025-09-19,,active
S008263,C008263,monthly,59.0,,2026-05-15,2026-05-18,canceled
S004301,C004301,annual,588.0,,2025-10-22,,active
S008199,C008199,monthly,59.0,HARBOR50,2026-05-23,,active
S007329,C007329,monthly,59.0,HARBOR50,2026-04-12,,active
S003152,C003152,annual,588.0,,2025-08-07,,active
S005182,C005182,monthly,59.0,,2025-12-18,,active
S001343,C001343,annual,588.0,,2025-04-12,,active
S008586,C008586,monthly,59.0,,2026-06-27,,active
S005294,C005294,annual,588.0,,2026-01-22,,active
S007347,C007347,monthly,59.0,HARBOR50,2026-04-18,,active
S003913,C003913,monthly,59.0,,2025-10-25,,active
S003167,C003167,monthly,59.0,,2025-08-23,,active
S010260,C010260,monthly,59.0,,2026-08-02,,active
S010512,C010512,monthly,59.0,,2026-08-16,,active
S002178,C002178,monthly,59.0,,2025-06-29,,active
S004674,C004674,monthly,59.0,,2025-11-26,2026-03-23,canceled
S010460,C010460,monthly,59.0,,2026-08-02,,active
S005520,C005520,monthly,59.0,,2026-01-05,,active
S007699,C007699,monthly,59.0,,2026-05-25,,active
S011621,C001815,annual,588.0,,2026-04-28,,active
S006028,C006028,monthly,59.0,,2026-02-18,,active
S006132,C006132,monthly,59.0,,2026-02-03,2026-06-07,canceled
S000009,C000009,annual,588.0,,2025-01-10,,active
S007639,C007639,monthly,59.0,HARBOR50,2026-04-16,2026-08-20,canceled
S008680,C008680,monthly,59.0,,2026-06-07,,active
S007890,C007890,monthly,59.0,,2026-05-05,,active
S009043,C009043,monthly,59.0,HARBOR50,2026-06-03,,active
S009429,C009429,annual,588.0,,2026-07-08,,active
S008346,C008346,monthly,59.0,HARBOR50,2026-05-12,,active
S011221,C011221,monthly,59.0,HARBOR50,2026-09-09,,active
S007322,C007322,monthly,59.0,HARBOR50,2026-04-19,,active
S002757,C002757,monthly,59.0,,2025-07-03,,active
S005500,C005500,monthly,59.0,,2026-01-27,,active
S009443,C009443,monthly,59.0,,2026-07-27,,active
S011508,C006301,annual,588.0,,2026-08-11,,active
S011018,C011018,monthly,59.0,,2026-09-12,,active
S006091,C006091,annual,588.0,,2026-02-23,,active
S005817,C005817,annual,588.0,,2026-02-03,,active
S007315,C007315,monthly,59.0,,2026-04-21,,active
S002995,C002995,monthly,59.0,,2025-08-29,,active
S006414,C006414,monthly,59.0,HARBOR50,2026-03-01,,canceled
S010740,C010740,monthly,59.0,HARBOR50,2026-08-01,,active
S008207,C008207,monthly,59.0,,2026-05-24,,active
S010747,C010747,monthly,59.0,HARBOR50,2026-08-21,,active
S006473,C006473,monthly,59.0,,2026-03-30,,active
S011230,C011230,monthly,59.0,HARBOR50,2026-09-02,,active
S003818,C003818,monthly,59.0,,2025-09-19,2025-11-19,canceled
S008224,C008224,monthly,59.0,HARBOR50,2026-05-03,,active
S009841,C009841,monthly,59.0,HARBOR50,2026-07-05,,active
S010356,C010356,monthly,59.0,,2026-08-10,,active
S008703,C008703,monthly,59.0,,2026-06-05,,active
S011571,C004074,annual,588.0,,2026-03-19,,active
S002898,C002898,annual,588.0,,2025-07-11,2026-07-12,canceled
S000384,C000384,annual,588.0,,2025-01-31,,active
S004130,C004130,monthly,59.0,,2025-10-16,,active
S010798,C010798,monthly,59.0,HARBOR50,2026-08-29,,active
S000134,C000134,monthly,59.0,,2025-01-12,,active
S011557,C006946,annual,588.0,,2026-08-02,,active
S001264,C001264,monthly,59.0,,2025-04-03,,active
S006933,C006933,monthly,59.0,,2026-04-27,,active
S002266,C002266,monthly,59.0,,2025-06-15,,active
S006055,C006055,annual,588.0,,2026-02-09,,active
S006423,C006423,monthly,59.0,,2026-03-06,,active
S006574,C006574,monthly,59.0,,2026-03-17,,active
S007761,C007761,annual,588.0,,2026-05-24,,active
S003780,C003780,monthly,59.0,,2025-09-16,,active
S006140,C006140,annual,588.0,,2026-02-11,,active
S006255,C006255,annual,588.0,,2026-03-07,,active
S002702,C002702,monthly,59.0,,2025-07-17,,active
S001972,C001972,monthly,59.0,,2025-05-26,,active
S010498,C010498,annual,588.0,,2026-08-12,,active
S001206,C001206,monthly,59.0,,2025-03-08,2026-06-10,canceled
S005209,C005209,monthly,59.0,,2025-12-05,2026-07-09,canceled
S006969,C006969,monthly,59.0,,2026-04-13,,active
S007377,C007377,monthly,59.0,HARBOR50,2026-04-19,,active
S005948,C005948,annual,588.0,,2026-02-07,,active
S011246,C011246,monthly,59.0,HARBOR50,2026-09-03,,active
S002080,C002080,annual,588.0,,2025-05-23,,active
S005134,C005134,monthly,59.0,,2025-12-13,2026-03-16,canceled
S003041,C003041,monthly,59.0,,2025-08-27,,active
S009519,C009519,monthly,59.0,,2026-07-07,,active
S001421,C001421,monthly,59.0,,2025-04-02,,active
S004516,C004516,annual,588.0,,2025-11-05,,active
S001039,C001039,monthly,59.0,,2025-03-16,2026-01-19,canceled
S005370,C005370,monthly,59.0,,2026-01-18,,active
S005773,C005773,monthly,59.0,,2026-02-12,2026-04-15,canceled
S004123,C004123,monthly,59.0,,2025-10-17,,active
S008133,C008133,monthly,59.0,HARBOR50,2026-05-17,,active
S000626,C000626,annual,588.0,,2025-02-15,,active
S000929,C000929,monthly,59.0,,2025-03-06,2025-10-01,canceled
S000007,C000007,monthly,59.0,,2025-01-04,2025-02-06,canceled
S005623,C005623,monthly,59.0,,2026-01-06,,active
S002284,C002284,monthly,59.0,,2025-06-20,,active
S002399,C002399,monthly,59.0,,2025-06-12,,active
S006918,C006918,monthly,59.0,,2026-04-05,,active
S004887,C004887,monthly,59.0,,2025-12-08,,active
S007850,C007850,monthly,59.0,,2026-05-11,,active
S003154,C003154,monthly,59.0,,2025-08-15,,active
S005833,C005833,monthly,59.0,,2026-02-19,,active
S011146,C011146,monthly,59.0,,2026-09-10,,active
S002280,C002280,monthly,59.0,,2025-06-25,2026-02-26,canceled
S000446,C000446,annual,588.0,,2025-02-02,,active
S006292,C006292,monthly,59.0,,2026-03-27,,active
S009903,C009903,annual,588.0,,2026-07-31,,active
S010285,C010285,monthly,59.0,,2026-08-30,,active
S004918,C004918,monthly,59.0,,2025-12-29,,active
S009314,C009314,annual,588.0,,2026-07-30,,active
S000272,C000272,monthly,59.0,,2025-01-17,,active
S006871,C006871,monthly,59.0,,2026-04-28,,active
S010473,C010473,monthly,59.0,,2026-08-17,,active
S003588,C003588,annual,588.0,,2025-09-16,,active
S004389,C004389,annual,588.0,,2025-11-22,,active
S000052,C000052,annual,588.0,,2025-01-21,,active
S000434,C000434,annual,588.0,,2025-02-06,,active
S008932,C008932,monthly,59.0,HARBOR50,2026-06-10,,active
S008700,C008700,monthly,59.0,,2026-06-04,,active
S007961,C007961,monthly,59.0,,2026-05-01,,active
S002843,C002843,monthly,59.0,,2025-07-17,,active
S008515,C008515,monthly,59.0,,2026-06-22,,active
S011301,C011301,monthly,59.0,HARBOR50,2026-09-06,,active
S008290,C008290,monthly,59.0,HARBOR50,2026-05-24,,active
S011117,C011117,monthly,59.0,HARBOR50,2026-09-12,,active
S000066,C000066,monthly,59.0,,2025-01-01,,active
S000028,C000028,monthly,59.0,,2025-01-25,,active
S006492,C006492,monthly,59.0,HARBOR50,2026-03-18,,active
S004161,C004161,annual,588.0,,2025-10-07,,active
S008603,C008603,monthly,59.0,,2026-06-23,,active
S005028,C005028,monthly,59.0,,2025-12-04,,active
S007366,C007366,monthly,59.0,HARBOR50,2026-04-13,,active
S007070,C007070,annual,588.0,,2026-04-07,,active
S002030,C002030,annual,588.0,,2025-05-05,2026-05-07,canceled
S001639,C001639,monthly,59.0,,2025-04-06,2025-08-07,canceled
S007187,C007187,annual,588.0,,2026-04-05,,active
S000684,C000684,monthly,59.0,,2025-02-25,2026-07-23,canceled
S009444,C009444,monthly,59.0,,2026-07-22,2026-08-22,canceled
S011311,C011311,monthly,59.0,HARBOR50,2026-09-12,,active
S006776,C006776,monthly,59.0,,2026-03-18,,active
S009953,C009953,monthly,59.0,HARBOR50,2026-07-23,,active
S005318,C005318,monthly,59.0,,2026-01-05,2026-05-01,canceled
S001613,C001613,monthly,59.0,,2025-04-20,,active
S004764,C004764,monthly,59.0,,2025-11-08,,active
S004845,C004845,monthly,59.0,,2025-12-18,,active
S000386,C000386,monthly,59.0,,2025-01-02,2025-09-05,canceled
S005255,C005255,monthly,59.0,,2025-12-21,,active
S008936,C008936,monthly,59.0,HARBOR50,2026-06-13,,active
S007923,C007923,monthly,59.0,,2026-05-01,,active
S009328,C009328,monthly,59.0,,2026-07-04,,active
S002121,C002121,monthly,59.0,,2025-06-11,,active
S003732,C003732,monthly,59.0,,2025-09-15,2026-07-11,canceled
S000525,C000525,monthly,59.0,,2025-02-01,2025-03-09,canceled
S002377,C002377,monthly,59.0,,2025-06-03,2025-10-06,canceled
S007052,C007052,monthly,59.0,,2026-04-10,,active
S011436,C011436,monthly,59.0,COMP100,2025-10-10,2025-10-14,canceled
S006083,C006083,monthly,59.0,,2026-02-28,,active
S006420,C006420,monthly,59.0,,2026-03-23,,active
S011485,C003975,annual,588.0,,2026-03-23,,active
S001700,C001700,monthly,59.0,,2025-05-01,2025-12-28,canceled
S004302,C004302,monthly,59.0,,2025-10-29,2026-07-27,canceled
S006589,C006589,monthly,59.0,HARBOR50,2026-03-04,,active
S005283,C005283,annual,588.0,,2025-12-15,,active
S010741,C010741,monthly,59.0,HARBOR50,2026-08-20,,active
S005668,C005668,monthly,59.0,,2026-01-09,,active
S010266,C010266,monthly,59.0,,2026-08-23,,active
S007674,C007674,monthly,59.0,,2026-05-24,,active
S006756,C006756,monthly,59.0,HARBOR50,2026-03-11,,active
S007276,C007276,monthly,59.0,HARBOR50,2026-04-20,,active
S007368,C007368,monthly,59.0,HARBOR50,2026-04-22,,active
S008865,C008865,monthly,59.0,HARBOR50,2026-06-12,,active
S003277,C003277,monthly,59.0,,2025-08-03,2026-04-05,canceled
S011346,C011346,monthly,59.0,COMP100,2025-10-27,2025-10-29,canceled
S011051,C011051,monthly,59.0,,2026-09-02,,active
S004264,C004264,annual,588.0,,2025-10-27,,active
S003736,C003736,monthly,59.0,,2025-09-06,2026-08-11,canceled
S001730,C001730,monthly,59.0,,2025-05-30,,active
S001773,C001773,annual,588.0,,2025-05-28,2026-06-03,canceled
S002925,C002925,monthly,59.0,,2025-07-08,2026-06-03,canceled
S011516,C004808,annual,588.0,,2026-04-28,,active
S004048,C004048,monthly,59.0,,2025-10-20,2026-02-23,canceled
S001879,C001879,monthly,59.0,,2025-05-06,,active
S004294,C004294,monthly,59.0,,2025-10-22,,active
S004923,C004923,monthly,59.0,,2025-12-07,2026-07-06,canceled
S005115,C005115,annual,588.0,,2025-12-17,,active
S000061,C000061,monthly,59.0,,2025-01-15,,active
S000866,C000866,monthly,59.0,,2025-03-06,2026-04-07,canceled
S000875,C000875,monthly,59.0,,2025-03-24,,active
S003829,C003829,monthly,59.0,,2025-09-23,2026-08-29,canceled
S011558,C005626,annual,588.0,,2026-05-26,,active
S011478,C006332,annual,588.0,,2026-08-18,,active
S002603,C002603,monthly,59.0,,2025-07-06,,active
S008460,C008460,monthly,59.0,,2026-06-13,,active
S010685,C010685,monthly,59.0,HARBOR50,2026-08-12,,active
S001549,C001549,monthly,59.0,,2025-04-26,2026-07-23,canceled
S009796,C009796,monthly,59.0,HARBOR50,2026-07-17,,active
S004316,C004316,monthly,59.0,,2025-10-28,,active
S006316,C006316,annual,588.0,,2026-03-18,,active
S001122,C001122,annual,588.0,,2025-03-24,,active
S009708,C009708,monthly,59.0,HARBOR50,2026-07-12,,active
S004437,C004437,monthly,59.0,,2025-11-04,,active
S002954,C002954,monthly,59.0,,2025-08-16,,active
S000180,C000180,annual,588.0,,2025-01-05,,active
S011475,C006515,annual,588.0,,2026-08-03,,active
S009200,C009200,monthly,59.0,HARBOR50,2026-06-17,,active
S009882,C009882,monthly,59.0,HARBOR50,2026-07-31,,active
S011552,C001473,annual,588.0,,2026-08-07,,active
S003274,C003274,annual,588.0,,2025-08-29,2026-09-01,canceled
S003740,C003740,monthly,59.0,,2025-09-13,,active
S011438,C011438,monthly,59.0,COMP100,2026-04-21,2026-04-23,canceled
S001223,C001223,monthly,59.0,,2025-03-25,2025-07-29,canceled
S000229,C000229,monthly,59.0,,2025-01-23,2025-01-27,canceled
S003466,C003466,monthly,59.0,,2025-09-27,,active
S009645,C009645,annual,588.0,,2026-07-04,,active
S010992,C010992,monthly,59.0,HARBOR50,2026-08-23,,active
S003759,C003759,annual,588.0,,2025-09-24,,active
S011177,C011177,monthly,59.0,,2026-09-05,,active
S010270,C010270,monthly,59.0,,2026-08-23,,active
S004325,C004325,monthly,59.0,,2025-10-11,2025-11-06,canceled
S000724,C000724,monthly,59.0,,2025-02-25,,active
S008761,C008761,monthly,59.0,HARBOR50,2026-06-18,,active
S006783,C006783,monthly,59.0,HARBOR50,2026-03-12,2026-08-14,canceled
S005585,C005585,monthly,59.0,,2026-01-16,,active
S007854,C007854,monthly,59.0,,2026-05-12,,active
S004521,C004521,annual,588.0,,2025-11-15,,active
S010865,C010865,monthly,59.0,HARBOR50,2026-08-09,,active
S008422,C008422,monthly,59.0,,2026-06-07,,active
S001194,C001194,monthly,59.0,,2025-03-27,2026-06-29,canceled
S008438,C008438,monthly,59.0,,2026-06-24,,active
S011077,C011077,monthly,59.0,,2026-09-14,,active
S009257,C009257,monthly,59.0,HARBOR50,2026-06-22,,active
S002927,C002927,annual,588.0,,2025-07-23,,active
S007220,C007220,annual,588.0,,2026-04-25,,active
S003441,C003441,monthly,59.0,,2025-09-11,,active
S007912,C007912,monthly,59.0,,2026-05-31,,active
S011465,C005697,annual,588.0,,2026-07-16,,active
S003547,C003547,monthly,59.0,,2025-09-15,,active
S011502,C005905,annual,588.0,,2026-08-31,,active
S002948,C002948,monthly,59.0,,2025-08-26,,active
S003748,C003748,annual,588.0,,2025-09-13,,active
S010864,C010864,monthly,59.0,HARBOR50,2026-08-10,,active
S005852,C005852,annual,588.0,,2026-02-14,,active
S009510,C009510,annual,588.0,,2026-07-14,,active
S007679,C007679,monthly,59.0,,2026-05-30,,active
S002745,C002745,monthly,59.0,,2025-07-19,2026-05-14,canceled
S007156,C007156,monthly,59.0,,2026-04-28,,active
S009262,C009262,monthly,59.0,HARBOR50,2026-06-04,,active
S009479,C009479,monthly,59.0,,2026-07-22,,active
S007695,C007695,monthly,59.0,,2026-05-25,,active
S000594,C000594,monthly,59.0,,2025-02-19,2025-08-16,canceled
S010850,C010850,monthly,59.0,HARBOR50,2026-08-26,,active
S004884,C004884,monthly,59.0,,2025-12-14,,active
S006431,C006431,monthly,59.0,,2026-03-02,,active
S007082,C007082,annual,588.0,,2026-04-09,,active
S003633,C003633,monthly,59.0,,2025-09-15,,active
S005005,C005005,monthly,59.0,,2025-12-04,,active
S010087,C010087,monthly,59.0,HARBOR50,2026-07-05,,active
S001935,C001935,monthly,59.0,,2025-05-05,2026-05-03,canceled
S006750,C006750,monthly,59.0,HARBOR50,2026-03-02,,active
S002184,C002184,monthly,59.0,,2025-06-03,,active
S008000,C008000,monthly,59.0,HARBOR50,2026-05-12,,active
S010323,C010323,monthly,59.0,,2026-08-02,,active
S002548,C002548,monthly,59.0,,2025-07-10,2025-09-07,canceled
S003863,C003863,monthly,59.0,,2025-10-28,,active
S003369,C003369,monthly,59.0,,2025-08-25,,active
S007606,C007606,monthly,59.0,HARBOR50,2026-04-05,,active
S003203,C003203,annual,588.0,,2025-08-29,,active
S004815,C004815,annual,588.0,,2025-12-03,,active
S002896,C002896,monthly,59.0,,2025-07-06,,active
S004696,C004696,annual,588.0,,2025-11-26,,active
S002113,C002113,annual,588.0,,2025-06-23,,active
S010431,C010431,monthly,59.0,,2026-08-21,,active
S002724,C002724,monthly,59.0,,2025-07-19,,active
S007171,C007171,monthly,59.0,HARBOR50,2026-04-04,,active
S005296,C005296,monthly,59.0,,2026-01-10,,active
S008018,C008018,monthly,59.0,HARBOR50,2026-05-14,,active
S002962,C002962,annual,588.0,,2025-08-22,2026-08-23,canceled
S008350,C008350,monthly,59.0,HARBOR50,2026-05-30,,active
S006052,C006052,annual,588.0,,2026-02-19,,active
S005867,C005867,monthly,59.0,,2026-02-24,,active
S003076,C003076,monthly,59.0,,2025-08-02,2025-11-01,canceled
S002363,C002363,monthly,59.0,,2025-06-11,2026-03-17,canceled
S002459,C002459,monthly,59.0,,2025-06-23,2025-11-16,canceled
S002460,C002460,monthly,59.0,,2025-06-03,2026-04-01,canceled
S002146,C002146,monthly,59.0,,2025-06-05,2025-06-08,canceled
S007642,C007642,monthly,59.0,HARBOR50,2026-04-27,2026-08-27,canceled
S010661,C010661,monthly,59.0,HARBOR50,2026-08-25,,active
S003668,C003668,monthly,59.0,,2025-09-23,,active
S001189,C001189,monthly,59.0,,2025-03-17,,active
S010903,C010903,monthly,59.0,HARBOR50,2026-08-22,,active
S002527,C002527,monthly,59.0,,2025-07-22,2025-10-20,canceled
S006034,C006034,annual,588.0,,2026-02-09,,active
S009613,C009613,monthly,59.0,,2026-07-24,,active
S010321,C010321,monthly,59.0,,2026-08-17,,active
S007091,C007091,monthly,59.0,,2026-04-05,,active
S002986,C002986,monthly,59.0,,2025-08-18,2025-11-13,canceled
S009783,C009783,monthly,59.0,HARBOR50,2026-07-04,,active
S001126,C001126,monthly,59.0,,2025-03-04,2025-08-28,canceled
S007059,C007059,monthly,59.0,,2026-04-15,2026-09-12,canceled
S011641,C007381,annual,588.0,,2026-09-12,,active
S010080,C010080,monthly,59.0,HARBOR50,2026-07-15,,active
S009128,C009128,monthly,59.0,HARBOR50,2026-06-01,,active
S011292,C011292,monthly,59.0,HARBOR50,2026-09-06,,active
S009375,C009375,monthly,59.0,,2026-07-02,,active
S004968,C004968,monthly,59.0,,2025-12-13,,active
S004112,C004112,monthly,59.0,,2025-10-11,,active
S008816,C008816,monthly,59.0,HARBOR50,2026-06-06,,active
S009289,C009289,monthly,59.0,HARBOR50,2026-06-24,2026-08-29,canceled
S006476,C006476,annual,588.0,,2026-03-27,,active
S010425,C010425,monthly,59.0,,2026-08-30,,active
S007370,C007370,monthly,59.0,HARBOR50,2026-04-03,,active
S010189,C010189,annual,588.0,,2026-08-02,,active
S003532,C003532,monthly,59.0,,2025-09-23,,active
S004656,C004656,monthly,59.0,,2025-11-04,2026-06-30,canceled
S002279,C002279,annual,588.0,,2025-06-02,,active
S008186,C008186,monthly,59.0,,2026-05-17,2026-07-15,canceled
S010783,C010783,monthly,59.0,HARBOR50,2026-08-30,,active
S002230,C002230,monthly,59.0,,2025-06-04,,active
S008119,C008119,monthly,59.0,HARBOR50,2026-05-28,,active
S004465,C004465,monthly,59.0,,2025-11-18,,active
S004331,C004331,monthly,59.0,,2025-10-20,2026-08-15,canceled
S006118,C006118,annual,588.0,,2026-02-24,,active
S008864,C008864,monthly,59.0,,2026-06-26,,active
S000634,C000634,monthly,59.0,,2025-02-28,,active
S002274,C002274,monthly,59.0,,2025-06-18,,active
S003375,C003375,monthly,59.0,,2025-08-02,2026-03-01,canceled
S000231,C000231,monthly,59.0,,2025-01-18,,active
S005340,C005340,monthly,59.0,,2026-01-12,,active
S002862,C002862,annual,588.0,,2025-07-12,,active
S010238,C010238,monthly,59.0,,2026-08-15,,active
S008174,C008174,monthly,59.0,HARBOR50,2026-05-26,,active
S007125,C007125,monthly,59.0,,2026-04-04,,active
S001116,C001116,monthly,59.0,,2025-03-05,2025-09-01,canceled
S005226,C005226,monthly,59.0,,2025-12-02,2026-04-06,canceled
S005671,C005671,annual,588.0,,2026-01-05,,active
S005248,C005248,monthly,59.0,,2025-12-20,2026-06-15,canceled
S004263,C004263,monthly,59.0,,2025-10-14,,active
S006357,C006357,monthly,59.0,,2026-03-23,,active
S007314,C007314,monthly,59.0,HARBOR50,2026-04-18,,active
S002714,C002714,monthly,59.0,,2025-07-01,,active
S006150,C006150,annual,588.0,,2026-02-20,,active
S004814,C004814,monthly,59.0,,2025-12-15,,active
S002076,C002076,annual,588.0,,2025-05-15,,active
S000763,C000763,monthly,59.0,,2025-02-09,,active
S008296,C008296,monthly,59.0,HARBOR50,2026-05-01,,active
S011262,C011262,monthly,59.0,HARBOR50,2026-09-04,,active
S002255,C002255,monthly,59.0,,2025-06-12,,active
S001364,C001364,monthly,59.0,,2025-04-09,,active
S002920,C002920,annual,588.0,,2025-07-14,,active
S011553,C001010,annual,588.0,,2026-06-10,,active
S010879,C010879,monthly,59.0,HARBOR50,2026-08-07,,active
S011530,C003105,annual,588.0,,2026-04-07,,active
S001946,C001946,annual,588.0,,2025-05-11,,active
S001244,C001244,monthly,59.0,,2025-03-05,2026-05-31,canceled
S000880,C000880,monthly,59.0,,2025-03-26,,active
S010231,C010231,monthly,59.0,,2026-08-15,,active
S001689,C001689,annual,588.0,,2025-05-02,,active
S001501,C001501,monthly,59.0,,2025-04-06,2026-01-10,canceled
S004333,C004333,monthly,59.0,,2025-10-06,,active
S011019,C011019,monthly,59.0,,2026-09-07,,active
S010910,C010910,monthly,59.0,HARBOR50,2026-08-19,,active
S006107,C006107,monthly,59.0,,2026-02-04,,active
S005147,C005147,annual,588.0,,2025-12-10,,active
S005116,C005116,monthly,59.0,,2025-12-31,,active
S002186,C002186,monthly,59.0,,2025-06-21,,active
S009169,C009169,monthly,59.0,HARBOR50,2026-06-10,,active
S002051,C002051,monthly,59.0,,2025-05-26,2025-06-20,canceled
S002201,C002201,annual,588.0,,2025-06-11,,active
S003531,C003531,monthly,59.0,,2025-09-29,,active
S010835,C010835,monthly,59.0,HARBOR50,2026-08-02,,active
S007508,C007508,monthly,59.0,HARBOR50,2026-04-18,,active
S010515,C010515,monthly,59.0,,2026-08-03,,active
S009488,C009488,monthly,59.0,,2026-07-29,,active
S001274,C001274,annual,588.0,,2025-04-01,,active
S009477,C009477,monthly,59.0,,2026-07-25,2026-08-21,canceled
S005501,C005501,annual,588.0,,2026-01-19,,active
S001021,C001021,annual,588.0,,2025-03-05,,active
S004233,C004233,monthly,59.0,,2025-10-18,,active
S011462,C001533,annual,588.0,,2025-08-20,,active
S000632,C000632,monthly,59.0,,2025-02-18,2026-08-23,canceled
S011600,C001807,annual,588.0,,2026-08-16,,active
S008814,C008814,monthly,59.0,HARBOR50,2026-06-04,2026-08-31,canceled
S005777,C005777,monthly,59.0,,2026-02-16,,active
S003552,C003552,monthly,59.0,,2025-09-13,,active
S000452,C000452,annual,588.0,,2025-02-02,,active
S010315,C010315,monthly,59.0,,2026-08-22,,active
S004091,C004091,monthly,59.0,,2025-10-18,,active
S010164,C010164,annual,588.0,,2026-08-31,,active
S011069,C011069,annual,588.0,,2026-09-11,,active
S002310,C002310,monthly,59.0,,2025-06-23,,active
S010818,C010818,monthly,59.0,HARBOR50,2026-08-12,,active
S003942,C003942,monthly,59.0,,2025-10-17,,active
S011130,C011130,monthly,59.0,,2026-09-01,,active
S008253,C008253,monthly,59.0,HARBOR50,2026-05-24,,active
S007937,C007937,monthly,59.0,,2026-05-01,,active
S009584,C009584,monthly,59.0,,2026-07-03,,active
S009151,C009151,monthly,59.0,HARBOR50,2026-06-16,,active
S009173,C009173,monthly,59.0,HARBOR50,2026-06-08,,active
S010680,C010680,monthly,59.0,HARBOR50,2026-08-02,,active
S000332,C000332,monthly,59.0,,2025-01-29,2026-04-02,canceled
S005194,C005194,monthly,59.0,,2025-12-16,2026-08-16,canceled
S003086,C003086,monthly,59.0,,2025-08-20,,active
S010145,C010145,monthly,59.0,,2026-08-22,,active
S003643,C003643,monthly,59.0,,2025-09-13,2025-09-26,canceled
S006218,C006218,annual,588.0,,2026-03-27,,active
S002312,C002312,monthly,59.0,,2025-06-23,,active
S005831,C005831,annual,588.0,,2026-02-21,,active
S002601,C002601,monthly,59.0,,2025-07-19,2025-11-17,canceled
S000276,C000276,annual,588.0,,2025-01-25,,active
S009880,C009880,monthly,59.0,HARBOR50,2026-07-29,,active
S004099,C004099,monthly,59.0,,2025-10-22,2026-06-25,canceled
S006598,C006598,monthly,59.0,HARBOR50,2026-03-29,,active
S008292,C008292,monthly,59.0,HARBOR50,2026-05-03,,active
S007878,C007878,monthly,59.0,,2026-05-31,,active
S002851,C002851,monthly,59.0,,2025-07-21,2025-10-21,canceled
S007864,C007864,monthly,59.0,,2026-05-25,,active
S007199,C007199,monthly,59.0,,2026-04-30,,active
S000858,C000858,monthly,59.0,,2025-03-17,2025-06-16,canceled
S003708,C003708,monthly,59.0,,2025-09-08,,active
S000722,C000722,monthly,59.0,,2025-02-19,2025-03-22,canceled
S010250,C010250,monthly,59.0,,2026-08-02,,active
S007218,C007218,monthly,59.0,HARBOR50,2026-04-08,,active
S003525,C003525,monthly,59.0,,2025-09-11,,active
S003931,C003931,monthly,59.0,,2025-10-30,2025-12-25,canceled
S005560,C005560,monthly,59.0,,2026-01-23,,active
S003597,C003597,monthly,59.0,,2025-09-30,,active
S008211,C008211,monthly,59.0,HARBOR50,2026-05-16,,active
S000205,C000205,monthly,59.0,,2025-01-08,,active
S007646,C007646,monthly,59.0,HARBOR50,2026-04-02,2026-08-07,canceled
S011144,C011144,monthly,59.0,,2026-09-07,,active
S005655,C005655,monthly,59.0,,2026-01-22,2026-02-13,canceled
S009915,C009915,monthly,59.0,,2026-07-28,,active
S004903,C004903,monthly,59.0,,2025-12-13,,active
S008171,C008171,monthly,59.0,HARBOR50,2026-05-19,,active
S007797,C007797,monthly,59.0,,2026-05-05,,active
S007262,C007262,monthly,59.0,,2026-04-09,2026-04-29,canceled
S000240,C000240,monthly,59.0,,2025-01-28,,active
S007640,C007640,annual,588.0,,2026-04-26,,active
S006786,C006786,annual,588.0,,2026-03-03,,active
S001691,C001691,monthly,59.0,,2025-05-07,,active
S000214,C000214,annual,588.0,,2025-01-19,2026-01-24,canceled
S003582,C003582,annual,588.0,,2025-09-26,,active
S001987,C001987,monthly,59.0,,2025-05-28,2025-09-21,canceled
S007266,C007266,monthly,59.0,,2026-04-11,,active
S000393,C000393,monthly,59.0,,2025-01-15,2025-02-17,canceled
S008275,C008275,monthly,59.0,HARBOR50,2026-05-24,,active
S009105,C009105,monthly,59.0,HARBOR50,2026-06-16,,active
S007922,C007922,monthly,59.0,,2026-05-09,2026-09-03,canceled
S010246,C010246,monthly,59.0,,2026-08-11,,active
S009937,C009937,monthly,59.0,HARBOR50,2026-07-15,,active
S004255,C004255,monthly,59.0,,2025-10-05,2025-12-31,canceled
S007593,C007593,monthly,59.0,HARBOR50,2026-04-05,,active
S011002,C011002,monthly,59.0,HARBOR50,2026-08-14,,active
S011504,C004351,annual,588.0,,2026-05-04,,active
S001814,C001814,monthly,59.0,,2025-05-16,,active
S000285,C000285,annual,588.0,,2025-01-23,,active
S003275,C003275,monthly,59.0,,2025-08-22,,active
S002709,C002709,monthly,59.0,,2025-07-10,,active
S011204,C011204,monthly,59.0,HARBOR50,2026-09-12,,active
S009887,C009887,monthly,59.0,HARBOR50,2026-07-03,,active
S003671,C003671,monthly,59.0,,2025-09-25,,active
S007946,C007946,monthly,59.0,,2026-05-31,,active
S007423,C007423,monthly,59.0,HARBOR50,2026-04-13,,active
S011429,C011429,monthly,59.0,COMP100,2025-12-10,2025-12-15,canceled
S006192,C006192,monthly,59.0,,2026-02-15,2026-05-22,canceled
S000200,C000200,monthly,59.0,,2025-01-30,2026-09-01,canceled
S011347,C011347,monthly,59.0,COMP100,2026-04-22,2026-04-23,canceled
S007047,C007047,monthly,59.0,,2026-04-07,,active
S003444,C003444,monthly,59.0,,2025-09-03,2026-07-03,canceled
S002132,C002132,monthly,59.0,,2025-06-16,,canceled
S001176,C001176,annual,588.0,,2025-03-28,,active
S008685,C008685,annual,588.0,,2026-06-06,,active
S002083,C002083,monthly,59.0,,2025-05-22,,active
S004960,C004960,annual,588.0,,2025-12-25,,active
S005397,C005397,monthly,59.0,,2026-01-06,,active
S010886,C010886,monthly,59.0,HARBOR50,2026-08-09,,active
S000092,C000092,monthly,59.0,,2025-01-28,2026-06-27,canceled
S002663,C002663,monthly,59.0,,2025-07-01,,active
S006719,C006719,monthly,59.0,HARBOR50,2026-03-26,,active
S011335,C011335,monthly,59.0,HARBOR50,2026-09-01,,active
S004273,C004273,monthly,59.0,,2025-10-06,,active
S007921,C007921,monthly,59.0,HARBOR50,2026-05-13,,active
S002053,C002053,monthly,59.0,,2025-05-23,2025-08-24,canceled
S005350,C005350,monthly,59.0,,2026-01-18,,active
S010929,C010929,monthly,59.0,HARBOR50,2026-08-26,,active
S010828,C010828,monthly,59.0,HARBOR50,2026-08-24,,active
S004476,C004476,monthly,59.0,,2025-11-27,,active
S007941,C007941,monthly,59.0,,2026-05-06,,active
S001516,C001516,monthly,59.0,,2025-04-30,2026-06-02,canceled
S010950,C010950,monthly,59.0,HARBOR50,2026-08-01,,active
S011681,C005079,annual,588.0,,2026-05-31,,active
S000154,C000154,monthly,59.0,,2025-01-19,,active
S010746,C010746,monthly,59.0,HARBOR50,2026-08-08,,active
S007444,C007444,monthly,59.0,HARBOR50,2026-04-29,2026-06-03,canceled
S008138,C008138,monthly,59.0,HARBOR50,2026-05-26,,active
S009999,C009999,monthly,59.0,,2026-07-16,,active
S007321,C007321,monthly,59.0,HARBOR50,2026-04-09,,active
S007590,C007590,monthly,59.0,HARBOR50,2026-04-22,,active
S002155,C002155,annual,588.0,,2025-06-21,2025-06-10,canceled
S000734,C000734,monthly,59.0,,2025-02-13,,active
S008245,C008245,annual,588.0,,2026-05-26,,active
S006060,C006060,monthly,59.0,,2026-02-09,,active
S006253,C006253,annual,588.0,,2026-03-26,,active
S010033,C010033,monthly,59.0,HARBOR50,2026-07-31,,active
S000742,C000742,monthly,59.0,,2025-02-10,2026-07-08,canceled
S002128,C002128,monthly,59.0,,2025-06-08,2025-10-12,canceled
S002212,C002212,monthly,59.0,,2025-06-19,,active
S002534,C002534,monthly,59.0,,2025-07-02,,active
S000973,C000973,monthly,59.0,,2025-03-30,,active
S005162,C005162,annual,588.0,,2025-12-10,,active
S005686,C005686,annual,588.0,,2026-01-05,,active
S009230,C009230,monthly,59.0,HARBOR50,2026-06-07,,active
S010933,C010933,annual,588.0,,2026-08-09,,active
S001012,C001012,monthly,59.0,,2025-03-04,2025-06-07,canceled
S009036,C009036,monthly,59.0,HARBOR50,2026-06-12,,active
S010544,C010544,annual,588.0,,2026-08-06,,active
S005422,C005422,monthly,59.0,,2026-01-31,,active
S000949,C000949,monthly,59.0,,2025-03-28,2026-06-22,canceled
S003097,C003097,monthly,59.0,,2025-08-24,,active
S001424,C001424,monthly,59.0,,2025-04-25,,active
S005765,C005765,annual,588.0,,2026-02-12,,active
S005136,C005136,monthly,59.0,,2025-12-30,,active
S006612,C006612,monthly,59.0,HARBOR50,2026-03-02,,active
S008166,C008166,monthly,59.0,HARBOR50,2026-05-30,,active
S002105,C002105,monthly,59.0,,2025-06-14,2026-08-14,canceled
S001840,C001840,monthly,59.0,,2025-05-16,,active
S009421,C009421,monthly,59.0,,2026-07-26,,active
S002512,C002512,annual,588.0,,2025-07-27,,active
S003728,C003728,monthly,59.0,,2025-09-04,,active
S009475,C009475,monthly,59.0,,2026-07-02,,active
S001514,C001514,monthly,59.0,,2025-04-14,2025-12-11,canceled
S000614,C000614,monthly,59.0,,2025-02-18,,active
S006966,C006966,monthly,59.0,,2026-04-15,,active
S011081,C011081,annual,588.0,,2026-09-07,,active
S002596,C002596,annual,588.0,,2025-07-14,2026-07-15,canceled
S000775,C000775,monthly,59.0,,2025-02-09,2025-09-09,canceled
S006225,C006225,monthly,59.0,,2026-03-17,,active
S007143,C007143,monthly,59.0,,2026-04-13,,active
S010463,C010463,monthly,59.0,,2026-08-16,,active
S000014,C000014,monthly,59.0,,2025-01-07,2025-11-02,canceled
S001807,C001807,monthly,59.0,,2025-05-01,,active
S005763,C005763,monthly,59.0,,2026-02-26,,active
S005772,C005772,monthly,59.0,,2026-02-26,,active
S009886,C009886,annual,588.0,,2026-07-19,,active
S007908,C007908,monthly,59.0,HARBOR50,2026-05-07,2026-09-02,canceled
S005176,C005176,annual,588.0,,2025-12-28,,active
S007182,C007182,monthly,59.0,,2026-04-12,,active
S002114,C002114,annual,588.0,,2025-06-03,,active
S004712,C004712,monthly,59.0,,2025-11-27,,active
S007871,C007871,annual,588.0,,2026-05-09,,active
S004050,C004050,monthly,59.0,,2025-10-03,2025-10-25,canceled
S003629,C003629,monthly,59.0,,2025-09-27,,active
S001089,C001089,monthly,59.0,,2025-03-31,2025-08-31,canceled
S003512,C003512,annual,588.0,,2025-09-06,2026-09-09,canceled
S004189,C004189,monthly,59.0,,2025-10-07,2025-12-01,canceled
S000155,C000155,annual,588.0,,2025-01-28,,active
S004303,C004303,monthly,59.0,,2025-10-17,,active
S006520,C006520,monthly,59.0,,2026-03-31,,active
S010881,C010881,annual,588.0,,2026-08-25,,active
S009972,C009972,monthly,59.0,HARBOR50,2026-07-23,,active
S005230,C005230,monthly,59.0,,2025-12-08,2026-01-07,canceled
S002490,C002490,annual,588.0,,2025-06-20,,active
S006227,C006227,monthly,59.0,,2026-03-20,,active
S000851,C000851,monthly,59.0,,2025-03-25,2026-06-29,canceled
S002316,C002316,annual,588.0,,2025-06-25,2026-06-26,canceled
S001486,C001486,monthly,59.0,,2025-04-09,2026-01-06,canceled
S004379,C004379,annual,588.0,,2025-11-09,,active
S002737,C002737,monthly,59.0,,2025-07-19,,active
S003056,C003056,monthly,59.0,,2025-08-28,2026-01-25,canceled
S003142,C003142,annual,588.0,,2025-08-28,,active
S007099,C007099,monthly,59.0,,2026-04-11,,active
S000465,C000465,monthly,59.0,,2025-02-14,2026-09-11,canceled
S001537,C001537,monthly,59.0,,2025-04-03,,active
S008237,C008237,monthly,59.0,HARBOR50,2026-05-24,,active
S010380,C010380,monthly,59.0,,2026-08-01,,active
S010188,C010188,monthly,59.0,,2026-08-30,,active
S000348,C000348,monthly,59.0,,2025-01-13,2026-01-10,canceled
S007652,C007652,monthly,59.0,HARBOR50,2026-04-16,,active
S003989,C003989,monthly,59.0,,2025-10-28,,active
S001028,C001028,annual,588.0,,2025-03-23,2025-03-31,canceled
S000888,C000888,annual,588.0,,2025-03-10,,active
S007043,C007043,monthly,59.0,,2026-04-01,,active
S004925,C004925,monthly,59.0,,2025-12-17,,active
S006392,C006392,monthly,59.0,,2026-03-28,,active
S008883,C008883,monthly,59.0,HARBOR50,2026-06-14,,active
S009788,C009788,monthly,59.0,HARBOR50,2026-07-23,,active
S009674,C009674,monthly,59.0,,2026-07-19,2026-08-24,canceled
S000764,C000764,annual,588.0,,2025-02-22,,active
S006258,C006258,monthly,59.0,,2026-03-26,,active
S010534,C010534,annual,588.0,,2026-08-02,,active
S006023,C006023,annual,588.0,,2026-02-26,,active
S005828,C005828,monthly,59.0,,2026-02-07,,active
S011039,C011039,monthly,59.0,,2026-09-13,,active
S003600,C003600,monthly,59.0,,2025-09-30,,active
S001604,C001604,annual,588.0,,2025-04-16,2026-04-19,canceled
S005710,C005710,annual,588.0,,2026-01-30,,active
S011137,C011137,monthly,59.0,,2026-09-09,,active
S002572,C002572,monthly,59.0,,2025-07-28,2026-08-22,canceled
S008709,C008709,monthly,59.0,,2026-06-16,,active
S004938,C004938,monthly,59.0,,2025-12-29,,active
S009966,C009966,monthly,59.0,HARBOR50,2026-07-22,,active
S008639,C008639,annual,588.0,,2026-06-03,,active
S001292,C001292,monthly,59.0,,2025-04-14,2025-11-14,canceled
S001849,C001849,annual,588.0,,2025-05-26,,active
S002767,C002767,monthly,59.0,,2025-07-16,,active
S008014,C008014,monthly,59.0,HARBOR50,2026-05-23,2026-08-21,canceled
S003964,C003964,annual,588.0,,2025-10-31,,active
S001196,C001196,monthly,59.0,,2025-03-18,2026-08-14,canceled
S000540,C000540,annual,588.0,,2025-02-03,,active
S005702,C005702,monthly,59.0,,2026-01-08,,active
S011003,C011003,monthly,59.0,HARBOR50,2026-08-24,,active
S011032,C011032,annual,588.0,,2026-09-02,,active
S002085,C002085,monthly,59.0,,2025-05-02,2026-04-28,canceled
S011085,C011085,annual,588.0,,2026-09-07,,active
S007358,C007358,monthly,59.0,HARBOR50,2026-04-20,,active
S008092,C008092,monthly,59.0,HARBOR50,2026-05-05,,active
S004514,C004514,monthly,59.0,,2025-11-24,,active
S010633,C010633,monthly,59.0,HARBOR50,2026-08-04,,active
S004318,C004318,monthly,59.0,,2025-10-17,2026-05-23,canceled
S000664,C000664,monthly,59.0,,2025-02-22,,active
S005503,C005503,monthly,59.0,,2026-01-15,,active
S008489,C008489,monthly,59.0,,2026-06-30,,active
S002507,C002507,monthly,59.0,,2025-07-11,,active
S011290,C011290,monthly,59.0,HARBOR50,2026-09-14,,active
S005888,C005888,monthly,59.0,,2026-02-26,,active
S003568,C003568,annual,588.0,,2025-09-21,,active
S004329,C004329,monthly,59.0,,2025-10-07,,active
S005891,C005891,monthly,59.0,,2026-02-16,,active
S003741,C003741,monthly,59.0,,2025-09-16,2026-05-13,canceled
S003947,C003947,monthly,59.0,,2025-10-13,,active
S011166,C011166,monthly,59.0,,2026-09-13,,active
S002325,C002325,monthly,59.0,,2025-06-28,,active
S005588,C005588,monthly,59.0,,2026-01-20,2026-04-25,canceled
S004120,C004120,monthly,59.0,,2025-10-05,2025-12-31,canceled
S003270,C003270,monthly,59.0,,2025-08-13,,active
S006167,C006167,monthly,59.0,,2026-02-12,2026-05-17,canceled
S000076,C000076,monthly,59.0,,2025-01-25,2025-09-25,canceled
S009063,C009063,monthly,59.0,HARBOR50,2026-06-02,,active
S010896,C010896,monthly,59.0,HARBOR50,2026-08-09,,active
S001256,C001256,monthly,59.0,,2025-04-30,,active
S002706,C002706,monthly,59.0,,2025-07-07,,active
S002001,C002001,monthly,59.0,,2025-05-21,,active
S003481,C003481,monthly,59.0,,2025-09-28,,active
S006226,C006226,monthly,59.0,,2026-03-28,,active
S011058,C011058,monthly,59.0,,2026-09-10,,active
S000967,C000967,monthly,59.0,,2025-03-30,,active
S005334,C005334,monthly,59.0,,2026-01-15,,active
S001066,C001066,monthly,59.0,,2025-03-05,2026-06-03,canceled
S010075,C010075,monthly,59.0,HARBOR50,2026-07-13,2026-08-12,canceled
S009347,C009347,monthly,59.0,,2026-07-06,,active
S006388,C006388,monthly,59.0,,2026-03-26,,active
S003962,C003962,monthly,59.0,,2025-10-18,,active
S007793,C007793,monthly,59.0,,2026-05-27,,active
S003591,C003591,monthly,59.0,,2025-09-17,2026-03-21,canceled
S004577,C004577,monthly,59.0,,2025-11-02,,active
S005615,C005615,monthly,59.0,,2026-01-13,,active
S003311,C003311,monthly,59.0,,2025-08-21,,active
S000770,C000770,annual,588.0,,2025-02-22,,active
S004327,C004327,monthly,59.0,,2025-10-22,,active
S008568,C008568,monthly,59.0,,2026-06-20,,active
S005982,C005982,annual,588.0,,2026-02-09,,active
S007116,C007116,monthly,59.0,HARBOR50,2026-04-17,2026-04-30,canceled
S006455,C006455,monthly,59.0,,2026-03-15,,active
S000924,C000924,monthly,59.0,,2025-03-21,,active
S011591,C005814,annual,588.0,,2026-08-11,,active
S003510,C003510,monthly,59.0,,2025-09-23,,active
S009417,C009417,monthly,59.0,,2026-07-22,,active
S007825,C007825,monthly,59.0,,2026-05-08,,active
S003963,C003963,annual,588.0,,2025-10-14,,active
S011206,C011206,monthly,59.0,HARBOR50,2026-09-03,,active
S009787,C009787,monthly,59.0,,2026-07-07,,active
S010731,C010731,monthly,59.0,HARBOR50,2026-08-06,,active
S010684,C010684,monthly,59.0,HARBOR50,2026-08-06,,active
S010161,C010161,annual,588.0,,2026-08-18,,active
S004154,C004154,monthly,59.0,,2025-10-17,,active
S004101,C004101,monthly,59.0,,2025-10-30,2026-01-25,canceled
S001979,C001979,monthly,59.0,,2025-05-07,2026-05-08,canceled
S001944,C001944,annual,588.0,,2025-05-07,2026-05-12,canceled
S003742,C003742,monthly,59.0,,2025-09-18,,active
S000481,C000481,monthly,59.0,,2025-02-16,2025-06-22,canceled
S007691,C007691,monthly,59.0,,2026-05-11,,active
S000226,C000226,monthly,59.0,,2025-01-28,2026-09-02,canceled
S008595,C008595,monthly,59.0,,2026-06-16,2026-07-12,canceled
S005174,C005174,monthly,59.0,,2025-12-26,,active
S007271,C007271,monthly,59.0,HARBOR50,2026-04-10,,active
S006575,C006575,monthly,59.0,HARBOR50,2026-03-25,2026-05-19,canceled
S007355,C007355,monthly,59.0,HARBOR50,2026-04-20,2026-07-15,canceled
S011453,C011453,monthly,59.0,COMP100,2025-04-05,,active
S004600,C004600,monthly,59.0,,2025-11-04,,active
S001228,C001228,monthly,59.0,,2025-03-27,,active
S004818,C004818,monthly,59.0,,2025-12-09,,active
S000249,C000249,monthly,59.0,,2025-01-20,,active
S001174,C001174,monthly,59.0,,2025-03-05,2025-05-10,canceled
S003113,C003113,annual,588.0,,2025-08-17,,active
S008111,C008111,monthly,59.0,HARBOR50,2026-05-09,,active
S000281,C000281,monthly,59.0,,2025-01-01,,active
S004196,C004196,annual,588.0,,2025-10-13,,active
S007784,C007784,annual,588.0,,2026-05-16,,active
S003641,C003641,monthly,59.0,,2025-09-06,2026-06-09,canceled
S004932,C004932,monthly,59.0,,2025-12-23,,active
S001628,C001628,annual,588.0,,2025-04-13,,active
S003834,C003834,monthly,59.0,,2025-09-30,2025-11-26,canceled
S000351,C000351,annual,588.0,,2025-01-14,2026-01-17,canceled
S003523,C003523,monthly,59.0,,2025-09-06,,active
S006149,C006149,monthly,59.0,,2026-02-17,,active
S009948,C009948,monthly,59.0,HARBOR50,2026-07-14,,active
S000694,C000694,monthly,59.0,,2025-02-26,2026-03-24,canceled
S010868,C010868,monthly,59.0,HARBOR50,2026-08-23,,active
S004660,C004660,annual,588.0,,2025-11-16,,active
S009716,C009716,monthly,59.0,HARBOR50,2026-07-15,,active
S007203,C007203,monthly,59.0,,2026-04-14,,active
S001239,C001239,annual,588.0,,2025-03-14,,active
S005224,C005224,monthly,59.0,,2025-12-18,2026-07-22,canceled
S004435,C004435,annual,588.0,,2025-11-05,,active
S009305,C009305,monthly,59.0,,2026-06-24,,active
S002356,C002356,annual,588.0,,2025-06-25,,active
S007926,C007926,monthly,59.0,,2026-05-06,,active
S006675,C006675,monthly,59.0,,2026-03-30,,active
S000204,C000204,monthly,59.0,,2025-01-18,,active
S008551,C008551,annual,588.0,,2026-06-01,,active
S006817,C006817,monthly,59.0,HARBOR50,2026-03-14,,active
S007232,C007232,monthly,59.0,,2026-04-13,,active
S005489,C005489,monthly,59.0,,2026-01-23,,active
S004406,C004406,monthly,59.0,,2025-11-24,,active
S000602,C000602,monthly,59.0,,2025-02-12,2025-03-15,canceled
S010575,C010575,monthly,59.0,HARBOR50,2026-08-02,,active
S000461,C000461,monthly,59.0,,2025-02-17,,active
S005897,C005897,monthly,59.0,,2026-02-14,,active
S001502,C001502,monthly,59.0,,2025-04-07,2025-05-02,canceled
S001384,C001384,monthly,59.0,,2025-04-08,2026-06-03,canceled
S009934,C009934,monthly,59.0,HARBOR50,2026-07-07,,active
S010883,C010883,monthly,59.0,HARBOR50,2026-08-17,,active
S000951,C000951,annual,588.0,,2025-03-23,,active
S006550,C006550,annual,588.0,,2026-03-19,,active
S005935,C005935,monthly,59.0,,2026-02-23,,active
S006736,C006736,monthly,59.0,HARBOR50,2026-03-01,,active
S003029,C003029,monthly,59.0,,2025-08-13,,canceled
S003665,C003665,annual,588.0,,2025-09-17,,active
S010968,C010968,monthly,59.0,HARBOR50,2026-08-30,,active
S001824,C001824,annual,588.0,,2025-05-26,2026-05-26,canceled
S010554,C010554,monthly,59.0,HARBOR50,2026-08-29,,active
S009232,C009232,monthly,59.0,HARBOR50,2026-06-01,,active
S002522,C002522,monthly,59.0,,2025-07-03,,active
S004096,C004096,annual,588.0,,2025-10-20,,active
S006854,C006854,monthly,59.0,,2026-03-09,,active
S003082,C003082,monthly,59.0,,2025-08-21,,active
S002455,C002455,monthly,59.0,,2025-06-22,2026-01-19,canceled
S006239,C006239,monthly,59.0,,2026-03-25,,active
S007600,C007600,monthly,59.0,,2026-04-08,,active
S009275,C009275,monthly,59.0,,2026-06-24,,active
S000536,C000536,monthly,59.0,,2025-02-04,,active
S007428,C007428,monthly,59.0,HARBOR50,2026-04-19,,active
S005899,C005899,monthly,59.0,,2026-02-05,,active
S000074,C000074,monthly,59.0,,2025-01-25,,active
S010339,C010339,monthly,59.0,,2026-08-18,,active
S010011,C010011,monthly,59.0,HARBOR50,2026-07-19,,active
S001241,C001241,monthly,59.0,,2025-03-22,,active
S009433,C009433,annual,588.0,,2026-07-27,,active
S001735,C001735,monthly,59.0,,2025-05-05,2026-04-04,canceled
S007359,C007359,monthly,59.0,HARBOR50,2026-04-04,,active
S002669,C002669,annual,588.0,,2025-07-22,,active
S008981,C008981,monthly,59.0,HARBOR50,2026-06-17,,active
S009196,C009196,monthly,59.0,HARBOR50,2026-06-07,,active
S009529,C009529,monthly,59.0,,2026-07-31,,active
S007090,C007090,monthly,59.0,,2026-04-11,,active
S003907,C003907,monthly,59.0,,2025-10-07,,active
S009733,C009733,annual,588.0,,2026-07-23,,active
S001054,C001054,monthly,59.0,,2025-03-08,,active
S002652,C002652,annual,588.0,,2025-07-06,,active
S010476,C010476,monthly,59.0,,2026-08-24,,active
S004975,C004975,monthly,59.0,,2025-12-16,,active
S005456,C005456,monthly,59.0,,2026-01-27,,active
S000432,C000432,monthly,59.0,,2025-02-17,2026-07-14,canceled
S008740,C008740,annual,588.0,,2026-06-10,,active
S004661,C004661,monthly,59.0,,2025-11-02,,active
S002839,C002839,annual,588.0,,2025-07-04,,active
S005419,C005419,annual,588.0,,2026-01-27,,active
S004488,C004488,monthly,59.0,,2025-11-18,,active
S010687,C010687,monthly,59.0,HARBOR50,2026-08-12,,active
S011006,C011006,monthly,59.0,HARBOR50,2026-08-07,,active
S003593,C003593,annual,588.0,,2025-09-19,,active
S000772,C000772,annual,588.0,,2025-02-24,,active
S004104,C004104,monthly,59.0,,2025-10-13,2026-05-08,canceled
S000042,C000042,monthly,59.0,,2025-01-10,,active
S002738,C002738,monthly,59.0,,2025-07-04,,active
S008444,C008444,monthly,59.0,,2026-06-05,,active
S002088,C002088,monthly,59.0,,2025-05-16,,active
S010953,C010953,monthly,59.0,HARBOR50,2026-08-25,,active
S007374,C007374,monthly,59.0,,2026-04-21,,active
S001160,C001160,annual,588.0,,2025-03-25,,active
S000530,C000530,annual,588.0,,2025-02-01,,active
S007651,C007651,monthly,59.0,HARBOR50,2026-04-08,2026-09-12,canceled
S001325,C001325,monthly,59.0,,2025-04-04,2026-04-09,canceled
S006272,C006272,monthly,59.0,,2026-03-24,,active
S008793,C008793,monthly,59.0,HARBOR50,2026-06-06,2026-06-29,canceled
S010908,C010908,monthly,59.0,HARBOR50,2026-08-03,,active
S011151,C011151,monthly,59.0,,2026-09-12,,active
S007616,C007616,monthly,59.0,,2026-04-22,,active
S002372,C002372,monthly,59.0,,2025-06-13,,active
S010378,C010378,annual,588.0,,2026-08-12,,active
S006257,C006257,monthly,59.0,,2026-03-26,2026-06-26,canceled
S007239,C007239,monthly,59.0,HARBOR50,2026-04-30,,active
S008711,C008711,monthly,59.0,,2026-06-22,,active
S007354,C007354,monthly,59.0,HARBOR50,2026-04-10,2026-08-08,canceled
S009581,C009581,annual,588.0,,2026-07-03,,active
S009046,C009046,monthly,59.0,HARBOR50,2026-06-14,,active
S007295,C007295,monthly,59.0,HARBOR50,2026-04-11,,active
S006637,C006637,monthly,59.0,HARBOR50,2026-03-01,2026-06-29,canceled
S001183,C001183,monthly,59.0,,2025-03-25,,active
S004412,C004412,annual,588.0,,2025-11-04,,active
S009631,C009631,monthly,59.0,,2026-07-12,,active
S003475,C003475,monthly,59.0,,2025-09-12,,active
S002002,C002002,monthly,59.0,,2025-05-07,,active
S010536,C010536,monthly,59.0,,2026-08-30,,active
S010875,C010875,monthly,59.0,HARBOR50,2026-08-23,,active
S001499,C001499,monthly,59.0,,2025-04-16,2025-06-18,canceled
S009844,C009844,monthly,59.0,HARBOR50,2026-07-14,,active
S001207,C001207,monthly,59.0,,2025-03-27,2025-09-23,canceled
S003127,C003127,monthly,59.0,,2025-08-08,,active
S008690,C008690,monthly,59.0,,2026-06-15,,active
S002707,C002707,monthly,59.0,,2025-07-02,,active
S006264,C006264,monthly,59.0,,2026-03-10,,active
S004489,C004489,annual,588.0,,2025-11-16,,active
S007096,C007096,annual,588.0,,2026-04-03,,active
S009991,C009991,monthly,59.0,HARBOR50,2026-07-07,,active
S003145,C003145,monthly,59.0,,2025-08-18,,active
S011361,C011361,monthly,59.0,COMP100,2025-11-12,,active
S005170,C005170,monthly,59.0,,2025-12-06,,active
S009223,C009223,monthly,59.0,HARBOR50,2026-06-13,,active
S004673,C004673,monthly,59.0,,2025-11-16,,active
S006974,C006974,monthly,59.0,,2026-04-25,,active
S005999,C005999,annual,588.0,,2026-02-18,,active
S011574,C003314,annual,588.0,,2026-08-17,,active
S001372,C001372,annual,588.0,,2025-04-04,,active
S006865,C006865,monthly,59.0,,2026-04-01,,active
S001928,C001928,monthly,59.0,,2025-05-02,2025-12-06,canceled
S007024,C007024,monthly,59.0,,2026-04-22,,active
S007429,C007429,monthly,59.0,HARBOR50,2026-04-20,,active
S008636,C008636,monthly,59.0,HARBOR50,2026-06-10,,active
S010587,C010587,monthly,59.0,HARBOR50,2026-08-22,,active
S002833,C002833,annual,588.0,,2025-07-15,2026-07-18,canceled
S007118,C007118,monthly,59.0,,2026-04-02,,active
S006607,C006607,monthly,59.0,HARBOR50,2026-03-25,,active
S005387,C005387,monthly,59.0,,2026-01-17,,active
S002594,C002594,monthly,59.0,,2025-07-19,,active
S002133,C002133,annual,588.0,,2025-06-10,,active
S010409,C010409,monthly,59.0,,2026-08-02,,active
S009093,C009093,monthly,59.0,HARBOR50,2026-06-19,,active
S004632,C004632,monthly,59.0,,2025-11-13,,active
S003551,C003551,monthly,59.0,,2025-09-10,,active
S001693,C001693,monthly,59.0,,2025-05-27,,active
S005961,C005961,monthly,59.0,,2026-02-08,,active
S006815,C006815,monthly,59.0,HARBOR50,2026-03-25,,active
S005232,C005232,annual,588.0,,2025-12-22,,active
S003854,C003854,monthly,59.0,,2025-09-20,2025-12-21,canceled
S003283,C003283,monthly,59.0,,2025-08-20,,active
S000058,C000058,annual,588.0,,2025-01-28,,active
S008032,C008032,monthly,59.0,HARBOR50,2026-05-22,,active
S003099,C003099,monthly,59.0,,2025-08-12,,active
S008280,C008280,monthly,59.0,HARBOR50,2026-05-09,,active
S004590,C004590,monthly,59.0,,2025-11-06,,active
S009134,C009134,monthly,59.0,HARBOR50,2026-06-06,2026-09-11,canceled
S009361,C009361,monthly,59.0,,2026-07-08,,active
S008600,C008600,annual,588.0,,2026-06-18,,active
S011410,C011410,monthly,59.0,COMP100,2025-08-02,2025-08-04,canceled
S008066,C008066,monthly,59.0,,2026-05-29,,active
S002671,C002671,annual,588.0,,2025-07-19,,active
S009047,C009047,monthly,59.0,HARBOR50,2026-06-11,,active
S007516,C007516,monthly,59.0,HARBOR50,2026-04-27,,active
S000931,C000931,monthly,59.0,,2025-03-26,2026-04-29,canceled
S002181,C002181,monthly,59.0,,2025-06-28,,active
S005647,C005647,monthly,59.0,,2026-01-07,,active
S005716,C005716,annual,588.0,,2026-01-22,,active
S011509,C005378,annual,588.0,,2026-07-17,,active
S005482,C005482,monthly,59.0,,2026-01-25,,active
S006076,C006076,monthly,59.0,,2026-02-06,,active
S000149,C000149,monthly,59.0,,2025-01-24,,active
S004149,C004149,monthly,59.0,,2025-10-24,,active
S007353,C007353,monthly,59.0,,2026-04-17,,active
S006994,C006994,annual,588.0,,2026-04-24,,active
S008998,C008998,monthly,59.0,HARBOR50,2026-06-29,,active
S009304,C009304,monthly,59.0,HARBOR50,2026-06-14,,active
S004296,C004296,monthly,59.0,,2025-10-28,,active
S006502,C006502,monthly,59.0,,2026-03-18,,active
S003045,C003045,monthly,59.0,,2025-08-10,2026-08-13,canceled
S000121,C000121,monthly,59.0,,2025-01-23,,active
S006013,C006013,monthly,59.0,,2026-02-16,2026-08-13,canceled
S001020,C001020,monthly,59.0,,2025-03-12,,active
S000339,C000339,monthly,59.0,,2025-01-26,,active
S002703,C002703,monthly,59.0,,2025-07-31,,active
S007254,C007254,monthly,59.0,HARBOR50,2026-04-24,,active
S006576,C006576,monthly,59.0,,2026-03-06,,active
S006972,C006972,monthly,59.0,,2026-04-29,,active
S010415,C010415,monthly,59.0,,2026-08-16,,active
S003868,C003868,monthly,59.0,,2025-10-25,,active
S006644,C006644,monthly,59.0,HARBOR50,2026-03-27,2026-07-27,canceled
S000340,C000340,monthly,59.0,,2025-01-21,,active
S008356,C008356,monthly,59.0,HARBOR50,2026-05-25,,active
S002590,C002590,monthly,59.0,,2025-07-16,,active
S001213,C001213,monthly,59.0,,2025-03-04,,active
S008177,C008177,monthly,59.0,HARBOR50,2026-05-12,,active
S009819,C009819,monthly,59.0,HARBOR50,2026-07-03,,active
S007828,C007828,monthly,59.0,,2026-05-13,,active
S005586,C005586,monthly,59.0,,2026-01-10,,active
S011469,C006383,annual,588.0,,2026-08-16,,active
S003516,C003516,annual,588.0,,2025-09-21,,active
S002731,C002731,annual,588.0,,2025-07-25,,active
S009623,C009623,monthly,59.0,HARBOR50,2026-07-21,,active
S000844,C000844,monthly,59.0,,2025-03-29,2025-04-09,canceled
S000097,C000097,monthly,59.0,,2025-01-16,,active
S006359,C006359,monthly,59.0,,2026-03-11,,active
S006394,C006394,annual,588.0,,2026-03-18,,active
S006944,C006944,monthly,59.0,,2026-04-05,,active
S004966,C004966,annual,588.0,,2025-12-26,,active
S006618,C006618,monthly,59.0,HARBOR50,2026-03-17,2026-07-18,canceled
S002972,C002972,annual,588.0,,2025-08-19,2025-08-28,canceled
S009514,C009514,monthly,59.0,,2026-07-13,,active
S006352,C006352,annual,588.0,,2026-03-07,,active
S001305,C001305,monthly,59.0,,2025-04-08,,active
S005261,C005261,monthly,59.0,,2025-12-26,,active
S011197,C011197,monthly,59.0,HARBOR50,2026-09-02,,active
S003837,C003837,monthly,59.0,,2025-09-07,,active
S002868,C002868,monthly,59.0,,2025-07-19,,active
S004464,C004464,monthly,59.0,,2025-11-09,,active
S006339,C006339,monthly,59.0,,2026-03-08,,active
S004082,C004082,monthly,59.0,,2025-10-22,,active
S007918,C007918,monthly,59.0,,2026-05-06,,active
S001157,C001157,annual,588.0,,2025-03-25,,active
S007738,C007738,monthly,59.0,,2026-05-06,,active
S009751,C009751,monthly,59.0,HARBOR50,2026-07-15,,active
S010607,C010607,monthly,59.0,,2026-08-02,,active
S005421,C005421,monthly,59.0,,2026-01-04,,active
S004425,C004425,annual,588.0,,2025-11-11,,active
S009569,C009569,annual,588.0,,2026-07-05,,active
S008522,C008522,monthly,59.0,,2026-06-21,,active
S004380,C004380,monthly,59.0,,2025-11-02,,active
S000215,C000215,monthly,59.0,,2025-01-12,2025-06-09,canceled
S010478,C010478,monthly,59.0,,2026-08-14,,active
S002557,C002557,monthly,59.0,,2025-07-05,2025-11-08,canceled
S005227,C005227,monthly,59.0,,2025-12-29,,active
S009372,C009372,monthly,59.0,,2026-07-17,,active
S005541,C005541,annual,588.0,,2026-01-01,,active
S002943,C002943,monthly,59.0,,2025-07-02,2026-04-01,canceled
S006452,C006452,monthly,59.0,HARBOR50,2026-03-16,2026-07-17,canceled
S001090,C001090,annual,588.0,,2025-03-14,2026-03-20,canceled
S006688,C006688,monthly,59.0,HARBOR50,2026-03-17,,active
S001460,C001460,monthly,59.0,,2025-04-09,,active
S007813,C007813,monthly,59.0,,2026-05-10,,active
S010055,C010055,monthly,59.0,HARBOR50,2026-07-18,,active
S005426,C005426,monthly,59.0,,2026-01-13,,active
S002234,C002234,monthly,59.0,,2025-06-09,2026-02-13,canceled
S010976,C010976,monthly,59.0,HARBOR50,2026-08-10,,active
S011450,C011450,monthly,59.0,COMP100,2026-01-14,,active
S010904,C010904,annual,588.0,,2026-08-12,,active
S008687,C008687,annual,588.0,,2026-06-16,,active
S005809,C005809,monthly,59.0,,2026-02-18,,active
S007728,C007728,annual,588.0,,2026-05-09,,active
S008961,C008961,monthly,59.0,HARBOR50,2026-06-06,,active
S000646,C000646,monthly,59.0,,2025-02-09,,active
S001576,C001576,monthly,59.0,,2025-04-23,,active
S003726,C003726,monthly,59.0,,2025-09-21,,active
S002842,C002842,monthly,59.0,,2025-07-25,,active
S002642,C002642,monthly,59.0,,2025-07-21,,active
S001988,C001988,annual,588.0,,2025-05-02,,active
S010303,C010303,monthly,59.0,,2026-08-24,,active
S008610,C008610,monthly,59.0,,2026-06-28,,active
S002950,C002950,annual,588.0,,2025-08-19,,active
S005872,C005872,monthly,59.0,,2026-02-25,,active
S008765,C008765,monthly,59.0,,2026-06-18,,active
S002371,C002371,annual,588.0,,2025-06-30,2026-07-06,canceled
S007318,C007318,monthly,59.0,HARBOR50,2026-04-27,,active
S005877,C005877,monthly,59.0,,2026-02-19,,active
S009363,C009363,monthly,59.0,,2026-07-16,2026-09-12,canceled
S008252,C008252,monthly,59.0,HARBOR50,2026-05-25,,active
S002584,C002584,monthly,59.0,,2025-07-18,,active
S008661,C008661,monthly,59.0,,2026-06-04,,active
S005405,C005405,monthly,59.0,,2026-01-30,,active
S011463,C005424,annual,588.0,,2026-07-22,,active
S008792,C008792,monthly,59.0,,2026-06-12,,active
S008140,C008140,monthly,59.0,HARBOR50,2026-05-29,,active
S004746,C004746,annual,588.0,,2025-11-20,2025-12-16,canceled
S006117,C006117,annual,588.0,,2026-02-16,,active
S006303,C006303,monthly,59.0,,2026-03-18,,active
S006852,C006852,monthly,59.0,,2026-03-10,,active
S000925,C000925,monthly,59.0,,2025-03-21,,active
S009181,C009181,monthly,59.0,HARBOR50,2026-06-09,,active
S007754,C007754,annual,588.0,,2026-05-30,,active
S011368,C011368,monthly,59.0,COMP100,2025-11-14,2025-11-19,canceled
S010521,C010521,annual,588.0,,2026-08-29,,active
S003345,C003345,monthly,59.0,,2025-08-15,2025-11-08,canceled
S003975,C003975,monthly,59.0,,2025-10-15,,active
S004786,C004786,monthly,59.0,,2025-11-24,,active
S000977,C000977,monthly,59.0,,2025-03-18,,active
S007057,C007057,monthly,59.0,,2026-04-21,,active
S011242,C011242,monthly,59.0,HARBOR50,2026-09-03,,active
S000101,C000101,monthly,59.0,,2025-01-30,,active
S006723,C006723,monthly,59.0,HARBOR50,2026-03-10,,active
S008003,C008003,annual,588.0,,2026-05-22,,active
S006195,C006195,monthly,59.0,,2026-02-02,,active
S000649,C000649,annual,588.0,,2025-02-17,2026-02-21,canceled
S006548,C006548,monthly,59.0,,2026-03-14,,active
S006545,C006545,monthly,59.0,,2026-03-18,,active
S003218,C003218,monthly,59.0,,2025-08-31,2025-11-30,canceled
S008891,C008891,monthly,59.0,HARBOR50,2026-06-11,,active
S000805,C000805,annual,588.0,,2025-02-18,,active
S009816,C009816,monthly,59.0,HARBOR50,2026-07-15,2026-08-19,canceled
S009633,C009633,monthly,59.0,,2026-07-14,,active
S007256,C007256,monthly,59.0,HARBOR50,2026-04-08,,active
S002600,C002600,monthly,59.0,,2025-07-02,,active
S011628,C003837,annual,588.0,,2026-04-18,,active
S000358,C000358,monthly,59.0,,2025-01-24,,active
S000943,C000943,annual,588.0,,2025-03-02,,active
S002989,C002989,monthly,59.0,,2025-08-26,,active
S008116,C008116,monthly,59.0,HARBOR50,2026-05-04,,active
S006853,C006853,monthly,59.0,HARBOR50,2026-03-24,2026-07-26,canceled
S011563,C006254,annual,588.0,,2026-07-29,,active
S006308,C006308,monthly,59.0,,2026-03-09,,active
S010166,C010166,monthly,59.0,,2026-08-06,,active
S006269,C006269,monthly,59.0,,2026-03-18,2026-05-22,canceled
S001937,C001937,annual,588.0,,2025-05-22,2026-05-28,canceled
S004374,C004374,monthly,59.0,,2025-11-05,2026-05-11,canceled
S007078,C007078,annual,588.0,,2026-04-18,,active
S009610,C009610,monthly,59.0,,2026-07-06,,active
S006761,C006761,monthly,59.0,HARBOR50,2026-03-31,,active
S005606,C005606,annual,588.0,,2026-01-17,,active
S005035,C005035,monthly,59.0,,2025-12-22,,active
S010320,C010320,monthly,59.0,,2026-08-18,,active
S008480,C008480,monthly,59.0,,2026-06-12,,active
S006642,C006642,monthly,59.0,HARBOR50,2026-03-11,2026-08-10,canceled
S004394,C004394,monthly,59.0,,2025-11-06,2026-04-08,canceled
S008503,C008503,monthly,59.0,,2026-06-01,,active
S007154,C007154,monthly,59.0,,2026-04-04,2026-07-06,canceled
S005778,C005778,monthly,59.0,,2026-02-24,,active
S002397,C002397,monthly,59.0,,2025-06-06,,active
S006904,C006904,monthly,59.0,,2026-04-28,,active
S001960,C001960,monthly,59.0,,2025-05-08,,active
S002418,C002418,annual,588.0,,2025-06-26,,active
S008538,C008538,monthly,59.0,,2026-06-12,,active
S007480,C007480,monthly,59.0,,2026-04-01,,active
S006409,C006409,monthly,59.0,,2026-03-15,,active
S010594,C010594,monthly,59.0,HARBOR50,2026-08-04,,active
S003557,C003557,monthly,59.0,,2025-09-29,2025-10-10,canceled
S005017,C005017,annual,588.0,,2025-12-18,,active
S000959,C000959,monthly,59.0,,2025-03-03,2026-08-02,canceled
S007406,C007406,monthly,59.0,HARBOR50,2026-04-13,,active
S007586,C007586,monthly,59.0,HARBOR50,2026-04-04,2026-08-01,canceled
S006304,C006304,monthly,59.0,,2026-03-19,,active
S006625,C006625,monthly,59.0,HARBOR50,2026-03-21,2026-04-19,canceled
S004202,C004202,annual,588.0,,2025-10-08,,active
S004665,C004665,monthly,59.0,,2025-11-08,,active
S006158,C006158,monthly,59.0,,2026-02-19,,active
S000428,C000428,monthly,59.0,,2025-02-26,,active
S004095,C004095,monthly,59.0,,2025-10-08,2026-02-09,canceled
S004100,C004100,monthly,59.0,,2025-10-08,2026-09-11,canceled
S011644,C006086,annual,588.0,,2026-07-30,,active
S007041,C007041,monthly,59.0,,2026-04-19,2026-08-20,canceled
S003252,C003252,annual,588.0,,2025-08-04,,active
S011456,C011456,monthly,59.0,COMP100,2025-03-23,2025-03-24,canceled
S001569,C001569,monthly,59.0,,2025-04-18,2026-06-23,canceled
S011065,C011065,monthly,59.0,,2026-09-14,,active
S008558,C008558,monthly,59.0,,2026-06-04,,active
S001226,C001226,monthly,59.0,,2025-03-23,,active
S009901,C009901,monthly,59.0,HARBOR50,2026-07-26,,active
S000795,C000795,annual,588.0,,2025-02-18,,active
S005328,C005328,monthly,59.0,,2026-01-26,,active
S010499,C010499,annual,588.0,,2026-08-13,,active
S008882,C008882,monthly,59.0,,2026-06-11,,active
S009688,C009688,monthly,59.0,HARBOR50,2026-07-27,,active
S001063,C001063,monthly,59.0,,2025-03-28,,active
S005699,C005699,annual,588.0,,2026-01-22,,active
S000821,C000821,monthly,59.0,,2025-02-03,2026-04-07,canceled
S004492,C004492,annual,588.0,,2025-11-29,,active
S006590,C006590,monthly,59.0,HARBOR50,2026-03-28,,active
S002575,C002575,monthly,59.0,,2025-07-26,2025-10-29,canceled
S001479,C001479,annual,588.0,,2025-04-08,,active
S006393,C006393,monthly,59.0,,2026-03-27,,active
S009540,C009540,monthly,59.0,,2026-07-03,2026-08-03,canceled
S003050,C003050,monthly,59.0,,2025-08-10,,active
S001929,C001929,monthly,59.0,,2025-05-13,2025-09-17,canceled
S006549,C006549,monthly,59.0,HARBOR50,2026-03-27,2026-07-31,canceled
S006896,C006896,monthly,59.0,,2026-04-27,,active
S007577,C007577,monthly,59.0,HARBOR50,2026-04-11,,active
S007086,C007086,monthly,59.0,,2026-04-19,2026-05-05,canceled
S009585,C009585,monthly,59.0,,2026-07-29,,active
S006220,C006220,monthly,59.0,,2026-03-19,,active
S010074,C010074,annual,588.0,,2026-07-24,,active
S003796,C003796,monthly,59.0,,2025-09-19,2026-05-17,canceled
S000164,C000164,annual,588.0,,2025-01-10,2026-01-15,canceled
S003196,C003196,annual,588.0,,2025-08-27,,active
S002196,C002196,monthly,59.0,,2025-06-30,,active
S005352,C005352,monthly,59.0,,2026-01-20,,active
S010180,C010180,monthly,59.0,,2026-08-09,,active
S001567,C001567,monthly,59.0,,2025-04-13,,active
S007148,C007148,monthly,59.0,,2026-04-25,,active
S008846,C008846,monthly,59.0,HARBOR50,2026-06-20,,active
S011251,C011251,monthly,59.0,,2026-09-12,,active
S002930,C002930,monthly,59.0,,2025-07-06,,active
S006657,C006657,monthly,59.0,HARBOR50,2026-03-21,,active
S002511,C002511,annual,588.0,,2025-07-24,2026-07-30,canceled
S005919,C005919,monthly,59.0,,2026-02-21,2026-07-18,canceled
S007839,C007839,monthly,59.0,,2026-05-11,2026-07-07,canceled
S006523,C006523,monthly,59.0,,2026-03-16,2026-04-17,canceled
S011255,C011255,monthly,59.0,HARBOR50,2026-09-09,,active
S006943,C006943,monthly,59.0,,2026-04-02,,active
S011110,C011110,monthly,59.0,,2026-09-12,,active
S000438,C000438,monthly,59.0,,2025-02-20,,active
S003937,C003937,monthly,59.0,,2025-10-10,,active
S005490,C005490,monthly,59.0,,2026-01-27,,active
S001528,C001528,monthly,59.0,,2025-04-14,2025-09-09,canceled
S001395,C001395,monthly,59.0,,2025-04-21,2025-11-15,canceled
S000280,C000280,monthly,59.0,,2025-01-20,,active
S007967,C007967,monthly,59.0,,2026-05-23,,active
S010040,C010040,monthly,59.0,HARBOR50,2026-07-14,,active
S007252,C007252,monthly,59.0,HARBOR50,2026-04-06,,active
S002667,C002667,monthly,59.0,,2025-07-06,,active
S010667,C010667,monthly,59.0,HARBOR50,2026-08-28,,active
S002589,C002589,monthly,59.0,,2025-07-16,,active
S005109,C005109,monthly,59.0,,2025-12-12,2026-01-11,canceled
S004183,C004183,monthly,59.0,,2025-10-18,2025-11-23,canceled
S000242,C000242,monthly,59.0,,2025-01-05,,active
S004538,C004538,monthly,59.0,,2025-11-05,,active
S008508,C008508,monthly,59.0,,2026-06-18,,active
S001784,C001784,annual,588.0,,2025-05-23,,active
S007859,C007859,annual,588.0,,2026-05-10,,active
S010203,C010203,monthly,59.0,,2026-08-09,,active
S000262,C000262,monthly,59.0,,2025-01-15,2026-03-22,canceled
S005242,C005242,monthly,59.0,,2025-12-01,2026-04-06,canceled
S001959,C001959,monthly,59.0,,2025-05-24,,active
S008036,C008036,monthly,59.0,,2026-05-28,2026-08-01,canceled
S006628,C006628,monthly,59.0,HARBOR50,2026-03-12,2026-08-09,canceled
S011342,C011342,monthly,59.0,COMP100,2026-06-01,2026-06-06,canceled
S000361,C000361,monthly,59.0,,2025-01-15,2025-07-10,canceled
S005374,C005374,annual,588.0,,2026-01-06,,active
S008514,C008514,annual,588.0,,2026-06-08,,active
S005316,C005316,monthly,59.0,,2026-01-29,,active
S009627,C009627,monthly,59.0,,2026-07-17,,active
S001776,C001776,monthly,59.0,,2025-05-23,,active
S006430,C006430,monthly,59.0,,2026-03-20,,active
S011084,C011084,monthly,59.0,,2026-09-03,,active
S011639,C000998,annual,588.0,,2026-01-19,,active
S005797,C005797,monthly,59.0,,2026-02-20,,active
S006127,C006127,annual,588.0,,2026-02-16,,active
S010162,C010162,monthly,59.0,,2026-08-06,,active
S008985,C008985,monthly,59.0,HARBOR50,2026-06-11,2026-08-10,canceled
S010178,C010178,monthly,59.0,,2026-08-17,,active
S000151,C000151,monthly,59.0,,2025-01-21,,active
S010454,C010454,monthly,59.0,,2026-08-24,,active
S002656,C002656,monthly,59.0,,2025-07-19,,active
S000322,C000322,annual,588.0,,2025-01-25,2026-01-29,canceled
S003500,C003500,monthly,59.0,,2025-09-29,2026-05-31,canceled
S006313,C006313,monthly,59.0,,2026-03-14,,active
S002379,C002379,monthly,59.0,,2025-06-18,2025-07-13,canceled
S008323,C008323,monthly,59.0,HARBOR50,2026-05-27,,active
S002977,C002977,annual,588.0,,2025-08-11,,active
S006759,C006759,monthly,59.0,HARBOR50,2026-03-03,2026-08-01,canceled
S006806,C006806,monthly,59.0,HARBOR50,2026-03-13,,active
S009634,C009634,monthly,59.0,,2026-07-15,,active
S009653,C009653,monthly,59.0,,2026-07-08,2026-08-04,canceled
S004108,C004108,monthly,59.0,,2025-10-21,,active
S000936,C000936,monthly,59.0,,2025-03-05,,active
S011554,C003863,annual,588.0,,2026-04-08,,active
S001886,C001886,annual,588.0,,2025-05-18,,active
S002021,C002021,monthly,59.0,,2025-05-07,2025-12-01,canceled
S004377,C004377,annual,588.0,,2025-11-11,,active
S008668,C008668,monthly,59.0,,2026-06-15,,active
S004015,C004015,monthly,59.0,,2025-10-22,2026-07-27,canceled
S005505,C005505,monthly,59.0,,2026-01-17,,active
S008810,C008810,monthly,59.0,,2026-06-29,,active
S000321,C000321,annual,588.0,,2025-01-07,,active
S001667,C001667,monthly,59.0,,2025-04-11,2025-07-17,canceled
S004107,C004107,annual,588.0,,2025-10-20,,active
S009285,C009285,monthly,59.0,HARBOR50,2026-06-07,,active
S000453,C000453,monthly,59.0,,2025-02-05,,active
S002278,C002278,monthly,59.0,,2025-06-29,2026-06-01,canceled
S011388,C011388,monthly,59.0,COMP100,2025-05-16,,active
S000981,C000981,monthly,59.0,,2025-03-04,,active
S011633,C005202,annual,588.0,,2026-05-10,,active
S009842,C009842,monthly,59.0,HARBOR50,2026-07-08,,active
S001487,C001487,monthly,59.0,,2025-04-19,,active
S001445,C001445,monthly,59.0,,2025-04-11,,active
S003841,C003841,monthly,59.0,,2025-09-06,,canceled
S006818,C006818,monthly,59.0,HARBOR50,2026-03-26,,active
S004372,C004372,monthly,59.0,,2025-11-21,,active
S001707,C001707,monthly,59.0,,2025-05-29,,active
S006956,C006956,monthly,59.0,,2026-04-05,,active
S003101,C003101,monthly,59.0,,2025-08-11,2026-06-13,canceled
S003081,C003081,monthly,59.0,,2025-08-26,,active
S009156,C009156,monthly,59.0,HARBOR50,2026-06-04,,active
S001612,C001612,monthly,59.0,,2025-04-30,2025-06-24,canceled
S002635,C002635,monthly,59.0,,2025-07-19,,active
S010942,C010942,monthly,59.0,HARBOR50,2026-08-21,,active
S005923,C005923,annual,588.0,,2026-02-21,,active
S001361,C001361,annual,588.0,,2025-04-21,,active
S005526,C005526,monthly,59.0,,2026-01-11,2026-07-08,canceled
S001705,C001705,monthly,59.0,,2025-05-13,,active
S005071,C005071,monthly,59.0,,2025-12-14,2026-09-08,canceled
S009153,C009153,monthly,59.0,HARBOR50,2026-06-16,2026-09-14,canceled
S005263,C005263,annual,588.0,,2025-12-27,,active
S001380,C001380,monthly,59.0,,2025-04-15,2025-12-20,canceled
S006080,C006080,monthly,59.0,,2026-02-01,,active
S010589,C010589,monthly,59.0,HARBOR50,2026-08-23,,active
S002713,C002713,monthly,59.0,,2025-07-02,,active
S007688,C007688,annual,588.0,,2026-05-01,,active
S001611,C001611,monthly,59.0,,2025-04-16,2025-06-10,canceled
S008153,C008153,monthly,59.0,HARBOR50,2026-05-27,,active
S011360,C011360,monthly,59.0,COMP100,2026-02-12,2026-02-04,canceled
S009367,C009367,monthly,59.0,,2026-07-14,,active
S010154,C010154,monthly,59.0,,2026-08-24,,active
S011223,C011223,monthly,59.0,HARBOR50,2026-09-13,,active
S004680,C004680,monthly,59.0,,2025-11-15,,active
S002353,C002353,monthly,59.0,,2025-06-05,2026-04-01,canceled
S010073,C010073,monthly,59.0,HARBOR50,2026-07-08,,active
S005077,C005077,monthly,59.0,,2025-12-04,,active
S001258,C001258,monthly,59.0,,2025-04-18,2025-11-23,canceled
S001062,C001062,monthly,59.0,,2025-03-10,,active
S009730,C009730,monthly,59.0,HARBOR50,2026-07-20,,active
S010670,C010670,monthly,59.0,HARBOR50,2026-08-31,,active
S006449,C006449,monthly,59.0,HARBOR50,2026-03-05,,active
S009670,C009670,annual,588.0,,2026-07-11,,active
S010893,C010893,monthly,59.0,,2026-08-30,,active
S006121,C006121,monthly,59.0,,2026-02-03,2026-06-06,canceled
S006610,C006610,monthly,59.0,HARBOR50,2026-03-19,,active
S004348,C004348,annual,588.0,,2025-11-21,,active
S006803,C006803,monthly,59.0,HARBOR50,2026-03-07,2026-07-11,canceled
S005508,C005508,monthly,59.0,,2026-01-18,,active
S008797,C008797,annual,588.0,,2026-06-26,,active
S010418,C010418,monthly,59.0,,2026-08-14,,active
S002558,C002558,monthly,59.0,,2025-07-28,2025-11-27,canceled
S004231,C004231,monthly,59.0,,2025-10-20,,active
S004522,C004522,monthly,59.0,,2025-11-19,,active
S009942,C009942,monthly,59.0,HARBOR50,2026-07-22,,active
S007483,C007483,monthly,59.0,HARBOR50,2026-04-17,,active
S008002,C008002,monthly,59.0,HARBOR50,2026-05-15,,active
S003553,C003553,annual,588.0,,2025-09-14,,active
S001936,C001936,annual,588.0,,2025-05-05,2026-05-06,canceled
S000015,C000015,monthly,59.0,,2025-01-28,,active
S007503,C007503,monthly,59.0,HARBOR50,2026-04-11,2026-09-07,canceled
S000162,C000162,annual,588.0,,2025-01-07,,active
S003761,C003761,monthly,59.0,,2025-09-21,,active
S010368,C010368,monthly,59.0,,2026-08-14,,active
S000534,C000534,monthly,59.0,,2025-02-15,,active
S001191,C001191,annual,588.0,,2025-03-14,,active
S010226,C010226,monthly,59.0,,2026-08-29,,active
S005293,C005293,monthly,59.0,,2026-01-16,,active
S011196,C011196,monthly,59.0,HARBOR50,2026-09-07,,active
S005322,C005322,monthly,59.0,,2026-01-02,,active
S004701,C004701,monthly,59.0,,2025-11-29,,active
S008675,C008675,monthly,59.0,,2026-06-23,,active
S005887,C005887,monthly,59.0,,2026-02-12,,active
S011415,C011415,monthly,59.0,COMP100,2025-12-15,2025-12-19,canceled
S009168,C009168,monthly,59.0,HARBOR50,2026-06-30,,active
S007661,C007661,annual,588.0,,2026-05-31,,active
S002038,C002038,monthly,59.0,,2025-05-06,2025-08-03,canceled
S005943,C005943,monthly,59.0,,2026-02-23,,active
S010639,C010639,monthly,59.0,HARBOR50,2026-08-04,,active
S007044,C007044,monthly,59.0,,2026-04-15,,active
S004599,C004599,monthly,59.0,,2025-11-18,2026-01-22,canceled
S009950,C009950,monthly,59.0,HARBOR50,2026-07-19,,active
S001982,C001982,monthly,59.0,,2025-05-19,,active
S000498,C000498,monthly,59.0,,2025-02-19,2026-04-20,canceled
S005066,C005066,annual,588.0,,2025-12-11,,active
S010190,C010190,annual,588.0,,2026-08-29,,active
S004034,C004034,annual,588.0,,2025-10-28,,active
S003328,C003328,monthly,59.0,,2025-08-26,,active
S008279,C008279,annual,588.0,,2026-05-06,,active
S000720,C000720,monthly,59.0,,2025-02-02,2025-08-29,canceled
S006294,C006294,annual,588.0,,2026-03-14,,active
S006531,C006531,monthly,59.0,,2026-03-26,,active
S003887,C003887,monthly,59.0,,2025-10-14,,active
S006689,C006689,monthly,59.0,HARBOR50,2026-03-30,,active
S000326,C000326,annual,588.0,,2025-01-04,,active
S009260,C009260,monthly,59.0,HARBOR50,2026-06-28,2026-07-22,canceled
S005846,C005846,monthly,59.0,,2026-02-15,,active
S004026,C004026,monthly,59.0,,2025-10-31,,active
S003925,C003925,monthly,59.0,,2025-10-28,,active
S002466,C002466,monthly,59.0,,2025-06-26,2026-03-31,canceled
S000043,C000043,monthly,59.0,,2025-01-02,2025-02-28,canceled
S005532,C005532,monthly,59.0,,2026-01-09,2026-04-09,canceled
S009350,C009350,monthly,59.0,,2026-07-26,,active
S000172,C000172,monthly,59.0,,2025-01-20,2026-03-28,canceled
S007683,C007683,monthly,59.0,,2026-05-06,,active
S010354,C010354,monthly,59.0,,2026-08-20,,active
S007583,C007583,monthly,59.0,HARBOR50,2026-04-06,,active
S009947,C009947,monthly,59.0,HARBOR50,2026-07-19,,active
S004558,C004558,monthly,59.0,,2025-11-30,2026-06-03,canceled
S002438,C002438,monthly,59.0,,2025-06-13,2025-11-07,canceled
S010152,C010152,annual,588.0,,2026-08-29,,active
S002743,C002743,annual,588.0,,2025-07-08,,active
S006401,C006401,annual,588.0,,2026-03-07,,active
S000868,C000868,monthly,59.0,,2025-03-03,,active
S009007,C009007,monthly,59.0,HARBOR50,2026-06-20,,active
S000622,C000622,monthly,59.0,,2025-02-19,2025-11-16,canceled
S000225,C000225,annual,588.0,,2025-01-05,2026-01-05,canceled
S000639,C000639,monthly,59.0,,2025-02-28,,active
S002523,C002523,monthly,59.0,,2025-07-11,2026-08-07,canceled
S006335,C006335,monthly,59.0,,2026-03-20,,active
S002253,C002253,monthly,59.0,,2025-06-26,2026-01-19,canceled
S010148,C010148,monthly,59.0,,2026-08-16,,active
S007889,C007889,monthly,59.0,,2026-05-12,,active
S001659,C001659,monthly,59.0,,2025-04-07,2025-10-07,canceled
S004230,C004230,monthly,59.0,,2025-10-07,,active
S005164,C005164,annual,588.0,,2025-12-08,,active
S000040,C000040,annual,588.0,,2025-01-20,,active
S004441,C004441,monthly,59.0,,2025-11-18,,active
S003261,C003261,monthly,59.0,,2025-08-09,,active
S010187,C010187,monthly,59.0,,2026-08-15,,active
S001523,C001523,monthly,59.0,,2025-04-13,2025-05-18,canceled
S007932,C007932,monthly,59.0,,2026-05-04,,active
S006568,C006568,monthly,59.0,,2026-03-22,,active
S008601,C008601,annual,588.0,,2026-06-04,,active
S000819,C000819,monthly,59.0,,2025-02-15,,active
S008282,C008282,monthly,59.0,HARBOR50,2026-05-19,,active
S005697,C005697,monthly,59.0,,2026-01-17,,active
S002874,C002874,annual,588.0,,2025-07-29,,active
S004684,C004684,monthly,59.0,,2025-11-26,,active
S001006,C001006,annual,588.0,,2025-03-20,,active
S010313,C010313,monthly,59.0,,2026-08-04,,active
S008539,C008539,monthly,59.0,,2026-06-21,,active
S004802,C004802,monthly,59.0,,2025-11-27,2026-04-26,canceled
S011669,C000254,annual,588.0,,2025-07-21,,active
S004012,C004012,annual,588.0,,2025-10-20,,active
S010682,C010682,monthly,59.0,HARBOR50,2026-08-24,,active
S009544,C009544,monthly,59.0,,2026-07-13,,active
S000576,C000576,monthly,59.0,,2025-02-02,2026-01-06,canceled
S006983,C006983,monthly,59.0,,2026-04-06,,active
S009955,C009955,monthly,59.0,HARBOR50,2026-07-02,,active
S004879,C004879,annual,588.0,,2025-12-24,,active
S005917,C005917,monthly,59.0,,2026-02-27,,active
S001045,C001045,monthly,59.0,,2025-03-20,2026-05-17,canceled
S002964,C002964,monthly,59.0,,2025-08-04,,active
S004569,C004569,monthly,59.0,,2025-11-01,2026-07-31,canceled
S007527,C007527,monthly,59.0,HARBOR50,2026-04-13,,active
S010839,C010839,monthly,59.0,HARBOR50,2026-08-24,,active
S004869,C004869,monthly,59.0,,2025-12-04,,active
S006533,C006533,monthly,59.0,,2026-03-08,,active
S001694,C001694,monthly,59.0,,2025-05-23,,active
S001167,C001167,annual,588.0,,2025-03-25,,active
S005664,C005664,annual,588.0,,2026-01-07,,active
S004775,C004775,monthly,59.0,,2025-11-11,2025-12-14,canceled
S005972,C005972,monthly,59.0,,2026-02-08,,canceled
S010294,C010294,annual,588.0,,2026-08-17,,active
S002686,C002686,monthly,59.0,,2025-07-20,,active
S008364,C008364,monthly,59.0,HARBOR50,2026-05-19,,active
S005597,C005597,monthly,59.0,,2026-01-10,,active
S006780,C006780,monthly,59.0,,2026-03-13,,active
S006556,C006556,monthly,59.0,,2026-03-07,2026-07-06,canceled
S000036,C000036,monthly,59.0,,2025-01-23,2025-11-20,canceled
S003278,C003278,monthly,59.0,,2025-08-29,,active
S000196,C000196,monthly,59.0,,2025-01-08,2026-09-03,canceled
S007615,C007615,monthly,59.0,HARBOR50,2026-04-28,,active
S007488,C007488,monthly,59.0,HARBOR50,2026-04-12,,active
S006973,C006973,monthly,59.0,,2026-04-26,,active
S009943,C009943,monthly,59.0,HARBOR50,2026-07-10,,active
S001632,C001632,monthly,59.0,,2025-04-14,2026-06-10,canceled
S007798,C007798,monthly,59.0,,2026-05-20,,active
S000906,C000906,annual,588.0,,2025-03-21,2026-03-23,canceled
S007415,C007415,monthly,59.0,,2026-04-12,2026-06-15,canceled
S009055,C009055,monthly,59.0,,2026-06-09,,active
S009762,C009762,monthly,59.0,HARBOR50,2026-07-24,,active
S007465,C007465,monthly,59.0,HARBOR50,2026-04-27,,active
S010843,C010843,monthly,59.0,HARBOR50,2026-08-27,,active
S003117,C003117,monthly,59.0,,2025-08-12,,active
S010613,C010613,monthly,59.0,HARBOR50,2026-08-26,,active
S001272,C001272,monthly,59.0,,2025-04-05,2025-12-10,canceled
S010840,C010840,monthly,59.0,HARBOR50,2026-08-12,,active
S005558,C005558,annual,588.0,,2026-01-04,,active
S002433,C002433,monthly,59.0,,2025-06-01,2025-09-02,canceled
S005531,C005531,monthly,59.0,,2026-01-18,,active
S001888,C001888,monthly,59.0,,2025-05-30,,active
S006471,C006471,monthly,59.0,,2026-03-28,,active
S009770,C009770,monthly,59.0,HARBOR50,2026-07-13,,active
S005509,C005509,annual,588.0,,2026-01-27,,active
S002290,C002290,monthly,59.0,,2025-06-21,2025-10-20,canceled
S008830,C008830,monthly,59.0,HARBOR50,2026-06-25,,active
S004103,C004103,monthly,59.0,,2025-10-09,,active
S001004,C001004,monthly,59.0,,2025-03-16,,canceled
S006768,C006768,annual,588.0,,2026-03-12,,active
S007570,C007570,monthly,59.0,HARBOR50,2026-04-12,2026-08-15,canceled
S003419,C003419,annual,588.0,,2025-09-28,,active
S006078,C006078,monthly,59.0,,2026-02-18,,active
S006399,C006399,annual,588.0,,2026-03-11,,active
S011047,C011047,monthly,59.0,,2026-09-04,,active
S011675,C000190,annual,588.0,,2026-05-19,,active
S008921,C008921,monthly,59.0,HARBOR50,2026-06-17,,active
S001512,C001512,monthly,59.0,,2025-04-21,,active
S000509,C000509,monthly,59.0,,2025-02-17,,active
S002661,C002661,monthly,59.0,,2025-07-07,,active
S011289,C011289,monthly,59.0,HARBOR50,2026-09-10,,active
S004976,C004976,monthly,59.0,,2025-12-27,2026-05-23,canceled
S004921,C004921,monthly,59.0,,2025-12-08,,active
S000203,C000203,monthly,59.0,,2025-01-05,,active
S008785,C008785,monthly,59.0,HARBOR50,2026-06-17,,active
S009668,C009668,monthly,59.0,,2026-07-18,,active
S006838,C006838,monthly,59.0,HARBOR50,2026-03-23,,active
S011046,C011046,annual,588.0,,2026-09-03,,active
S001131,C001131,monthly,59.0,,2025-03-16,2025-05-18,canceled
S005159,C005159,monthly,59.0,,2025-12-23,,active
S010417,C010417,monthly,59.0,,2026-08-07,,active
S000533,C000533,monthly,59.0,,2025-02-15,,active
S009821,C009821,monthly,59.0,HARBOR50,2026-07-14,,active
S003571,C003571,annual,588.0,,2025-09-27,,active
S008750,C008750,monthly,59.0,,2026-06-24,2026-07-21,canceled
S001322,C001322,monthly,59.0,,2025-04-29,,active
S003478,C003478,monthly,59.0,,2025-09-09,,active
S001442,C001442,monthly,59.0,,2025-04-18,,active
S006143,C006143,monthly,59.0,,2026-02-06,,active
S008248,C008248,monthly,59.0,HARBOR50,2026-05-21,,active
S004552,C004552,monthly,59.0,,2025-11-05,,active
S011539,C007177,annual,588.0,,2026-08-12,,active
S001681,C001681,monthly,59.0,,2025-05-16,2025-09-15,canceled
S011676,C000728,annual,588.0,,2026-05-16,,active
S007916,C007916,monthly,59.0,,2026-05-09,,active
S002411,C002411,monthly,59.0,,2025-06-16,2025-09-10,canceled
S005880,C005880,monthly,59.0,,2026-02-27,2026-03-26,canceled
S008671,C008671,monthly,59.0,,2026-06-02,,active
S009896,C009896,monthly,59.0,HARBOR50,2026-07-19,,active
S006500,C006500,monthly,59.0,,2026-03-07,2026-06-03,canceled
S002071,C002071,monthly,59.0,,2025-05-15,2025-08-17,canceled
S008384,C008384,monthly,59.0,HARBOR50,2026-05-15,2026-09-14,canceled
S006503,C006503,monthly,59.0,,2026-03-18,2026-07-21,canceled
S004778,C004778,monthly,59.0,,2025-11-05,,active
S006484,C006484,monthly,59.0,,2026-03-18,,active
S009509,C009509,annual,588.0,,2026-07-26,,active
S010514,C010514,monthly,59.0,,2026-08-01,,active
S009028,C009028,monthly,59.0,HARBOR50,2026-06-06,2026-07-10,canceled
S011295,C011295,monthly,59.0,HARBOR50,2026-09-04,,active
S000909,C000909,monthly,59.0,,2025-03-23,,active
S005707,C005707,annual,588.0,,2026-01-10,,active
S000312,C000312,monthly,59.0,,2025-01-07,2025-09-05,canceled
S009691,C009691,monthly,59.0,HARBOR50,2026-07-13,,active
S004187,C004187,monthly,59.0,,2025-10-10,,active
S007391,C007391,monthly,59.0,HARBOR50,2026-04-20,2026-08-16,canceled
S008501,C008501,monthly,59.0,,2026-06-06,,active
S006251,C006251,monthly,59.0,,2026-03-10,,active
S002606,C002606,monthly,59.0,,2025-07-19,2026-04-22,canceled
S011673,C002388,annual,588.0,,2026-04-12,,active
S002516,C002516,monthly,59.0,,2025-07-26,,active
S011106,C011106,annual,588.0,,2026-09-02,,active
S010528,C010528,annual,588.0,,2026-08-19,,active
S003124,C003124,monthly,59.0,,2025-08-19,,active
S010698,C010698,monthly,59.0,HARBOR50,2026-08-17,,active
S004440,C004440,monthly,59.0,,2025-11-01,,active
S003190,C003190,annual,588.0,,2025-08-24,,active
S003782,C003782,monthly,59.0,,2025-09-05,,active
S011048,C011048,monthly,59.0,,2026-09-03,,active
S008502,C008502,monthly,59.0,,2026-06-18,,active
S002336,C002336,monthly,59.0,,2025-06-16,,active
S000113,C000113,monthly,59.0,,2025-01-04,,active
S001025,C001025,monthly,59.0,,2025-03-25,,active
S005689,C005689,monthly,59.0,,2026-01-05,2026-09-04,canceled
S000700,C000700,monthly,59.0,,2025-02-16,2025-08-20,canceled
S003155,C003155,monthly,59.0,,2025-08-02,,active
S006240,C006240,monthly,59.0,,2026-03-02,,active
S011226,C011226,monthly,59.0,HARBOR50,2026-09-03,,active
S004051,C004051,monthly,59.0,,2025-10-23,,active
S009291,C009291,monthly,59.0,HARBOR50,2026-06-01,,active
S010056,C010056,monthly,59.0,HARBOR50,2026-07-04,,active
S005791,C005791,monthly,59.0,,2026-02-24,,active
S007492,C007492,monthly,59.0,HARBOR50,2026-04-13,2026-08-14,canceled
S009719,C009719,monthly,59.0,HARBOR50,2026-07-31,2026-08-04,canceled
S010442,C010442,monthly,59.0,HARBOR50,2026-08-10,,active
S010817,C010817,monthly,59.0,,2026-08-07,2026-09-03,canceled
S007803,C007803,monthly,59.0,,2026-05-30,,active
S007694,C007694,monthly,59.0,,2026-05-16,2026-08-17,canceled
S006073,C006073,monthly,59.0,,2026-02-28,,active
S003058,C003058,monthly,59.0,,2025-08-24,,active
S005455,C005455,monthly,59.0,,2026-01-13,2026-03-18,canceled
S004221,C004221,monthly,59.0,,2025-10-10,,active
S008361,C008361,monthly,59.0,HARBOR50,2026-05-19,2026-07-20,canceled
S008583,C008583,monthly,59.0,,2026-06-06,,active
S007497,C007497,monthly,59.0,HARBOR50,2026-04-28,,active
S005026,C005026,annual,588.0,,2025-12-21,,active
S008990,C008990,monthly,59.0,,2026-06-06,,active
S002073,C002073,annual,588.0,,2025-05-27,,active
S006481,C006481,monthly,59.0,,2026-03-03,,active
S007888,C007888,monthly,59.0,,2026-05-24,,active
S009265,C009265,monthly,59.0,HARBOR50,2026-06-21,,active
S007591,C007591,monthly,59.0,HARBOR50,2026-04-08,,active
S009184,C009184,monthly,59.0,,2026-06-19,,active
S003482,C003482,monthly,59.0,,2025-09-09,,active
S011662,C003504,annual,588.0,,2026-05-30,,active
S001388,C001388,annual,588.0,,2025-04-22,2026-04-26,canceled
S004036,C004036,monthly,59.0,,2025-10-08,,active
S007422,C007422,monthly,59.0,HARBOR50,2026-04-03,2026-08-03,canceled
S003955,C003955,monthly,59.0,,2025-10-09,,active
S005656,C005656,annual,588.0,,2026-01-20,,active
S007051,C007051,monthly,59.0,,2026-04-13,,active
S005729,C005729,monthly,59.0,,2026-01-15,2026-02-13,canceled
S011515,C006345,annual,588.0,,2026-08-22,,active
S004300,C004300,monthly,59.0,,2025-10-18,,active
S007781,C007781,monthly,59.0,,2026-05-04,,active
S003272,C003272,monthly,59.0,,2025-08-19,2025-09-20,canceled
S005429,C005429,monthly,59.0,,2026-01-02,,active
S005380,C005380,monthly,59.0,,2026-01-30,,active
S001405,C001405,annual,588.0,,2025-04-06,,active
S002463,C002463,monthly,59.0,,2025-06-08,,active
S000055,C000055,monthly,59.0,,2025-01-27,,active
S009834,C009834,monthly,59.0,HARBOR50,2026-07-22,,active
S008729,C008729,monthly,59.0,,2026-06-30,,active
S000582,C000582,annual,588.0,,2025-02-06,,active
S004124,C004124,monthly,59.0,,2025-10-10,,active
S005418,C005418,monthly,59.0,,2026-01-11,,active
S006131,C006131,monthly,59.0,,2026-02-27,,active
S009368,C009368,annual,588.0,,2026-07-22,,active
S001436,C001436,monthly,59.0,,2025-04-06,,active
S000815,C000815,monthly,59.0,,2025-02-21,,active
S009187,C009187,monthly,59.0,HARBOR50,2026-06-14,,active
S006196,C006196,monthly,59.0,,2026-02-18,,active
S007906,C007906,annual,588.0,,2026-05-29,,active
S002547,C002547,monthly,59.0,,2025-07-13,,active
S009735,C009735,monthly,59.0,HARBOR50,2026-07-14,,active
S009450,C009450,monthly,59.0,,2026-07-17,,active
S010020,C010020,monthly,59.0,HARBOR50,2026-07-07,,active
S011425,C011425,monthly,59.0,COMP100,2026-03-21,,active
S008529,C008529,monthly,59.0,,2026-06-27,,active
S007402,C007402,monthly,59.0,HARBOR50,2026-04-12,,active
S009835,C009835,monthly,59.0,HARBOR50,2026-07-15,,active
S001112,C001112,monthly,59.0,,2025-03-08,2026-04-04,canceled
S007736,C007736,monthly,59.0,,2026-05-10,,active
S001313,C001313,annual,588.0,,2025-04-27,,active
S001625,C001625,monthly,59.0,,2025-04-07,2025-05-05,canceled
S006692,C006692,monthly,59.0,HARBOR50,2026-03-18,,active
S009524,C009524,monthly,59.0,,2026-07-22,,active
S010780,C010780,monthly,59.0,HARBOR50,2026-08-24,,active
S005637,C005637,monthly,59.0,,2026-01-13,,canceled
S007934,C007934,monthly,59.0,,2026-05-30,,active
S003973,C003973,annual,588.0,,2025-10-27,,active
S004404,C004404,monthly,59.0,,2025-11-09,,active
S004063,C004063,monthly,59.0,,2025-10-05,2025-12-29,canceled
S005720,C005720,monthly,59.0,,2026-01-24,2026-02-23,canceled
S006436,C006436,monthly,59.0,,2026-03-22,,active
S008113,C008113,monthly,59.0,HARBOR50,2026-05-25,,active
S007181,C007181,monthly,59.0,,2026-04-28,2026-07-24,canceled
S008147,C008147,monthly,59.0,,2026-05-23,,active
S005863,C005863,monthly,59.0,,2026-02-25,,active
S005080,C005080,monthly,59.0,,2025-12-18,2026-06-18,canceled
S009946,C009946,monthly,59.0,HARBOR50,2026-07-08,,active
S007604,C007604,monthly,59.0,HARBOR50,2026-04-12,,active
S000237,C000237,annual,588.0,,2025-01-21,,active
S009853,C009853,monthly,59.0,HARBOR50,2026-07-10,,active
S000440,C000440,monthly,59.0,,2025-02-08,,active
S011533,C001287,annual,588.0,,2026-05-06,,active
S001571,C001571,annual,588.0,,2025-04-08,,active
S003694,C003694,monthly,59.0,,2025-09-29,2026-02-28,canceled
S005726,C005726,monthly,59.0,,2026-01-29,,active
S011341,C011341,monthly,59.0,,2026-09-06,,active
S003229,C003229,monthly,59.0,,2025-08-25,,active
S001621,C001621,monthly,59.0,,2025-04-12,,active
S009198,C009198,monthly,59.0,HARBOR50,2026-06-15,,active
S005995,C005995,annual,588.0,,2026-02-03,,active
S010049,C010049,monthly,59.0,HARBOR50,2026-07-19,,active
S008683,C008683,monthly,59.0,HARBOR50,2026-06-02,,active
S000812,C000812,annual,588.0,,2025-02-03,,active
S000211,C000211,monthly,59.0,,2025-01-14,,active
S003957,C003957,monthly,59.0,,2025-10-26,,active
S010477,C010477,monthly,59.0,,2026-08-17,,active
S003059,C003059,monthly,59.0,,2025-08-06,,canceled
S007365,C007365,monthly,59.0,HARBOR50,2026-04-20,2026-08-13,canceled
S002923,C002923,monthly,59.0,,2025-07-10,,active
S011040,C011040,monthly,59.0,,2026-09-07,,active
S007567,C007567,monthly,59.0,HARBOR50,2026-04-26,,active
S003349,C003349,monthly,59.0,,2025-08-23,2026-01-25,canceled
S004191,C004191,annual,588.0,,2025-10-28,,active
S010509,C010509,annual,588.0,,2026-08-10,,active
S007778,C007778,monthly,59.0,,2026-05-25,,active
S005264,C005264,monthly,59.0,,2025-12-07,,active
S002675,C002675,monthly,59.0,,2025-07-03,,active
S003998,C003998,monthly,59.0,,2025-10-23,,active
S008841,C008841,monthly,59.0,HARBOR50,2026-06-20,,active
S004249,C004249,annual,588.0,,2025-10-12,,active
S003467,C003467,annual,588.0,,2025-09-07,2026-09-12,canceled
S010966,C010966,annual,588.0,,2026-08-12,,active
S005211,C005211,monthly,59.0,,2025-12-26,,active
S004870,C004870,annual,588.0,,2025-12-20,,active
S001534,C001534,monthly,59.0,,2025-04-15,,active
S008935,C008935,monthly,59.0,HARBOR50,2026-06-02,,active
S009165,C009165,monthly,59.0,HARBOR50,2026-06-19,,active
S004586,C004586,annual,588.0,,2025-11-01,,active
S007602,C007602,monthly,59.0,HARBOR50,2026-04-18,,active
S010412,C010412,monthly,59.0,HARBOR50,2026-08-06,,active
S004957,C004957,monthly,59.0,,2025-12-11,2026-07-16,canceled
S008721,C008721,monthly,59.0,,2026-06-19,,active
S003969,C003969,monthly,59.0,,2025-10-03,,active
S009207,C009207,monthly,59.0,HARBOR50,2026-06-08,,active
S006332,C006332,monthly,59.0,,2026-03-31,,active
S008386,C008386,monthly,59.0,HARBOR50,2026-05-15,,active
S005645,C005645,monthly,59.0,,2026-01-19,,active
S006347,C006347,monthly,59.0,,2026-03-16,,active
S005507,C005507,monthly,59.0,,2026-01-09,,active
S007573,C007573,monthly,59.0,HARBOR50,2026-04-19,2026-08-20,canceled
S010986,C010986,monthly,59.0,HARBOR50,2026-08-06,,active
S005632,C005632,monthly,59.0,,2026-01-11,,active
S010165,C010165,monthly,59.0,,2026-08-14,,active
S002888,C002888,annual,588.0,,2025-07-20,,active
S007742,C007742,monthly,59.0,,2026-05-17,,active
S002666,C002666,monthly,59.0,,2025-07-20,,active
S001500,C001500,monthly,59.0,,2025-04-16,2026-05-11,canceled
S003239,C003239,monthly,59.0,,2025-08-24,2025-09-18,canceled
S009157,C009157,monthly,59.0,,2026-06-28,,active
S004068,C004068,monthly,59.0,,2025-10-11,,active
S003587,C003587,monthly,59.0,,2025-09-12,,active
S003035,C003035,monthly,59.0,,2025-08-03,,canceled
S006046,C006046,annual,588.0,,2026-02-19,,active
S005946,C005946,monthly,59.0,,2026-02-18,2026-07-24,canceled
S005383,C005383,monthly,59.0,,2026-01-12,,active
S001014,C001014,monthly,59.0,,2025-03-24,2026-06-23,canceled
S008736,C008736,monthly,59.0,,2026-06-03,,active
S000797,C000797,monthly,59.0,,2025-02-07,2025-03-05,canceled
S003186,C003186,annual,588.0,,2025-08-14,2025-08-29,canceled
S002825,C002825,monthly,59.0,,2025-07-10,,active
S005278,C005278,monthly,59.0,,2025-12-20,2026-01-12,canceled
S005768,C005768,monthly,59.0,,2026-02-02,2026-02-14,canceled
S011278,C011278,monthly,59.0,HARBOR50,2026-09-13,,active
S008889,C008889,monthly,59.0,HARBOR50,2026-06-16,,active
S004227,C004227,monthly,59.0,,2025-10-27,,active
S011180,C011180,monthly,59.0,,2026-09-02,,active
S008623,C008623,monthly,59.0,,2026-06-09,2026-08-08,canceled
S006350,C006350,monthly,59.0,,2026-03-19,,active
S005486,C005486,monthly,59.0,,2026-01-26,2026-06-25,canceled
S008752,C008752,annual,588.0,,2026-06-10,,active
S003112,C003112,annual,588.0,,2025-08-01,2026-08-03,canceled
S007786,C007786,monthly,59.0,,2026-05-06,,active
S008561,C008561,annual,588.0,,2026-06-16,,active
S001581,C001581,annual,588.0,,2025-04-06,,active
S011366,C011366,monthly,59.0,COMP100,2025-10-18,,active
S001906,C001906,annual,588.0,,2025-05-08,2026-05-08,canceled
S003265,C003265,annual,588.0,,2025-08-05,,active
S005575,C005575,annual,588.0,,2026-01-07,,active
S007542,C007542,monthly,59.0,HARBOR50,2026-04-26,,active
S005379,C005379,annual,588.0,,2026-01-26,,active
S004356,C004356,monthly,59.0,,2025-11-02,2025-12-31,canceled
S008564,C008564,monthly,59.0,,2026-06-29,,active
S003530,C003530,annual,588.0,,2025-09-13,,active
S001035,C001035,monthly,59.0,,2025-03-11,,active
S006248,C006248,monthly,59.0,,2026-03-18,,active
S011256,C011256,monthly,59.0,HARBOR50,2026-09-12,,active
S005703,C005703,monthly,59.0,,2026-01-20,,active
S002299,C002299,monthly,59.0,,2025-06-17,2025-08-12,canceled
S004457,C004457,monthly,59.0,,2025-11-23,,active
S000039,C000039,monthly,59.0,,2025-01-10,,active
S006340,C006340,monthly,59.0,,2026-03-13,,active
S006775,C006775,monthly,59.0,HARBOR50,2026-03-03,2026-08-07,canceled
S011372,C011372,monthly,59.0,COMP100,2025-01-27,2025-01-31,canceled
S007776,C007776,monthly,59.0,,2026-05-14,,active
S003880,C003880,monthly,59.0,,2025-10-14,2026-08-15,canceled
S001163,C001163,monthly,59.0,,2025-03-19,2025-04-06,canceled
S002900,C002900,monthly,59.0,,2025-07-30,2025-09-24,canceled
S010307,C010307,monthly,59.0,,2026-08-11,,active
S006766,C006766,monthly,59.0,HARBOR50,2026-03-06,2026-03-19,canceled
S001815,C001815,monthly,59.0,,2025-05-30,,active
S002903,C002903,annual,588.0,,2025-07-18,,active
S004702,C004702,annual,588.0,,2025-11-21,,active
S007209,C007209,annual,588.0,,2026-04-30,,active
S006932,C006932,monthly,59.0,,2026-04-14,,active
S010325,C010325,monthly,59.0,,2026-08-20,,active
S010967,C010967,monthly,59.0,,2026-08-14,,active
S000396,C000396,monthly,59.0,,2025-02-11,,active
S006970,C006970,monthly,59.0,,2026-04-27,,active
S004088,C004088,monthly,59.0,,2025-10-05,,active
S003890,C003890,monthly,59.0,,2025-10-30,,active
S009025,C009025,monthly,59.0,HARBOR50,2026-06-28,,active
S000865,C000865,monthly,59.0,,2025-03-06,,active
S005748,C005748,monthly,59.0,,2026-02-27,,active
S002075,C002075,monthly,59.0,,2025-05-23,2026-02-21,canceled
S009235,C009235,monthly,59.0,HARBOR50,2026-06-30,,active
S007526,C007526,monthly,59.0,HARBOR50,2026-04-21,2026-05-12,canceled
S004718,C004718,monthly,59.0,,2025-11-07,,active
S000327,C000327,annual,588.0,,2025-01-11,2026-01-14,canceled
S002871,C002871,monthly,59.0,,2025-07-08,2026-01-11,canceled
S008569,C008569,monthly,59.0,,2026-06-02,,active
S006022,C006022,monthly,59.0,,2026-02-12,,active
S000950,C000950,monthly,59.0,,2025-03-21,2026-02-16,canceled
S009341,C009341,monthly,59.0,,2026-07-09,,active
S009884,C009884,monthly,59.0,HARBOR50,2026-07-25,,active
S007010,C007010,monthly,59.0,,2026-04-17,,active
S002173,C002173,monthly,59.0,,2025-06-02,,active
S009059,C009059,monthly,59.0,HARBOR50,2026-06-06,,active
S009220,C009220,monthly,59.0,HARBOR50,2026-06-04,,active
S005256,C005256,annual,588.0,,2025-12-29,,active
S005510,C005510,monthly,59.0,,2026-01-14,,active
S003094,C003094,monthly,59.0,,2025-08-27,,active
S000068,C000068,monthly,59.0,,2025-01-03,,active
S008473,C008473,monthly,59.0,,2026-06-17,,active
S008516,C008516,monthly,59.0,,2026-06-17,2026-07-14,canceled
S011474,C003540,annual,588.0,,2026-01-18,,active
S004013,C004013,monthly,59.0,,2025-10-02,2026-05-03,canceled
S003848,C003848,monthly,59.0,,2025-09-19,,active
S002245,C002245,monthly,59.0,,2025-06-04,2026-01-28,canceled
S008242,C008242,monthly,59.0,HARBOR50,2026-05-24,,active
S008322,C008322,annual,588.0,,2026-05-16,,active
S009494,C009494,monthly,59.0,,2026-07-14,,active
S009029,C009029,monthly,59.0,HARBOR50,2026-06-09,,active
S001416,C001416,annual,588.0,,2025-04-25,,active
S007457,C007457,monthly,59.0,HARBOR50,2026-04-26,,active
S007851,C007851,monthly,59.0,,2026-05-20,,active
S001813,C001813,monthly,59.0,,2025-05-03,2025-06-03,canceled
S003559,C003559,monthly,59.0,,2025-09-09,,active
S010287,C010287,annual,588.0,,2026-08-24,,active
S005610,C005610,monthly,59.0,,2026-01-10,,active
S008949,C008949,monthly,59.0,HARBOR50,2026-06-29,,active
S010102,C010102,monthly,59.0,HARBOR50,2026-07-27,,active
S008659,C008659,monthly,59.0,HARBOR50,2026-06-05,,active
S001930,C001930,monthly,59.0,,2025-05-22,2025-06-19,canceled
S005290,C005290,monthly,59.0,,2026-01-18,,active
S001273,C001273,monthly,59.0,,2025-04-07,,active
S003856,C003856,annual,588.0,,2025-09-28,,active
S004835,C004835,annual,588.0,,2025-12-17,,active
S006041,C006041,annual,588.0,,2026-02-12,,active
S003542,C003542,monthly,59.0,,2025-09-09,2026-01-05,canceled
S006721,C006721,monthly,59.0,HARBOR50,2026-03-13,2026-07-14,canceled
S003233,C003233,monthly,59.0,,2025-08-20,,active
S008324,C008324,monthly,59.0,HARBOR50,2026-05-12,,active
S007221,C007221,monthly,59.0,,2026-04-22,,active
S009459,C009459,annual,588.0,,2026-07-29,,active
S008389,C008389,annual,588.0,,2026-05-11,,active
S006265,C006265,monthly,59.0,,2026-03-31,,active
S003764,C003764,monthly,59.0,,2025-09-15,2026-02-18,canceled
S000891,C000891,monthly,59.0,,2025-03-25,2025-04-29,canceled
S004423,C004423,monthly,59.0,,2025-11-11,,active
S001536,C001536,monthly,59.0,,2025-04-08,,active
S009051,C009051,monthly,59.0,HARBOR50,2026-06-21,,active
S009129,C009129,monthly,59.0,HARBOR50,2026-06-08,,active
S009689,C009689,monthly,59.0,HARBOR50,2026-07-13,,active
S007562,C007562,monthly,59.0,HARBOR50,2026-04-25,,active
S000942,C000942,monthly,59.0,,2025-03-23,2025-11-16,canceled
S009103,C009103,monthly,59.0,HARBOR50,2026-06-02,,active
S005783,C005783,monthly,59.0,,2026-02-27,2026-07-28,canceled
S005642,C005642,annual,588.0,,2026-01-30,,active
S010591,C010591,monthly,59.0,,2026-08-09,,active
S010450,C010450,monthly,59.0,,2026-08-04,2026-08-18,canceled
S010225,C010225,monthly,59.0,,2026-08-18,,active
S001717,C001717,monthly,59.0,,2025-05-14,2026-09-14,canceled
S009814,C009814,monthly,59.0,,2026-07-26,,active
S007755,C007755,annual,588.0,,2026-05-21,,active
S011267,C011267,monthly,59.0,,2026-09-12,,active
S008158,C008158,monthly,59.0,HARBOR50,2026-05-05,,active
S006858,C006858,monthly,59.0,HARBOR50,2026-03-14,,active
S006505,C006505,monthly,59.0,HARBOR50,2026-03-19,2026-08-19,canceled
S008611,C008611,annual,588.0,,2026-06-12,,active
S008715,C008715,annual,588.0,,2026-06-01,,active
S000947,C000947,monthly,59.0,,2025-03-24,,active
S004838,C004838,monthly,59.0,,2025-12-23,,active
S000010,C000010,annual,588.0,,2025-01-05,2026-01-09,canceled
S009418,C009418,monthly,59.0,,2026-07-03,,active
S002834,C002834,monthly,59.0,,2025-07-21,2026-02-14,canceled
S011093,C011093,monthly,59.0,,2026-09-12,,active
S003459,C003459,monthly,59.0,,2025-09-01,2025-12-29,canceled
S008154,C008154,monthly,59.0,HARBOR50,2026-05-20,,active
S005289,C005289,monthly,59.0,,2026-01-27,,active
S006677,C006677,monthly,59.0,HARBOR50,2026-03-12,2026-07-15,canceled
S010586,C010586,monthly,59.0,HARBOR50,2026-08-07,,active
S006284,C006284,annual,588.0,,2026-03-09,,active
S008349,C008349,monthly,59.0,HARBOR50,2026-05-11,,active
S001287,C001287,monthly,59.0,,2025-04-03,,active
S002901,C002901,annual,588.0,,2025-07-09,,active
S004755,C004755,monthly,59.0,,2025-11-23,2026-02-24,canceled
S004094,C004094,monthly,59.0,,2025-10-05,2026-05-06,canceled
S004269,C004269,annual,588.0,,2025-10-26,,active
S001708,C001708,monthly,59.0,,2025-05-04,2026-02-26,canceled
S003960,C003960,monthly,59.0,,2025-10-21,,active
S003988,C003988,monthly,59.0,,2025-10-20,,active
S010215,C010215,monthly,59.0,,2026-08-30,,active
S009008,C009008,monthly,59.0,HARBOR50,2026-06-20,,active
S008917,C008917,monthly,59.0,HARBOR50,2026-06-03,,active
S001754,C001754,annual,588.0,,2025-05-12,,active
S001146,C001146,annual,588.0,,2025-03-16,,active
S005228,C005228,annual,588.0,,2025-12-09,,active
S006742,C006742,monthly,59.0,,2026-03-02,,active
S006415,C006415,monthly,59.0,,2026-03-19,,active
S002175,C002175,monthly,59.0,,2025-06-30,,active
S002718,C002718,monthly,59.0,,2025-07-20,2026-08-17,canceled
S001967,C001967,annual,588.0,,2025-05-21,,active
S006311,C006311,annual,588.0,,2026-03-15,,active
S004980,C004980,monthly,59.0,,2025-12-03,,active
S009088,C009088,monthly,59.0,HARBOR50,2026-06-29,,active
S008398,C008398,monthly,59.0,,2026-05-13,,active
S005680,C005680,annual,588.0,,2026-01-26,,active
S002795,C002795,monthly,59.0,,2025-07-15,,active
S011492,C004665,annual,588.0,,2026-08-30,,active
S010771,C010771,monthly,59.0,HARBOR50,2026-08-23,,active
S004209,C004209,monthly,59.0,,2025-10-02,2026-08-04,canceled
S008499,C008499,monthly,59.0,,2026-06-03,,active
S003966,C003966,monthly,59.0,,2025-10-18,2025-12-14,canceled
S009831,C009831,monthly,59.0,HARBOR50,2026-07-05,,active
S000282,C000282,monthly,59.0,,2025-01-01,2025-01-26,canceled
S007155,C007155,monthly,59.0,,2026-04-18,,active
S009957,C009957,monthly,59.0,HARBOR50,2026-07-11,,active
S004833,C004833,monthly,59.0,,2025-12-11,,active
S009825,C009825,monthly,59.0,HARBOR50,2026-07-22,,active
S004872,C004872,monthly,59.0,,2025-12-17,,active
S006281,C006281,annual,588.0,,2026-03-19,,active
S008540,C008540,annual,588.0,,2026-06-02,,active
S006929,C006929,annual,588.0,,2026-04-24,,active
S002170,C002170,monthly,59.0,,2025-06-07,,active
S002758,C002758,monthly,59.0,,2025-07-03,,active
S003360,C003360,annual,588.0,,2025-08-29,,active
S000561,C000561,monthly,59.0,,2025-02-08,,active
S009854,C009854,monthly,59.0,HARBOR50,2026-07-05,,active
S005140,C005140,monthly,59.0,,2025-12-23,,active
S004282,C004282,annual,588.0,,2025-10-10,,active
S004873,C004873,monthly,59.0,,2025-12-04,,active
S011386,C011386,monthly,59.0,COMP100,2026-02-02,2026-02-07,canceled
S008609,C008609,annual,588.0,,2026-06-20,,active
S007131,C007131,monthly,59.0,,2026-04-27,2026-07-23,canceled
S000537,C000537,monthly,59.0,,2025-02-22,,active
S001263,C001263,monthly,59.0,,2025-04-29,,active
S002050,C002050,monthly,59.0,,2025-05-30,2026-01-24,canceled
S000165,C000165,annual,588.0,,2025-01-05,,active
S001034,C001034,monthly,59.0,,2025-03-04,,active
S010965,C010965,monthly,59.0,HARBOR50,2026-08-14,,active
S007393,C007393,monthly,59.0,HARBOR50,2026-04-02,2026-07-26,canceled
S009208,C009208,monthly,59.0,HARBOR50,2026-06-23,,active
S002864,C002864,annual,588.0,,2025-07-15,,active
S001585,C001585,monthly,59.0,,2025-04-28,,active
S011302,C011302,monthly,59.0,HARBOR50,2026-09-13,,active
S004606,C004606,monthly,59.0,,2025-11-03,2026-03-01,canceled
S007104,C007104,monthly,59.0,,2026-04-12,2026-08-10,canceled
S002818,C002818,monthly,59.0,,2025-07-04,2025-11-04,canceled
S001794,C001794,annual,588.0,,2025-05-05,,active
S006363,C006363,monthly,59.0,,2026-03-29,,active
S007560,C007560,monthly,59.0,HARBOR50,2026-04-26,,active
S009114,C009114,monthly,59.0,HARBOR50,2026-06-15,,active
S011656,C005954,annual,588.0,,2026-06-09,,active
S001389,C001389,monthly,59.0,,2025-04-30,2025-12-28,canceled
S010430,C010430,monthly,59.0,,2026-08-20,,active
S003763,C003763,annual,588.0,,2025-09-17,,active
S010796,C010796,monthly,59.0,HARBOR50,2026-08-26,,active
S000352,C000352,monthly,59.0,,2025-01-28,2026-01-01,canceled
S007523,C007523,monthly,59.0,HARBOR50,2026-04-24,,active
S000423,C000423,monthly,59.0,,2025-02-17,,active
S004194,C004194,monthly,59.0,,2025-10-12,,active
S004533,C004533,monthly,59.0,,2025-11-30,,active
S000020,C000020,monthly,59.0,,2025-01-04,,active
S000840,C000840,monthly,59.0,,2025-03-06,,active
S008524,C008524,annual,588.0,,2026-06-09,,active
S005528,C005528,monthly,59.0,,2026-01-18,,active
S007011,C007011,monthly,59.0,,2026-04-01,,active
S011214,C011214,monthly,59.0,HARBOR50,2026-09-03,,active
S004621,C004621,monthly,59.0,,2025-11-14,2025-11-22,canceled
S011321,C011321,monthly,59.0,HARBOR50,2026-09-14,,active
S001480,C001480,annual,588.0,,2025-04-06,2026-04-12,canceled
S006665,C006665,monthly,59.0,HARBOR50,2026-03-10,2026-09-13,canceled
S008471,C008471,monthly,59.0,,2026-06-07,,active
S004156,C004156,monthly,59.0,,2025-10-22,2026-04-28,canceled
S001457,C001457,monthly,59.0,,2025-04-08,,active
S010262,C010262,monthly,59.0,,2026-08-20,,active
S004494,C004494,monthly,59.0,,2025-11-23,,active
S007437,C007437,monthly,59.0,HARBOR50,2026-04-27,,active
S004885,C004885,annual,588.0,,2025-12-10,,active
S002859,C002859,monthly,59.0,,2025-07-04,2026-04-02,canceled
S001580,C001580,monthly,59.0,,2025-04-15,,active
S005803,C005803,monthly,59.0,,2026-02-24,,active
S001883,C001883,monthly,59.0,,2025-05-31,2026-04-26,canceled
S005613,C005613,monthly,59.0,,2026-01-26,,active
S011017,C011017,annual,588.0,,2026-09-02,,active
S003380,C003380,monthly,59.0,,2025-08-26,2025-11-29,canceled
S000647,C000647,monthly,59.0,,2025-02-20,2026-07-22,canceled
S005287,C005287,annual,588.0,,2026-01-27,,active
S002881,C002881,annual,588.0,,2025-07-18,,active
S000140,C000140,monthly,59.0,,2025-01-15,,active
S005111,C005111,annual,588.0,,2025-12-30,,active
S001620,C001620,monthly,59.0,,2025-04-19,2025-12-21,canceled
S000672,C000672,monthly,59.0,,2025-02-06,,active
S003645,C003645,annual,588.0,,2025-09-29,,active
S002916,C002916,annual,588.0,,2025-07-22,2026-07-22,canceled
S010028,C010028,monthly,59.0,HARBOR50,2026-07-31,,active
S003684,C003684,monthly,59.0,,2025-09-25,,active
S004243,C004243,monthly,59.0,,2025-10-07,2026-08-10,canceled
S006648,C006648,monthly,59.0,HARBOR50,2026-03-17,2026-07-17,canceled
S001602,C001602,monthly,59.0,,2025-04-30,2025-12-23,canceled
S005042,C005042,monthly,59.0,,2025-12-16,2026-07-11,canceled
S011317,C011317,monthly,59.0,HARBOR50,2026-09-03,,active
S008686,C008686,monthly,59.0,,2026-06-08,,active
S000488,C000488,monthly,59.0,,2025-02-12,2026-02-15,canceled
S009326,C009326,monthly,59.0,,2026-07-23,,active
S003953,C003953,monthly,59.0,,2025-10-15,,active
S007442,C007442,monthly,59.0,HARBOR50,2026-04-06,2026-05-10,canceled
S008732,C008732,monthly,59.0,,2026-06-12,,active
S002813,C002813,monthly,59.0,,2025-07-10,,active
S007416,C007416,monthly,59.0,HARBOR50,2026-04-05,2026-09-03,canceled
S009213,C009213,monthly,59.0,HARBOR50,2026-06-08,,active
S009960,C009960,monthly,59.0,HARBOR50,2026-07-30,,active
S000727,C000727,annual,588.0,,2025-02-16,,active
S010900,C010900,monthly,59.0,HARBOR50,2026-08-24,,active
S007299,C007299,monthly,59.0,HARBOR50,2026-04-27,2026-05-12,canceled
S010291,C010291,monthly,59.0,,2026-08-23,,active
S009482,C009482,monthly,59.0,,2026-07-29,,active
S001041,C001041,monthly,59.0,,2025-03-07,2026-05-08,canceled
S001714,C001714,monthly,59.0,,2025-05-17,2026-07-18,canceled
S008984,C008984,monthly,59.0,HARBOR50,2026-06-28,,active
S006467,C006467,monthly,59.0,,2026-03-03,2026-03-24,canceled
S002890,C002890,annual,588.0,,2025-07-18,,active
S005912,C005912,monthly,59.0,,2026-02-02,,active
S008409,C008409,annual,588.0,,2026-06-16,,active
S007897,C007897,monthly,59.0,,2026-05-30,,active
S007065,C007065,annual,588.0,,2026-04-15,,active
S008354,C008354,monthly,59.0,HARBOR50,2026-05-13,,active
S006266,C006266,monthly,59.0,,2026-03-18,,active
S002161,C002161,monthly,59.0,,2025-06-27,,active
S006018,C006018,monthly,59.0,,2026-02-22,,active
S002541,C002541,monthly,59.0,,2025-07-27,,active
S006213,C006213,monthly,59.0,,2026-03-27,,active
S002368,C002368,monthly,59.0,,2025-06-23,2026-08-19,canceled
S006581,C006581,monthly,59.0,HARBOR50,2026-03-08,2026-07-10,canceled
S009654,C009654,monthly,59.0,,2026-07-21,,active
S007191,C007191,monthly,59.0,,2026-04-19,,active
S010023,C010023,monthly,59.0,HARBOR50,2026-07-14,,active
S002791,C002791,monthly,59.0,,2025-07-17,,active
S005815,C005815,monthly,59.0,,2026-02-16,,active
S008697,C008697,monthly,59.0,,2026-06-04,2026-07-08,canceled
S007535,C007535,monthly,59.0,HARBOR50,2026-04-09,2026-06-10,canceled
S004204,C004204,monthly,59.0,,2025-10-14,,active
S006623,C006623,monthly,59.0,HARBOR50,2026-03-12,,active
S001464,C001464,monthly,59.0,,2025-04-12,2025-06-13,canceled
S008056,C008056,monthly,59.0,HARBOR50,2026-05-26,,active
S009333,C009333,monthly,59.0,,2026-07-11,,active
S001778,C001778,annual,588.0,,2025-05-05,,active
S007135,C007135,monthly,59.0,,2026-04-23,,active
S001379,C001379,monthly,59.0,,2025-04-06,,active
S002712,C002712,monthly,59.0,,2025-07-20,2026-06-24,canceled
S009133,C009133,monthly,59.0,HARBOR50,2026-06-07,2026-08-11,canceled
S010675,C010675,monthly,59.0,HARBOR50,2026-08-18,,active
S009283,C009283,monthly,59.0,,2026-06-23,,active
S010532,C010532,annual,588.0,,2026-08-03,,active
S008303,C008303,monthly,59.0,HARBOR50,2026-05-06,,active
S004831,C004831,monthly,59.0,,2025-12-29,2026-01-25,canceled
S003404,C003404,annual,588.0,,2025-08-20,,active
S004908,C004908,monthly,59.0,,2025-12-16,,active
S006426,C006426,monthly,59.0,,2026-03-30,,active
S004443,C004443,annual,588.0,,2025-11-13,,active
S002094,C002094,annual,588.0,,2025-05-14,,active
S010597,C010597,monthly,59.0,HARBOR50,2026-08-03,,active
S010202,C010202,monthly,59.0,,2026-08-26,,active
S009593,C009593,monthly,59.0,,2026-07-31,,active
S005446,C005446,monthly,59.0,,2026-01-27,,active
S006814,C006814,monthly,59.0,HARBOR50,2026-03-09,,active
S005167,C005167,monthly,59.0,,2025-12-07,2026-05-08,canceled
S004045,C004045,monthly,59.0,,2025-10-11,2026-06-14,canceled
S003343,C003343,annual,588.0,,2025-08-26,,active
S010603,C010603,monthly,59.0,HARBOR50,2026-08-13,,active
S000837,C000837,monthly,59.0,,2025-03-25,,active
S008859,C008859,monthly,59.0,HARBOR50,2026-06-29,,active
S006608,C006608,monthly,59.0,HARBOR50,2026-03-10,,active
S005601,C005601,annual,588.0,,2026-01-14,,active
S010551,C010551,monthly,59.0,HARBOR50,2026-08-29,,active
S008964,C008964,monthly,59.0,HARBOR50,2026-06-19,,active
S007788,C007788,annual,588.0,,2026-05-05,,active
S006680,C006680,monthly,59.0,HARBOR50,2026-03-14,,active
S006955,C006955,monthly,59.0,,2026-04-04,,active
S002086,C002086,monthly,59.0,,2025-05-14,,active
S008201,C008201,monthly,59.0,HARBOR50,2026-05-08,,active
S006512,C006512,monthly,59.0,,2026-03-07,,active
S009086,C009086,monthly,59.0,HARBOR50,2026-06-23,,active
S005620,C005620,monthly,59.0,,2026-01-21,,active
S010880,C010880,monthly,59.0,HARBOR50,2026-08-25,,active
S006530,C006530,monthly,59.0,,2026-03-23,,active
S004679,C004679,monthly,59.0,,2025-11-10,2026-01-13,canceled
S010954,C010954,monthly,59.0,,2026-08-09,,active
S003956,C003956,monthly,59.0,,2025-10-17,,active
S000091,C000091,monthly,59.0,,2025-01-16,2026-03-16,canceled
S002525,C002525,annual,588.0,,2025-07-08,,active
S005371,C005371,monthly,59.0,,2026-01-25,2026-07-20,canceled
S005839,C005839,monthly,59.0,,2026-02-12,,active
S003065,C003065,monthly,59.0,,2025-08-29,,active
S008087,C008087,monthly,59.0,HARBOR50,2026-05-20,,active
S009041,C009041,monthly,59.0,HARBOR50,2026-06-29,,active
S005907,C005907,annual,588.0,,2026-02-26,,active
S011277,C011277,monthly,59.0,HARBOR50,2026-09-09,,active
S003662,C003662,monthly,59.0,,2025-09-11,2025-09-19,canceled
S005225,C005225,monthly,59.0,,2025-12-03,,active
S006457,C006457,monthly,59.0,,2026-03-04,2026-09-05,canceled
S001880,C001880,monthly,59.0,,2025-05-25,2025-10-23,canceled
S004810,C004810,monthly,59.0,,2025-11-27,,active
S002676,C002676,monthly,59.0,,2025-07-09,,active
S002437,C002437,monthly,59.0,,2025-06-08,2025-08-02,canceled
S002688,C002688,annual,588.0,,2025-07-26,,active
S003952,C003952,monthly,59.0,,2025-10-25,2026-01-27,canceled
S001078,C001078,annual,588.0,,2025-03-26,2026-03-30,canceled
S000841,C000841,annual,588.0,,2025-03-19,,active
S006900,C006900,annual,588.0,,2026-04-09,,active
S006797,C006797,monthly,59.0,HARBOR50,2026-03-19,,active
S002084,C002084,monthly,59.0,,2025-05-01,2025-06-26,canceled
S005117,C005117,monthly,59.0,,2025-12-06,2026-08-06,canceled
S002850,C002850,monthly,59.0,,2025-07-07,2025-12-05,canceled
S009335,C009335,monthly,59.0,,2026-07-12,,active
S008270,C008270,monthly,59.0,,2026-05-23,,active
S008048,C008048,monthly,59.0,HARBOR50,2026-05-17,,active
S004499,C004499,monthly,59.0,,2025-11-28,2026-08-31,canceled
S007543,C007543,monthly,59.0,HARBOR50,2026-04-19,2026-06-20,canceled
S001038,C001038,monthly,59.0,,2025-03-13,2026-08-17,canceled
S010927,C010927,monthly,59.0,,2026-08-10,,active
S009245,C009245,monthly,59.0,HARBOR50,2026-06-15,,active
S010558,C010558,monthly,59.0,HARBOR50,2026-08-19,,active
S000457,C000457,monthly,59.0,,2025-02-02,,active
S006735,C006735,monthly,59.0,HARBOR50,2026-03-17,2026-07-15,canceled
S010961,C010961,monthly,59.0,HARBOR50,2026-08-30,,active
S004973,C004973,monthly,59.0,,2025-12-14,,active
S007795,C007795,monthly,59.0,,2026-05-21,,active
S003416,C003416,monthly,59.0,,2025-09-23,,active
S007969,C007969,monthly,59.0,,2026-05-21,,active
S009222,C009222,monthly,59.0,,2026-06-20,2026-07-16,canceled
S002951,C002951,annual,588.0,,2025-08-30,,active
S000750,C000750,monthly,59.0,,2025-02-09,2026-05-06,canceled
S008390,C008390,annual,588.0,,2026-05-29,,active
S007546,C007546,monthly,59.0,HARBOR50,2026-04-25,,active
S002027,C002027,monthly,59.0,,2025-05-08,,active
S006717,C006717,monthly,59.0,,2026-03-05,2026-08-05,canceled
S009161,C009161,monthly,59.0,HARBOR50,2026-06-11,,active
S006096,C006096,annual,588.0,,2026-02-16,,active
S011561,C001273,annual,588.0,,2025-12-09,,active
S010377,C010377,monthly,59.0,HARBOR50,2026-08-16,,active
S008440,C008440,monthly,59.0,,2026-06-27,,active
S009188,C009188,monthly,59.0,,2026-06-10,,active
S009057,C009057,monthly,59.0,HARBOR50,2026-06-03,,active
S009369,C009369,monthly,59.0,,2026-07-05,,active
S007748,C007748,monthly,59.0,,2026-05-03,,active
S006463,C006463,annual,588.0,,2026-03-01,,active
S006632,C006632,monthly,59.0,HARBOR50,2026-03-23,2026-08-24,canceled
S010631,C010631,monthly,59.0,,2026-08-13,,active
S004681,C004681,annual,588.0,,2025-11-10,,active
S005097,C005097,monthly,59.0,,2025-12-05,,active
S003396,C003396,monthly,59.0,,2025-08-31,,active
S006976,C006976,monthly,59.0,,2026-04-14,,active
S006475,C006475,annual,588.0,,2026-03-01,,active
S006540,C006540,monthly,59.0,,2026-03-01,2026-03-28,canceled
S003301,C003301,monthly,59.0,,2025-08-06,,canceled
S007005,C007005,monthly,59.0,,2026-04-16,,active
S007622,C007622,monthly,59.0,HARBOR50,2026-04-29,2026-08-27,canceled
S006462,C006462,monthly,59.0,,2026-03-25,2026-05-26,canceled
S010688,C010688,monthly,59.0,HARBOR50,2026-08-15,,active
S002267,C002267,monthly,59.0,,2025-06-17,,active
S001369,C001369,monthly,59.0,,2025-04-16,,active
S006160,C006160,monthly,59.0,,2026-02-28,2026-07-28,canceled
S005453,C005453,monthly,59.0,,2026-01-16,,active
S002362,C002362,monthly,59.0,,2025-06-16,2025-10-14,canceled
S007558,C007558,monthly,59.0,HARBOR50,2026-04-29,,active
S010640,C010640,annual,588.0,,2026-08-17,2026-08-22,canceled
S004784,C004784,monthly,59.0,,2025-11-30,,active
S000247,C000247,monthly,59.0,,2025-01-20,2025-05-18,canceled
S006504,C006504,monthly,59.0,,2026-03-26,,active
S010567,C010567,monthly,59.0,HARBOR50,2026-08-21,,active
S003053,C003053,annual,588.0,,2025-08-05,,active
S008541,C008541,annual,588.0,,2026-06-09,,active
S007982,C007982,monthly,59.0,HARBOR50,2026-05-10,,active
S010527,C010527,monthly,59.0,,2026-08-29,,active
S006831,C006831,monthly,59.0,HARBOR50,2026-03-20,2026-08-23,canceled
S000590,C000590,monthly,59.0,,2025-02-21,,active
S009763,C009763,monthly,59.0,HARBOR50,2026-07-12,,active
S010519,C010519,monthly,59.0,,2026-08-11,,active
S006959,C006959,monthly,59.0,,2026-04-04,2026-05-09,canceled
S003556,C003556,annual,588.0,,2025-09-11,,active
S000682,C000682,monthly,59.0,,2025-02-21,,active
S000500,C000500,monthly,59.0,,2025-02-07,2025-03-13,canceled
S007807,C007807,monthly,59.0,,2026-05-24,,active
S001519,C001519,monthly,59.0,,2025-04-17,2026-08-16,canceled
S009316,C009316,annual,588.0,,2026-07-10,,active
S009495,C009495,monthly,59.0,,2026-07-14,,active
S009914,C009914,monthly,59.0,HARBOR50,2026-07-23,,active
S005021,C005021,monthly,59.0,,2025-12-10,,active
S000250,C000250,monthly,59.0,,2025-01-14,2025-09-20,canceled
S010622,C010622,monthly,59.0,HARBOR50,2026-08-11,,active
S000108,C000108,monthly,59.0,,2025-01-30,2025-02-07,canceled
S011314,C011314,monthly,59.0,HARBOR50,2026-09-14,,active
S002654,C002654,monthly,59.0,,2025-07-05,,active
S000869,C000869,annual,588.0,,2025-03-17,,active
S010909,C010909,monthly,59.0,HARBOR50,2026-08-22,,active
S010754,C010754,monthly,59.0,HARBOR50,2026-08-13,,active
S001402,C001402,monthly,59.0,,2025-04-26,,active
S005940,C005940,monthly,59.0,,2026-02-02,,active
S006383,C006383,monthly,59.0,,2026-03-18,,active
S005599,C005599,monthly,59.0,,2026-01-20,2026-02-22,canceled
S006056,C006056,annual,588.0,,2026-02-21,,active
S008875,C008875,monthly,59.0,HARBOR50,2026-06-22,,active
S008327,C008327,monthly,59.0,HARBOR50,2026-05-17,,active
S007582,C007582,monthly,59.0,HARBOR50,2026-04-30,,active
S010956,C010956,monthly,59.0,HARBOR50,2026-08-17,,active
S000303,C000303,monthly,59.0,,2025-01-15,2025-07-18,canceled
S009849,C009849,monthly,59.0,,2026-07-31,,active
S010085,C010085,monthly,59.0,,2026-07-19,,active
S001224,C001224,monthly,59.0,,2025-03-07,,active
S001149,C001149,monthly,59.0,,2025-03-23,2026-03-20,canceled
S003136,C003136,monthly,59.0,,2025-08-04,,active
S001680,C001680,annual,588.0,,2025-05-30,,active
S001005,C001005,monthly,59.0,,2025-03-24,,active
S011205,C011205,monthly,59.0,HARBOR50,2026-09-06,,active
S010205,C010205,monthly,59.0,,2026-08-13,,active
S003228,C003228,monthly,59.0,,2025-08-04,2026-07-02,canceled
S005178,C005178,monthly,59.0,,2025-12-11,,active
S006177,C006177,monthly,59.0,,2026-02-27,2026-06-27,canceled
S009900,C009900,monthly,59.0,HARBOR50,2026-07-21,,active
S008054,C008054,monthly,59.0,HARBOR50,2026-05-21,,active
S007680,C007680,monthly,59.0,,2026-05-31,,active
S007301,C007301,monthly,59.0,HARBOR50,2026-04-14,2026-08-17,canceled
S000114,C000114,monthly,59.0,,2025-01-19,,active
S000002,C000002,monthly,59.0,,2025-01-17,,active
S010641,C010641,monthly,59.0,HARBOR50,2026-08-14,,active
S004093,C004093,monthly,59.0,,2025-10-16,,active
S009945,C009945,monthly,59.0,HARBOR50,2026-07-20,,active
S002491,C002491,monthly,59.0,,2025-06-01,,active
S000778,C000778,annual,588.0,,2025-02-02,,active
S008963,C008963,monthly,59.0,HARBOR50,2026-06-16,,active
S005504,C005504,monthly,59.0,,2026-01-07,,active
S011203,C011203,monthly,59.0,HARBOR50,2026-09-12,,active
S005391,C005391,annual,588.0,,2026-01-17,2026-01-27,canceled
S007170,C007170,monthly,59.0,,2026-04-23,,active
S005658,C005658,monthly,59.0,,2026-01-02,2026-01-11,canceled
S010149,C010149,monthly,59.0,,2026-08-25,,active
S007326,C007326,monthly,59.0,HARBOR50,2026-04-30,2026-09-03,canceled
S010420,C010420,annual,588.0,,2026-08-27,,active
S006846,C006846,monthly,59.0,HARBOR50,2026-03-06,,active
S000132,C000132,monthly,59.0,,2025-01-14,,active
S004242,C004242,monthly,59.0,,2025-10-19,,active
S009199,C009199,monthly,59.0,HARBOR50,2026-06-18,,active
S002593,C002593,monthly,59.0,,2025-07-25,,active
S007571,C007571,monthly,59.0,HARBOR50,2026-04-04,,active
S002361,C002361,monthly,59.0,,2025-06-02,,active
S005348,C005348,monthly,59.0,,2026-01-24,,active
S003905,C003905,monthly,59.0,,2025-10-31,,active
S009381,C009381,annual,588.0,,2026-07-08,,active
S005465,C005465,monthly,59.0,,2026-01-24,,active
S003592,C003592,monthly,59.0,,2025-09-27,,active
S007770,C007770,monthly,59.0,,2026-05-08,,active
S006867,C006867,monthly,59.0,,2026-04-28,,active
S000317,C000317,monthly,59.0,,2025-01-16,,active
S006209,C006209,monthly,59.0,,2026-03-05,,active
S000188,C000188,monthly,59.0,,2025-01-23,2026-08-27,canceled
S000111,C000111,monthly,59.0,,2025-01-22,,active
S000246,C000246,monthly,59.0,,2025-01-05,,active
S003256,C003256,annual,588.0,,2025-08-15,2025-08-19,canceled
S000779,C000779,monthly,59.0,,2025-02-18,2025-03-15,canceled
S009803,C009803,monthly,59.0,,2026-07-29,,active
S007297,C007297,monthly,59.0,HARBOR50,2026-04-08,,active
S008844,C008844,monthly,59.0,HARBOR50,2026-06-17,,active
S000174,C000174,monthly,59.0,,2025-01-19,,active
S009577,C009577,monthly,59.0,HARBOR50,2026-07-15,,active
S004458,C004458,monthly,59.0,,2025-11-09,,active
S002765,C002765,monthly,59.0,,2025-07-31,,active
S007452,C007452,monthly,59.0,HARBOR50,2026-04-29,,active
S009838,C009838,monthly,59.0,HARBOR50,2026-07-05,,active
S009760,C009760,monthly,59.0,HARBOR50,2026-07-22,,active
S007765,C007765,monthly,59.0,,2026-05-30,,active
S009804,C009804,monthly,59.0,HARBOR50,2026-07-26,,active
S001085,C001085,annual,588.0,,2025-03-06,,active
S006617,C006617,monthly,59.0,HARBOR50,2026-03-21,2026-08-15,canceled
S000258,C000258,monthly,59.0,,2025-01-31,,active
S000156,C000156,monthly,59.0,,2025-01-19,2025-12-24,canceled
S007174,C007174,monthly,59.0,,2026-04-27,,active
S001675,C001675,monthly,59.0,,2025-04-03,,active
S005295,C005295,monthly,59.0,,2026-01-24,,active
S000966,C000966,annual,588.0,,2025-03-18,,active
S001407,C001407,annual,588.0,,2025-04-28,2025-05-13,canceled
S000826,C000826,annual,588.0,,2025-02-10,2026-02-15,canceled
S002499,C002499,monthly,59.0,,2025-06-06,,active
S002561,C002561,monthly,59.0,,2025-07-24,,active
S009118,C009118,monthly,59.0,HARBOR50,2026-06-21,,active
S008644,C008644,monthly,59.0,,2026-06-09,,active
S008837,C008837,monthly,59.0,HARBOR50,2026-06-22,,active
S009149,C009149,monthly,59.0,HARBOR50,2026-06-17,,active
S011124,C011124,monthly,59.0,,2026-09-05,,active
S006035,C006035,annual,588.0,,2026-02-21,,canceled
S003407,C003407,monthly,59.0,,2025-09-14,,active
S006109,C006109,monthly,59.0,,2026-02-03,2026-02-24,canceled
S005212,C005212,monthly,59.0,,2025-12-30,,active
S006864,C006864,annual,588.0,,2026-04-08,,active
S011104,C011104,annual,588.0,,2026-09-06,,active
S000768,C000768,annual,588.0,,2025-02-16,,active
S003842,C003842,monthly,59.0,,2025-09-21,2026-05-26,canceled
S002804,C002804,monthly,59.0,,2025-07-15,2026-03-18,canceled
S000436,C000436,monthly,59.0,,2025-02-20,2026-06-26,canceled
S009705,C009705,monthly,59.0,HARBOR50,2026-07-11,,active
S000515,C000515,annual,588.0,,2025-02-17,,active
S005894,C005894,monthly,59.0,,2026-02-26,,active
S003071,C003071,monthly,59.0,,2025-08-09,,active
S010433,C010433,monthly,59.0,,2026-08-11,,active
S000344,C000344,annual,588.0,,2025-01-25,,active
S001945,C001945,monthly,59.0,,2025-05-26,,active
S001117,C001117,monthly,59.0,,2025-03-09,2025-07-05,canceled
S006916,C006916,monthly,59.0,,2026-04-04,,active
S005474,C005474,monthly,59.0,,2026-01-17,,active
S010676,C010676,monthly,59.0,HARBOR50,2026-08-22,,active
S002585,C002585,monthly,59.0,,2025-07-08,,active
S003879,C003879,monthly,59.0,,2025-10-06,,canceled
S002165,C002165,monthly,59.0,,2025-06-05,2026-03-01,canceled
S003946,C003946,monthly,59.0,,2025-10-08,,active
S003687,C003687,monthly,59.0,,2025-09-21,2026-01-21,canceled
S010833,C010833,monthly,59.0,HARBOR50,2026-08-11,,active
S002392,C002392,monthly,59.0,,2025-06-08,,active
S007197,C007197,monthly,59.0,,2026-04-01,,active
S003857,C003857,annual,588.0,,2025-09-08,,active
S006203,C006203,monthly,59.0,,2026-02-28,,active
S004647,C004647,annual,588.0,,2025-11-30,,active
S010185,C010185,monthly,59.0,,2026-08-29,,active
S003769,C003769,monthly,59.0,,2025-09-27,2025-11-28,canceled
S006762,C006762,monthly,59.0,HARBOR50,2026-03-24,2026-08-23,canceled
S006024,C006024,monthly,59.0,,2026-02-03,,active
S000035,C000035,monthly,59.0,,2025-01-15,,active
S009385,C009385,monthly,59.0,,2026-07-21,,active
S004543,C004543,monthly,59.0,,2025-11-04,2026-04-02,canceled
S003103,C003103,monthly,59.0,,2025-08-04,,active
S011613,C005127,annual,588.0,,2026-07-22,,active
S000356,C000356,monthly,59.0,,2025-01-12,2025-11-10,canceled
S001869,C001869,monthly,59.0,,2025-05-05,,active
S007810,C007810,monthly,59.0,,2026-05-02,,active
S007356,C007356,monthly,59.0,,2026-04-12,2026-06-09,canceled
S011587,C003181,annual,588.0,,2026-04-09,,active
S001470,C001470,annual,588.0,,2025-04-19,2026-04-24,canceled
S011034,C011034,annual,588.0,,2026-09-13,,active
S005298,C005298,monthly,59.0,,2026-01-06,,canceled
S010031,C010031,monthly,59.0,HARBOR50,2026-07-01,,active
S009453,C009453,monthly,59.0,,2026-07-06,,active
S010436,C010436,monthly,59.0,,2026-08-01,,active
S008021,C008021,monthly,59.0,HARBOR50,2026-05-25,,active
S007335,C007335,monthly,59.0,HARBOR50,2026-04-08,,active
S004020,C004020,monthly,59.0,,2025-10-18,2026-05-23,canceled
S001344,C001344,monthly,59.0,,2025-04-15,2025-11-08,canceled
S010884,C010884,annual,588.0,,2026-08-17,,active
S005044,C005044,annual,588.0,,2025-12-15,,active
S011592,C004175,annual,588.0,,2026-08-17,,active
S003165,C003165,monthly,59.0,,2025-08-29,2025-09-03,canceled
S002612,C002612,monthly,59.0,,2025-07-03,,active
S009523,C009523,monthly,59.0,,2026-07-30,,active
S002636,C002636,monthly,59.0,,2025-07-14,,active
S010007,C010007,monthly,59.0,HARBOR50,2026-07-17,,active
S005780,C005780,annual,588.0,,2026-02-22,,active
S001922,C001922,monthly,59.0,,2025-05-06,2025-07-03,canceled
S006667,C006667,monthly,59.0,HARBOR50,2026-03-18,2026-08-13,canceled
S008900,C008900,monthly,59.0,HARBOR50,2026-06-28,,active
S001417,C001417,monthly,59.0,,2025-04-01,,active
S002061,C002061,annual,588.0,,2025-05-04,,active
S010098,C010098,monthly,59.0,HARBOR50,2026-07-12,,active
S010800,C010800,monthly,59.0,HARBOR50,2026-08-16,2026-08-23,canceled
S009591,C009591,monthly,59.0,,2026-07-02,,active
S008762,C008762,monthly,59.0,,2026-06-06,,active
S004035,C004035,monthly,59.0,,2025-10-28,,active
S002426,C002426,monthly,59.0,,2025-06-27,2025-07-21,canceled
S004010,C004010,monthly,59.0,,2025-10-12,,active
S002787,C002787,monthly,59.0,,2025-07-28,2026-03-24,canceled
S000878,C000878,monthly,59.0,,2025-03-05,,active
S006185,C006185,monthly,59.0,,2026-02-23,2026-08-19,canceled
S010398,C010398,annual,588.0,,2026-08-24,,active
S007599,C007599,monthly,59.0,HARBOR50,2026-04-09,,active
S011635,C001651,annual,588.0,,2025-09-18,,active
S004987,C004987,monthly,59.0,,2025-12-03,,active
S010922,C010922,monthly,59.0,,2026-08-03,,active
S005600,C005600,monthly,59.0,,2026-01-09,2026-06-15,canceled
S009973,C009973,monthly,59.0,HARBOR50,2026-07-26,,active
S008969,C008969,monthly,59.0,HARBOR50,2026-06-14,,active
S001981,C001981,monthly,59.0,,2025-05-15,,active
S006309,C006309,annual,588.0,,2026-03-29,,active
S010010,C010010,monthly,59.0,,2026-07-11,2026-08-07,canceled
S003269,C003269,monthly,59.0,,2025-08-29,,active
S005368,C005368,monthly,59.0,,2026-01-01,,active
S001949,C001949,monthly,59.0,,2025-05-06,2025-10-09,canceled
S005876,C005876,monthly,59.0,,2026-02-26,2026-03-31,canceled
S004611,C004611,annual,588.0,,2025-11-30,,active
S001605,C001605,annual,588.0,,2025-04-07,,active
S011089,C011089,monthly,59.0,,2026-09-08,,active
S005062,C005062,monthly,59.0,,2025-12-14,,active
S005539,C005539,annual,588.0,,2026-01-01,,active
S008435,C008435,monthly,59.0,,2026-06-04,,active
S006683,C006683,monthly,59.0,HARBOR50,2026-03-02,2026-09-02,canceled
S010644,C010644,monthly,59.0,HARBOR50,2026-08-07,,active
S000037,C000037,monthly,59.0,,2025-01-18,,active
S011050,C011050,monthly,59.0,,2026-09-03,,active
S011324,C011324,monthly,59.0,,2026-09-05,,active
S000791,C000791,annual,588.0,,2025-02-03,2026-02-03,canceled
S003627,C003627,annual,588.0,,2025-09-09,2026-09-12,canceled
S011266,C011266,monthly,59.0,HARBOR50,2026-09-10,,active
S001672,C001672,monthly,59.0,,2025-04-11,,active
S003999,C003999,annual,588.0,,2025-10-06,,active
S007984,C007984,monthly,59.0,HARBOR50,2026-05-18,,active
S004550,C004550,annual,588.0,,2025-11-09,,active
S009406,C009406,annual,588.0,,2026-07-04,,active
S009325,C009325,monthly,59.0,,2026-07-04,,active
S007234,C007234,monthly,59.0,,2026-04-09,,active
S001420,C001420,monthly,59.0,,2025-04-27,,active
S002796,C002796,annual,588.0,,2025-07-20,,active
S006232,C006232,monthly,59.0,,2026-03-16,2026-08-10,canceled
S010790,C010790,monthly,59.0,HARBOR50,2026-08-03,,active
S006049,C006049,monthly,59.0,,2026-02-20,,active
S007367,C007367,monthly,59.0,,2026-04-21,2026-06-20,canceled
S000692,C000692,monthly,59.0,,2025-02-14,2025-07-20,canceled
S011397,C011397,monthly,59.0,COMP100,2025-03-17,,active
S000060,C000060,annual,588.0,,2025-01-09,2026-01-13,canceled
S010972,C010972,monthly,59.0,HARBOR50,2026-08-30,,active
S009696,C009696,monthly,59.0,HARBOR50,2026-07-17,,active
S003733,C003733,monthly,59.0,,2025-09-29,,active
S006902,C006902,monthly,59.0,,2026-04-15,,active
S000029,C000029,monthly,59.0,,2025-01-03,2025-08-08,canceled
S003225,C003225,annual,588.0,,2025-08-08,,active
S009799,C009799,monthly,59.0,HARBOR50,2026-07-31,,active
S004803,C004803,monthly,59.0,,2025-11-03,,active
S001082,C001082,monthly,59.0,,2025-03-07,2025-08-09,canceled
S002969,C002969,monthly,59.0,,2025-08-16,,active
S001211,C001211,monthly,59.0,,2025-03-12,2025-11-10,canceled
S011529,C006865,annual,588.0,,2026-07-30,,active
S000375,C000375,annual,588.0,,2025-01-15,,active
S006201,C006201,monthly,59.0,,2026-02-10,,active
S003894,C003894,monthly,59.0,,2025-10-06,2026-02-07,canceled
S003738,C003738,monthly,59.0,,2025-09-25,2025-11-22,canceled
S002770,C002770,annual,588.0,,2025-07-27,2025-08-02,canceled
S004697,C004697,monthly,59.0,,2025-11-18,,active
S001940,C001940,monthly,59.0,,2025-05-29,2025-06-28,canceled
S004534,C004534,monthly,59.0,,2025-11-08,,active
S001278,C001278,monthly,59.0,,2025-04-24,,active
S010748,C010748,monthly,59.0,HARBOR50,2026-08-12,,active
S006104,C006104,monthly,59.0,,2026-02-21,2026-07-21,canceled
S004899,C004899,monthly,59.0,,2025-12-01,,active
S005676,C005676,monthly,59.0,,2026-01-20,2026-06-23,canceled
S009389,C009389,monthly,59.0,,2026-07-04,,active
S007530,C007530,monthly,59.0,HARBOR50,2026-04-16,,active
S009682,C009682,monthly,59.0,,2026-07-25,,active
S000330,C000330,annual,588.0,,2025-01-15,,active
S000350,C000350,monthly,59.0,,2025-01-24,2025-06-20,canceled
S005286,C005286,annual,588.0,,2026-01-20,,active
S008122,C008122,monthly,59.0,HARBOR50,2026-05-07,,active
S006946,C006946,monthly,59.0,,2026-04-03,,active
S006516,C006516,monthly,59.0,,2026-03-15,,active
S000099,C000099,monthly,59.0,,2025-01-06,2025-03-06,canceled
S003722,C003722,annual,588.0,,2025-09-05,,active
S004175,C004175,monthly,59.0,,2025-10-29,,active
S007456,C007456,monthly,59.0,HARBOR50,2026-04-30,,active
S003781,C003781,annual,588.0,,2025-09-27,,active
S003174,C003174,monthly,59.0,,2025-08-25,,active
S000673,C000673,monthly,59.0,,2025-02-04,,active
S003410,C003410,monthly,59.0,,2025-09-28,,active
S003522,C003522,annual,588.0,,2025-09-17,,active
S004672,C004672,monthly,59.0,,2025-11-14,,active
S004893,C004893,monthly,59.0,,2025-12-27,,active
S003247,C003247,monthly,59.0,,2025-08-30,,active
S002238,C002238,annual,588.0,,2025-06-30,2026-07-05,canceled
S009225,C009225,monthly,59.0,HARBOR50,2026-06-20,2026-08-22,canceled
S003550,C003550,monthly,59.0,,2025-09-27,,active
S006161,C006161,annual,588.0,,2026-02-24,,active
S010702,C010702,annual,588.0,,2026-08-16,,active
S005890,C005890,monthly,59.0,,2026-02-09,,active
S003123,C003123,monthly,59.0,,2025-08-08,,active
S009777,C009777,monthly,59.0,HARBOR50,2026-07-16,,active
S000220,C000220,monthly,59.0,,2025-01-07,,active
S004410,C004410,monthly,59.0,,2025-11-28,,active
S003789,C003789,monthly,59.0,,2025-09-19,,active
S007706,C007706,monthly,59.0,,2026-05-17,,active
S002412,C002412,monthly,59.0,,2025-06-01,,active
S007103,C007103,annual,588.0,,2026-04-04,,active
S004483,C004483,monthly,59.0,,2025-11-19,,active
S002090,C002090,annual,588.0,,2025-05-09,,active
S006435,C006435,annual,588.0,,2026-03-06,,active
S009186,C009186,monthly,59.0,HARBOR50,2026-06-04,,active
S003089,C003089,monthly,59.0,,2025-08-19,2025-11-13,canceled
S000146,C000146,monthly,59.0,,2025-01-06,,active
S003772,C003772,annual,588.0,,2025-09-15,,active
S005213,C005213,annual,588.0,,2025-12-01,,active
S001483,C001483,monthly,59.0,,2025-04-14,2025-10-08,canceled
S008667,C008667,annual,588.0,,2026-06-14,,active
S008758,C008758,monthly,59.0,HARBOR50,2026-06-22,,active
S001418,C001418,monthly,59.0,,2025-04-24,,active
S003945,C003945,annual,588.0,,2025-10-02,,active
S007348,C007348,monthly,59.0,HARBOR50,2026-04-15,,active
S003034,C003034,monthly,59.0,,2025-08-02,2026-07-30,canceled
S004135,C004135,monthly,59.0,,2025-10-15,,active
S009542,C009542,monthly,59.0,,2026-07-09,,active
S004515,C004515,monthly,59.0,,2025-11-04,,active
S007729,C007729,monthly,59.0,,2026-05-02,,active
S011148,C011148,monthly,59.0,,2026-09-01,,active
S010036,C010036,monthly,59.0,HARBOR50,2026-07-04,,active
S002764,C002764,monthly,59.0,,2025-07-09,,active
S003941,C003941,monthly,59.0,,2025-10-01,,active
S001724,C001724,annual,588.0,,2025-05-24,2026-05-27,canceled
S002856,C002856,monthly,59.0,,2025-07-20,,active
S001844,C001844,monthly,59.0,,2025-05-18,,active
S001101,C001101,monthly,59.0,,2025-03-23,2026-01-23,canceled
S003934,C003934,monthly,59.0,,2025-10-17,,active
S010367,C010367,annual,588.0,,2026-08-24,,active
S004461,C004461,monthly,59.0,,2025-11-29,,active
S005830,C005830,monthly,59.0,,2026-02-03,2026-05-11,canceled
S002251,C002251,monthly,59.0,,2025-06-14,,active
S003300,C003300,monthly,59.0,,2025-08-21,,active
S001575,C001575,monthly,59.0,,2025-04-06,2025-07-10,canceled
S009892,C009892,monthly,59.0,HARBOR50,2026-07-01,,active
S003795,C003795,annual,588.0,,2025-09-18,,active
S004650,C004650,monthly,59.0,,2025-11-23,,active
S010599,C010599,monthly,59.0,,2026-08-23,,active
S006223,C006223,annual,588.0,,2026-03-11,,active
S002773,C002773,monthly,59.0,,2025-07-30,2026-08-25,canceled
S005814,C005814,monthly,59.0,,2026-02-06,,active
S005617,C005617,annual,588.0,,2026-01-28,,active
S001729,C001729,monthly,59.0,,2025-05-10,,active
S010642,C010642,monthly,59.0,HARBOR50,2026-08-01,,active
S000574,C000574,annual,588.0,,2025-02-26,2026-03-01,canceled
S006767,C006767,monthly,59.0,HARBOR50,2026-03-24,2026-04-16,canceled
S000907,C000907,monthly,59.0,,2025-03-04,,active
S005546,C005546,monthly,59.0,,2026-01-23,,active
S010483,C010483,annual,588.0,,2026-08-13,,active
S003188,C003188,monthly,59.0,,2025-08-22,2025-12-25,canceled
S001426,C001426,monthly,59.0,,2025-04-06,,active
S001998,C001998,monthly,59.0,,2025-05-07,2026-08-09,canceled
S011355,C011355,monthly,59.0,COMP100,2025-06-24,2025-06-25,canceled
S006120,C006120,annual,588.0,,2026-02-12,,active
S003465,C003465,monthly,59.0,,2025-09-24,2025-10-18,canceled
S001360,C001360,monthly,59.0,,2025-04-01,2026-02-25,canceled
S008118,C008118,monthly,59.0,HARBOR50,2026-05-20,,active
S005124,C005124,monthly,59.0,,2025-12-25,2026-07-25,canceled
S005172,C005172,monthly,59.0,,2025-12-19,,active
S003698,C003698,annual,588.0,,2025-09-07,,active
S006514,C006514,annual,588.0,,2026-03-19,,active
S004977,C004977,monthly,59.0,,2025-12-03,,active
S002624,C002624,annual,588.0,,2025-07-22,,active
S001889,C001889,monthly,59.0,,2025-05-09,,active
S005524,C005524,annual,588.0,,2026-01-08,,active
S005233,C005233,monthly,59.0,,2025-12-23,,active
S009772,C009772,monthly,59.0,HARBOR50,2026-07-03,,active
S008049,C008049,monthly,59.0,HARBOR50,2026-05-13,,active
S011279,C011279,monthly,59.0,HARBOR50,2026-09-03,,active
S008506,C008506,annual,588.0,,2026-06-05,,active
S003972,C003972,monthly,59.0,,2025-10-17,,active
S010803,C010803,monthly,59.0,HARBOR50,2026-08-19,,active
S003254,C003254,monthly,59.0,,2025-08-30,,active
S000284,C000284,annual,588.0,,2025-01-31,,active
S008367,C008367,monthly,59.0,HARBOR50,2026-05-07,,active
S008968,C008968,monthly,59.0,HARBOR50,2026-06-10,,active
S000637,C000637,monthly,59.0,,2025-02-25,2026-01-27,canceled
S006428,C006428,monthly,59.0,,2026-03-22,,active
S000611,C000611,monthly,59.0,,2025-02-14,2025-05-14,canceled
S009415,C009415,annual,588.0,,2026-07-01,,active
S007822,C007822,annual,588.0,,2026-05-09,,active
S011316,C011316,monthly,59.0,HARBOR50,2026-09-08,,active
S008403,C008403,monthly,59.0,,2026-06-01,,active
S003995,C003995,annual,588.0,,2025-10-11,,active
S002054,C002054,annual,588.0,,2025-05-11,2026-05-15,canceled
S001744,C001744,annual,588.0,,2025-05-05,,active
S000598,C000598,monthly,59.0,,2025-02-12,,active
S010471,C010471,monthly,59.0,,2026-08-19,,active
S007219,C007219,monthly,59.0,,2026-04-13,,active
S001307,C001307,annual,588.0,,2025-04-11,2026-04-15,canceled
S007895,C007895,monthly,59.0,,2026-05-09,,active
S008531,C008531,monthly,59.0,,2026-06-12,,active
S011326,C011326,monthly,59.0,HARBOR50,2026-09-12,,active
S010991,C010991,monthly,59.0,,2026-08-28,,active
S001217,C001217,monthly,59.0,,2025-03-30,2026-06-24,canceled
S008132,C008132,monthly,59.0,HARBOR50,2026-05-12,,active
S004490,C004490,annual,588.0,,2025-11-17,,active
S009487,C009487,annual,588.0,,2026-07-31,,active
S007056,C007056,monthly,59.0,,2026-04-10,,active
S000418,C000418,monthly,59.0,,2025-02-01,2025-06-30,canceled
S004639,C004639,monthly,59.0,,2025-11-03,2026-08-06,canceled
S007385,C007385,monthly,59.0,HARBOR50,2026-04-14,,active
S003717,C003717,monthly,59.0,,2025-09-24,,active
S010396,C010396,monthly,59.0,HARBOR50,2026-08-27,,active
S001391,C001391,annual,588.0,,2025-04-22,,active
S001452,C001452,annual,588.0,,2025-04-21,2026-04-22,canceled
S001053,C001053,annual,588.0,,2025-03-11,,active
S004547,C004547,monthly,59.0,,2025-11-11,,active
S005862,C005862,monthly,59.0,,2026-02-28,,active
S007128,C007128,monthly,59.0,,2026-04-29,,active
S010997,C010997,monthly,59.0,,2026-08-25,,active
S006508,C006508,annual,588.0,,2026-03-16,,active
S001564,C001564,annual,588.0,,2025-04-27,,active
S000767,C000767,monthly,59.0,,2025-02-27,2025-09-22,canceled
S006947,C006947,annual,588.0,,2026-04-30,,active
S007964,C007964,monthly,59.0,,2026-05-04,,active
S004853,C004853,monthly,59.0,,2025-12-24,,active
S004993,C004993,annual,588.0,,2025-12-15,,active
S010429,C010429,monthly,59.0,HARBOR50,2026-08-16,,active
S000757,C000757,annual,588.0,,2025-02-16,,active
S010772,C010772,monthly,59.0,HARBOR50,2026-08-17,,active
S010791,C010791,monthly,59.0,HARBOR50,2026-08-13,,active
S010041,C010041,monthly,59.0,,2026-07-23,,active
S007963,C007963,monthly,59.0,,2026-05-27,,active
S010167,C010167,annual,588.0,,2026-08-22,,active
S007868,C007868,annual,588.0,,2026-05-28,,active
S009440,C009440,monthly,59.0,,2026-07-14,,active
S001574,C001574,annual,588.0,,2025-04-18,2026-04-23,canceled
S005120,C005120,monthly,59.0,,2025-12-23,,active
S008359,C008359,monthly,59.0,HARBOR50,2026-05-17,,active
S011164,C011164,annual,588.0,,2026-09-14,,active
S002579,C002579,monthly,59.0,,2025-07-21,,active
S009266,C009266,monthly,59.0,HARBOR50,2026-06-01,,active
S006693,C006693,monthly,59.0,HARBOR50,2026-03-02,,active
S004165,C004165,monthly,59.0,,2025-10-22,,active
S009607,C009607,monthly,59.0,,2026-07-22,,active
S006941,C006941,annual,588.0,,2026-04-29,,active
S000766,C000766,monthly,59.0,,2025-02-20,2026-04-21,canceled
S009895,C009895,monthly,59.0,HARBOR50,2026-07-02,,active
S009630,C009630,monthly,59.0,,2026-07-12,,active
S006378,C006378,monthly,59.0,,2026-03-11,,active
S008340,C008340,monthly,59.0,HARBOR50,2026-05-20,,active
S007121,C007121,monthly,59.0,HARBOR50,2026-04-10,,active
S000493,C000493,annual,588.0,,2025-02-21,,active
S003138,C003138,monthly,59.0,,2025-08-16,,active
S007030,C007030,annual,588.0,,2026-04-15,,active
S009655,C009655,monthly,59.0,,2026-07-21,,active
S002958,C002958,monthly,59.0,,2025-08-05,,active
S001622,C001622,annual,588.0,,2025-04-13,,active
S009382,C009382,monthly,59.0,,2026-07-19,,active
S002422,C002422,annual,588.0,,2025-06-19,2026-06-20,canceled
S005392,C005392,monthly,59.0,,2026-01-12,,active
S003412,C003412,monthly,59.0,,2025-09-13,,active
S004200,C004200,annual,588.0,,2025-10-01,,active
S000005,C000005,monthly,59.0,,2025-01-30,,active
S006720,C006720,monthly,59.0,HARBOR50,2026-03-10,,active
S010279,C010279,monthly,59.0,,2026-08-12,,active
S011483,C006780,annual,588.0,,2026-09-07,,active
S002957,C002957,monthly,59.0,,2025-08-07,,active
S009194,C009194,annual,588.0,,2026-06-16,,active
S004434,C004434,monthly,59.0,,2025-11-09,,active
S004597,C004597,monthly,59.0,,2025-11-14,2026-02-11,canceled
S004148,C004148,monthly,59.0,,2025-10-03,2026-04-08,canceled
S008641,C008641,monthly,59.0,,2026-06-01,,active
S004029,C004029,monthly,59.0,,2025-10-22,,active
S005902,C005902,monthly,59.0,,2026-02-03,,active
S005903,C005903,monthly,59.0,,2026-02-26,,active
S005954,C005954,monthly,59.0,,2026-02-06,,active
S000409,C000409,monthly,59.0,,2025-02-08,,active
S005858,C005858,monthly,59.0,,2026-02-13,2026-06-08,canceled
S003602,C003602,annual,588.0,,2025-09-15,,active
S007327,C007327,monthly,59.0,HARBOR50,2026-04-18,,active
S001750,C001750,monthly,59.0,,2025-05-21,2025-07-26,canceled
S006179,C006179,monthly,59.0,,2026-02-26,,active
S005687,C005687,monthly,59.0,,2026-01-19,2026-02-16,canceled
S007714,C007714,monthly,59.0,,2026-05-15,,active
S006564,C006564,monthly,59.0,HARBOR50,2026-03-13,2026-07-09,canceled
S001172,C001172,monthly,59.0,,2025-03-25,2026-02-24,canceled
S010383,C010383,monthly,59.0,,2026-08-08,,active
S003993,C003993,monthly,59.0,,2025-10-23,,active
S004342,C004342,monthly,59.0,,2025-10-10,2026-06-07,canceled
S004809,C004809,monthly,59.0,,2025-11-07,,active
S009449,C009449,monthly,59.0,,2026-07-08,,active
S009478,C009478,monthly,59.0,,2026-07-24,,active
S003768,C003768,monthly,59.0,,2025-09-30,,active
S000094,C000094,annual,588.0,,2025-01-23,,active
S009839,C009839,monthly,59.0,HARBOR50,2026-07-25,,active
S007834,C007834,monthly,59.0,,2026-05-04,,active
S006965,C006965,monthly,59.0,,2026-04-05,,active
S008076,C008076,monthly,59.0,HARBOR50,2026-05-01,,active
S003577,C003577,monthly,59.0,,2025-09-10,,active
S006282,C006282,monthly,59.0,,2026-03-28,,active
S007857,C007857,annual,588.0,,2026-05-17,,active
S009508,C009508,monthly,59.0,,2026-07-08,,active
S002932,C002932,monthly,59.0,,2025-07-21,,active
S010620,C010620,monthly,59.0,HARBOR50,2026-08-23,,active
S010563,C010563,monthly,59.0,HARBOR50,2026-08-24,,active
S010503,C010503,monthly,59.0,,2026-08-01,,active
S011421,C011421,monthly,59.0,COMP100,2025-12-11,,active
S011650,C006956,annual,588.0,,2026-09-02,,active
S002227,C002227,monthly,59.0,,2025-06-17,2025-07-22,canceled
S004652,C004652,monthly,59.0,,2025-11-17,,active
S005305,C005305,monthly,59.0,,2026-01-31,,active
S003335,C003335,monthly,59.0,,2025-08-01,2025-12-27,canceled
S010581,C010581,monthly,59.0,HARBOR50,2026-08-07,,active
S006664,C006664,monthly,59.0,HARBOR50,2026-03-26,2026-07-22,canceled
S001895,C001895,monthly,59.0,,2025-05-16,2025-09-19,canceled
S008818,C008818,monthly,59.0,HARBOR50,2026-06-30,,active
S003670,C003670,annual,588.0,,2025-09-28,,active
S002297,C002297,annual,588.0,,2025-06-21,2026-06-24,canceled
S004520,C004520,monthly,59.0,,2025-11-13,,active
S009823,C009823,monthly,59.0,HARBOR50,2026-07-17,,active
S006833,C006833,monthly,59.0,HARBOR50,2026-03-21,2026-08-24,canceled
S008854,C008854,monthly,59.0,,2026-06-18,,active
S007741,C007741,monthly,59.0,,2026-05-25,,active
S003442,C003442,monthly,59.0,,2025-09-02,,active
S009044,C009044,monthly,59.0,HARBOR50,2026-06-01,,active
S011190,C011190,monthly,59.0,,2026-09-02,,active
S006711,C006711,monthly,59.0,HARBOR50,2026-03-31,2026-07-29,canceled
S006879,C006879,monthly,59.0,,2026-04-25,,active
S008286,C008286,monthly,59.0,HARBOR50,2026-05-24,,active
S002077,C002077,monthly,59.0,,2025-05-10,,active
S004335,C004335,annual,588.0,,2025-10-15,,active
S004919,C004919,annual,588.0,,2025-12-24,,active
S009986,C009986,monthly,59.0,HARBOR50,2026-07-01,2026-08-27,canceled
S008283,C008283,monthly,59.0,HARBOR50,2026-05-06,,active
S005988,C005988,monthly,59.0,,2026-02-03,,active
S004387,C004387,monthly,59.0,,2025-11-09,,active
S005840,C005840,monthly,59.0,,2026-02-27,2026-07-30,canceled
S000669,C000669,monthly,59.0,,2025-02-23,2026-08-26,canceled
S009602,C009602,annual,588.0,,2026-07-26,,active
S003282,C003282,monthly,59.0,,2025-08-30,2025-11-01,canceled
S007471,C007471,monthly,59.0,HARBOR50,2026-04-05,,active
S009520,C009520,monthly,59.0,,2026-07-24,,active
S005829,C005829,monthly,59.0,,2026-02-06,2026-06-08,canceled
S005626,C005626,monthly,59.0,,2026-01-19,,active
S008183,C008183,monthly,59.0,HARBOR50,2026-05-26,,active
S001302,C001302,monthly,59.0,,2025-04-01,,active
S000674,C000674,monthly,59.0,,2025-02-02,,active
S001721,C001721,monthly,59.0,,2025-05-13,,active
S009568,C009568,monthly,59.0,,2026-07-09,,active
S001957,C001957,monthly,59.0,,2025-05-05,2025-10-02,canceled
S011309,C011309,monthly,59.0,HARBOR50,2026-09-13,,active
S001910,C001910,monthly,59.0,,2025-05-16,2025-12-16,canceled
S003374,C003374,annual,588.0,,2025-08-02,2026-08-03,canceled
S009209,C009209,monthly,59.0,HARBOR50,2026-06-02,,active
S005457,C005457,monthly,59.0,,2026-01-17,,active
S007460,C007460,monthly,59.0,HARBOR50,2026-04-24,2026-08-21,canceled
S004950,C004950,monthly,59.0,,2025-12-30,,active
S005018,C005018,monthly,59.0,,2025-12-03,,active
S007379,C007379,monthly,59.0,HARBOR50,2026-04-17,,active
S003555,C003555,monthly,59.0,,2025-09-05,,canceled
S004392,C004392,monthly,59.0,,2025-11-08,,canceled
S009218,C009218,monthly,59.0,HARBOR50,2026-06-13,,active
S010801,C010801,monthly,59.0,HARBOR50,2026-08-30,,active
S011544,C002336,annual,588.0,,2026-09-09,,active
S001437,C001437,annual,588.0,,2025-04-24,2026-04-25,canceled
S005801,C005801,monthly,59.0,,2026-02-23,,active
S000087,C000087,annual,588.0,,2025-01-15,,active
S004006,C004006,monthly,59.0,,2025-10-26,,active
S002130,C002130,monthly,59.0,,2025-06-20,,active
S011038,C011038,monthly,59.0,,2026-09-12,,active
S004281,C004281,monthly,59.0,,2025-10-04,2026-05-08,canceled
S007531,C007531,monthly,59.0,HARBOR50,2026-04-30,,active
S000013,C000013,annual,588.0,,2025-01-24,2026-01-29,canceled
S009447,C009447,monthly,59.0,,2026-07-24,,active
S002306,C002306,monthly,59.0,,2025-06-10,2026-08-11,canceled
S004871,C004871,annual,588.0,,2025-12-05,,active
S009621,C009621,monthly,59.0,HARBOR50,2026-07-26,,active
S002286,C002286,monthly,59.0,,2025-06-26,,active
S006413,C006413,monthly,59.0,,2026-03-18,,active
S011631,C006146,annual,588.0,,2026-07-30,,active
S002749,C002749,annual,588.0,,2025-07-27,2026-07-31,canceled
S011590,C002108,annual,588.0,,2026-02-23,,active
S000474,C000474,monthly,59.0,,2025-02-08,2026-04-08,canceled
S011142,C011142,monthly,59.0,,2026-09-10,,active
S008011,C008011,monthly,59.0,HARBOR50,2026-05-08,,active
S006108,C006108,annual,588.0,,2026-02-24,,active
S010151,C010151,monthly,59.0,,2026-08-14,,active
S004822,C004822,monthly,59.0,,2025-12-20,,active
S005451,C005451,monthly,59.0,,2026-01-28,,active
S002332,C002332,annual,588.0,,2025-06-25,,active
S003264,C003264,annual,588.0,,2025-08-05,,active
S006650,C006650,monthly,59.0,HARBOR50,2026-03-16,,active
S010694,C010694,monthly,59.0,HARBOR50,2026-08-01,,active
S009704,C009704,monthly,59.0,HARBOR50,2026-07-18,,active
S002074,C002074,monthly,59.0,,2025-05-05,2025-11-30,canceled
S000988,C000988,monthly,59.0,,2025-03-31,,active
S006823,C006823,monthly,59.0,HARBOR50,2026-03-06,2026-05-08,canceled
S007958,C007958,monthly,59.0,,2026-05-05,,active
S001169,C001169,monthly,59.0,,2025-03-18,,active
S007430,C007430,monthly,59.0,HARBOR50,2026-04-13,2026-08-07,canceled
S001637,C001637,monthly,59.0,,2025-04-11,2026-01-05,canceled
S003204,C003204,monthly,59.0,,2025-08-20,,active
S009879,C009879,monthly,59.0,HARBOR50,2026-07-14,,active
S009967,C009967,monthly,59.0,HARBOR50,2026-07-28,,active
S001490,C001490,monthly,59.0,,2025-04-07,,active
S000232,C000232,monthly,59.0,,2025-01-21,2025-07-26,canceled
S002321,C002321,monthly,59.0,,2025-06-26,,active
S011447,C011447,monthly,59.0,COMP100,2025-01-31,,active
S002785,C002785,annual,588.0,,2025-07-18,,active
S000982,C000982,monthly,59.0,,2025-03-18,,active
S000848,C000848,monthly,59.0,,2025-03-16,2025-04-08,canceled
S000928,C000928,monthly,59.0,,2025-03-02,,active
S001546,C001546,monthly,59.0,,2025-04-15,2025-12-16,canceled
S007263,C007263,monthly,59.0,,2026-04-16,,active
S010170,C010170,monthly,59.0,,2026-08-20,,active
S008547,C008547,monthly,59.0,,2026-06-22,,active
S006290,C006290,monthly,59.0,,2026-03-11,,active
S001897,C001897,annual,588.0,,2025-05-15,,active
S008185,C008185,monthly,59.0,HARBOR50,2026-05-07,,active
S000223,C000223,monthly,59.0,,2025-01-11,,active
S003107,C003107,monthly,59.0,,2025-08-08,,active
S001329,C001329,monthly,59.0,,2025-04-30,2026-02-01,canceled
S002728,C002728,monthly,59.0,,2025-07-16,,active
S010561,C010561,monthly,59.0,HARBOR50,2026-08-09,,active
S008832,C008832,monthly,59.0,HARBOR50,2026-06-02,,active
S006763,C006763,monthly,59.0,HARBOR50,2026-03-02,,active
S009933,C009933,monthly,59.0,HARBOR50,2026-07-22,,active
S003932,C003932,annual,588.0,,2025-10-23,,active
S000295,C000295,monthly,59.0,,2025-01-26,2025-08-23,canceled
S011068,C011068,monthly,59.0,,2026-09-10,,active
S002634,C002634,monthly,59.0,,2025-07-03,,active
S003681,C003681,monthly,59.0,,2025-09-04,,active
S001640,C001640,monthly,59.0,,2025-04-11,2025-08-09,canceled
S008394,C008394,monthly,59.0,HARBOR50,2026-05-11,2026-07-10,canceled
S007282,C007282,monthly,59.0,HARBOR50,2026-04-09,,active
S006922,C006922,monthly,59.0,,2026-04-01,,active
S000239,C000239,monthly,59.0,,2025-01-30,,active
S008042,C008042,monthly,59.0,,2026-05-16,,active
S010632,C010632,monthly,59.0,HARBOR50,2026-08-14,,active
S011293,C011293,monthly,59.0,HARBOR50,2026-09-10,,active
S004726,C004726,monthly,59.0,,2025-11-27,2026-07-01,canceled
S008635,C008635,monthly,59.0,HARBOR50,2026-06-22,,active
S008339,C008339,monthly,59.0,HARBOR50,2026-05-17,,active
S009148,C009148,monthly,59.0,HARBOR50,2026-06-29,,active
S009870,C009870,monthly,59.0,HARBOR50,2026-07-06,,active
S011254,C011254,monthly,59.0,HARBOR50,2026-09-09,,active
S000159,C000159,monthly,59.0,,2025-01-23,2025-03-21,canceled
S004158,C004158,annual,588.0,,2025-10-18,,active
S003606,C003606,monthly,59.0,,2025-09-08,,active
S001394,C001394,monthly,59.0,,2025-04-11,,active
S001763,C001763,monthly,59.0,,2025-05-21,,active
S008061,C008061,monthly,59.0,,2026-05-30,,active
S008109,C008109,monthly,59.0,,2026-05-20,,active
S000369,C000369,monthly,59.0,,2025-01-23,2026-02-18,canceled
S005959,C005959,annual,588.0,,2026-02-25,,active
S008927,C008927,monthly,59.0,HARBOR50,2026-06-14,,active
S003800,C003800,monthly,59.0,,2025-09-03,,active
S001973,C001973,monthly,59.0,,2025-05-26,,active
S003564,C003564,monthly,59.0,,2025-09-11,2026-04-14,canceled
S011396,C011396,monthly,59.0,COMP100,2025-12-06,2025-12-09,canceled
S007145,C007145,monthly,59.0,HARBOR50,2026-04-05,2026-05-01,canceled
S004357,C004357,monthly,59.0,,2025-11-03,,active
S010542,C010542,monthly,59.0,HARBOR50,2026-08-01,,active
S008152,C008152,monthly,59.0,HARBOR50,2026-05-30,,active
S007361,C007361,monthly,59.0,,2026-04-01,,active
S005774,C005774,annual,588.0,,2026-02-18,,active
S004159,C004159,monthly,59.0,,2025-10-21,2026-06-26,canceled
S005568,C005568,monthly,59.0,,2026-01-19,,active
S002763,C002763,monthly,59.0,,2025-07-25,2025-08-28,canceled
S003499,C003499,annual,588.0,,2025-09-27,2025-10-11,canceled
S008319,C008319,annual,588.0,,2026-05-27,,active
S000852,C000852,annual,588.0,,2025-03-15,,active
S000990,C000990,monthly,59.0,,2025-03-08,2026-02-07,canceled
S006588,C006588,monthly,59.0,HARBOR50,2026-03-11,2026-08-07,canceled
S002079,C002079,monthly,59.0,,2025-05-25,,active
S001623,C001623,monthly,59.0,,2025-04-26,,active
S010889,C010889,annual,588.0,,2026-08-06,,active
S002417,C002417,monthly,59.0,,2025-06-01,,active
S003954,C003954,annual,588.0,,2025-10-30,,active
S009038,C009038,monthly,59.0,HARBOR50,2026-06-29,,active
S002683,C002683,annual,588.0,,2025-07-27,,active
S002239,C002239,monthly,59.0,,2025-06-02,,active
S011055,C011055,monthly,59.0,,2026-09-14,,active
S005122,C005122,monthly,59.0,,2025-12-23,,active
S001866,C001866,monthly,59.0,,2025-05-12,,active
S006982,C006982,monthly,59.0,,2026-04-01,,active
S006615,C006615,monthly,59.0,HARBOR50,2026-03-13,,active
S010663,C010663,monthly,59.0,HARBOR50,2026-08-02,,active
S006604,C006604,monthly,59.0,HARBOR50,2026-03-26,,active
S004288,C004288,monthly,59.0,,2025-10-29,,active
S011236,C011236,monthly,59.0,HARBOR50,2026-09-10,,active
S001920,C001920,monthly,59.0,,2025-05-19,,active
S010156,C010156,annual,588.0,,2026-08-21,,active
S006984,C006984,monthly,59.0,,2026-04-24,,active
S000118,C000118,annual,588.0,,2025-01-21,,active
S008368,C008368,monthly,59.0,,2026-05-09,,active
S006659,C006659,monthly,59.0,HARBOR50,2026-03-05,,active
S011610,C000157,annual,588.0,,2025-09-13,,active
S010957,C010957,monthly,59.0,HARBOR50,2026-08-06,,active
S001876,C001876,monthly,59.0,,2025-05-15,,active
S006995,C006995,monthly,59.0,,2026-04-06,,active
S001335,C001335,monthly,59.0,,2025-04-03,,active
S000011,C000011,monthly,59.0,,2025-01-25,,active
S005694,C005694,monthly,59.0,,2026-01-25,2026-07-24,canceled
S002887,C002887,monthly,59.0,,2025-07-13,2026-02-12,canceled
S010988,C010988,monthly,59.0,HARBOR50,2026-08-19,,active
S004040,C004040,monthly,59.0,,2025-10-14,2026-04-13,canceled
S005433,C005433,annual,588.0,,2026-01-06,,active
S003750,C003750,annual,588.0,,2025-09-18,,active
S005243,C005243,annual,588.0,,2025-12-14,,active
S001833,C001833,monthly,59.0,,2025-05-04,2026-04-29,canceled
S000475,C000475,monthly,59.0,,2025-02-22,,active
S005445,C005445,annual,588.0,,2026-01-14,,active
S001088,C001088,monthly,59.0,,2025-03-13,,active
S011186,C011186,monthly,59.0,HARBOR50,2026-09-07,,active
S010212,C010212,monthly,59.0,,2026-08-19,,active
S002149,C002149,monthly,59.0,,2025-06-15,2025-10-16,canceled
S001013,C001013,annual,588.0,,2025-03-11,,active
S001943,C001943,annual,588.0,,2025-05-29,,active
S001155,C001155,annual,588.0,,2025-03-23,,active
S005864,C005864,monthly,59.0,,2026-02-03,,active
S004505,C004505,monthly,59.0,,2025-11-27,,active
S002434,C002434,monthly,59.0,,2025-06-07,,active
S002431,C002431,monthly,59.0,,2025-06-05,2026-04-03,canceled
S000731,C000731,monthly,59.0,,2025-02-11,,active
S006360,C006360,annual,588.0,,2026-03-08,,active
S006391,C006391,monthly,59.0,,2026-03-29,,active
S011383,C011383,monthly,59.0,COMP100,2026-04-09,2026-04-12,canceled
S009498,C009498,annual,588.0,,2026-07-07,,active
S006601,C006601,monthly,59.0,,2026-03-01,,active
S007283,C007283,monthly,59.0,HARBOR50,2026-04-13,,active
S006525,C006525,monthly,59.0,,2026-03-09,,active
S007388,C007388,monthly,59.0,HARBOR50,2026-04-05,2026-09-04,canceled
S010230,C010230,monthly,59.0,,2026-08-27,,active
S005468,C005468,monthly,59.0,,2026-01-24,,active
S007212,C007212,monthly,59.0,,2026-04-23,,active
S007536,C007536,monthly,59.0,HARBOR50,2026-04-22,2026-08-26,canceled
S006663,C006663,monthly,59.0,HARBOR50,2026-03-18,2026-03-07,canceled
S010228,C010228,monthly,59.0,,2026-08-13,,active
S007715,C007715,monthly,59.0,,2026-05-13,,active
S008618,C008618,monthly,59.0,,2026-06-18,,active
S000754,C000754,monthly,59.0,,2025-02-25,,active
S003193,C003193,monthly,59.0,,2025-08-04,,active
S008952,C008952,monthly,59.0,HARBOR50,2026-06-01,,active
S004610,C004610,monthly,59.0,,2025-11-24,2026-07-28,canceled
S007804,C007804,monthly,59.0,,2026-05-11,,active
S004353,C004353,annual,588.0,,2025-11-01,,active
S002506,C002506,monthly,59.0,,2025-07-15,2025-09-11,canceled
S000524,C000524,monthly,59.0,,2025-02-23,,active
S005015,C005015,monthly,59.0,,2025-12-09,,active
S003325,C003325,annual,588.0,,2025-08-13,,active
S003658,C003658,monthly,59.0,,2025-09-09,,active
S007036,C007036,annual,588.0,,2026-04-14,,active
S008321,C008321,monthly,59.0,HARBOR50,2026-05-02,,active
S001011,C001011,annual,588.0,,2025-03-04,,canceled
S009920,C009920,monthly,59.0,,2026-07-01,,active
S009517,C009517,monthly,59.0,,2026-07-07,,active
S007066,C007066,monthly,59.0,,2026-04-27,,active
S000487,C000487,monthly,59.0,,2025-02-12,,active
S001331,C001331,monthly,59.0,,2025-04-30,2026-08-25,canceled
S009264,C009264,monthly,59.0,,2026-06-20,,active
S006376,C006376,annual,588.0,,2026-03-14,,active
S008329,C008329,monthly,59.0,HARBOR50,2026-05-11,,active
S008997,C008997,monthly,59.0,HARBOR50,2026-06-06,2026-06-26,canceled
S001204,C001204,monthly,59.0,,2025-03-25,2026-08-23,canceled
S009595,C009595,annual,588.0,,2026-07-11,,active
S007298,C007298,monthly,59.0,HARBOR50,2026-04-04,2026-08-01,canceled
S000831,C000831,annual,588.0,,2025-03-06,,canceled
S005990,C005990,monthly,59.0,,2026-02-27,,active
S000804,C000804,monthly,59.0,,2025-02-01,2026-05-01,canceled
S005119,C005119,monthly,59.0,,2025-12-31,,active
S003501,C003501,annual,588.0,,2025-09-26,,active
S001768,C001768,monthly,59.0,,2025-05-08,,active
S009640,C009640,annual,588.0,,2026-07-17,,active
S000825,C000825,monthly,59.0,,2025-02-12,2025-03-13,canceled
S008040,C008040,monthly,59.0,HARBOR50,2026-05-31,,active
S004511,C004511,monthly,59.0,,2025-11-24,,active
S009774,C009774,annual,588.0,,2026-07-13,,active
S008463,C008463,annual,588.0,,2026-06-07,,active
S010715,C010715,monthly,59.0,HARBOR50,2026-08-22,,active
S007401,C007401,monthly,59.0,HARBOR50,2026-04-07,,active
S010071,C010071,monthly,59.0,HARBOR50,2026-07-13,2026-09-13,canceled
S008494,C008494,annual,588.0,,2026-06-11,,active
S011555,C003594,annual,588.0,,2026-08-20,,active
S005690,C005690,monthly,59.0,,2026-01-28,,active
S006938,C006938,annual,588.0,,2026-04-17,,active
S011389,C011389,monthly,59.0,COMP100,2026-04-02,,active
S009288,C009288,monthly,59.0,HARBOR50,2026-06-08,,active
S009596,C009596,monthly,59.0,,2026-07-09,,active
S009507,C009507,monthly,59.0,,2026-07-21,,active
S006354,C006354,monthly,59.0,,2026-03-15,,active
S005341,C005341,annual,588.0,,2026-01-16,2026-02-01,canceled
S005591,C005591,annual,588.0,,2026-01-04,,active
S001533,C001533,monthly,59.0,,2025-04-21,,active
S005019,C005019,monthly,59.0,,2025-12-18,,active
S002545,C002545,monthly,59.0,,2025-07-27,,active
S001007,C001007,annual,588.0,,2025-03-03,,canceled
S003427,C003427,monthly,59.0,,2025-09-21,,active
S001616,C001616,monthly,59.0,,2025-04-26,2026-01-25,canceled
S011274,C011274,monthly,59.0,HARBOR50,2026-09-07,,active
S010360,C010360,monthly,59.0,,2026-08-18,,active
S001300,C001300,monthly,59.0,,2025-04-07,,active
S011550,C004488,annual,588.0,,2026-06-30,,active
S007378,C007378,monthly,59.0,HARBOR50,2026-04-07,,active
S004913,C004913,monthly,59.0,,2025-12-04,,active
S002546,C002546,monthly,59.0,,2025-07-05,,active
S002169,C002169,monthly,59.0,,2025-06-27,2025-11-28,canceled
S008266,C008266,monthly,59.0,HARBOR50,2026-05-20,,active
S008241,C008241,monthly,59.0,HARBOR50,2026-05-15,2026-09-08,canceled
S002153,C002153,annual,588.0,,2025-06-16,,active
S002501,C002501,annual,588.0,,2025-07-22,,active
S002240,C002240,annual,588.0,,2025-06-07,,active
S008448,C008448,monthly,59.0,,2026-06-20,,active
S009603,C009603,monthly,59.0,,2026-07-29,,active
S008607,C008607,annual,588.0,,2026-06-21,,active
S005244,C005244,monthly,59.0,,2025-12-15,2026-04-12,canceled
S004896,C004896,monthly,59.0,,2025-12-14,,active
S001633,C001633,monthly,59.0,,2025-04-20,,active
S006673,C006673,monthly,59.0,HARBOR50,2026-03-08,2026-07-04,canceled
S003354,C003354,annual,588.0,,2025-08-29,,active
S000448,C000448,monthly,59.0,,2025-02-19,2026-05-22,canceled
S003851,C003851,monthly,59.0,,2025-09-03,2025-11-05,canceled
S000274,C000274,monthly,59.0,,2025-01-21,2025-12-21,canceled
S000086,C000086,monthly,59.0,,2025-01-22,,active
S002853,C002853,annual,588.0,,2025-07-24,,active
S009939,C009939,monthly,59.0,HARBOR50,2026-07-12,,active
S011136,C011136,monthly,59.0,,2026-09-03,,active
S001738,C001738,monthly,59.0,,2025-05-28,,active
S008822,C008822,monthly,59.0,HARBOR50,2026-06-17,,active
S009686,C009686,monthly,59.0,HARBOR50,2026-07-12,,active
S005793,C005793,monthly,59.0,,2026-02-09,2026-07-06,canceled
S009306,C009306,monthly,59.0,HARBOR50,2026-06-10,,active
S010573,C010573,monthly,59.0,HARBOR50,2026-08-07,,active
S009917,C009917,monthly,59.0,HARBOR50,2026-07-22,,active
S010282,C010282,annual,588.0,,2026-08-29,,active
S000897,C000897,monthly,59.0,,2025-03-18,,active
S007383,C007383,monthly,59.0,,2026-04-03,,active
S000273,C000273,monthly,59.0,,2025-01-28,2025-04-01,canceled
S006038,C006038,annual,588.0,,2026-02-23,,active
S000392,C000392,monthly,59.0,,2025-01-01,2025-03-08,canceled
S007594,C007594,monthly,59.0,,2026-04-05,,active
S009702,C009702,monthly,59.0,HARBOR50,2026-07-18,,active
S006081,C006081,monthly,59.0,,2026-02-05,,active
S006573,C006573,monthly,59.0,,2026-03-04,,active
S001283,C001283,monthly,59.0,,2025-04-04,2025-07-03,canceled
S000304,C000304,monthly,59.0,,2025-01-25,,active
S005675,C005675,monthly,59.0,,2026-01-10,,active
S007264,C007264,monthly,59.0,HARBOR50,2026-04-30,2026-08-31,canceled
S003610,C003610,monthly,59.0,,2025-09-11,2026-05-18,canceled
S008105,C008105,monthly,59.0,HARBOR50,2026-05-06,,active
S009683,C009683,monthly,59.0,,2026-07-02,,active
S009728,C009728,monthly,59.0,HARBOR50,2026-07-29,,active
S001800,C001800,monthly,59.0,,2025-05-26,,active
S010874,C010874,monthly,59.0,HARBOR50,2026-08-02,,active
S006387,C006387,annual,588.0,,2026-03-07,,active
S004272,C004272,monthly,59.0,,2025-10-26,2026-02-25,canceled
S010128,C010128,annual,588.0,,2026-08-05,,active
S003647,C003647,annual,588.0,,2025-09-04,2026-09-09,canceled
S002056,C002056,annual,588.0,,2025-05-03,,active
S005614,C005614,monthly,59.0,,2026-01-01,,active
S004341,C004341,monthly,59.0,,2025-10-02,,active
S004707,C004707,monthly,59.0,,2025-11-16,,active
S006860,C006860,monthly,59.0,HARBOR50,2026-03-29,2026-07-25,canceled
S003208,C003208,monthly,59.0,,2025-08-15,,active
S000413,C000413,monthly,59.0,,2025-02-05,2026-05-03,canceled
S003649,C003649,monthly,59.0,,2025-09-20,,active
S011222,C011222,monthly,59.0,HARBOR50,2026-09-11,,active
S009743,C009743,monthly,59.0,HARBOR50,2026-07-30,,active
S003158,C003158,monthly,59.0,,2025-08-13,,active
S007578,C007578,monthly,59.0,HARBOR50,2026-04-26,,active
S003493,C003493,monthly,59.0,,2025-09-15,,active
S006249,C006249,monthly,59.0,,2026-03-29,,active
S007186,C007186,annual,588.0,,2026-04-13,,active
S002467,C002467,monthly,59.0,,2025-06-13,,active
S010901,C010901,monthly,59.0,HARBOR50,2026-08-01,,active
S001793,C001793,annual,588.0,,2025-05-06,,active
S005247,C005247,monthly,59.0,,2025-12-09,,active
S005267,C005267,monthly,59.0,,2025-12-31,2026-01-29,canceled
S010439,C010439,monthly,59.0,HARBOR50,2026-08-17,,active
S001740,C001740,monthly,59.0,,2025-05-31,2026-05-31,canceled
S000665,C000665,monthly,59.0,,2025-02-26,,active
S007435,C007435,monthly,59.0,HARBOR50,2026-04-30,,active
S003871,C003871,monthly,59.0,,2025-10-28,,active
S008928,C008928,monthly,59.0,HARBOR50,2026-06-07,,active
S000964,C000964,monthly,59.0,,2025-03-22,,active
S008955,C008955,monthly,59.0,,2026-06-06,2026-08-07,canceled
S004846,C004846,monthly,59.0,,2025-12-11,,active
S003922,C003922,monthly,59.0,,2025-10-11,2025-11-10,canceled
S010252,C010252,monthly,59.0,,2026-08-07,,active
S002912,C002912,monthly,59.0,,2025-07-13,2025-09-16,canceled
S002313,C002313,monthly,59.0,,2025-06-26,2025-09-24,canceled
S009074,C009074,monthly,59.0,HARBOR50,2026-06-07,,active
S005936,C005936,monthly,59.0,,2026-02-08,,active
S002574,C002574,monthly,59.0,,2025-07-08,2025-09-09,canceled
S004539,C004539,monthly,59.0,,2025-11-15,,active
S010905,C010905,monthly,59.0,HARBOR50,2026-08-07,,active
S002176,C002176,monthly,59.0,,2025-06-04,2026-04-09,canceled
S011091,C011091,monthly,59.0,,2026-09-12,,active
S004922,C004922,monthly,59.0,,2025-12-25,,active
S000367,C000367,monthly,59.0,,2025-01-26,2025-04-22,canceled
S011098,C011098,monthly,59.0,,2026-09-03,,active
S008945,C008945,monthly,59.0,HARBOR50,2026-06-02,,active
S001739,C001739,monthly,59.0,,2025-05-21,,active
S000605,C000605,monthly,59.0,,2025-02-24,,active
S007997,C007997,monthly,59.0,HARBOR50,2026-05-23,,active
S009521,C009521,annual,588.0,,2026-07-19,,active
S011188,C011188,monthly,59.0,HARBOR50,2026-09-08,,active
S000667,C000667,monthly,59.0,,2025-02-03,,active
S009552,C009552,monthly,59.0,,2026-07-13,,active
S004635,C004635,annual,588.0,,2025-11-24,,active
S010208,C010208,monthly,59.0,,2026-08-03,,active
S001260,C001260,annual,588.0,,2025-04-02,,active
S007180,C007180,monthly,59.0,,2026-04-09,,active
S011422,C011422,monthly,59.0,COMP100,2025-09-11,,active
S000355,C000355,annual,588.0,,2025-01-05,,active
S010311,C010311,monthly,59.0,,2026-08-03,,active
S007844,C007844,monthly,59.0,,2026-05-01,,active
S002892,C002892,annual,588.0,,2025-07-22,,active
S010805,C010805,monthly,59.0,HARBOR50,2026-08-09,,active
S006585,C006585,monthly,59.0,,2026-03-26,,active
S007772,C007772,monthly,59.0,,2026-05-05,,active
S007026,C007026,annual,588.0,,2026-04-23,,active
S008662,C008662,monthly,59.0,,2026-06-26,2026-07-31,canceled
S001644,C001644,monthly,59.0,,2025-04-11,2026-04-09,canceled
S001619,C001619,monthly,59.0,,2025-04-12,,active
S008695,C008695,monthly,59.0,,2026-06-26,,active
S011473,C005406,annual,588.0,,2026-07-05,,active
S004842,C004842,annual,588.0,,2025-12-22,,active
S006753,C006753,monthly,59.0,HARBOR50,2026-03-14,,active
S007149,C007149,annual,588.0,,2026-04-18,,active
S011303,C011303,monthly,59.0,HARBOR50,2026-09-11,,active
S008894,C008894,monthly,59.0,HARBOR50,2026-06-17,,active
S004083,C004083,monthly,59.0,,2025-10-27,,active
S010749,C010749,monthly,59.0,HARBOR50,2026-08-23,,active
S001295,C001295,monthly,59.0,,2025-04-13,2026-01-15,canceled
S010580,C010580,monthly,59.0,HARBOR50,2026-08-03,,active
S008768,C008768,monthly,59.0,,2026-06-11,,active
S005561,C005561,monthly,59.0,,2026-01-19,,active
S008655,C008655,monthly,59.0,,2026-06-29,,active
S008188,C008188,monthly,59.0,HARBOR50,2026-05-07,,active
S007439,C007439,monthly,59.0,HARBOR50,2026-04-20,2026-08-21,canceled
S004644,C004644,monthly,59.0,,2025-11-27,,active
S005769,C005769,monthly,59.0,,2026-02-10,,active
S004507,C004507,monthly,59.0,,2025-11-10,,active
S009027,C009027,monthly,59.0,HARBOR50,2026-06-16,,active
S000430,C000430,monthly,59.0,,2025-02-14,,active
S005879,C005879,monthly,59.0,,2026-02-11,,active
S010898,C010898,monthly,59.0,HARBOR50,2026-08-16,,active
S011154,C011154,monthly,59.0,,2026-09-02,,active
S005454,C005454,annual,588.0,,2026-01-22,,active
S005928,C005928,monthly,59.0,,2026-02-14,,active
S000079,C000079,monthly,59.0,,2025-01-18,,active
S005414,C005414,annual,588.0,,2026-01-18,,active
S006043,C006043,monthly,59.0,,2026-02-28,,active
S011416,C011416,monthly,59.0,COMP100,2025-12-26,2025-12-28,canceled
S005604,C005604,monthly,59.0,,2026-01-14,,active
S004579,C004579,monthly,59.0,,2025-11-02,,active
S003088,C003088,monthly,59.0,,2025-08-07,,canceled
S008081,C008081,annual,588.0,,2026-05-23,,active
S008467,C008467,monthly,59.0,,2026-06-29,2026-07-03,canceled
S008459,C008459,monthly,59.0,,2026-06-22,,active
S005452,C005452,monthly,59.0,,2026-01-15,,active
S001589,C001589,monthly,59.0,,2025-04-23,,active
S005701,C005701,annual,588.0,,2026-01-30,,active
S011518,C001042,annual,588.0,,2026-08-09,,active
S011082,C011082,monthly,59.0,,2026-09-02,,active
S009724,C009724,monthly,59.0,HARBOR50,2026-07-08,,active
S010590,C010590,monthly,59.0,HARBOR50,2026-08-17,,active
S001104,C001104,annual,588.0,,2025-03-13,,canceled
S006953,C006953,annual,588.0,,2026-04-20,,active
S001838,C001838,monthly,59.0,,2025-05-30,,active
S003910,C003910,annual,588.0,,2025-10-19,,active
S008226,C008226,monthly,59.0,HARBOR50,2026-05-01,,active
S010634,C010634,monthly,59.0,HARBOR50,2026-08-18,,active
S006958,C006958,annual,588.0,,2026-04-06,,active
S010543,C010543,monthly,59.0,,2026-08-10,,active
S002450,C002450,monthly,59.0,,2025-06-29,,active
S003040,C003040,annual,588.0,,2025-08-20,2026-08-26,canceled
S011497,C005293,annual,588.0,,2026-09-13,,active
S000169,C000169,annual,588.0,,2025-01-15,,active
S005126,C005126,monthly,59.0,,2025-12-10,,active
S007836,C007836,monthly,59.0,,2026-05-02,,active
S006346,C006346,monthly,59.0,,2026-03-11,,active
S010510,C010510,monthly,59.0,,2026-08-22,,active
S011466,C002534,annual,588.0,,2026-08-03,,active
S000686,C000686,monthly,59.0,,2025-02-16,2025-09-21,canceled
S006903,C006903,annual,588.0,,2026-04-15,,active
S008572,C008572,monthly,59.0,,2026-06-25,,active
S003517,C003517,annual,588.0,,2025-09-28,,active
S004397,C004397,monthly,59.0,,2025-11-30,,active
S004031,C004031,monthly,59.0,,2025-10-18,2025-12-21,canceled
S006128,C006128,monthly,59.0,,2026-02-25,,active
S004988,C004988,monthly,59.0,,2025-12-04,2026-08-07,canceled
S009949,C009949,monthly,59.0,HARBOR50,2026-07-12,,active
S009473,C009473,monthly,59.0,,2026-07-29,,active
S003752,C003752,annual,588.0,,2025-09-21,,active
S009002,C009002,monthly,59.0,HARBOR50,2026-06-14,,active
S002906,C002906,monthly,59.0,,2025-07-26,,active
S007390,C007390,monthly,59.0,HARBOR50,2026-04-30,,active
S010820,C010820,monthly,59.0,HARBOR50,2026-08-02,,active
S008441,C008441,annual,588.0,,2026-06-16,,active
S004055,C004055,annual,588.0,,2025-10-03,,active
S009280,C009280,monthly,59.0,HARBOR50,2026-06-27,,active
S008693,C008693,monthly,59.0,,2026-06-26,,active
S010206,C010206,annual,588.0,,2026-08-08,,active
S010560,C010560,monthly,59.0,HARBOR50,2026-08-08,,active
S002064,C002064,monthly,59.0,,2025-05-24,2025-11-21,canceled
S008702,C008702,monthly,59.0,,2026-06-19,,active
S000199,C000199,annual,588.0,,2025-01-19,,active
S011440,C011440,monthly,59.0,COMP100,2025-11-25,2025-11-26,canceled
S002678,C002678,monthly,59.0,,2025-07-25,,active
S001377,C001377,monthly,59.0,,2025-04-28,,active
S001476,C001476,monthly,59.0,,2025-04-05,,active
S000466,C000466,monthly,59.0,,2025-02-11,2025-03-13,canceled
S006459,C006459,monthly,59.0,,2026-03-21,2026-04-13,canceled
S006178,C006178,monthly,59.0,,2026-02-01,,active
S011525,C001412,annual,588.0,,2026-05-19,,active
S005061,C005061,monthly,59.0,,2025-12-15,,active
S007808,C007808,monthly,59.0,,2026-05-19,,active
S000917,C000917,monthly,59.0,,2025-03-06,2025-10-10,canceled
S009383,C009383,monthly,59.0,,2026-07-26,,active
S011418,C011418,monthly,59.0,COMP100,2026-06-09,2026-06-09,canceled
S006011,C006011,annual,588.0,,2026-02-03,,active
S009811,C009811,monthly,59.0,HARBOR50,2026-07-31,,active
S000548,C000548,monthly,59.0,,2025-02-20,,active
S008035,C008035,monthly,59.0,HARBOR50,2026-05-20,,active
S009714,C009714,monthly,59.0,HARBOR50,2026-07-06,,active
S010616,C010616,monthly,59.0,HARBOR50,2026-08-29,,active
S004694,C004694,annual,588.0,,2025-11-19,,active
S003860,C003860,monthly,59.0,,2025-09-02,2026-06-01,canceled
S004572,C004572,monthly,59.0,,2025-11-26,2026-02-22,canceled
S008669,C008669,monthly,59.0,,2026-06-24,,active
S002651,C002651,annual,588.0,,2025-07-06,,active
S011305,C011305,monthly,59.0,HARBOR50,2026-09-03,,active
S011198,C011198,monthly,59.0,HARBOR50,2026-09-10,,active
S006398,C006398,monthly,59.0,,2026-03-01,,active
S007063,C007063,monthly,59.0,,2026-04-16,2026-08-15,canceled
S004592,C004592,monthly,59.0,,2025-11-09,,active
S007466,C007466,monthly,59.0,,2026-04-12,2026-05-17,canceled
S006358,C006358,monthly,59.0,,2026-03-13,,active
S009851,C009851,monthly,59.0,HARBOR50,2026-07-06,,active
S002993,C002993,monthly,59.0,,2025-08-10,,active
S010100,C010100,monthly,59.0,HARBOR50,2026-07-20,,active
S007105,C007105,monthly,59.0,,2026-04-25,,active
S003843,C003843,annual,588.0,,2025-09-07,,active
S010858,C010858,monthly,59.0,HARBOR50,2026-08-24,,active
S009240,C009240,monthly,59.0,HARBOR50,2026-06-09,2026-07-10,canceled
S008410,C008410,monthly,59.0,,2026-06-20,,active
S005795,C005795,annual,588.0,,2026-02-23,,active
S003096,C003096,monthly,59.0,,2025-08-03,2025-11-30,canceled
S006847,C006847,monthly,59.0,,2026-03-08,,active
S000633,C000633,monthly,59.0,,2025-02-28,,active
S008093,C008093,monthly,59.0,HARBOR50,2026-05-23,,active
S002729,C002729,annual,588.0,,2025-07-11,,active
S004448,C004448,annual,588.0,,2025-11-19,,active
S004790,C004790,monthly,59.0,,2025-11-04,2026-04-05,canceled
S007860,C007860,monthly,59.0,,2026-05-11,,active
S002618,C002618,monthly,59.0,,2025-07-04,2026-02-06,canceled
S006114,C006114,monthly,59.0,,2026-02-16,,active
S006305,C006305,annual,588.0,,2026-03-11,,active
S008994,C008994,monthly,59.0,HARBOR50,2026-06-16,,active
S007579,C007579,monthly,59.0,HARBOR50,2026-04-16,,active
S006489,C006489,annual,588.0,,2026-03-31,,active
S003823,C003823,monthly,59.0,,2025-09-28,2026-06-27,canceled
S009340,C009340,monthly,59.0,,2026-07-04,,active
S009212,C009212,annual,588.0,,2026-06-02,,active
S000218,C000218,annual,588.0,,2025-01-12,,active
S003175,C003175,annual,588.0,,2025-08-20,2026-08-20,canceled
S008277,C008277,monthly,59.0,HARBOR50,2026-05-05,,active
S010344,C010344,monthly,59.0,,2026-08-04,2026-08-24,canceled
S006729,C006729,monthly,59.0,HARBOR50,2026-03-14,,active
S011178,C011178,monthly,59.0,HARBOR50,2026-09-09,,active
S006630,C006630,monthly,59.0,,2026-03-05,,active
S004767,C004767,monthly,59.0,,2025-11-15,2026-01-12,canceled
S004782,C004782,annual,588.0,,2025-11-30,,active
S009739,C009739,monthly,59.0,HARBOR50,2026-07-05,2026-07-13,canceled
S006485,C006485,monthly,59.0,,2026-03-28,,active
S010486,C010486,annual,588.0,,2026-08-22,,active
S007164,C007164,monthly,59.0,,2026-04-07,2026-06-12,canceled
S008724,C008724,annual,588.0,,2026-06-03,,active
S008974,C008974,monthly,59.0,HARBOR50,2026-06-17,,active
S004501,C004501,monthly,59.0,,2025-11-24,2026-07-23,canceled
S002659,C002659,monthly,59.0,,2025-07-17,,active
S009451,C009451,monthly,59.0,,2026-07-14,,active
S008525,C008525,monthly,59.0,,2026-06-21,,active
S000719,C000719,monthly,59.0,,2025-02-06,,active
S009380,C009380,monthly,59.0,,2026-07-04,,active
S001170,C001170,monthly,59.0,,2025-03-27,2026-08-29,canceled
S002996,C002996,monthly,59.0,,2025-08-30,2025-11-02,canceled
S009276,C009276,monthly,59.0,HARBOR50,2026-06-25,,active
S008852,C008852,monthly,59.0,HARBOR50,2026-06-20,,active
S005150,C005150,monthly,59.0,,2025-12-12,2026-09-13,canceled
S006789,C006789,monthly,59.0,HARBOR50,2026-03-02,2026-08-04,canceled
S007943,C007943,monthly,59.0,,2026-05-09,,active
S002824,C002824,annual,588.0,,2025-07-23,,active
S002489,C002489,annual,588.0,,2025-06-16,,active
S007833,C007833,monthly,59.0,,2026-05-11,,active
S007662,C007662,annual,588.0,,2026-05-26,,active
S006385,C006385,monthly,59.0,,2026-03-18,,active
S008909,C008909,monthly,59.0,HARBOR50,2026-06-06,2026-09-07,canceled
S006404,C006404,monthly,59.0,,2026-03-21,,active
S001124,C001124,monthly,59.0,,2025-03-13,,active
S010892,C010892,monthly,59.0,HARBOR50,2026-08-09,,active
S002866,C002866,monthly,59.0,,2025-07-01,2025-10-25,canceled
S007655,C007655,monthly,59.0,,2026-05-27,,active
S001955,C001955,monthly,59.0,,2025-05-06,,active
S000773,C000773,monthly,59.0,,2025-02-22,2025-06-19,canceled
S000663,C000663,monthly,59.0,,2025-02-18,,active
S000395,C000395,annual,588.0,,2025-01-07,,active
S006905,C006905,annual,588.0,,2026-04-23,,active
S005339,C005339,monthly,59.0,,2026-01-21,2026-07-24,canceled
S002554,C002554,annual,588.0,,2025-07-20,2026-07-23,canceled
S001746,C001746,monthly,59.0,,2025-05-16,2025-08-09,canceled
S000898,C000898,monthly,59.0,,2025-03-08,2026-07-09,canceled
S003468,C003468,monthly,59.0,,2025-09-30,,active
S004292,C004292,monthly,59.0,,2025-10-05,,active
S008748,C008748,monthly,59.0,,2026-06-07,,active
S004705,C004705,monthly,59.0,,2025-11-11,,active
S004914,C004914,monthly,59.0,,2025-12-13,,active
S002389,C002389,monthly,59.0,,2025-06-24,2026-03-25,canceled
S010553,C010553,monthly,59.0,HARBOR50,2026-08-27,,active
S008838,C008838,monthly,59.0,HARBOR50,2026-06-23,2026-07-26,canceled
S004740,C004740,monthly,59.0,,2025-11-18,2026-01-14,canceled
S003209,C003209,monthly,59.0,,2025-08-23,2026-01-25,canceled
S003651,C003651,annual,588.0,,2025-09-02,,active
S011241,C011241,monthly,59.0,,2026-09-04,,active
S010042,C010042,monthly,59.0,HARBOR50,2026-07-10,,active
S010830,C010830,monthly,59.0,HARBOR50,2026-08-18,,active
S007188,C007188,annual,588.0,,2026-04-05,,active
S005639,C005639,monthly,59.0,,2026-01-23,,active
S007709,C007709,monthly,59.0,,2026-05-21,,active
S007993,C007993,monthly,59.0,HARBOR50,2026-05-09,,active
S003924,C003924,monthly,59.0,,2025-10-28,,active
S011513,C005881,annual,588.0,,2026-08-13,,active
S002956,C002956,annual,588.0,,2025-08-22,,active
S008428,C008428,annual,588.0,,2026-06-07,,active
S001934,C001934,monthly,59.0,,2025-05-08,2025-08-06,canceled
S002473,C002473,annual,588.0,,2025-06-01,,active
S011157,C011157,annual,588.0,,2026-09-13,,active
S009024,C009024,annual,588.0,,2026-06-03,,active
S006075,C006075,monthly,59.0,,2026-02-27,2026-05-02,canceled
S003656,C003656,annual,588.0,,2025-09-27,,active
S002806,C002806,monthly,59.0,,2025-07-22,2026-03-17,canceled
S002515,C002515,monthly,59.0,,2025-07-03,2026-03-01,canceled
S011605,C002247,annual,588.0,,2026-01-29,,active
S002742,C002742,monthly,59.0,,2025-07-30,,active
S008365,C008365,monthly,59.0,HARBOR50,2026-05-08,2026-07-04,canceled
S003820,C003820,monthly,59.0,,2025-09-13,,active
S002928,C002928,monthly,59.0,,2025-07-11,2026-02-07,canceled
S003330,C003330,annual,588.0,,2025-08-14,2026-08-16,canceled
S007621,C007621,monthly,59.0,HARBOR50,2026-04-02,2026-08-04,canceled
S004912,C004912,monthly,59.0,,2025-12-11,,active
S004819,C004819,monthly,59.0,,2025-12-11,,active
S006260,C006260,monthly,59.0,,2026-03-04,2026-05-31,canceled
S004788,C004788,annual,588.0,,2025-11-24,,active
S003509,C003509,monthly,59.0,,2025-09-26,2025-12-25,canceled
S006102,C006102,monthly,59.0,,2026-02-07,,active
S005566,C005566,monthly,59.0,,2026-01-10,,active
S010727,C010727,monthly,59.0,HARBOR50,2026-08-26,,active
S006579,C006579,annual,588.0,,2026-03-10,,active
S001215,C001215,monthly,59.0,,2025-03-16,2025-10-13,canceled
S008605,C008605,annual,588.0,,2026-06-30,,active
S000604,C000604,monthly,59.0,,2025-02-02,2026-05-06,canceled
S004401,C004401,monthly,59.0,,2025-11-17,,active
S005047,C005047,monthly,59.0,,2025-12-18,,active
S005479,C005479,monthly,59.0,,2026-01-27,,active
S004038,C004038,annual,588.0,,2025-10-25,,active
S001690,C001690,annual,588.0,,2025-05-10,2026-05-10,canceled
S007740,C007740,monthly,59.0,,2026-05-01,,active
S001235,C001235,monthly,59.0,,2025-03-02,2025-04-02,canceled
S003755,C003755,monthly,59.0,,2025-09-28,,active
S010288,C010288,monthly,59.0,,2026-08-08,,active
S007140,C007140,monthly,59.0,,2026-04-10,,active
S006678,C006678,monthly,59.0,HARBOR50,2026-03-14,,active
S000587,C000587,annual,588.0,,2025-02-07,2026-02-08,canceled
S006058,C006058,monthly,59.0,,2026-02-02,,active
S003157,C003157,annual,588.0,,2025-08-05,,active
S006210,C006210,monthly,59.0,,2026-03-17,,active
S006532,C006532,annual,588.0,,2026-03-29,,active
S010604,C010604,monthly,59.0,HARBOR50,2026-08-04,,active
S003401,C003401,monthly,59.0,,2025-08-12,,active
S007511,C007511,monthly,59.0,HARBOR50,2026-04-24,,active
S003389,C003389,monthly,59.0,,2025-08-25,2026-01-21,canceled
S011245,C011245,monthly,59.0,HARBOR50,2026-09-14,,active
S003332,C003332,monthly,59.0,,2025-08-07,2025-10-07,canceled
S002011,C002011,monthly,59.0,,2025-05-13,2025-09-10,canceled
S007058,C007058,annual,588.0,,2026-04-09,,active
S007760,C007760,annual,588.0,,2026-05-04,,active
S008880,C008880,monthly,59.0,HARBOR50,2026-06-10,,active
S003125,C003125,monthly,59.0,,2025-08-13,,canceled
S009131,C009131,monthly,59.0,HARBOR50,2026-06-04,,active
S006599,C006599,monthly,59.0,,2026-03-24,,active
S010112,C010112,monthly,59.0,,2026-08-10,,active
S001137,C001137,annual,588.0,,2025-03-08,,active
S001205,C001205,monthly,59.0,,2025-03-29,2025-08-24,canceled
S001027,C001027,monthly,59.0,,2025-03-28,2026-05-24,canceled
S010936,C010936,monthly,59.0,HARBOR50,2026-08-01,,active
S003411,C003411,annual,588.0,,2025-09-01,,active
S004467,C004467,monthly,59.0,,2025-11-30,,active
S005393,C005393,monthly,59.0,,2026-01-08,,active
S006406,C006406,monthly,59.0,,2026-03-28,,active
S000145,C000145,monthly,59.0,,2025-01-15,2025-10-20,canceled
S003720,C003720,monthly,59.0,,2025-09-10,,active
S002643,C002643,monthly,59.0,,2025-07-26,,active
S005970,C005970,annual,588.0,,2026-02-06,,active
S006246,C006246,monthly,59.0,,2026-03-21,,active
S010970,C010970,monthly,59.0,HARBOR50,2026-08-25,,active
S010462,C010462,monthly,59.0,,2026-08-28,,active
S007719,C007719,monthly,59.0,,2026-05-03,2026-05-30,canceled
S009252,C009252,monthly,59.0,HARBOR50,2026-06-09,,active
S002682,C002682,monthly,59.0,,2025-07-05,,active
S000506,C000506,monthly,59.0,,2025-02-03,2026-07-11,canceled
S001346,C001346,monthly,59.0,,2025-04-09,,active
S008537,C008537,monthly,59.0,,2026-06-21,2026-07-18,canceled
S000824,C000824,monthly,59.0,,2025-02-17,2025-06-17,canceled
S002959,C002959,monthly,59.0,,2025-08-12,2025-09-07,canceled
S007554,C007554,monthly,59.0,HARBOR50,2026-04-18,,active
S004427,C004427,annual,588.0,,2025-11-25,,active
S009522,C009522,monthly,59.0,,2026-07-22,,active
S005538,C005538,monthly,59.0,,2026-01-03,,active
S005143,C005143,monthly,59.0,,2025-12-06,,active
S000596,C000596,annual,588.0,,2025-02-06,2026-02-09,canceled
S011470,C002447,annual,588.0,,2026-02-17,,active
S011479,C000920,annual,588.0,,2025-10-29,,active
S005743,C005743,monthly,59.0,,2026-01-23,,active
S003898,C003898,monthly,59.0,,2025-10-12,,active
S010082,C010082,monthly,59.0,HARBOR50,2026-07-06,,active
S009287,C009287,monthly,59.0,HARBOR50,2026-06-29,,active
S004643,C004643,monthly,59.0,,2025-11-22,,active
S006454,C006454,annual,588.0,,2026-03-23,,active
S004414,C004414,monthly,59.0,,2025-11-29,,active
S010038,C010038,monthly,59.0,HARBOR50,2026-07-05,,active
S001433,C001433,monthly,59.0,,2025-04-24,,active
S011548,C004884,annual,588.0,,2026-05-30,,active
S007544,C007544,monthly,59.0,,2026-04-26,2026-07-01,canceled
S008608,C008608,annual,588.0,,2026-06-24,,active
S010882,C010882,monthly,59.0,HARBOR50,2026-08-26,,active
S010432,C010432,monthly,59.0,,2026-08-05,,active
S001375,C001375,monthly,59.0,,2025-04-16,,active
S009530,C009530,annual,588.0,,2026-07-06,,active
S000195,C000195,monthly,59.0,,2025-01-25,2025-02-17,canceled
S005196,C005196,monthly,59.0,,2025-12-05,,active
S009214,C009214,monthly,59.0,HARBOR50,2026-06-27,,active
S010083,C010083,monthly,59.0,HARBOR50,2026-07-03,,active
S001524,C001524,annual,588.0,,2025-04-18,,active
S008178,C008178,monthly,59.0,HARBOR50,2026-05-12,2026-05-26,canceled
S006151,C006151,monthly,59.0,,2026-02-14,,active
S005269,C005269,monthly,59.0,,2025-12-27,2026-01-29,canceled
S000965,C000965,monthly,59.0,,2025-03-15,2025-09-12,canceled
S005342,C005342,monthly,59.0,,2026-01-15,2026-07-17,canceled
S010472,C010472,monthly,59.0,,2026-08-19,,active
S005252,C005252,monthly,59.0,,2025-12-11,,active
S006602,C006602,monthly,59.0,,2026-03-29,,active
S000056,C000056,monthly,59.0,,2025-01-19,,active
S003248,C003248,monthly,59.0,,2025-08-21,,active
S011127,C011127,monthly,59.0,,2026-09-04,,active
S010789,C010789,monthly,59.0,HARBOR50,2026-08-01,,active
S002250,C002250,monthly,59.0,,2025-06-24,,active
S004828,C004828,monthly,59.0,,2025-12-14,,active
S005657,C005657,monthly,59.0,,2026-01-09,,active
S001783,C001783,monthly,59.0,,2025-05-17,,active
S001383,C001383,monthly,59.0,,2025-04-12,,canceled
S008581,C008581,monthly,59.0,,2026-06-19,,active
S000546,C000546,monthly,59.0,,2025-02-22,2026-06-22,canceled
S000427,C000427,annual,588.0,,2025-02-24,2026-02-28,canceled
S005662,C005662,monthly,59.0,,2026-01-02,,active
S001245,C001245,monthly,59.0,,2025-03-23,,active
S006433,C006433,monthly,59.0,HARBOR50,2026-03-04,,active
S006985,C006985,monthly,59.0,,2026-04-12,,active
S011400,C011400,monthly,59.0,COMP100,2025-07-13,2025-07-17,canceled
S000643,C000643,monthly,59.0,,2025-02-01,2025-12-07,canceled
S007852,C007852,annual,588.0,,2026-05-07,,active
S003365,C003365,monthly,59.0,,2025-08-07,,active
S001474,C001474,monthly,59.0,,2025-04-22,2025-12-15,canceled
S006535,C006535,monthly,59.0,,2026-03-21,,active
S009766,C009766,monthly,59.0,HARBOR50,2026-07-10,,active
S005257,C005257,annual,588.0,,2025-12-17,,active
S008835,C008835,monthly,59.0,HARBOR50,2026-06-17,,active
S011212,C011212,monthly,59.0,HARBOR50,2026-09-02,,active
S007113,C007113,monthly,59.0,,2026-04-05,,active
S010160,C010160,monthly,59.0,,2026-08-26,,active
S005967,C005967,monthly,59.0,,2026-02-16,,active
S008637,C008637,monthly,59.0,,2026-06-25,,active
S003853,C003853,annual,588.0,,2025-09-21,,active
S002070,C002070,annual,588.0,,2025-05-15,,active
S008546,C008546,monthly,59.0,,2026-06-04,,active
S005978,C005978,annual,588.0,,2026-02-20,,active
S011398,C011398,monthly,59.0,COMP100,2026-04-28,2026-05-02,canceled
S000782,C000782,annual,588.0,,2025-02-11,,active
S000589,C000589,monthly,59.0,,2025-02-14,,active
S001382,C001382,monthly,59.0,,2025-04-12,,active
S000814,C000814,monthly,59.0,,2025-02-04,2025-03-09,canceled
S004796,C004796,monthly,59.0,,2025-11-16,,active
S008738,C008738,monthly,59.0,,2026-06-25,,active
S007127,C007127,monthly,59.0,HARBOR50,2026-04-13,2026-08-11,canceled
S005376,C005376,monthly,59.0,,2026-01-08,2026-07-04,canceled
S006271,C006271,annual,588.0,,2026-03-12,,active
S009467,C009467,monthly,59.0,,2026-07-15,,active
S000668,C000668,monthly,59.0,,2025-02-23,2026-01-28,canceled
S000394,C000394,annual,588.0,,2025-01-13,,active
S008451,C008451,monthly,59.0,,2026-06-30,,active
S010456,C010456,monthly,59.0,,2026-08-19,,active
S007716,C007716,monthly,59.0,,2026-05-27,,active
S004421,C004421,annual,588.0,,2025-11-02,,active
S006219,C006219,monthly,59.0,,2026-03-13,,active
S008335,C008335,monthly,59.0,,2026-05-10,,active
S005138,C005138,monthly,59.0,,2025-12-04,,active
S006437,C006437,monthly,59.0,,2026-03-19,,active
S009592,C009592,annual,588.0,,2026-07-07,,active
S011577,C001009,annual,588.0,,2025-07-28,,active
S000571,C000571,monthly,59.0,,2025-02-10,,active
S010343,C010343,annual,588.0,,2026-08-31,,active
S007957,C007957,monthly,59.0,,2026-05-04,,active
S006710,C006710,monthly,59.0,HARBOR50,2026-03-05,,active
S004517,C004517,monthly,59.0,,2025-11-29,,active
S008053,C008053,monthly,59.0,HARBOR50,2026-05-13,,active
S010090,C010090,monthly,59.0,HARBOR50,2026-07-21,,active
S004418,C004418,monthly,59.0,,2025-11-01,2026-05-01,canceled
S002195,C002195,monthly,59.0,,2025-06-29,,active
S006105,C006105,annual,588.0,,2026-02-27,,active
S007775,C007775,monthly,59.0,,2026-05-06,,active
S007425,C007425,monthly,59.0,HARBOR50,2026-04-06,,active
S008196,C008196,monthly,59.0,,2026-05-08,2026-06-04,canceled
S011459,C011459,monthly,59.0,COMP100,2025-05-23,2025-05-27,canceled
S006894,C006894,annual,588.0,,2026-04-17,,active
S002783,C002783,monthly,59.0,,2025-07-14,2025-12-16,canceled
S004777,C004777,monthly,59.0,,2025-11-24,,active
S008209,C008209,monthly,59.0,HARBOR50,2026-05-02,2026-04-22,canceled
S008666,C008666,monthly,59.0,,2026-06-03,2026-07-01,canceled
S005931,C005931,annual,588.0,,2026-02-12,,active
S004032,C004032,monthly,59.0,,2025-10-06,,active
S006328,C006328,annual,588.0,,2026-03-15,,active
S007404,C007404,monthly,59.0,HARBOR50,2026-04-01,2026-08-05,canceled
S004935,C004935,annual,588.0,,2025-12-03,2025-12-30,canceled
S000278,C000278,monthly,59.0,,2025-01-20,2025-02-14,canceled
S011044,C011044,annual,588.0,,2026-09-05,,active
S009278,C009278,monthly,59.0,HARBOR50,2026-06-03,,active
S001456,C001456,annual,588.0,,2025-04-24,,active
S008311,C008311,monthly,59.0,HARBOR50,2026-05-05,,active
S001074,C001074,monthly,59.0,,2025-03-13,2025-07-10,canceled
S001755,C001755,monthly,59.0,,2025-05-11,,canceled
S006343,C006343,monthly,59.0,,2026-03-25,,active
S004090,C004090,annual,588.0,,2025-10-08,,active
S007953,C007953,monthly,59.0,HARBOR50,2026-05-11,2026-09-05,canceled
S005813,C005813,monthly,59.0,,2026-02-14,,active
S000688,C000688,monthly,59.0,,2025-02-05,2026-02-05,canceled
S011582,C006373,annual,588.0,,2026-09-02,,active
S004046,C004046,annual,588.0,,2025-10-18,,active
S002288,C002288,monthly,59.0,,2025-06-30,2026-06-26,canceled
S006057,C006057,monthly,59.0,,2026-02-20,,active
S003714,C003714,monthly,59.0,,2025-09-29,,active
S005927,C005927,monthly,59.0,,2026-02-11,,active
S004651,C004651,annual,588.0,,2025-11-13,,active
S009087,C009087,monthly,59.0,HARBOR50,2026-06-26,,active
S001342,C001342,monthly,59.0,,2025-04-04,,active
S009032,C009032,monthly,59.0,HARBOR50,2026-06-21,,active
S010333,C010333,annual,588.0,,2026-08-16,,active
S003358,C003358,monthly,59.0,,2025-08-18,2026-07-20,canceled
S008520,C008520,annual,588.0,,2026-06-15,,active
S010529,C010529,annual,588.0,,2026-08-30,,active
S006996,C006996,monthly,59.0,,2026-04-01,,active
S008193,C008193,monthly,59.0,HARBOR50,2026-05-04,,active
S009391,C009391,monthly,59.0,,2026-07-01,,active
S000769,C000769,annual,588.0,,2025-02-09,2026-02-13,canceled
S005027,C005027,monthly,59.0,,2025-12-05,,active
S006407,C006407,monthly,59.0,,2026-03-12,2026-04-12,canceled
S001427,C001427,annual,588.0,,2025-04-11,,active
S011113,C011113,monthly,59.0,,2026-09-08,,active
S005153,C005153,monthly,59.0,,2025-12-16,,active
S011401,C011401,monthly,59.0,COMP100,2026-09-11,,active
S009861,C009861,monthly,59.0,HARBOR50,2026-07-18,,active
S008828,C008828,monthly,59.0,HARBOR50,2026-06-24,,active
S003933,C003933,monthly,59.0,,2025-10-28,,active
S000899,C000899,monthly,59.0,,2025-03-23,,active
S006071,C006071,annual,588.0,,2026-02-23,,active
S001057,C001057,annual,588.0,,2025-03-26,,active
S004450,C004450,annual,588.0,,2025-11-23,,active
S000166,C000166,monthly,59.0,,2025-01-22,,active
S004927,C004927,monthly,59.0,,2025-12-09,,active
S001390,C001390,monthly,59.0,,2025-04-08,,active
S001180,C001180,monthly,59.0,,2025-03-29,2025-04-23,canceled
S003580,C003580,annual,588.0,,2025-09-22,,active
S000542,C000542,monthly,59.0,,2025-02-24,,active
S000502,C000502,monthly,59.0,,2025-02-03,,active
S007768,C007768,monthly,59.0,,2026-05-03,,active
S009712,C009712,monthly,59.0,HARBOR50,2026-07-13,,active
S007704,C007704,annual,588.0,,2026-05-16,,active
S007441,C007441,monthly,59.0,,2026-04-27,2026-07-28,canceled
S003721,C003721,monthly,59.0,,2025-09-22,,active
S005082,C005082,monthly,59.0,,2025-12-03,,active
S006634,C006634,monthly,59.0,HARBOR50,2026-03-15,2026-07-10,canceled
S003324,C003324,monthly,59.0,,2025-08-28,2026-07-28,canceled
S002020,C002020,monthly,59.0,,2025-05-15,2025-07-10,canceled
S004986,C004986,monthly,59.0,,2025-12-04,2026-09-03,canceled
S007524,C007524,monthly,59.0,HARBOR50,2026-04-29,,active
S008763,C008763,monthly,59.0,,2026-06-17,,active
S006189,C006189,monthly,59.0,,2026-02-01,2026-08-30,canceled
S011161,C011161,annual,588.0,,2026-09-01,,active
S005037,C005037,monthly,59.0,,2025-12-11,,active
S002190,C002190,annual,588.0,,2025-06-04,,active
S008264,C008264,monthly,59.0,HARBOR50,2026-05-02,,active
S003457,C003457,monthly,59.0,,2025-09-19,,active
S003827,C003827,monthly,59.0,,2025-09-24,2025-12-29,canceled
S004309,C004309,annual,588.0,,2025-10-15,,active
S010501,C010501,monthly,59.0,,2026-08-19,,active
S002761,C002761,monthly,59.0,,2025-07-29,,active
S009182,C009182,monthly,59.0,HARBOR50,2026-06-07,,active
S009998,C009998,monthly,59.0,HARBOR50,2026-07-10,,active
S008288,C008288,monthly,59.0,HARBOR50,2026-05-06,2026-09-03,canceled
S003758,C003758,annual,588.0,,2025-09-24,,active
S005372,C005372,monthly,59.0,,2026-01-03,,active
S001748,C001748,monthly,59.0,,2025-05-29,,active
S002273,C002273,monthly,59.0,,2025-06-28,,active
S003723,C003723,monthly,59.0,,2025-09-16,2026-06-22,canceled
S003039,C003039,monthly,59.0,,2025-08-10,,active
S010209,C010209,annual,588.0,,2026-08-30,,active
S002099,C002099,annual,588.0,,2025-05-12,,active
S007705,C007705,annual,588.0,,2026-05-17,,active
S002476,C002476,monthly,59.0,,2025-06-21,,active
S007292,C007292,monthly,59.0,HARBOR50,2026-04-21,,active
S009455,C009455,monthly,59.0,,2026-07-14,,active
S011569,C001275,annual,588.0,,2025-10-03,,active
S002287,C002287,monthly,59.0,,2025-06-01,2025-09-24,canceled
S010706,C010706,monthly,59.0,HARBOR50,2026-08-29,,active
S003680,C003680,monthly,59.0,,2025-09-16,,active
S008212,C008212,monthly,59.0,HARBOR50,2026-05-13,2026-09-14,canceled
S011534,C002321,annual,588.0,,2026-02-27,,active
S011080,C011080,monthly,59.0,,2026-09-02,,active
S008068,C008068,monthly,59.0,HARBOR50,2026-05-07,2026-09-06,canceled
S007025,C007025,monthly,59.0,,2026-04-30,,active
S005937,C005937,monthly,59.0,,2026-02-09,2026-05-10,canceled
S001478,C001478,monthly,59.0,,2025-04-23,,active
S001121,C001121,monthly,59.0,,2025-03-11,2025-06-10,canceled
S001966,C001966,monthly,59.0,,2025-05-28,,active
S008654,C008654,monthly,59.0,,2026-06-19,,active
S002799,C002799,monthly,59.0,,2025-07-24,,active
S009334,C009334,monthly,59.0,,2026-07-05,,active
S011208,C011208,monthly,59.0,HARBOR50,2026-09-13,,active
S009784,C009784,monthly,59.0,HARBOR50,2026-07-13,,active
S001022,C001022,monthly,59.0,,2025-03-24,,active
S010195,C010195,monthly,59.0,,2026-08-14,,active
S010317,C010317,annual,588.0,,2026-08-10,,active
S005598,C005598,annual,588.0,,2026-01-30,,active
S006829,C006829,monthly,59.0,HARBOR50,2026-03-01,,active
S000405,C000405,monthly,59.0,,2025-02-16,,active
S006089,C006089,annual,588.0,,2026-02-26,,active
S002494,C002494,monthly,59.0,,2025-06-03,,active
S003678,C003678,monthly,59.0,,2025-09-07,,active
S009726,C009726,monthly,59.0,HARBOR50,2026-07-20,,active
S003388,C003388,monthly,59.0,,2025-08-19,,active
S011173,C011173,monthly,59.0,,2026-09-05,,active
S009553,C009553,monthly,59.0,,2026-07-11,,active
S008401,C008401,monthly,59.0,HARBOR50,2026-05-28,,active
S005522,C005522,monthly,59.0,,2026-01-08,,active
S002264,C002264,monthly,59.0,,2025-06-14,2025-10-19,canceled
S010353,C010353,monthly,59.0,,2026-08-04,,active
S004498,C004498,monthly,59.0,,2025-11-23,,active
S004021,C004021,monthly,59.0,,2025-10-18,,active
S001792,C001792,annual,588.0,,2025-05-30,,active
S006872,C006872,monthly,59.0,,2026-04-13,,active
S005388,C005388,annual,588.0,,2026-01-30,,active
S011027,C011027,monthly,59.0,,2026-09-02,,active
S009754,C009754,monthly,59.0,HARBOR50,2026-07-11,,active
S000952,C000952,annual,588.0,,2025-03-31,,active
S010750,C010750,monthly,59.0,HARBOR50,2026-08-12,,active
S000408,C000408,monthly,59.0,,2025-02-19,2025-03-13,canceled
S005099,C005099,annual,588.0,,2025-12-20,,active
S001701,C001701,monthly,59.0,,2025-05-19,,active
S007178,C007178,annual,588.0,,2026-04-21,,active
S009162,C009162,monthly,59.0,,2026-06-11,,active
S002722,C002722,monthly,59.0,,2025-07-05,2026-02-07,canceled
S008784,C008784,monthly,59.0,HARBOR50,2026-06-13,,active
S010406,C010406,monthly,59.0,,2026-08-01,,active
S002894,C002894,annual,588.0,,2025-07-15,2026-07-18,canceled
S006728,C006728,monthly,59.0,HARBOR50,2026-03-22,,active
S004235,C004235,monthly,59.0,,2025-10-20,,active
S007434,C007434,monthly,59.0,HARBOR50,2026-04-11,2026-09-10,canceled
S010352,C010352,monthly,59.0,,2026-08-21,,active
S006491,C006491,monthly,59.0,,2026-03-16,2026-04-18,canceled
S003916,C003916,monthly,59.0,,2025-10-20,2026-06-21,canceled
S009210,C009210,monthly,59.0,HARBOR50,2026-06-26,,active
S002005,C002005,monthly,59.0,,2025-05-14,,active
S009545,C009545,monthly,59.0,,2026-07-31,,active
S006747,C006747,monthly,59.0,HARBOR50,2026-03-25,2026-07-23,canceled
S006345,C006345,monthly,59.0,,2026-03-29,,active
S009404,C009404,monthly,59.0,,2026-07-14,,active
S001624,C001624,monthly,59.0,,2025-04-11,2025-08-15,canceled
S000738,C000738,monthly,59.0,,2025-02-08,,active
S006881,C006881,monthly,59.0,,2026-04-28,,active
S000063,C000063,monthly,59.0,,2025-01-18,,active
S004510,C004510,monthly,59.0,,2025-11-09,,active
S007999,C007999,monthly,59.0,HARBOR50,2026-05-22,,active
S004121,C004121,monthly,59.0,,2025-10-06,,active
S008521,C008521,monthly,59.0,,2026-06-20,,active
S003490,C003490,monthly,59.0,,2025-09-22,2025-10-28,canceled
S011510,C005977,annual,588.0,,2026-06-23,,active
S001810,C001810,monthly,59.0,,2025-05-05,2025-12-31,canceled
S009067,C009067,monthly,59.0,HARBOR50,2026-06-29,,active
S003295,C003295,monthly,59.0,,2025-08-15,2025-10-14,canceled
S008756,C008756,monthly,59.0,HARBOR50,2026-06-29,,active
S009856,C009856,monthly,59.0,HARBOR50,2026-07-03,,active
S004799,C004799,monthly,59.0,,2025-11-26,,active
S002087,C002087,monthly,59.0,,2025-05-17,,active
S011501,C005096,annual,588.0,,2026-07-20,,active
S005704,C005704,monthly,59.0,,2026-01-12,,active
S010735,C010735,monthly,59.0,HARBOR50,2026-08-23,,active
S003350,C003350,monthly,59.0,,2025-08-05,,active
S006215,C006215,monthly,59.0,,2026-03-22,,active
S003177,C003177,monthly,59.0,,2025-08-16,,active
S004168,C004168,monthly,59.0,,2025-10-10,,active
S009876,C009876,monthly,59.0,,2026-07-20,,active
S004321,C004321,monthly,59.0,,2025-10-11,,active
S009761,C009761,annual,588.0,,2026-07-22,,active
S002154,C002154,monthly,59.0,,2025-06-09,,active
S010037,C010037,monthly,59.0,,2026-07-14,,active
S001031,C001031,annual,588.0,,2025-03-07,,canceled
S002531,C002531,monthly,59.0,,2025-07-10,2025-12-05,canceled
S003119,C003119,monthly,59.0,,2025-08-28,,active
S010274,C010274,monthly,59.0,,2026-08-17,,active
S010678,C010678,monthly,59.0,HARBOR50,2026-08-30,,active
S006211,C006211,annual,588.0,,2026-03-13,,active
S001356,C001356,monthly,59.0,,2025-04-28,,active
S001635,C001635,monthly,59.0,,2025-04-27,,active
S005158,C005158,annual,588.0,,2025-12-22,,active
S009136,C009136,monthly,59.0,HARBOR50,2026-06-28,,active
S000856,C000856,monthly,59.0,,2025-03-26,,active
S008862,C008862,monthly,59.0,HARBOR50,2026-06-14,,active
S003185,C003185,annual,588.0,,2025-08-15,,active
S010435,C010435,monthly,59.0,,2026-08-13,,active
S005139,C005139,monthly,59.0,,2025-12-24,,active
S002805,C002805,monthly,59.0,,2025-07-22,,active
S006497,C006497,monthly,59.0,,2026-03-13,,active
S005942,C005942,monthly,59.0,,2026-02-11,2026-07-13,canceled
S005024,C005024,annual,588.0,,2025-12-02,,active
S003775,C003775,monthly,59.0,,2025-09-06,2026-04-03,canceled
S005288,C005288,monthly,59.0,,2026-01-29,,active
S002720,C002720,monthly,59.0,,2025-07-02,,active
S003882,C003882,monthly,59.0,,2025-10-16,,active
S010605,C010605,monthly,59.0,HARBOR50,2026-08-28,,active
S005488,C005488,monthly,59.0,,2026-01-29,,active
S011458,C011458,monthly,59.0,COMP100,2025-08-18,,active
S004037,C004037,monthly,59.0,,2025-10-16,2026-02-12,canceled
S011522,C003792,annual,588.0,,2026-07-18,,active
S008552,C008552,monthly,59.0,,2026-06-12,,active
S007913,C007913,annual,588.0,,2026-05-20,,active
S007756,C007756,annual,588.0,,2026-05-22,,active
S005619,C005619,annual,588.0,,2026-01-10,,active
S000903,C000903,monthly,59.0,,2025-03-31,2026-04-04,canceled
S002549,C002549,monthly,59.0,,2025-07-16,2025-08-12,canceled
S008126,C008126,monthly,59.0,HARBOR50,2026-05-06,2026-09-01,canceled
S007426,C007426,monthly,59.0,HARBOR50,2026-04-28,2026-08-29,canceled
S005677,C005677,monthly,59.0,,2026-01-11,,active
S011519,C001237,annual,588.0,,2026-05-22,,active
S011011,C011011,annual,588.0,,2026-09-02,,active
S002711,C002711,monthly,59.0,,2025-07-19,2025-10-13,canceled
S010115,C010115,monthly,59.0,,2026-08-15,,active
S000053,C000053,monthly,59.0,,2025-01-02,,active
S008933,C008933,monthly,59.0,,2026-06-05,,active
S008545,C008545,monthly,59.0,,2026-06-18,,active
S000653,C000653,annual,588.0,,2025-02-26,,canceled
S011119,C011119,monthly,59.0,,2026-09-01,,active
S009897,C009897,monthly,59.0,HARBOR50,2026-07-06,,active
S009902,C009902,monthly,59.0,HARBOR50,2026-07-03,,active
S007242,C007242,monthly,59.0,,2026-04-12,,active
S002942,C002942,monthly,59.0,,2025-07-13,,canceled
S005089,C005089,annual,588.0,,2025-12-05,,active
S011535,C007113,annual,588.0,,2026-08-05,,active
S009399,C009399,annual,588.0,,2026-07-06,,active
S009625,C009625,monthly,59.0,,2026-07-05,,active
S001758,C001758,annual,588.0,,2025-05-07,,active
S006725,C006725,monthly,59.0,HARBOR50,2026-03-16,2026-07-10,canceled
S001598,C001598,annual,588.0,,2025-04-20,,active
S007132,C007132,annual,588.0,,2026-04-22,,active
S006287,C006287,monthly,59.0,,2026-03-18,,active
S006782,C006782,monthly,59.0,HARBOR50,2026-03-30,,active
S006344,C006344,monthly,59.0,,2026-03-24,,active
S002664,C002664,annual,588.0,,2025-07-09,,active
S011460,C011460,monthly,59.0,COMP100,2025-07-11,,active
S011612,C005564,annual,588.0,,2026-07-04,,active
S009711,C009711,annual,588.0,,2026-07-22,,active
S010012,C010012,monthly,59.0,HARBOR50,2026-07-14,,active
S001726,C001726,monthly,59.0,,2025-05-30,,active
S000310,C000310,monthly,59.0,,2025-01-24,2026-06-26,canceled
S005579,C005579,monthly,59.0,,2026-01-07,,active
S008897,C008897,monthly,59.0,HARBOR50,2026-06-16,,active
S009575,C009575,monthly,59.0,,2026-07-15,,active
S009360,C009360,monthly,59.0,,2026-07-17,,active
S008477,C008477,monthly,59.0,,2026-06-22,,active
S000784,C000784,monthly,59.0,,2025-02-26,,active
S007357,C007357,monthly,59.0,HARBOR50,2026-04-10,,active
S009423,C009423,monthly,59.0,,2026-07-06,,active
S004384,C004384,monthly,59.0,,2025-11-15,,active
S005202,C005202,monthly,59.0,,2025-12-04,,active
S001702,C001702,monthly,59.0,,2025-05-29,,active
S010917,C010917,monthly,59.0,HARBOR50,2026-08-23,,active
S008965,C008965,monthly,59.0,HARBOR50,2026-06-18,,active
S003779,C003779,monthly,59.0,,2025-09-14,,active
S009687,C009687,monthly,59.0,HARBOR50,2026-07-19,,active
S001747,C001747,monthly,59.0,,2025-05-25,2025-08-28,canceled
S002370,C002370,annual,588.0,,2025-06-12,2025-06-01,canceled
S007235,C007235,annual,588.0,,2026-04-22,,active
S008220,C008220,monthly,59.0,HARBOR50,2026-05-14,,active
S000816,C000816,annual,588.0,,2025-02-21,2026-02-24,canceled
S001908,C001908,monthly,59.0,,2025-05-23,,active
S011449,C011449,monthly,59.0,COMP100,2025-11-21,2025-11-21,canceled
S003323,C003323,monthly,59.0,,2025-08-16,2026-08-17,canceled
S009097,C009097,monthly,59.0,HARBOR50,2026-06-24,,active
S009659,C009659,monthly,59.0,,2026-07-04,,active
S003655,C003655,monthly,59.0,,2025-09-06,2026-01-06,canceled
S008342,C008342,monthly,59.0,HARBOR50,2026-05-24,,active
S006173,C006173,annual,588.0,,2026-02-06,,active
S004774,C004774,monthly,59.0,,2025-11-01,2025-11-19,canceled
S002573,C002573,monthly,59.0,,2025-07-07,2025-07-31,canceled
S009562,C009562,monthly,59.0,,2026-07-12,,active
S002235,C002235,monthly,59.0,,2025-06-16,,active
S002214,C002214,monthly,59.0,,2025-06-20,2025-06-07,canceled
S007856,C007856,monthly,59.0,,2026-05-20,,active
S010975,C010975,monthly,59.0,HARBOR50,2026-08-27,,active
S006884,C006884,monthly,59.0,,2026-04-12,2026-06-06,canceled
S006243,C006243,monthly,59.0,,2026-03-10,2026-05-09,canceled
S008760,C008760,annual,588.0,,2026-06-29,,active
S008626,C008626,monthly,59.0,,2026-06-28,,active
S001765,C001765,annual,588.0,,2025-05-12,,active
S003413,C003413,annual,588.0,,2025-09-17,,active
S003121,C003121,monthly,59.0,,2025-08-21,,active
S000292,C000292,annual,588.0,,2025-01-21,2026-01-27,canceled
S002148,C002148,monthly,59.0,,2025-06-16,2025-10-13,canceled
S003299,C003299,monthly,59.0,,2025-08-28,,active
S005043,C005043,monthly,59.0,,2025-12-20,,active
S006373,C006373,monthly,59.0,,2026-03-26,,active
S004735,C004735,annual,588.0,,2025-11-30,,active
S000709,C000709,monthly,59.0,,2025-02-10,2025-03-14,canceled
S009626,C009626,monthly,59.0,,2026-07-30,,active
S005321,C005321,monthly,59.0,,2026-01-14,,active
S011287,C011287,monthly,59.0,HARBOR50,2026-09-14,,active
S010452,C010452,monthly,59.0,,2026-08-15,,active
S002697,C002697,monthly,59.0,,2025-07-14,,active
S011298,C011298,monthly,59.0,,2026-09-13,,active
S003095,C003095,monthly,59.0,,2025-08-05,,active
S011586,C002768,annual,588.0,,2026-09-07,,active
S001614,C001614,annual,588.0,,2025-04-10,,active
S010524,C010524,monthly,59.0,,2026-08-27,,active
S003024,C003024,monthly,59.0,,2025-08-03,,active
S002645,C002645,monthly,59.0,,2025-07-07,2026-01-03,canceled
S000995,C000995,monthly,59.0,,2025-03-29,,active
S008924,C008924,monthly,59.0,HARBOR50,2026-06-18,,active
S005375,C005375,monthly,59.0,,2026-01-12,,active
S000809,C000809,annual,588.0,,2025-02-06,,active
S007568,C007568,monthly,59.0,HARBOR50,2026-04-28,2026-08-28,canceled
S009492,C009492,monthly,59.0,,2026-07-10,,active
S000551,C000551,annual,588.0,,2025-02-10,,active
S005101,C005101,monthly,59.0,,2025-12-02,,active
S002249,C002249,annual,588.0,,2025-06-22,,active
S011225,C011225,monthly,59.0,HARBOR50,2026-09-13,,active
S004285,C004285,monthly,59.0,,2025-10-16,2026-05-12,canceled
S007522,C007522,monthly,59.0,,2026-04-03,,active
S009511,C009511,annual,588.0,,2026-07-16,,active
S002378,C002378,monthly,59.0,,2025-06-12,2026-05-09,canceled
S003038,C003038,annual,588.0,,2025-08-10,,active
S008004,C008004,monthly,59.0,HARBOR50,2026-05-25,2026-05-27,canceled
S001885,C001885,monthly,59.0,,2025-05-09,,active
S000359,C000359,monthly,59.0,,2025-01-23,2026-05-24,canceled
S004634,C004634,monthly,59.0,,2025-11-23,,active
S007771,C007771,annual,588.0,,2026-05-04,,active
S004739,C004739,monthly,59.0,,2025-11-02,2026-06-06,canceled
S011596,C002102,annual,588.0,,2026-04-27,,active
S007645,C007645,monthly,59.0,HARBOR50,2026-04-22,,active
S004207,C004207,monthly,59.0,,2025-10-11,,active
S009764,C009764,monthly,59.0,HARBOR50,2026-07-21,,active
S005008,C005008,annual,588.0,,2025-12-31,,active
S003892,C003892,monthly,59.0,,2025-10-24,,active
S006939,C006939,annual,588.0,,2026-04-27,,active
S004720,C004720,annual,588.0,,2025-11-13,,active
S001199,C001199,monthly,59.0,,2025-03-10,2026-04-12,canceled
S004949,C004949,monthly,59.0,,2025-12-26,2026-01-21,canceled
S004064,C004064,monthly,59.0,,2025-10-28,,active
S006743,C006743,annual,588.0,,2026-03-16,,active
S004574,C004574,annual,588.0,,2025-11-02,,active
S002984,C002984,monthly,59.0,,2025-08-13,2026-04-12,canceled
S006936,C006936,monthly,59.0,,2026-04-01,,active
S006897,C006897,monthly,59.0,,2026-04-04,,active
S002983,C002983,monthly,59.0,,2025-08-21,2026-03-22,canceled
S010119,C010119,annual,588.0,,2026-08-13,,active
S011248,C011248,monthly,59.0,HARBOR50,2026-09-01,,active
S009395,C009395,annual,588.0,,2026-07-24,,active
S011353,C011353,monthly,59.0,COMP100,2026-04-07,2026-04-09,canceled
S007507,C007507,monthly,59.0,HARBOR50,2026-04-03,,active
S006744,C006744,monthly,59.0,HARBOR50,2026-03-03,2026-05-01,canceled
S003702,C003702,monthly,59.0,,2025-09-29,,active
S000421,C000421,monthly,59.0,,2025-02-04,,active
S002115,C002115,monthly,59.0,,2025-06-04,,active
S007012,C007012,annual,588.0,,2026-04-05,,active
S005485,C005485,monthly,59.0,,2026-01-28,,active
S000920,C000920,monthly,59.0,,2025-03-20,,active
S009317,C009317,monthly,59.0,,2026-07-30,,active
S007956,C007956,annual,588.0,,2026-05-30,,active
S004721,C004721,monthly,59.0,,2025-11-05,,active
S006641,C006641,monthly,59.0,HARBOR50,2026-03-02,2026-07-02,canceled
S008707,C008707,monthly,59.0,,2026-06-13,,active
S002367,C002367,monthly,59.0,,2025-06-08,2026-07-12,canceled
S002334,C002334,annual,588.0,,2025-06-08,,active
S004475,C004475,monthly,59.0,,2025-11-11,2026-04-17,canceled
S008195,C008195,monthly,59.0,HARBOR50,2026-05-19,,active
S005050,C005050,monthly,59.0,,2025-12-21,2026-07-26,canceled
S007475,C007475,monthly,59.0,HARBOR50,2026-04-19,,active
S011202,C011202,monthly,59.0,HARBOR50,2026-09-01,,active
S009606,C009606,monthly,59.0,HARBOR50,2026-07-28,,active
S006270,C006270,annual,588.0,,2026-03-14,,active
S001742,C001742,monthly,59.0,,2025-05-23,,active
S006506,C006506,annual,588.0,,2026-03-03,,active
S003976,C003976,monthly,59.0,,2025-10-04,,active
S008073,C008073,monthly,59.0,HARBOR50,2026-05-27,,active
S011061,C011061,annual,588.0,,2026-09-07,,active
S006805,C006805,monthly,59.0,,2026-03-05,,active
S006519,C006519,annual,588.0,,2026-03-20,,active
S000716,C000716,annual,588.0,,2025-02-07,2025-03-01,canceled
S006236,C006236,monthly,59.0,,2026-03-24,,active
S002465,C002465,annual,588.0,,2025-06-01,,active
S000718,C000718,annual,588.0,,2025-02-15,,active
S000838,C000838,annual,588.0,,2025-03-04,,active
S005673,C005673,monthly,59.0,,2026-01-05,2026-05-03,canceled
S009000,C009000,monthly,59.0,HARBOR50,2026-06-11,,active
S006732,C006732,monthly,59.0,HARBOR50,2026-03-24,2026-07-24,canceled
S006193,C006193,monthly,59.0,,2026-02-11,,active
S000236,C000236,monthly,59.0,,2025-01-20,2025-01-28,canceled
S004496,C004496,annual,588.0,,2025-11-07,,active
S000916,C000916,annual,588.0,,2025-03-20,,active
S006341,C006341,monthly,59.0,,2026-03-15,,active
S011480,C004060,annual,588.0,,2026-04-16,,active
S009837,C009837,monthly,59.0,HARBOR50,2026-07-30,,active
S002117,C002117,monthly,59.0,,2025-06-22,,active
S001769,C001769,monthly,59.0,,2025-05-27,,active
S007722,C007722,monthly,59.0,,2026-05-20,,active
S001065,C001065,monthly,59.0,,2025-03-08,,active
S008326,C008326,monthly,59.0,HARBOR50,2026-05-04,,active
S004655,C004655,monthly,59.0,,2025-11-14,2026-05-17,canceled
S005735,C005735,monthly,59.0,,2026-01-04,,active
S006646,C006646,monthly,59.0,HARBOR50,2026-03-20,,active
S003308,C003308,monthly,59.0,,2025-08-08,,active
S002210,C002210,monthly,59.0,,2025-06-16,,active
S002440,C002440,monthly,59.0,,2025-06-17,,active
S006826,C006826,monthly,59.0,,2026-03-19,,active
S004229,C004229,annual,588.0,,2025-10-24,,active
S002244,C002244,monthly,59.0,,2025-06-14,2025-12-17,canceled
S004367,C004367,annual,588.0,,2025-11-08,,active
S011542,C002392,annual,588.0,,2026-02-22,,active
S009706,C009706,monthly,59.0,HARBOR50,2026-07-20,,active
S000382,C000382,monthly,59.0,,2025-01-27,2025-07-02,canceled
S001875,C001875,monthly,59.0,,2025-05-28,,active
S004308,C004308,monthly,59.0,,2025-10-30,,active
S000371,C000371,monthly,59.0,,2025-01-26,2025-09-23,canceled
S004143,C004143,monthly,59.0,,2025-10-07,,active
S005534,C005534,annual,588.0,,2026-01-19,,active
S004276,C004276,monthly,59.0,,2025-10-04,2025-12-31,canceled
S009875,C009875,monthly,59.0,HARBOR50,2026-07-30,,active
S008141,C008141,annual,588.0,,2026-05-11,,active
S009468,C009468,annual,588.0,,2026-07-24,,active
S001132,C001132,monthly,59.0,,2025-03-24,,active
S009795,C009795,monthly,59.0,HARBOR50,2026-07-29,,active
S007574,C007574,monthly,59.0,HARBOR50,2026-04-06,2026-08-03,canceled
S000568,C000568,monthly,59.0,,2025-02-23,2025-12-20,canceled
S010095,C010095,monthly,59.0,,2026-07-02,,active
S006907,C006907,monthly,59.0,,2026-04-27,,active
S011597,C004485,annual,588.0,,2026-05-30,,active
S002107,C002107,annual,588.0,,2025-06-03,2026-06-05,canceled
S001184,C001184,monthly,59.0,,2025-03-19,,active
S003181,C003181,monthly,59.0,,2025-08-19,,active
S011059,C011059,monthly,59.0,,2026-09-05,,active
S002564,C002564,monthly,59.0,,2025-07-21,2025-11-20,canceled
S005834,C005834,monthly,59.0,,2026-02-18,,active
S008847,C008847,monthly,59.0,HARBOR50,2026-06-06,,active
S005747,C005747,monthly,59.0,,2026-02-19,2026-08-25,canceled
S004057,C004057,annual,588.0,,2025-10-30,,active
S011007,C011007,monthly,59.0,,2026-09-07,,active
S002873,C002873,annual,588.0,,2025-07-02,,active
S001168,C001168,monthly,59.0,,2025-03-20,2026-07-22,canceled
S009794,C009794,monthly,59.0,HARBOR50,2026-07-11,,active
S010834,C010834,monthly,59.0,HARBOR50,2026-08-30,,active
S005708,C005708,monthly,59.0,,2026-01-18,2026-02-21,canceled
S003585,C003585,monthly,59.0,,2025-09-21,,active
S008776,C008776,monthly,59.0,HARBOR50,2026-06-11,,active
S011181,C011181,monthly,59.0,,2026-09-03,,active
S009277,C009277,monthly,59.0,HARBOR50,2026-06-23,,active
S010184,C010184,annual,588.0,,2026-08-18,,active
S001673,C001673,monthly,59.0,,2025-04-29,,active
S009707,C009707,monthly,59.0,HARBOR50,2026-07-18,2026-08-16,canceled
S000813,C000813,monthly,59.0,,2025-02-19,2026-06-19,canceled
S003749,C003749,monthly,59.0,,2025-09-03,,active
S004215,C004215,monthly,59.0,,2025-10-30,,active
S009303,C009303,monthly,59.0,HARBOR50,2026-06-11,,active
S005529,C005529,monthly,59.0,,2026-01-20,,active
S001710,C001710,annual,588.0,,2025-05-08,2026-05-14,canceled
S003266,C003266,monthly,59.0,,2025-08-17,,active
S002495,C002495,monthly,59.0,,2025-06-20,,active
S000112,C000112,monthly,59.0,,2025-01-14,,active
S006737,C006737,annual,588.0,,2026-03-15,,active
S001158,C001158,annual,588.0,,2025-03-21,,active
S008649,C008649,monthly,59.0,,2026-06-03,,active
S011126,C011126,annual,588.0,,2026-09-11,,active
S008454,C008454,monthly,59.0,,2026-06-27,,active
S003563,C003563,monthly,59.0,,2025-09-25,2025-10-29,canceled
S002068,C002068,monthly,59.0,,2025-05-31,2026-04-26,canceled
S010768,C010768,monthly,59.0,HARBOR50,2026-08-19,,active
S002565,C002565,monthly,59.0,,2025-07-21,2026-02-20,canceled
S010247,C010247,annual,588.0,,2026-08-08,,active
S003793,C003793,monthly,59.0,,2025-09-19,2026-05-15,canceled
S005327,C005327,monthly,59.0,,2026-01-19,,active
S002231,C002231,monthly,59.0,,2025-06-06,,active
S008474,C008474,monthly,59.0,,2026-06-05,,active
S010257,C010257,monthly,59.0,,2026-08-20,,active
S003423,C003423,annual,588.0,,2025-09-27,,active
S010652,C010652,monthly,59.0,HARBOR50,2026-08-26,,active
S002982,C002982,monthly,59.0,,2025-08-31,,active
S007324,C007324,monthly,59.0,HARBOR50,2026-04-29,,active
S005751,C005751,monthly,59.0,,2026-02-09,,active
S009077,C009077,monthly,59.0,HARBOR50,2026-06-16,,active
S003730,C003730,monthly,59.0,,2025-09-02,,active
S005096,C005096,monthly,59.0,,2025-12-21,,active
S002338,C002338,annual,588.0,,2025-06-27,,active
S005974,C005974,monthly,59.0,,2026-02-19,,active
S002532,C002532,monthly,59.0,,2025-07-05,,active
S007598,C007598,monthly,59.0,HARBOR50,2026-04-25,2026-08-19,canceled
S004081,C004081,annual,588.0,,2025-10-01,,active
S008376,C008376,monthly,59.0,HARBOR50,2026-05-12,,active
S009183,C009183,monthly,59.0,HARBOR50,2026-06-29,,active
S009513,C009513,monthly,59.0,,2026-07-04,,active
S004247,C004247,monthly,59.0,,2025-10-30,,active
S007343,C007343,monthly,59.0,HARBOR50,2026-04-03,2026-08-28,canceled
S007349,C007349,monthly,59.0,HARBOR50,2026-04-05,,active
S009894,C009894,monthly,59.0,HARBOR50,2026-07-11,,active
S001573,C001573,monthly,59.0,,2025-04-14,,active
S002449,C002449,annual,588.0,,2025-06-19,,active
S004832,C004832,annual,588.0,,2025-12-21,,active
S010762,C010762,monthly,59.0,HARBOR50,2026-08-17,,active
S001939,C001939,monthly,59.0,,2025-05-03,,active
S000494,C000494,annual,588.0,,2025-02-28,,active
S000927,C000927,monthly,59.0,,2025-03-18,,active
S005128,C005128,monthly,59.0,,2025-12-17,,active
S001919,C001919,monthly,59.0,,2025-05-10,,active
S002830,C002830,monthly,59.0,,2025-07-17,,active
S007643,C007643,monthly,59.0,HARBOR50,2026-04-10,2026-09-10,canceled
S001238,C001238,annual,588.0,,2025-03-31,,active
S006486,C006486,monthly,59.0,,2026-03-05,,active
S006914,C006914,monthly,59.0,,2026-04-10,,active
S009620,C009620,annual,588.0,,2026-07-01,,active
S007700,C007700,monthly,59.0,,2026-05-23,,active
S003839,C003839,monthly,59.0,,2025-09-14,2025-11-14,canceled
S006978,C006978,annual,588.0,,2026-04-13,,active
S000161,C000161,monthly,59.0,,2025-01-20,2026-08-16,canceled
S010416,C010416,annual,588.0,,2026-08-01,,active
S001948,C001948,monthly,59.0,,2025-05-14,,active
S003997,C003997,monthly,59.0,,2025-10-04,,active
S008420,C008420,monthly,59.0,,2026-06-04,,active
S003057,C003057,monthly,59.0,,2025-08-16,,active
S001255,C001255,monthly,59.0,,2025-03-24,,active
S002483,C002483,monthly,59.0,,2025-06-13,2025-07-17,canceled
S007675,C007675,annual,588.0,,2026-05-15,,active
S001086,C001086,annual,588.0,,2025-03-25,,active
S008079,C008079,monthly,59.0,HARBOR50,2026-05-15,2026-09-12,canceled
S001630,C001630,monthly,59.0,,2025-04-28,2025-10-28,canceled
S003356,C003356,monthly,59.0,,2025-08-20,2025-11-19,canceled
S000201,C000201,monthly,59.0,,2025-01-29,,active
S007018,C007018,monthly,59.0,,2026-04-09,,active
S002684,C002684,monthly,59.0,,2025-07-04,,active
S003429,C003429,monthly,59.0,,2025-09-27,2026-03-01,canceled
S007547,C007547,monthly,59.0,,2026-04-30,,active
S004075,C004075,annual,588.0,,2025-10-04,,active
S001825,C001825,annual,588.0,,2025-05-20,2026-05-24,canceled
S008063,C008063,monthly,59.0,,2026-05-03,,active
S000320,C000320,annual,588.0,,2025-01-05,,active
S006605,C006605,monthly,59.0,HARBOR50,2026-03-08,2026-08-09,canceled
S003333,C003333,monthly,59.0,,2025-08-13,,active
S007168,C007168,monthly,59.0,,2026-04-12,,active
S011580,C007194,annual,588.0,,2026-09-11,,active
S010974,C010974,monthly,59.0,HARBOR50,2026-08-21,,active
S005133,C005133,monthly,59.0,,2025-12-16,,active
S005381,C005381,monthly,59.0,,2026-01-06,,active
S011472,C005794,annual,588.0,,2026-07-29,,active
S009021,C009021,annual,588.0,,2026-06-27,,active
S002543,C002543,monthly,59.0,,2025-07-22,,active
S005100,C005100,monthly,59.0,,2025-12-24,,active
S001808,C001808,monthly,59.0,,2025-05-07,,active
S004719,C004719,monthly,59.0,,2025-11-21,,active
S006840,C006840,monthly,59.0,,2026-03-08,,active
S003579,C003579,monthly,59.0,,2025-09-27,,active
S008576,C008576,monthly,59.0,,2026-06-03,,active
S008302,C008302,monthly,59.0,HARBOR50,2026-05-27,,active
S000608,C000608,monthly,59.0,,2025-02-13,,active
S003661,C003661,annual,588.0,,2025-09-04,,active
S004162,C004162,monthly,59.0,,2025-10-17,,active
S005652,C005652,monthly,59.0,,2026-01-15,2026-04-19,canceled
S003515,C003515,annual,588.0,,2025-09-16,,active
S003903,C003903,annual,588.0,,2025-10-27,,active
S005363,C005363,monthly,59.0,,2026-01-27,,active
S003967,C003967,monthly,59.0,,2025-10-18,,active
S000176,C000176,monthly,59.0,,2025-01-16,2026-04-18,canceled
S005700,C005700,monthly,59.0,,2026-01-29,,active
S000300,C000300,annual,588.0,,2025-01-19,,active
S007693,C007693,monthly,59.0,,2026-05-06,,active
S007064,C007064,monthly,59.0,,2026-04-19,,active
S006382,C006382,monthly,59.0,,2026-03-10,,active
S011160,C011160,monthly,59.0,,2026-09-02,,active
S010196,C010196,annual,588.0,,2026-08-14,,active
S007189,C007189,monthly,59.0,,2026-04-08,,active
S005259,C005259,annual,588.0,,2025-12-08,,active
S004419,C004419,annual,588.0,,2025-11-14,,active
S008971,C008971,monthly,59.0,,2026-06-07,,active
S011430,C011430,monthly,59.0,COMP100,2025-11-04,2025-11-06,canceled
S000926,C000926,annual,588.0,,2025-03-18,,active
S007496,C007496,monthly,59.0,HARBOR50,2026-04-07,2026-08-03,canceled
S009758,C009758,monthly,59.0,HARBOR50,2026-07-03,,active
S008824,C008824,monthly,59.0,HARBOR50,2026-06-24,,active
S003626,C003626,monthly,59.0,,2025-09-18,,active
S003611,C003611,monthly,59.0,,2025-09-19,,active
S001568,C001568,monthly,59.0,,2025-04-10,2025-05-06,canceled
S000648,C000648,monthly,59.0,,2025-02-23,2026-03-28,canceled
S005146,C005146,monthly,59.0,,2025-12-14,,active
S004284,C004284,monthly,59.0,,2025-10-13,2026-02-11,canceled
S000297,C000297,annual,588.0,,2025-01-15,2026-01-19,canceled
S004789,C004789,annual,588.0,,2025-11-29,2025-12-01,canceled
S001941,C001941,monthly,59.0,,2025-05-02,2026-05-31,canceled
S011320,C011320,monthly,59.0,HARBOR50,2026-09-10,,active
S008373,C008373,monthly,59.0,HARBOR50,2026-05-09,2026-05-29,canceled
S009951,C009951,monthly,59.0,HARBOR50,2026-07-05,,active
S005118,C005118,monthly,59.0,,2025-12-03,,active
S007745,C007745,annual,588.0,,2026-05-12,,active
S006828,C006828,monthly,59.0,HARBOR50,2026-03-23,,active
S007211,C007211,monthly,59.0,,2026-04-13,,active
S000810,C000810,annual,588.0,,2025-02-24,2026-02-25,canceled
S005962,C005962,annual,588.0,,2026-02-12,,active
S004378,C004378,monthly,59.0,,2025-11-10,,active
S009493,C009493,annual,588.0,,2026-07-21,,active
S009785,C009785,annual,588.0,,2026-07-03,,active
S005279,C005279,annual,588.0,,2025-12-04,,active
S005014,C005014,annual,588.0,,2025-12-03,,active
S009926,C009926,monthly,59.0,HARBOR50,2026-07-08,,active
S007351,C007351,monthly,59.0,HARBOR50,2026-04-30,,active
S004555,C004555,annual,588.0,,2025-11-13,,active
S001462,C001462,monthly,59.0,,2025-04-01,,active
S001743,C001743,monthly,59.0,,2025-05-07,2025-12-06,canceled
S004201,C004201,monthly,59.0,,2025-10-05,,active
S001008,C001008,monthly,59.0,,2025-03-30,2025-10-25,canceled
S008833,C008833,monthly,59.0,,2026-06-08,,active
S003284,C003284,monthly,59.0,,2025-08-18,,active
S004860,C004860,monthly,59.0,,2025-12-17,,active
S000441,C000441,monthly,59.0,,2025-02-02,2025-12-07,canceled
S008219,C008219,monthly,59.0,HARBOR50,2026-05-28,,active
S006770,C006770,monthly,59.0,HARBOR50,2026-03-28,2026-07-24,canceled
S009543,C009543,annual,588.0,,2026-07-12,,active
S005565,C005565,annual,588.0,,2026-01-17,,active
S008179,C008179,monthly,59.0,HARBOR50,2026-05-24,,active
S006483,C006483,monthly,59.0,,2026-03-22,,active
S008640,C008640,annual,588.0,,2026-06-17,,active
S008682,C008682,annual,588.0,,2026-06-15,,active
S009679,C009679,annual,588.0,,2026-07-15,,active
S010890,C010890,monthly,59.0,HARBOR50,2026-08-12,,active
S004157,C004157,monthly,59.0,,2025-10-13,2025-11-14,canceled
S003822,C003822,annual,588.0,,2025-09-01,2026-09-02,canceled
S001219,C001219,monthly,59.0,,2025-03-23,2025-12-24,canceled
S003068,C003068,monthly,59.0,,2025-08-24,2025-11-23,canceled
S005712,C005712,monthly,59.0,,2026-01-18,2026-05-24,canceled
S009793,C009793,monthly,59.0,HARBOR50,2026-07-02,,active
S011663,C005138,annual,588.0,,2026-07-28,,active
S006234,C006234,monthly,59.0,,2026-03-18,,active
S007069,C007069,monthly,59.0,,2026-04-12,,active
S003100,C003100,monthly,59.0,,2025-08-06,2025-08-22,canceled
S004131,C004131,monthly,59.0,,2025-10-30,,active
S000244,C000244,annual,588.0,,2025-01-24,,active
S004649,C004649,monthly,59.0,,2025-11-24,,active
S006256,C006256,annual,588.0,,2026-03-30,,active
S008037,C008037,monthly,59.0,HARBOR50,2026-05-09,,active
S000702,C000702,monthly,59.0,,2025-02-24,2025-03-22,canceled
S003713,C003713,monthly,59.0,,2025-09-18,,active
S010062,C010062,monthly,59.0,HARBOR50,2026-07-11,,active
S003886,C003886,monthly,59.0,,2025-10-12,2026-04-15,canceled
S009370,C009370,monthly,59.0,,2026-07-29,,active
S000853,C000853,annual,588.0,,2025-03-30,2025-04-06,canceled
S004595,C004595,monthly,59.0,,2025-11-21,,active
S004105,C004105,annual,588.0,,2025-10-30,2025-11-03,canceled
S006445,C006445,monthly,59.0,,2026-03-07,,active
S001371,C001371,monthly,59.0,,2025-04-15,,active
S009676,C009676,monthly,59.0,,2026-07-25,,active
S001626,C001626,monthly,59.0,,2025-04-03,2025-07-29,canceled
S000031,C000031,annual,588.0,,2025-01-15,2026-01-17,canceled
S007213,C007213,monthly,59.0,,2026-04-22,,active
S001835,C001835,monthly,59.0,,2025-05-13,,active
S009072,C009072,monthly,59.0,HARBOR50,2026-06-18,,active
S009247,C009247,monthly,59.0,HARBOR50,2026-06-03,,active
S007861,C007861,monthly,59.0,,2026-05-14,,active
S007272,C007272,annual,588.0,,2026-04-29,,active
S006199,C006199,monthly,59.0,,2026-02-01,2026-08-07,canceled
S003337,C003337,monthly,59.0,,2025-08-09,,active
S011413,C011413,monthly,59.0,COMP100,2026-09-03,,active
S011500,C005570,annual,588.0,,2026-07-11,,active
S006635,C006635,monthly,59.0,HARBOR50,2026-03-17,,active
S005142,C005142,monthly,59.0,,2025-12-06,,active
S006857,C006857,monthly,59.0,HARBOR50,2026-03-16,2026-05-13,canceled
S009677,C009677,monthly,59.0,,2026-07-14,,active
S000823,C000823,monthly,59.0,,2025-02-16,,active
S006542,C006542,monthly,59.0,,2026-03-31,,active
S007820,C007820,monthly,59.0,,2026-05-03,,active
S004992,C004992,annual,588.0,,2025-12-19,,active
S003245,C003245,annual,588.0,,2025-08-01,,active
S004028,C004028,annual,588.0,,2025-10-29,,active
S003384,C003384,monthly,59.0,,2025-08-01,2026-05-29,canceled
S008269,C008269,monthly,59.0,,2026-05-06,,active
S006190,C006190,annual,588.0,,2026-02-03,,active
S008491,C008491,annual,588.0,,2026-06-22,,active
S009065,C009065,monthly,59.0,HARBOR50,2026-06-22,,active
S002477,C002477,monthly,59.0,,2025-06-24,2025-07-28,canceled
S004007,C004007,monthly,59.0,,2025-10-31,,active
S000059,C000059,annual,588.0,,2025-01-26,2026-01-26,canceled
S005994,C005994,annual,588.0,,2026-02-04,,active
S007433,C007433,monthly,59.0,HARBOR50,2026-04-03,,active
S006945,C006945,monthly,59.0,,2026-04-13,2026-08-07,canceled
S011446,C011446,monthly,59.0,COMP100,2025-05-14,2025-05-19,canceled
S007095,C007095,annual,588.0,,2026-04-30,,active
S011476,C005887,annual,588.0,,2026-07-08,,active
S008457,C008457,monthly,59.0,,2026-06-28,,active
S009693,C009693,monthly,59.0,HARBOR50,2026-07-08,,active
S003020,C003020,annual,588.0,,2025-08-01,,active
S005618,C005618,monthly,59.0,,2026-01-24,2026-07-24,canceled
S000469,C000469,annual,588.0,,2025-02-14,,active
S004504,C004504,annual,588.0,,2025-11-14,2025-11-23,canceled
S000365,C000365,annual,588.0,,2025-01-08,,active
S002448,C002448,monthly,59.0,,2025-06-30,2025-09-28,canceled
S008557,C008557,monthly,59.0,,2026-06-06,2026-09-02,canceled
S007159,C007159,monthly,59.0,,2026-04-11,,active
S006439,C006439,annual,588.0,,2026-03-02,,active
S003046,C003046,annual,588.0,,2025-08-07,,active
S003589,C003589,monthly,59.0,,2025-09-09,2026-02-12,canceled
S000307,C000307,monthly,59.0,,2025-01-14,,active
S005036,C005036,monthly,59.0,,2025-12-26,,active
S003617,C003617,annual,588.0,,2025-09-13,,active
S010717,C010717,monthly,59.0,HARBOR50,2026-08-12,,active
S010664,C010664,monthly,59.0,HARBOR50,2026-08-12,,active
S004857,C004857,monthly,59.0,,2025-12-22,,active
S009321,C009321,monthly,59.0,,2026-07-16,,active
S007632,C007632,monthly,59.0,HARBOR50,2026-04-17,,active
S006541,C006541,annual,588.0,,2026-03-29,,active
S000642,C000642,monthly,59.0,,2025-02-14,2025-11-11,canceled
S000083,C000083,monthly,59.0,,2025-01-12,,active
S001819,C001819,annual,588.0,,2025-05-12,2025-05-11,canceled
S009642,C009642,annual,588.0,,2026-07-25,,active
S005190,C005190,annual,588.0,,2025-12-16,2025-12-29,canceled
S011015,C011015,monthly,59.0,,2026-09-12,,active
S002854,C002854,monthly,59.0,,2025-07-27,,active
S005570,C005570,monthly,59.0,,2026-01-19,,active
S011056,C011056,annual,588.0,,2026-09-04,,active
S009820,C009820,monthly,59.0,HARBOR50,2026-07-31,,active
S009115,C009115,monthly,59.0,HARBOR50,2026-06-24,,active
S002891,C002891,monthly,59.0,,2025-07-08,2026-07-06,canceled
S002733,C002733,monthly,59.0,,2025-07-24,,active
S007733,C007733,monthly,59.0,,2026-05-04,,active
S008647,C008647,monthly,59.0,,2026-06-16,2026-07-12,canceled
S010143,C010143,monthly,59.0,,2026-08-13,,active
S006416,C006416,monthly,59.0,,2026-03-23,,active
S010934,C010934,monthly,59.0,HARBOR50,2026-08-29,,active
S007541,C007541,monthly,59.0,HARBOR50,2026-04-24,,active
S000762,C000762,monthly,59.0,,2025-02-22,,active
S010566,C010566,monthly,59.0,HARBOR50,2026-08-06,,active
S000257,C000257,annual,588.0,,2025-01-02,,active
S007862,C007862,annual,588.0,,2026-05-14,,active
S006263,C006263,annual,588.0,,2026-03-28,,active
S002567,C002567,annual,588.0,,2025-07-13,,active
S009040,C009040,monthly,59.0,HARBOR50,2026-06-21,,active
S010738,C010738,monthly,59.0,HARBOR50,2026-08-08,,active
S002777,C002777,monthly,59.0,,2025-07-14,,active
S007403,C007403,monthly,59.0,HARBOR50,2026-04-16,,active
S006472,C006472,monthly,59.0,,2026-03-05,,active
S000003,C000003,monthly,59.0,,2025-01-21,,active
S009919,C009919,monthly,59.0,HARBOR50,2026-07-06,,active
S004073,C004073,monthly,59.0,,2025-10-10,2026-04-09,canceled
S001999,C001999,monthly,59.0,,2025-05-23,,active
S008977,C008977,monthly,59.0,HARBOR50,2026-06-18,,active
S001772,C001772,monthly,59.0,,2025-05-23,,active
S007723,C007723,monthly,59.0,,2026-05-12,,active
S007948,C007948,monthly,59.0,,2026-05-23,,active
S000835,C000835,monthly,59.0,,2025-03-11,,active
S010568,C010568,monthly,59.0,HARBOR50,2026-08-06,,active
S007698,C007698,monthly,59.0,,2026-05-29,,active
S011244,C011244,monthly,59.0,HARBOR50,2026-09-09,,active
S001674,C001674,monthly,59.0,,2025-04-22,2026-04-19,canceled
S006054,C006054,monthly,59.0,,2026-02-26,,active
S008187,C008187,monthly,59.0,HARBOR50,2026-05-07,,active
S001600,C001600,monthly,59.0,,2025-04-15,,active
S006110,C006110,annual,588.0,,2026-02-27,,active
S009411,C009411,annual,588.0,,2026-07-12,,active
S003566,C003566,monthly,59.0,,2025-09-10,,active
S001686,C001686,monthly,59.0,,2025-05-10,2026-09-13,canceled
S005007,C005007,monthly,59.0,,2025-12-23,,active
S011358,C011358,monthly,59.0,COMP100,2026-08-03,2026-08-06,canceled
S010467,C010467,monthly,59.0,,2026-08-02,,active
S009082,C009082,monthly,59.0,HARBOR50,2026-06-01,,active
S010826,C010826,monthly,59.0,HARBOR50,2026-08-17,,active
S001989,C001989,monthly,59.0,,2025-05-05,,canceled
S000313,C000313,monthly,59.0,,2025-01-29,,active
S002067,C002067,monthly,59.0,,2025-05-02,2025-10-02,canceled
S002072,C002072,monthly,59.0,,2025-05-08,2026-07-10,canceled
S008642,C008642,monthly,59.0,,2026-06-03,,active
S006862,C006862,monthly,59.0,,2026-04-26,,active
S000122,C000122,monthly,59.0,,2025-01-05,2026-08-05,canceled
S003162,C003162,monthly,59.0,,2025-08-28,,active
S009366,C009366,monthly,59.0,,2026-07-12,,active
S003061,C003061,monthly,59.0,,2025-08-30,,active
S002065,C002065,monthly,59.0,,2025-05-06,,active
S009331,C009331,monthly,59.0,,2026-07-17,,active
S009010,C009010,monthly,59.0,HARBOR50,2026-06-17,,active
S010737,C010737,monthly,59.0,HARBOR50,2026-08-06,,active
S002042,C002042,monthly,59.0,,2025-05-20,,active
S010725,C010725,monthly,59.0,HARBOR50,2026-08-08,,active
S002793,C002793,monthly,59.0,,2025-07-24,2026-02-24,canceled
S002778,C002778,monthly,59.0,,2025-07-25,,active
S006606,C006606,monthly,59.0,HARBOR50,2026-03-22,2026-08-17,canceled
S005065,C005065,monthly,59.0,,2025-12-14,,active
S005102,C005102,monthly,59.0,,2025-12-23,,active
S006165,C006165,monthly,59.0,,2026-02-07,2026-09-08,canceled
S006647,C006647,monthly,59.0,HARBOR50,2026-03-18,,active
S001328,C001328,monthly,59.0,,2025-04-26,2025-09-30,canceled
S005337,C005337,monthly,59.0,,2026-01-19,,active
S001552,C001552,monthly,59.0,,2025-04-02,2026-02-02,canceled
S009312,C009312,monthly,59.0,HARBOR50,2026-06-03,,active
S004762,C004762,monthly,59.0,,2025-11-09,,active
S004047,C004047,monthly,59.0,,2025-10-04,,active
S001870,C001870,monthly,59.0,,2025-05-07,,active
S008621,C008621,monthly,59.0,,2026-06-13,,active
S007412,C007412,monthly,59.0,HARBOR50,2026-04-27,,active
S009878,C009878,monthly,59.0,HARBOR50,2026-07-14,,active
S010726,C010726,monthly,59.0,HARBOR50,2026-08-13,,active
S000861,C000861,monthly,59.0,,2025-03-20,,active
S006869,C006869,monthly,59.0,,2026-04-30,,active
S004141,C004141,monthly,59.0,,2025-10-16,2026-08-19,canceled
S000956,C000956,monthly,59.0,,2025-03-10,2025-04-03,canceled
S001687,C001687,monthly,59.0,,2025-05-09,2026-08-11,canceled
S010987,C010987,monthly,59.0,HARBOR50,2026-08-16,,active
S010757,C010757,monthly,59.0,HARBOR50,2026-08-26,,active
S008492,C008492,monthly,59.0,,2026-06-21,,active
S002388,C002388,monthly,59.0,,2025-06-06,,active
S001958,C001958,monthly,59.0,,2025-05-09,,active
S011235,C011235,monthly,59.0,HARBOR50,2026-09-02,,active
S006662,C006662,monthly,59.0,HARBOR50,2026-03-31,,active
S009541,C009541,monthly,59.0,,2026-07-08,,active
S007883,C007883,annual,588.0,,2026-05-03,,active
S005515,C005515,monthly,59.0,,2026-01-27,,active
S001751,C001751,monthly,59.0,,2025-05-28,,active
S007945,C007945,monthly,59.0,,2026-05-25,,active
S000482,C000482,monthly,59.0,,2025-02-24,,active
S011511,C000136,annual,588.0,,2026-04-30,,active
S005438,C005438,monthly,59.0,,2026-01-27,,active
S005516,C005516,monthly,59.0,,2026-01-17,2026-08-22,canceled
S003788,C003788,monthly,59.0,,2025-09-28,,active
S010601,C010601,monthly,59.0,HARBOR50,2026-08-07,,active
S007319,C007319,monthly,59.0,HARBOR50,2026-04-23,2026-08-20,canceled
S003312,C003312,monthly,59.0,,2025-08-24,,active
S001468,C001468,monthly,59.0,,2025-04-14,2026-02-14,canceled
S002602,C002602,annual,588.0,,2025-07-04,,active
S000883,C000883,monthly,59.0,,2025-03-18,,active
S004210,C004210,monthly,59.0,,2025-10-15,,active
S006461,C006461,monthly,59.0,,2026-03-24,,active
S000109,C000109,annual,588.0,,2025-01-28,,active
S005060,C005060,monthly,59.0,,2025-12-15,,active
S008469,C008469,monthly,59.0,,2026-06-12,,active
S005905,C005905,monthly,59.0,,2026-02-23,,active
S010964,C010964,monthly,59.0,HARBOR50,2026-08-24,,active
S009746,C009746,monthly,59.0,HARBOR50,2026-07-08,,active
S009390,C009390,monthly,59.0,,2026-07-19,,active
S007815,C007815,monthly,59.0,,2026-05-04,,active
S005041,C005041,annual,588.0,,2025-12-24,,active
S002629,C002629,annual,588.0,,2025-07-09,,active
S009290,C009290,monthly,59.0,HARBOR50,2026-06-14,,active
S006570,C006570,monthly,59.0,,2026-03-23,,active
S000984,C000984,monthly,59.0,,2025-03-02,,active
S009075,C009075,monthly,59.0,HARBOR50,2026-06-03,,active
S006513,C006513,monthly,59.0,,2026-03-22,2026-05-25,canceled
S007779,C007779,monthly,59.0,,2026-05-04,,active
S010272,C010272,monthly,59.0,,2026-08-13,,active
S004936,C004936,monthly,59.0,,2025-12-02,,active
S002723,C002723,annual,588.0,,2025-07-01,2026-07-07,canceled
S003968,C003968,monthly,59.0,,2025-10-13,,active
S002045,C002045,annual,588.0,,2025-05-23,2026-05-27,canceled
S000786,C000786,monthly,59.0,,2025-02-11,2026-04-17,canceled
S006816,C006816,monthly,59.0,HARBOR50,2026-03-21,,active
S010066,C010066,monthly,59.0,HARBOR50,2026-07-03,,active
S010237,C010237,monthly,59.0,,2026-08-05,,active
S001790,C001790,monthly,59.0,,2025-05-06,,active
S005636,C005636,monthly,59.0,,2026-01-02,,active
S002100,C002100,monthly,59.0,,2025-05-19,2025-11-20,canceled
S000057,C000057,annual,588.0,,2025-01-01,,active
S010758,C010758,monthly,59.0,HARBOR50,2026-08-13,,active
S002315,C002315,monthly,59.0,,2025-06-01,,active
S007991,C007991,monthly,59.0,HARBOR50,2026-05-28,,active
S008829,C008829,monthly,59.0,HARBOR50,2026-06-04,,active
S009672,C009672,monthly,59.0,,2026-07-23,,active
S009800,C009800,monthly,59.0,HARBOR50,2026-07-17,,active
S010002,C010002,monthly,59.0,HARBOR50,2026-07-10,,active
S009978,C009978,monthly,59.0,HARBOR50,2026-07-15,,active
S006027,C006027,annual,588.0,,2026-02-15,,active
S004750,C004750,annual,588.0,,2025-11-30,,active
S000615,C000615,monthly,59.0,,2025-02-24,2025-08-26,canceled
S002017,C002017,monthly,59.0,,2025-05-02,2026-01-28,canceled
S005437,C005437,monthly,59.0,,2026-01-29,,active
S005272,C005272,annual,588.0,,2025-12-23,,active
S004376,C004376,monthly,59.0,,2025-11-02,,active
S000335,C000335,monthly,59.0,,2025-01-22,,active
S006676,C006676,monthly,59.0,HARBOR50,2026-03-26,2026-08-24,canceled
S003826,C003826,monthly,59.0,,2025-09-30,2026-07-06,canceled
S005092,C005092,annual,588.0,,2025-12-08,,active
S000833,C000833,monthly,59.0,,2025-03-10,,active
S009476,C009476,annual,588.0,,2026-07-14,,active
S009611,C009611,monthly,59.0,,2026-07-15,,active
S002904,C002904,annual,588.0,,2025-07-21,,active
S009646,C009646,monthly,59.0,HARBOR50,2026-07-21,,active
S011169,C011169,monthly,59.0,,2026-09-07,,active
S004197,C004197,monthly,59.0,,2025-10-16,2025-11-14,canceled
S004054,C004054,annual,588.0,,2025-10-11,,active
S009053,C009053,monthly,59.0,HARBOR50,2026-06-23,,active
S005709,C005709,annual,588.0,,2026-01-28,,active
S000437,C000437,monthly,59.0,,2025-02-04,2026-02-02,canceled
S008374,C008374,monthly,59.0,,2026-05-11,,active
S007504,C007504,monthly,59.0,,2026-04-26,2026-07-28,canceled
S008251,C008251,monthly,59.0,HARBOR50,2026-05-26,,active
S006738,C006738,monthly,59.0,HARBOR50,2026-03-21,2026-08-22,canceled
S001787,C001787,monthly,59.0,,2025-05-09,,active
S011376,C011376,monthly,59.0,COMP100,2026-06-14,2026-06-18,canceled
S004257,C004257,monthly,59.0,,2025-10-27,,active
S000901,C000901,monthly,59.0,,2025-03-20,2025-04-13,canceled
S009539,C009539,monthly,59.0,,2026-07-21,,active
S001111,C001111,monthly,59.0,,2025-03-07,,canceled
S009344,C009344,monthly,59.0,,2026-07-06,,active
S004358,C004358,annual,588.0,,2025-11-29,,active
S000569,C000569,monthly,59.0,,2025-02-05,,active
S004630,C004630,annual,588.0,,2025-11-29,,active
S004391,C004391,monthly,59.0,,2025-11-28,2026-07-01,canceled
S009271,C009271,monthly,59.0,HARBOR50,2026-06-11,,active
S000158,C000158,monthly,59.0,,2025-01-22,,active
S000941,C000941,monthly,59.0,,2025-03-29,2025-04-23,canceled
S005844,C005844,annual,588.0,,2026-02-02,,active
S002940,C002940,monthly,59.0,,2025-07-18,,active
S004400,C004400,monthly,59.0,,2025-11-26,,active
S008619,C008619,monthly,59.0,,2026-06-12,,active
S008160,C008160,monthly,59.0,HARBOR50,2026-05-25,,active
S010127,C010127,monthly,59.0,,2026-08-19,,active
S005315,C005315,annual,588.0,,2026-01-25,,active
S007208,C007208,monthly,59.0,,2026-04-12,2026-08-08,canceled
S007794,C007794,monthly,59.0,,2026-05-31,,active
S006987,C006987,monthly,59.0,,2026-04-28,,active
S009840,C009840,monthly,59.0,,2026-07-02,2026-07-20,canceled
S003267,C003267,monthly,59.0,,2025-08-19,,active
S008770,C008770,monthly,59.0,,2026-06-22,,active
S008904,C008904,monthly,59.0,HARBOR50,2026-06-22,,active
S007682,C007682,annual,588.0,,2026-05-12,,active
S007561,C007561,annual,588.0,,2026-04-13,,active
S000314,C000314,annual,588.0,,2025-01-05,,active
S002673,C002673,monthly,59.0,,2025-07-28,,active
S010578,C010578,monthly,59.0,HARBOR50,2026-08-06,,active
S008181,C008181,monthly,59.0,HARBOR50,2026-05-05,,active
S006247,C006247,monthly,59.0,,2026-03-28,,active
S010635,C010635,monthly,59.0,HARBOR50,2026-08-08,,active
S010350,C010350,monthly,59.0,,2026-08-25,,active
S005262,C005262,monthly,59.0,,2025-12-17,,active
S009805,C009805,monthly,59.0,HARBOR50,2026-07-15,,active
S007514,C007514,annual,588.0,,2026-04-20,,active
S009138,C009138,monthly,59.0,,2026-06-12,,active
S011270,C011270,monthly,59.0,HARBOR50,2026-09-07,,active
S007073,C007073,monthly,59.0,,2026-04-06,,active
S000685,C000685,annual,588.0,,2025-02-25,,active
S001352,C001352,annual,588.0,,2025-04-02,,active
S008022,C008022,monthly,59.0,HARBOR50,2026-05-19,,active
S007414,C007414,monthly,59.0,HARBOR50,2026-04-12,2026-07-10,canceled
S003458,C003458,monthly,59.0,,2025-09-30,,active
S003446,C003446,monthly,59.0,,2025-09-13,,active
S002814,C002814,monthly,59.0,,2025-07-04,,active
S002973,C002973,monthly,59.0,,2025-08-27,,active
S006007,C006007,monthly,59.0,,2026-02-17,,active
S009474,C009474,annual,588.0,,2026-07-29,,active
S002376,C002376,monthly,59.0,,2025-06-14,2026-07-15,canceled
S008243,C008243,monthly,59.0,HARBOR50,2026-05-22,,active
S007346,C007346,monthly,59.0,HARBOR50,2026-04-20,,active
S006765,C006765,monthly,59.0,HARBOR50,2026-03-24,,active
S005137,C005137,monthly,59.0,,2025-12-29,,active
S009239,C009239,monthly,59.0,HARBOR50,2026-06-04,,active
S005317,C005317,annual,588.0,,2026-01-03,,active
S010459,C010459,annual,588.0,,2026-08-01,,active
S003613,C003613,monthly,59.0,,2025-09-28,,active
S003652,C003652,monthly,59.0,,2025-09-01,,active
S008099,C008099,monthly,59.0,,2026-05-21,,active
S003813,C003813,monthly,59.0,,2025-09-21,,active
S010135,C010135,monthly,59.0,,2026-08-08,,active
S003628,C003628,monthly,59.0,,2025-09-13,,active
S008827,C008827,monthly,59.0,HARBOR50,2026-06-05,,active
S003003,C003003,annual,588.0,,2025-08-05,,active
S009709,C009709,monthly,59.0,HARBOR50,2026-07-15,,active
S008010,C008010,monthly,59.0,,2026-05-03,,active
S009371,C009371,monthly,59.0,,2026-07-21,,active
S000800,C000800,monthly,59.0,,2025-02-25,2026-01-22,canceled
S010671,C010671,monthly,59.0,HARBOR50,2026-08-12,,active
S001864,C001864,monthly,59.0,,2025-05-04,,active
S006077,C006077,annual,588.0,,2026-02-17,,active
S001983,C001983,monthly,59.0,,2025-05-26,2025-06-11,canceled
S007100,C007100,monthly,59.0,,2026-04-18,,active
S003471,C003471,monthly,59.0,,2025-09-18,,active
S011195,C011195,monthly,59.0,HARBOR50,2026-09-11,,active
S010434,C010434,monthly,59.0,,2026-08-02,,active
S005789,C005789,monthly,59.0,,2026-02-28,,active
S005883,C005883,annual,588.0,,2026-02-23,,active
S008461,C008461,annual,588.0,,2026-06-27,,active
S010371,C010371,monthly,59.0,,2026-08-24,,active
S010877,C010877,monthly,59.0,HARBOR50,2026-08-15,,active
S000030,C000030,monthly,59.0,,2025-01-13,2026-05-13,canceled
S005952,C005952,monthly,59.0,,2026-02-01,,active
S001956,C001956,monthly,59.0,,2025-05-22,,active
S005175,C005175,monthly,59.0,,2025-12-25,2026-01-21,canceled
S008062,C008062,monthly,59.0,HARBOR50,2026-05-06,2026-09-10,canceled
S007750,C007750,monthly,59.0,,2026-05-01,,active
S007596,C007596,monthly,59.0,HARBOR50,2026-04-25,,active
S010273,C010273,monthly,59.0,,2026-08-24,,active
S011021,C011021,monthly,59.0,,2026-09-14,,active
S009985,C009985,monthly,59.0,HARBOR50,2026-07-18,,active
S000265,C000265,monthly,59.0,,2025-01-17,2025-08-16,canceled
S003974,C003974,monthly,59.0,,2025-10-14,,active
S010447,C010447,monthly,59.0,,2026-08-08,,active
S006293,C006293,monthly,59.0,,2026-03-07,2026-09-07,canceled
S007769,C007769,monthly,59.0,,2026-05-09,,active
S005574,C005574,monthly,59.0,,2026-01-29,,active
S007071,C007071,monthly,59.0,,2026-04-17,,active
S004709,C004709,annual,588.0,,2025-11-03,,active
S003402,C003402,monthly,59.0,,2025-08-04,2025-08-26,canceled
S009091,C009091,monthly,59.0,HARBOR50,2026-06-22,,active
S005548,C005548,annual,588.0,,2026-01-03,,active
S010873,C010873,monthly,59.0,HARBOR50,2026-08-29,,active
S008254,C008254,monthly,59.0,HARBOR50,2026-05-07,,active
S008643,C008643,monthly,59.0,HARBOR50,2026-06-26,2026-06-30,canceled
S002142,C002142,monthly,59.0,,2025-06-18,2026-01-21,canceled
S000760,C000760,monthly,59.0,,2025-02-02,2026-05-29,canceled
S004022,C004022,monthly,59.0,,2025-10-24,,active
S010756,C010756,monthly,59.0,HARBOR50,2026-08-10,,active
S009396,C009396,monthly,59.0,,2026-07-15,,active
S009348,C009348,monthly,59.0,,2026-07-20,,active
S001077,C001077,monthly,59.0,,2025-03-21,2026-01-23,canceled
S000217,C000217,monthly,59.0,,2025-01-08,,active
S004861,C004861,monthly,59.0,,2025-12-06,,canceled
S009941,C009941,monthly,59.0,HARBOR50,2026-07-08,,active
S001284,C001284,monthly,59.0,,2025-04-25,,active
S006228,C006228,monthly,59.0,,2026-03-03,,active
S004564,C004564,monthly,59.0,,2025-11-25,,active
S003701,C003701,annual,588.0,,2025-09-21,,active
S002145,C002145,monthly,59.0,,2025-06-12,2026-01-16,canceled
S011100,C011100,monthly,59.0,,2026-09-08,,active
S004468,C004468,monthly,59.0,,2025-11-03,,active
S002414,C002414,monthly,59.0,,2025-06-08,,active
S000630,C000630,monthly,59.0,,2025-02-09,2026-07-13,canceled
S007274,C007274,monthly,59.0,HARBOR50,2026-04-18,2026-08-22,canceled
S010784,C010784,monthly,59.0,HARBOR50,2026-08-04,,active
S005705,C005705,monthly,59.0,,2026-01-23,,active
S010123,C010123,monthly,59.0,,2026-08-27,,active
S009725,C009725,monthly,59.0,HARBOR50,2026-07-07,,active
S009376,C009376,annual,588.0,,2026-07-14,,active
S011250,C011250,monthly,59.0,HARBOR50,2026-09-14,,active
S001995,C001995,annual,588.0,,2025-05-24,2026-05-25,canceled
S010411,C010411,monthly,59.0,,2026-08-03,,active
S006991,C006991,monthly,59.0,,2026-04-30,,active
S002291,C002291,monthly,59.0,,2025-06-07,2026-02-08,canceled
S007607,C007607,monthly,59.0,HARBOR50,2026-04-15,,active
S002498,C002498,annual,588.0,,2025-06-25,,active
S002281,C002281,annual,588.0,,2025-06-27,,active
S006923,C006923,annual,588.0,,2026-04-05,,active
S002472,C002472,monthly,59.0,,2025-06-22,2025-09-24,canceled
S003220,C003220,monthly,59.0,,2025-08-29,2025-12-31,canceled
S008337,C008337,monthly,59.0,HARBOR50,2026-05-12,,active
S009249,C009249,monthly,59.0,HARBOR50,2026-06-16,,active
S009798,C009798,monthly,59.0,HARBOR50,2026-07-12,,active
S004416,C004416,monthly,59.0,,2025-11-06,,active
S002967,C002967,monthly,59.0,,2025-08-09,,active
S011618,C001120,annual,588.0,,2025-10-30,,active
S008620,C008620,monthly,59.0,,2026-06-26,,active
S007003,C007003,monthly,59.0,,2026-04-03,,active
S008843,C008843,monthly,59.0,HARBOR50,2026-06-19,,active
S003994,C003994,monthly,59.0,,2025-10-09,2026-02-06,canceled
S008445,C008445,monthly,59.0,,2026-06-02,,active
S002029,C002029,monthly,59.0,,2025-05-13,,active
S003703,C003703,monthly,59.0,,2025-09-01,2025-10-06,canceled
S008543,C008543,annual,588.0,,2026-06-09,,active
S000873,C000873,annual,588.0,,2025-03-27,2026-03-29,canceled
S006681,C006681,monthly,59.0,HARBOR50,2026-03-23,2026-04-08,canceled
S008560,C008560,monthly,59.0,,2026-06-30,,active
S010485,C010485,monthly,59.0,,2026-08-29,,active
S011073,C011073,monthly,59.0,,2026-09-04,,active
S007473,C007473,monthly,59.0,HARBOR50,2026-04-08,2026-09-08,canceled
S000747,C000747,annual,588.0,,2025-02-15,,active
S009505,C009505,monthly,59.0,,2026-07-03,,active
S005344,C005344,monthly,59.0,,2026-01-13,,active
S011665,C001251,annual,588.0,,2026-04-04,,active
S001095,C001095,monthly,59.0,,2025-03-08,2025-04-10,canceled
S001529,C001529,monthly,59.0,,2025-04-06,2026-03-01,canceled
S009989,C009989,monthly,59.0,HARBOR50,2026-07-10,,active
S010705,C010705,monthly,59.0,HARBOR50,2026-08-08,,active
S003249,C003249,monthly,59.0,,2025-08-06,,active
S001036,C001036,monthly,59.0,,2025-03-13,,active
S003786,C003786,monthly,59.0,,2025-09-15,2026-07-13,canceled
S007684,C007684,monthly,59.0,,2026-05-16,,active
S006425,C006425,annual,588.0,,2026-03-05,,active
S001044,C001044,annual,588.0,,2025-03-26,,active
S004602,C004602,monthly,59.0,,2025-11-12,,active
S000308,C000308,annual,588.0,,2025-01-26,,active
S006113,C006113,monthly,59.0,,2026-02-12,,active
S004541,C004541,annual,588.0,,2025-11-15,,active
S007657,C007657,annual,588.0,,2026-05-31,,active
S002430,C002430,monthly,59.0,,2025-06-17,2026-05-15,canceled
S010067,C010067,monthly,59.0,HARBOR50,2026-07-06,,active
S005487,C005487,monthly,59.0,,2026-01-25,2026-02-23,canceled
S001649,C001649,monthly,59.0,,2025-04-06,2026-02-07,canceled
S005860,C005860,monthly,59.0,,2026-02-08,,active
S009274,C009274,monthly,59.0,HARBOR50,2026-06-05,,active
S003205,C003205,monthly,59.0,,2025-08-16,2025-09-04,canceled
S009282,C009282,monthly,59.0,HARBOR50,2026-06-17,,active
S000721,C000721,annual,588.0,,2025-02-07,,active
S011490,C000345,annual,588.0,,2026-07-27,,active
S011402,C011402,monthly,59.0,COMP100,2025-04-19,2025-04-21,canceled
S009379,C009379,annual,588.0,,2026-07-14,,active
S005564,C005564,monthly,59.0,,2026-01-12,,active
S008481,C008481,monthly,59.0,,2026-06-29,,active
S000221,C000221,annual,588.0,,2025-01-24,,active
S011381,C011381,monthly,59.0,COMP100,2025-08-20,2025-08-20,canceled
S002327,C002327,monthly,59.0,,2025-06-09,2025-09-06,canceled
S005790,C005790,monthly,59.0,,2026-02-24,,active
S009005,C009005,monthly,59.0,HARBOR50,2026-06-04,,active
S009580,C009580,monthly,59.0,,2026-07-28,,active
S010723,C010723,monthly,59.0,HARBOR50,2026-08-24,,active
S005417,C005417,monthly,59.0,,2026-01-09,,active
S005409,C005409,monthly,59.0,,2026-01-25,2026-07-25,canceled
S007481,C007481,monthly,59.0,HARBOR50,2026-04-17,,active
S004139,C004139,monthly,59.0,,2025-10-01,,active
S004688,C004688,monthly,59.0,,2025-11-02,,active
S002727,C002727,annual,588.0,,2025-07-08,2026-07-11,canceled
S001159,C001159,annual,588.0,,2025-03-09,,canceled
S005222,C005222,monthly,59.0,,2025-12-11,2026-04-15,canceled
S011578,C002714,annual,588.0,,2026-08-11,,active
S000143,C000143,monthly,59.0,,2025-01-17,,active
S006758,C006758,monthly,59.0,HARBOR50,2026-03-12,2026-08-14,canceled
S008905,C008905,monthly,59.0,HARBOR50,2026-06-07,,active
S004964,C004964,annual,588.0,,2025-12-20,,active
S009862,C009862,monthly,59.0,HARBOR50,2026-07-14,,active
S001393,C001393,monthly,59.0,,2025-04-09,2026-01-02,canceled
S008972,C008972,monthly,59.0,HARBOR50,2026-06-25,,active
S003546,C003546,monthly,59.0,,2025-09-04,,active
S006317,C006317,annual,588.0,,2026-03-30,,active
S009503,C009503,monthly,59.0,,2026-07-06,,active
S007362,C007362,monthly,59.0,HARBOR50,2026-04-13,2026-08-06,canceled
S010064,C010064,monthly,59.0,HARBOR50,2026-07-29,,active
S009106,C009106,monthly,59.0,HARBOR50,2026-06-17,,active
S008031,C008031,monthly,59.0,HARBOR50,2026-05-26,,active
S009590,C009590,monthly,59.0,,2026-07-12,,active
S000849,C000849,monthly,59.0,,2025-03-03,2025-12-07,canceled
S008511,C008511,monthly,59.0,,2026-06-07,,active
S002966,C002966,monthly,59.0,,2025-08-16,,active
S007101,C007101,annual,588.0,,2026-04-18,,active
S002582,C002582,monthly,59.0,,2025-07-14,,active
S006616,C006616,monthly,59.0,HARBOR50,2026-03-26,,active
S001354,C001354,monthly,59.0,,2025-04-15,2026-06-16,canceled
S002277,C002277,monthly,59.0,,2025-06-09,,active
S004821,C004821,monthly,59.0,,2025-12-10,,active
S002849,C002849,monthly,59.0,,2025-07-18,2026-06-14,canceled
S006501,C006501,monthly,59.0,,2026-03-27,2026-04-21,canceled
S006888,C006888,annual,588.0,,2026-04-02,,active
S005913,C005913,monthly,59.0,,2026-02-03,,active
S002478,C002478,monthly,59.0,,2025-06-12,,active
S004827,C004827,annual,588.0,,2025-12-12,,active
S010611,C010611,annual,588.0,,2026-08-12,,active
S007245,C007245,monthly,59.0,,2026-04-28,,active
S002823,C002823,monthly,59.0,,2025-07-02,,active
S003503,C003503,monthly,59.0,,2025-09-27,,active
S007491,C007491,monthly,59.0,HARBOR50,2026-04-03,,active
S007799,C007799,monthly,59.0,,2026-05-24,,active
S005439,C005439,annual,588.0,,2026-01-18,2026-02-07,canceled
S000080,C000080,annual,588.0,,2025-01-04,,active
S001123,C001123,monthly,59.0,,2025-03-24,2026-01-26,canceled
S000892,C000892,annual,588.0,,2025-03-30,2026-04-03,canceled
S011336,C011336,monthly,59.0,HARBOR50,2026-09-07,,active
S006206,C006206,monthly,59.0,,2026-03-18,,active
S010650,C010650,monthly,59.0,HARBOR50,2026-08-18,,active
S006526,C006526,annual,588.0,,2026-03-27,,active
S011445,C011445,monthly,59.0,COMP100,2025-01-21,2025-01-24,canceled
S004432,C004432,monthly,59.0,,2025-11-01,2026-06-29,canceled
S009822,C009822,monthly,59.0,HARBOR50,2026-07-03,,active
S002124,C002124,monthly,59.0,,2025-06-11,2025-08-04,canceled
S008097,C008097,monthly,59.0,HARBOR50,2026-05-07,,active
S005930,C005930,monthly,59.0,,2026-02-05,2026-08-31,canceled
S003840,C003840,monthly,59.0,,2025-09-20,2026-08-17,canceled
S001413,C001413,monthly,59.0,,2025-04-14,,active
S009445,C009445,annual,588.0,,2026-07-12,,active
S005022,C005022,monthly,59.0,,2025-12-18,,active
S007955,C007955,annual,588.0,,2026-05-10,,active
S010150,C010150,monthly,59.0,,2026-08-17,,active
S004971,C004971,annual,588.0,,2025-12-21,,active
S003440,C003440,monthly,59.0,,2025-09-22,2026-02-17,canceled
S002480,C002480,annual,588.0,,2025-06-21,,active
S009857,C009857,monthly,59.0,HARBOR50,2026-07-17,,active
S002538,C002538,monthly,59.0,,2025-07-21,,active
S006730,C006730,monthly,59.0,HARBOR50,2026-03-27,,active
S009310,C009310,monthly,59.0,HARBOR50,2026-06-20,,active
S000954,C000954,annual,588.0,,2025-03-11,,active
S003198,C003198,monthly,59.0,,2025-08-30,2025-10-04,canceled
S001996,C001996,annual,588.0,,2025-05-25,,active
S010173,C010173,monthly,59.0,,2026-08-09,,active
S010938,C010938,monthly,59.0,HARBOR50,2026-08-18,,active
S010021,C010021,monthly,59.0,HARBOR50,2026-07-06,,active
S004324,C004324,monthly,59.0,,2025-10-15,,active
S000193,C000193,monthly,59.0,,2025-01-28,,active
S005991,C005991,monthly,59.0,,2026-02-19,,active
S001363,C001363,monthly,59.0,,2025-04-06,2026-01-08,canceled
S011417,C011417,monthly,59.0,COMP100,2025-01-01,2025-01-01,canceled
S001577,C001577,monthly,59.0,,2025-04-28,,active
S006021,C006021,monthly,59.0,,2026-02-24,,active
S011556,C002794,annual,588.0,,2026-03-10,,active
S005900,C005900,annual,588.0,,2026-02-25,,active
S003077,C003077,monthly,59.0,,2025-08-13,,active
S010304,C010304,monthly,59.0,,2026-08-19,,active
S008517,C008517,annual,588.0,,2026-06-16,,active
S010691,C010691,monthly,59.0,HARBOR50,2026-08-10,,active
S008723,C008723,monthly,59.0,,2026-06-22,,active
S009576,C009576,annual,588.0,,2026-07-17,,active
S007363,C007363,monthly,59.0,HARBOR50,2026-04-10,,active
S009058,C009058,monthly,59.0,,2026-06-11,,active
S001019,C001019,monthly,59.0,,2025-03-22,,active
S000599,C000599,monthly,59.0,,2025-02-16,2025-12-17,canceled
S009990,C009990,monthly,59.0,HARBOR50,2026-07-02,,active
S002836,C002836,monthly,59.0,,2025-07-14,,active
S007724,C007724,monthly,59.0,,2026-05-16,,active
S010710,C010710,monthly,59.0,HARBOR50,2026-08-11,,active
S008125,C008125,monthly,59.0,HARBOR50,2026-05-26,,active
S008953,C008953,monthly,59.0,HARBOR50,2026-06-22,,active
S005155,C005155,monthly,59.0,,2025-12-01,2026-04-06,canceled
S003214,C003214,monthly,59.0,,2025-08-13,2026-04-12,canceled
S000652,C000652,annual,588.0,,2025-02-03,,active
S009122,C009122,monthly,59.0,HARBOR50,2026-06-25,,active
S005130,C005130,monthly,59.0,,2025-12-22,,active
S000008,C000008,monthly,59.0,,2025-01-04,2025-09-02,canceled
S007454,C007454,monthly,59.0,HARBOR50,2026-04-13,,active
S004706,C004706,monthly,59.0,,2025-11-19,2026-03-25,canceled
S004305,C004305,monthly,59.0,,2025-10-08,,active
S009123,C009123,monthly,59.0,HARBOR50,2026-06-30,,active
S007150,C007150,monthly,59.0,,2026-04-02,,active
S010400,C010400,monthly,59.0,,2026-08-18,,active
S009031,C009031,monthly,59.0,HARBOR50,2026-06-04,,active
S002655,C002655,annual,588.0,,2025-07-23,,active
S002319,C002319,annual,588.0,,2025-06-07,2026-06-08,canceled
S010878,C010878,monthly,59.0,HARBOR50,2026-08-22,,active
S005165,C005165,monthly,59.0,,2025-12-28,,active
S006130,C006130,monthly,59.0,,2026-02-21,,active
S002878,C002878,monthly,59.0,,2025-07-25,,active
S000287,C000287,monthly,59.0,,2025-01-09,2025-04-04,canceled
S003183,C003183,annual,588.0,,2025-08-20,,active
S000566,C000566,monthly,59.0,,2025-02-20,2026-01-24,canceled
S000521,C000521,monthly,59.0,,2025-02-28,,active
S001125,C001125,monthly,59.0,,2025-03-19,2025-11-13,canceled
S011283,C011283,monthly,59.0,HARBOR50,2026-09-01,,active
S004990,C004990,monthly,59.0,,2025-12-22,,active
S010039,C010039,monthly,59.0,HARBOR50,2026-07-09,,active
S005434,C005434,monthly,59.0,,2026-01-02,,active
S007520,C007520,monthly,59.0,,2026-04-04,,active
S004863,C004863,monthly,59.0,,2025-12-23,2026-08-23,canceled
S008925,C008925,monthly,59.0,,2026-06-12,,active
S003405,C003405,monthly,59.0,,2025-08-20,2026-03-26,canceled
S011645,C000231,annual,588.0,,2026-04-04,,active
S009017,C009017,monthly,59.0,,2026-06-30,,active
S003640,C003640,annual,588.0,,2025-09-30,,active
S000451,C000451,annual,588.0,,2025-02-15,,active
S006569,C006569,monthly,59.0,,2026-03-17,,active
S005163,C005163,annual,588.0,,2025-12-06,,active
S008591,C008591,monthly,59.0,,2026-06-19,,active
S011575,C006685,annual,588.0,,2026-08-17,,active
S005800,C005800,monthly,59.0,,2026-02-03,,active
S002172,C002172,monthly,59.0,,2025-06-04,2026-01-02,canceled
S001927,C001927,monthly,59.0,,2025-05-05,2026-05-08,canceled
S004627,C004627,monthly,59.0,,2025-11-03,2026-09-06,canceled
S000473,C000473,monthly,59.0,,2025-02-20,,active
S001664,C001664,monthly,59.0,,2025-04-14,2026-06-11,canceled
S006268,C006268,monthly,59.0,,2026-03-14,,active
S000325,C000325,monthly,59.0,,2025-01-10,2025-07-13,canceled
S010672,C010672,monthly,59.0,HARBOR50,2026-08-22,,active
S005683,C005683,annual,588.0,,2026-01-13,,active
S002304,C002304,monthly,59.0,,2025-06-27,2025-11-28,canceled
S004759,C004759,monthly,59.0,,2025-11-18,,active
S011030,C011030,monthly,59.0,,2026-09-06,,active
S006295,C006295,annual,588.0,,2026-03-29,,active
S010623,C010623,monthly,59.0,HARBOR50,2026-08-05,,active
S002955,C002955,monthly,59.0,,2025-08-23,,active
S002393,C002393,monthly,59.0,,2025-06-02,,active
S005181,C005181,monthly,59.0,,2025-12-29,,active
S004929,C004929,monthly,59.0,,2025-12-13,,active
S006686,C006686,monthly,59.0,HARBOR50,2026-03-30,2026-07-24,canceled
S010405,C010405,annual,588.0,,2026-08-23,,active
S002229,C002229,monthly,59.0,,2025-06-05,,active
S010111,C010111,monthly,59.0,,2026-08-05,,active
S009534,C009534,annual,588.0,,2026-07-17,,active
S004603,C004603,monthly,59.0,,2025-11-01,,active
S005535,C005535,monthly,59.0,,2026-01-16,,active
S008239,C008239,monthly,59.0,HARBOR50,2026-05-19,,active
S007572,C007572,monthly,59.0,HARBOR50,2026-04-22,2026-07-19,canceled
S002329,C002329,annual,588.0,,2025-06-22,,active
S010985,C010985,annual,588.0,,2026-08-14,,active
S005611,C005611,annual,588.0,,2026-01-16,,active
S011070,C011070,monthly,59.0,,2026-09-07,,active
S000202,C000202,monthly,59.0,,2025-01-10,2025-01-04,canceled
S010253,C010253,monthly,59.0,,2026-08-22,,active
S010319,C010319,monthly,59.0,,2026-08-07,2026-09-06,canceled
S009747,C009747,monthly,59.0,HARBOR50,2026-07-03,,active
S010807,C010807,monthly,59.0,HARBOR50,2026-08-26,,active
S000374,C000374,monthly,59.0,,2025-01-08,,active
S008439,C008439,monthly,59.0,,2026-06-05,,active
S007899,C007899,monthly,59.0,,2026-05-02,,active
S001037,C001037,monthly,59.0,,2025-03-26,2025-06-22,canceled
S008227,C008227,monthly,59.0,HARBOR50,2026-05-22,,active
S003846,C003846,monthly,59.0,,2025-09-23,2025-12-27,canceled
S000662,C000662,monthly,59.0,,2025-02-23,2025-07-21,canceled
S000780,C000780,monthly,59.0,,2025-02-02,2025-12-02,canceled
S002199,C002199,monthly,59.0,,2025-06-26,2025-07-21,canceled
S006141,C006141,monthly,59.0,,2026-02-02,,active
S009556,C009556,monthly,59.0,HARBOR50,2026-07-09,,active
S009598,C009598,monthly,59.0,,2026-07-04,2026-08-08,canceled
S002528,C002528,monthly,59.0,,2025-07-26,,active
S010032,C010032,monthly,59.0,HARBOR50,2026-07-04,,active
S004171,C004171,annual,588.0,,2025-10-28,,active
S002560,C002560,monthly,59.0,,2025-07-13,,active
S004117,C004117,annual,588.0,,2025-10-11,,active
S010449,C010449,monthly,59.0,HARBOR50,2026-08-15,,active
S000006,C000006,monthly,59.0,,2025-01-15,2025-03-19,canceled
S008999,C008999,monthly,59.0,HARBOR50,2026-06-04,,active
S004261,C004261,monthly,59.0,,2025-10-15,2025-12-16,canceled
S009749,C009749,monthly,59.0,HARBOR50,2026-07-30,,active
S006774,C006774,monthly,59.0,HARBOR50,2026-03-27,2026-07-25,canceled
S005819,C005819,monthly,59.0,,2026-02-15,,active
S005938,C005938,annual,588.0,,2026-02-22,,active
S006837,C006837,monthly,59.0,HARBOR50,2026-03-24,,active
S006536,C006536,monthly,59.0,,2026-03-05,,active
S003060,C003060,monthly,59.0,,2025-08-30,,active
S007489,C007489,monthly,59.0,HARBOR50,2026-04-15,2026-08-14,canceled
S008407,C008407,monthly,59.0,,2026-06-18,,active
S011183,C011183,monthly,59.0,,2026-09-11,,active
S002513,C002513,annual,588.0,,2025-07-09,,active
S004016,C004016,monthly,59.0,,2025-10-02,2026-07-04,canceled
S010099,C010099,monthly,59.0,HARBOR50,2026-07-19,2026-08-18,canceled
S004455,C004455,monthly,59.0,,2025-11-03,,active
S001526,C001526,monthly,59.0,,2025-04-25,2026-03-25,canceled
S011608,C002955,annual,588.0,,2026-06-14,,active
S001781,C001781,monthly,59.0,,2025-05-11,,active
S007518,C007518,monthly,59.0,HARBOR50,2026-04-02,,active
S000373,C000373,monthly,59.0,,2025-01-14,2025-06-17,canceled
S005332,C005332,monthly,59.0,,2026-01-21,,active
S004519,C004519,annual,588.0,,2025-11-02,,active
S011674,C002103,annual,588.0,,2026-01-08,,active
S007653,C007653,annual,588.0,,2026-04-15,,active
S010779,C010779,monthly,59.0,HARBOR50,2026-08-04,,active
S005032,C005032,monthly,59.0,,2025-12-28,,active
S005459,C005459,monthly,59.0,,2026-01-11,,active
S003242,C003242,monthly,59.0,,2025-08-07,2025-09-08,canceled
S002023,C002023,monthly,59.0,,2025-05-15,2025-11-12,canceled
S004033,C004033,monthly,59.0,,2025-10-01,,active
S004459,C004459,monthly,59.0,,2025-11-26,,active
S001408,C001408,monthly,59.0,,2025-04-07,,active
S001506,C001506,monthly,59.0,,2025-04-06,,active
S004910,C004910,annual,588.0,,2025-12-31,,active
S010728,C010728,monthly,59.0,HARBOR50,2026-08-13,,active
S008372,C008372,monthly,59.0,HARBOR50,2026-05-16,,active
S006070,C006070,monthly,59.0,,2026-02-21,2026-05-23,canceled
S000872,C000872,monthly,59.0,,2025-03-26,,active
S005857,C005857,monthly,59.0,,2026-02-10,,active
S007277,C007277,monthly,59.0,HARBOR50,2026-04-30,,active
S003108,C003108,monthly,59.0,,2025-08-03,,active
S010849,C010849,monthly,59.0,HARBOR50,2026-08-06,,active
S009267,C009267,monthly,59.0,,2026-06-16,,active
S007345,C007345,monthly,59.0,HARBOR50,2026-04-28,,active
S002144,C002144,annual,588.0,,2025-06-30,,active
S001247,C001247,monthly,59.0,,2025-03-16,,active
S005359,C005359,monthly,59.0,,2026-01-31,,active
S009769,C009769,monthly,59.0,HARBOR50,2026-07-20,,active
S009243,C009243,monthly,59.0,HARBOR50,2026-06-03,,active
S001113,C001113,monthly,59.0,,2025-03-09,2026-02-11,canceled
S002880,C002880,annual,588.0,,2025-07-24,,active
S001009,C001009,monthly,59.0,,2025-03-26,,active
S002679,C002679,annual,588.0,,2025-07-13,2026-07-19,canceled
S008890,C008890,monthly,59.0,HARBOR50,2026-06-16,,active
S005663,C005663,monthly,59.0,,2026-01-21,2026-05-23,canceled
S000922,C000922,monthly,59.0,,2025-03-11,,active
S006796,C006796,monthly,59.0,HARBOR50,2026-03-18,2026-08-23,canceled
S005354,C005354,monthly,59.0,,2026-01-18,2026-01-30,canceled
S010453,C010453,annual,588.0,,2026-08-21,,active
S007791,C007791,monthly,59.0,,2026-05-10,,active
S005197,C005197,monthly,59.0,,2025-12-31,,active
S003644,C003644,monthly,59.0,,2025-09-07,2025-10-03,canceled
S009756,C009756,monthly,59.0,HARBOR50,2026-07-23,,active
S004299,C004299,annual,588.0,,2025-10-17,,active
S010296,C010296,monthly,59.0,,2026-08-05,,active
S007816,C007816,monthly,59.0,,2026-05-05,,active
S008951,C008951,annual,588.0,,2026-06-04,,active
S004677,C004677,monthly,59.0,,2025-11-03,2026-07-01,canceled
S009353,C009353,monthly,59.0,,2026-07-22,,active
S010825,C010825,monthly,59.0,HARBOR50,2026-08-08,,active
S007438,C007438,monthly,59.0,HARBOR50,2026-04-21,2026-08-23,canceled
S001422,C001422,monthly,59.0,,2025-04-02,2025-06-07,canceled
S005512,C005512,monthly,59.0,,2026-01-02,,active
S006106,C006106,monthly,59.0,,2026-02-18,,active
S002187,C002187,annual,588.0,,2025-06-14,,active
S001505,C001505,monthly,59.0,,2025-04-18,2025-09-14,canceled
S011260,C011260,monthly,59.0,HARBOR50,2026-09-01,,active
S009409,C009409,annual,588.0,,2026-07-05,,active
S004298,C004298,monthly,59.0,,2025-10-15,2025-12-16,canceled
S001193,C001193,annual,588.0,,2025-03-02,,active
S008805,C008805,annual,588.0,,2026-06-03,,active
S003201,C003201,monthly,59.0,,2025-08-23,2026-02-26,canceled
S011282,C011282,monthly,59.0,HARBOR50,2026-09-06,,active
S008812,C008812,monthly,59.0,HARBOR50,2026-06-25,,active
S003918,C003918,monthly,59.0,,2025-10-06,2025-11-11,canceled
S007224,C007224,monthly,59.0,,2026-04-24,,active
S002736,C002736,annual,588.0,,2025-07-19,,active
S001010,C001010,monthly,59.0,,2025-03-07,,active
S004446,C004446,monthly,59.0,,2025-11-07,,active
S008954,C008954,monthly,59.0,HARBOR50,2026-06-10,,active
S007134,C007134,monthly,59.0,,2026-04-11,2026-06-11,canceled
S009485,C009485,monthly,59.0,,2026-07-26,,active
S010402,C010402,monthly,59.0,,2026-08-31,,active
S001079,C001079,monthly,59.0,,2025-03-09,,active
S008395,C008395,monthly,59.0,HARBOR50,2026-05-19,,active
S010385,C010385,monthly,59.0,,2026-08-22,,active
S010666,C010666,monthly,59.0,,2026-08-07,,active
S002237,C002237,monthly,59.0,,2025-06-21,,active
S003172,C003172,monthly,59.0,,2025-08-09,,active
S004508,C004508,monthly,59.0,,2025-11-05,,active
S006048,C006048,monthly,59.0,,2026-02-15,,canceled
S006685,C006685,monthly,59.0,,2026-03-21,,active
S001119,C001119,monthly,59.0,,2025-03-22,2025-11-22,canceled
S008462,C008462,monthly,59.0,,2026-06-04,,active
S004666,C004666,monthly,59.0,,2025-11-22,,active
S005076,C005076,annual,588.0,,2025-12-01,,active
S007172,C007172,monthly,59.0,,2026-04-20,,active
S008845,C008845,monthly,59.0,HARBOR50,2026-06-03,,active
S008415,C008415,monthly,59.0,,2026-06-20,,active
S004127,C004127,monthly,59.0,,2025-10-06,,active
S005785,C005785,monthly,59.0,,2026-02-08,,active
S006125,C006125,monthly,59.0,,2026-02-07,2026-04-08,canceled
S006876,C006876,monthly,59.0,,2026-04-22,,active
S010174,C010174,monthly,59.0,,2026-08-17,,active
S003838,C003838,monthly,59.0,,2025-09-27,,active
S001040,C001040,monthly,59.0,,2025-03-02,2025-10-06,canceled
S007196,C007196,monthly,59.0,,2026-04-16,,active
S007533,C007533,monthly,59.0,HARBOR50,2026-04-27,,active
S000591,C000591,annual,588.0,,2025-02-28,,canceled
S002259,C002259,monthly,59.0,,2025-06-11,,active
S005796,C005796,annual,588.0,,2026-02-16,,active
S002204,C002204,annual,588.0,,2025-06-17,,active
S010643,C010643,monthly,59.0,HARBOR50,2026-08-19,,active
S008250,C008250,monthly,59.0,,2026-05-23,,active
S002524,C002524,annual,588.0,,2025-07-21,,active
S007147,C007147,monthly,59.0,,2026-04-16,,active
S010337,C010337,monthly,59.0,,2026-08-31,,active
S010887,C010887,monthly,59.0,HARBOR50,2026-08-14,,active
S001596,C001596,monthly,59.0,,2025-04-14,2025-11-08,canceled
S006993,C006993,monthly,59.0,,2026-04-07,,active
S010596,C010596,monthly,59.0,HARBOR50,2026-08-24,,active
S001830,C001830,monthly,59.0,,2025-05-03,2025-05-10,canceled
S006811,C006811,monthly,59.0,,2026-03-11,2026-06-11,canceled
S008419,C008419,monthly,59.0,,2026-06-20,,active
S008273,C008273,monthly,59.0,HARBOR50,2026-05-03,,active
S001233,C001233,annual,588.0,,2025-03-14,,active
S004907,C004907,annual,588.0,,2025-12-14,,active
S005389,C005389,monthly,59.0,,2026-01-07,2026-07-04,canceled
S003420,C003420,monthly,59.0,,2025-09-02,2026-07-30,canceled
S005587,C005587,monthly,59.0,,2026-01-04,,active
S006544,C006544,annual,588.0,,2026-03-26,,active
S011218,C011218,monthly,59.0,HARBOR50,2026-09-01,,active
S002446,C002446,monthly,59.0,,2025-06-09,2025-09-09,canceled
S005771,C005771,monthly,59.0,,2026-02-27,,active
S002136,C002136,monthly,59.0,,2025-06-21,,active
S007762,C007762,annual,588.0,,2026-05-17,,active
S008388,C008388,monthly,59.0,HARBOR50,2026-05-17,2026-09-13,canceled
S003884,C003884,monthly,59.0,,2025-10-11,,active
S000710,C000710,monthly,59.0,,2025-02-05,2025-12-31,canceled
S002364,C002364,annual,588.0,,2025-06-25,,active
S001646,C001646,monthly,59.0,,2025-04-03,,canceled
S010295,C010295,annual,588.0,,2026-08-09,,active
S005759,C005759,monthly,59.0,,2026-02-20,,active
S006477,C006477,monthly,59.0,,2026-03-03,,active
S004999,C004999,monthly,59.0,,2025-12-21,,active
S001881,C001881,monthly,59.0,,2025-05-31,,active
S009466,C009466,annual,588.0,,2026-07-29,,active
S001762,C001762,annual,588.0,,2025-05-02,,active
S007381,C007381,monthly,59.0,,2026-04-16,,active
S008180,C008180,monthly,59.0,HARBOR50,2026-05-17,2026-06-20,canceled
S005741,C005741,monthly,59.0,,2026-01-10,,active
S001330,C001330,monthly,59.0,,2025-04-24,2025-06-21,canceled
S007469,C007469,annual,588.0,,2026-04-25,,active
S011063,C011063,monthly,59.0,,2026-09-04,,active
S002931,C002931,annual,588.0,,2025-07-07,2026-07-08,canceled
S004638,C004638,monthly,59.0,,2025-11-16,2026-06-20,canceled
S007270,C007270,monthly,59.0,HARBOR50,2026-04-11,2026-09-11,canceled
S000969,C000969,monthly,59.0,,2025-03-06,,active
S001469,C001469,monthly,59.0,,2025-04-15,,active
S005219,C005219,monthly,59.0,,2025-12-15,,active
S010200,C010200,monthly,59.0,,2026-08-27,,active
S004787,C004787,monthly,59.0,,2025-11-02,2026-03-01,canceled
S004892,C004892,monthly,59.0,,2025-12-03,,active
S001173,C001173,monthly,59.0,,2025-03-29,2025-06-26,canceled
S010144,C010144,monthly,59.0,,2026-08-12,,active
S003170,C003170,monthly,59.0,,2025-08-16,2026-05-11,canceled
S005688,C005688,monthly,59.0,,2026-01-17,,active
S006777,C006777,monthly,59.0,,2026-03-11,2026-05-07,canceled
S009722,C009722,monthly,59.0,,2026-07-27,2026-08-26,canceled
S007989,C007989,monthly,59.0,HARBOR50,2026-05-11,,active
S010810,C010810,monthly,59.0,HARBOR50,2026-08-01,,active
S003451,C003451,monthly,59.0,,2025-09-04,,active
S005129,C005129,monthly,59.0,,2025-12-30,,active
S009330,C009330,monthly,59.0,,2026-07-28,,active
S007336,C007336,monthly,59.0,,2026-04-15,,active
S004169,C004169,annual,588.0,,2025-10-13,,active
S005333,C005333,monthly,59.0,,2026-01-22,,active
S000105,C000105,annual,588.0,,2025-01-23,,active
S002082,C002082,annual,588.0,,2025-05-04,,active
S004972,C004972,monthly,59.0,,2025-12-04,,active
S008479,C008479,monthly,59.0,,2026-06-03,2026-08-01,canceled
S008247,C008247,monthly,59.0,HARBOR50,2026-05-06,,active
S011103,C011103,monthly,59.0,,2026-09-05,,active
S000024,C000024,monthly,59.0,,2025-01-12,,active
S002271,C002271,annual,588.0,,2025-06-18,,active
S004138,C004138,monthly,59.0,,2025-10-14,,active
S003316,C003316,annual,588.0,,2025-08-08,,active
S009270,C009270,monthly,59.0,HARBOR50,2026-06-16,,active
S010094,C010094,monthly,59.0,HARBOR50,2026-07-24,,active
S008278,C008278,monthly,59.0,HARBOR50,2026-05-15,,active
S010191,C010191,annual,588.0,,2026-08-03,,active
S006312,C006312,monthly,59.0,,2026-03-13,2026-08-14,canceled
S004409,C004409,monthly,59.0,,2025-11-17,,active
S008638,C008638,monthly,59.0,,2026-06-11,,active
S008858,C008858,monthly,59.0,HARBOR50,2026-06-20,,active
S002752,C002752,monthly,59.0,,2025-07-19,,active
S003498,C003498,monthly,59.0,,2025-09-14,,active
S005692,C005692,monthly,59.0,,2026-01-14,,active
S006813,C006813,monthly,59.0,HARBOR50,2026-03-20,,active
S000689,C000689,annual,588.0,,2025-02-12,,active
S002936,C002936,monthly,59.0,,2025-07-29,2025-10-24,canceled
S001647,C001647,annual,588.0,,2025-04-15,,active
S004825,C004825,monthly,59.0,,2025-12-12,,active
S006042,C006042,monthly,59.0,,2026-02-01,,active
S001047,C001047,monthly,59.0,,2025-03-17,,active
S011219,C011219,monthly,59.0,,2026-09-03,,active
S008500,C008500,annual,588.0,,2026-06-28,,active
S011626,C002260,annual,588.0,,2026-02-08,,active
S011215,C011215,monthly,59.0,HARBOR50,2026-09-06,,active
S000208,C000208,monthly,59.0,,2025-01-17,,active
S002462,C002462,monthly,59.0,,2025-06-06,,active
S010990,C010990,monthly,59.0,,2026-08-16,,active
S008362,C008362,monthly,59.0,,2026-05-23,,active
S000908,C000908,monthly,59.0,,2025-03-13,2026-08-18,canceled
S001782,C001782,monthly,59.0,,2025-05-01,,active
S003912,C003912,monthly,59.0,,2025-10-01,,active
S009177,C009177,monthly,59.0,HARBOR50,2026-06-10,,active
S002921,C002921,monthly,59.0,,2025-07-11,,active
S002533,C002533,monthly,59.0,,2025-07-29,,active
S002934,C002934,monthly,59.0,,2025-07-20,2026-07-22,canceled
S009354,C009354,monthly,59.0,,2026-07-24,,active
S001148,C001148,annual,588.0,,2025-03-09,,active
S006490,C006490,monthly,59.0,,2026-03-10,,active
S011220,C011220,monthly,59.0,,2026-09-01,,active
S002217,C002217,annual,588.0,,2025-06-28,2026-07-03,canceled
S007933,C007933,annual,588.0,,2026-05-22,,active
S011133,C011133,monthly,59.0,,2026-09-10,,active
S010550,C010550,monthly,59.0,,2026-08-15,,active
S000179,C000179,monthly,59.0,,2025-01-04,2025-10-07,canceled
S001877,C001877,annual,588.0,,2025-05-04,,active
S010619,C010619,monthly,59.0,HARBOR50,2026-08-28,,active
S005744,C005744,monthly,59.0,,2026-01-09,2026-04-11,canceled
S007236,C007236,monthly,59.0,,2026-04-21,2026-05-09,canceled
S008432,C008432,annual,588.0,,2026-06-18,,active
S000708,C000708,annual,588.0,,2025-02-24,,active
S002339,C002339,monthly,59.0,,2025-06-10,,active
S005847,C005847,annual,588.0,,2026-02-22,,active
S002963,C002963,monthly,59.0,,2025-08-23,,active
S010836,C010836,annual,588.0,,2026-08-25,,active
S001096,C001096,monthly,59.0,,2025-03-24,2025-06-28,canceled
S005435,C005435,monthly,59.0,,2026-01-14,,active
S001608,C001608,monthly,59.0,,2025-04-24,2025-07-23,canceled
S007396,C007396,monthly,59.0,HARBOR50,2026-04-30,,active
S011390,C011390,monthly,59.0,COMP100,2025-02-01,2025-02-04,canceled
S001968,C001968,monthly,59.0,,2025-05-08,,active
S003657,C003657,monthly,59.0,,2025-09-05,2025-11-03,canceled
S005996,C005996,monthly,59.0,,2026-02-19,2026-03-16,canceled
S007718,C007718,monthly,59.0,,2026-05-08,,active
S003921,C003921,monthly,59.0,,2025-10-09,,active
S009185,C009185,monthly,59.0,,2026-06-29,,active
S007802,C007802,monthly,59.0,,2026-05-13,,active
S005859,C005859,monthly,59.0,,2026-02-10,,active
S011435,C011435,monthly,59.0,COMP100,2025-12-18,,active
S006839,C006839,monthly,59.0,HARBOR50,2026-03-24,,active
S003253,C003253,monthly,59.0,,2025-08-28,,active
S001845,C001845,monthly,59.0,,2025-05-14,,active
S000975,C000975,annual,588.0,,2025-03-27,,active
S000877,C000877,annual,588.0,,2025-03-15,,active
S005861,C005861,monthly,59.0,,2026-02-16,,active
S007045,C007045,monthly,59.0,,2026-04-08,,active
S000496,C000496,monthly,59.0,,2025-02-07,,active
S005470,C005470,annual,588.0,,2026-01-31,,active
S011523,C001783,annual,588.0,,2026-06-23,,active
S008931,C008931,monthly,59.0,HARBOR50,2026-06-14,,active
S006014,C006014,monthly,59.0,,2026-02-23,2026-06-25,canceled
S005472,C005472,monthly,59.0,,2026-01-12,,active
S005239,C005239,monthly,59.0,,2025-12-30,2026-01-13,canceled
S000160,C000160,monthly,59.0,,2025-01-02,,active
S009776,C009776,monthly,59.0,HARBOR50,2026-07-25,,active
S008029,C008029,monthly,59.0,HARBOR50,2026-05-31,,active
S006371,C006371,monthly,59.0,,2026-03-12,,active
S004390,C004390,monthly,59.0,,2025-11-22,2026-05-23,canceled
S006951,C006951,monthly,59.0,,2026-04-04,,active
S005186,C005186,monthly,59.0,,2025-12-16,,active
S011296,C011296,monthly,59.0,HARBOR50,2026-09-09,,active
S007538,C007538,monthly,59.0,HARBOR50,2026-04-01,2026-07-27,canceled
S010788,C010788,monthly,59.0,HARBOR50,2026-08-13,,active
S002215,C002215,annual,588.0,,2025-06-18,,active
S008868,C008868,monthly,59.0,HARBOR50,2026-06-12,,active
S007376,C007376,monthly,59.0,HARBOR50,2026-04-26,2026-08-25,canceled
S004413,C004413,monthly,59.0,,2025-11-03,,active
S002861,C002861,monthly,59.0,,2025-07-31,2025-08-22,canceled
S000945,C000945,annual,588.0,,2025-03-05,,active
S009850,C009850,monthly,59.0,HARBOR50,2026-07-26,,active
S004193,C004193,annual,588.0,,2025-10-19,,active
S001428,C001428,monthly,59.0,,2025-04-30,,active
S003792,C003792,monthly,59.0,,2025-09-27,,active
S008128,C008128,monthly,59.0,HARBOR50,2026-05-31,,active
S005280,C005280,annual,588.0,,2025-12-04,,active
S004734,C004734,monthly,59.0,,2025-11-23,,active
S001358,C001358,monthly,59.0,,2025-04-15,,active
S003329,C003329,annual,588.0,,2025-08-01,2026-08-01,canceled
S001912,C001912,monthly,59.0,,2025-05-28,,active
S002638,C002638,monthly,59.0,,2025-07-02,,active
S009296,C009296,monthly,59.0,HARBOR50,2026-06-14,,active
S007835,C007835,monthly,59.0,,2026-05-22,,active
S000023,C000023,monthly,59.0,,2025-01-29,,canceled
S008450,C008450,monthly,59.0,,2026-06-05,,active
S007976,C007976,monthly,59.0,HARBOR50,2026-05-07,,active
S008509,C008509,annual,588.0,,2026-06-05,,active
S011232,C011232,monthly,59.0,HARBOR50,2026-09-09,,active
S005841,C005841,annual,588.0,,2026-02-14,,active
S000454,C000454,annual,588.0,,2025-02-20,2026-02-24,canceled
S010232,C010232,annual,588.0,,2026-08-23,,active
S008856,C008856,monthly,59.0,HARBOR50,2026-06-23,,active
S011599,C005832,annual,588.0,,2026-07-20,,active
S001320,C001320,annual,588.0,,2025-04-28,2026-04-28,canceled
S009557,C009557,monthly,59.0,,2026-07-14,,active
S004573,C004573,annual,588.0,,2025-11-27,,active
S008929,C008929,monthly,59.0,HARBOR50,2026-06-07,,active
S006845,C006845,monthly,59.0,HARBOR50,2026-03-09,,active
S000588,C000588,monthly,59.0,,2025-02-05,,active
S004614,C004614,monthly,59.0,,2025-11-29,,active
S010169,C010169,monthly,59.0,,2026-08-14,,active
S004731,C004731,annual,588.0,,2025-11-03,,active
S000827,C000827,monthly,59.0,,2025-03-27,2025-04-23,canceled
S009324,C009324,monthly,59.0,,2026-07-31,,active
S010919,C010919,monthly,59.0,HARBOR50,2026-08-13,,active
S004147,C004147,monthly,59.0,,2025-10-01,,active
S009357,C009357,monthly,59.0,,2026-07-04,,active
S008903,C008903,monthly,59.0,HARBOR50,2026-06-28,,active
S007474,C007474,monthly,59.0,HARBOR50,2026-04-17,2026-08-15,canceled
S006652,C006652,monthly,59.0,HARBOR50,2026-03-05,,active
S009907,C009907,monthly,59.0,HARBOR50,2026-07-19,,active
S000971,C000971,monthly,59.0,,2025-03-01,,active
S007284,C007284,monthly,59.0,,2026-04-24,,active
S006365,C006365,monthly,59.0,,2026-03-10,,active
S009221,C009221,monthly,59.0,HARBOR50,2026-06-16,,active
S005415,C005415,annual,588.0,,2026-01-10,,active
S007233,C007233,monthly,59.0,HARBOR50,2026-04-01,,active
S009692,C009692,monthly,59.0,HARBOR50,2026-07-05,,active
S002298,C002298,monthly,59.0,,2025-06-16,,active
S006412,C006412,monthly,59.0,,2026-03-14,,active
S008920,C008920,monthly,59.0,HARBOR50,2026-06-12,,active
S000380,C000380,monthly,59.0,,2025-01-13,,active
S000268,C000268,monthly,59.0,,2025-01-23,,active
S010971,C010971,monthly,59.0,HARBOR50,2026-08-19,,active
S007007,C007007,annual,588.0,,2026-04-01,,active
S008218,C008218,monthly,59.0,HARBOR50,2026-05-07,2026-09-11,canceled
S010407,C010407,monthly,59.0,,2026-08-03,,active
S003438,C003438,monthly,59.0,,2025-09-07,,active
S008874,C008874,monthly,59.0,HARBOR50,2026-06-30,,active
S002815,C002815,monthly,59.0,,2025-07-30,,active
S001048,C001048,monthly,59.0,,2025-03-12,2025-12-07,canceled
S006883,C006883,annual,588.0,,2026-04-24,,active
S000497,C000497,monthly,59.0,,2025-02-23,,active
S004646,C004646,monthly,59.0,,2025-11-23,,active
S009964,C009964,monthly,59.0,HARBOR50,2026-07-31,,active
S003971,C003971,annual,588.0,,2025-10-05,,active
S009889,C009889,monthly,59.0,HARBOR50,2026-07-04,,active
S002562,C002562,monthly,59.0,,2025-07-04,,active
S009720,C009720,monthly,59.0,HARBOR50,2026-07-16,,active
S006137,C006137,annual,588.0,,2026-02-14,,active
S008067,C008067,monthly,59.0,HARBOR50,2026-05-08,2026-09-10,canceled
S003710,C003710,monthly,59.0,,2025-09-06,,active
S005464,C005464,monthly,59.0,,2026-01-19,,active
S004472,C004472,annual,588.0,,2025-11-21,,active
S002346,C002346,monthly,59.0,,2025-06-17,,active
S010617,C010617,monthly,59.0,,2026-08-14,,active
S004851,C004851,annual,588.0,,2025-12-22,,active
S008162,C008162,monthly,59.0,HARBOR50,2026-05-06,,active
S010130,C010130,annual,588.0,,2026-08-23,,active
S001736,C001736,monthly,59.0,,2025-05-29,2025-11-21,canceled
S008801,C008801,monthly,59.0,,2026-06-19,,active
S001801,C001801,monthly,59.0,,2025-05-01,2026-06-05,canceled
S000580,C000580,monthly,59.0,,2025-02-16,,active
S003486,C003486,monthly,59.0,,2025-09-04,,active
S008318,C008318,monthly,59.0,HARBOR50,2026-05-25,,active
S006164,C006164,monthly,59.0,,2026-02-28,2026-06-26,canceled
S000736,C000736,monthly,59.0,,2025-02-18,2025-11-13,canceled
S008741,C008741,monthly,59.0,,2026-06-23,,active
S003373,C003373,monthly,59.0,,2025-08-15,,active
S003403,C003403,annual,588.0,,2025-08-29,,active
S007472,C007472,monthly,59.0,HARBOR50,2026-04-17,,active
S011603,C003139,annual,588.0,,2026-03-25,,active
S003744,C003744,monthly,59.0,,2025-09-25,,active
S010234,C010234,monthly,59.0,,2026-08-19,,active
S002500,C002500,annual,588.0,,2025-07-28,,active
S008424,C008424,monthly,59.0,,2026-06-23,,active
S002014,C002014,monthly,59.0,,2025-05-27,2025-10-24,canceled
S001931,C001931,monthly,59.0,,2025-05-16,,active
S010249,C010249,annual,588.0,,2026-08-22,,active
S003298,C003298,annual,588.0,,2025-08-22,,active
S005945,C005945,monthly,59.0,,2026-02-16,,active
S006698,C006698,monthly,59.0,HARBOR50,2026-03-14,2026-08-10,canceled
S005865,C005865,monthly,59.0,,2026-02-27,,active
S007649,C007649,monthly,59.0,HARBOR50,2026-04-25,,active
S008615,C008615,annual,588.0,,2026-06-21,,active
S010765,C010765,monthly,59.0,HARBOR50,2026-08-13,,active
S008430,C008430,monthly,59.0,,2026-06-25,,active
S009190,C009190,monthly,59.0,HARBOR50,2026-06-22,,active
S003978,C003978,monthly,59.0,,2025-10-23,,active
S001091,C001091,monthly,59.0,,2025-03-03,2026-01-30,canceled
S005955,C005955,annual,588.0,,2026-02-17,,active
S009929,C009929,monthly,59.0,HARBOR50,2026-07-08,,active
S003023,C003023,monthly,59.0,,2025-08-14,,active
S003149,C003149,monthly,59.0,,2025-08-25,,active
S008030,C008030,annual,588.0,,2026-05-14,,active
S004601,C004601,monthly,59.0,,2025-11-08,,active
S010387,C010387,monthly,59.0,,2026-08-30,,active
S000996,C000996,monthly,59.0,,2025-03-18,,active
S000391,C000391,monthly,59.0,,2025-01-19,2025-05-26,canceled
S004271,C004271,monthly,59.0,,2025-10-27,2026-01-26,canceled
S007627,C007627,monthly,59.0,HARBOR50,2026-04-16,2026-08-15,canceled
S007711,C007711,monthly,59.0,,2026-05-16,,active
S001594,C001594,annual,588.0,,2025-04-07,,active
S004620,C004620,monthly,59.0,,2025-11-18,,active
S011365,C011365,monthly,59.0,COMP100,2026-08-03,2026-08-07,canceled
S000192,C000192,monthly,59.0,,2025-01-23,,active
S003079,C003079,annual,588.0,,2025-08-25,,active
S000390,C000390,monthly,59.0,,2025-01-27,,active
S001692,C001692,monthly,59.0,,2025-05-31,,active
S002885,C002885,monthly,59.0,,2025-07-10,2025-07-25,canceled
S005513,C005513,annual,588.0,,2026-01-21,,active
S006751,C006751,monthly,59.0,HARBOR50,2026-03-02,,active
S007077,C007077,monthly,59.0,,2026-04-28,,active
S008906,C008906,monthly,59.0,HARBOR50,2026-06-13,,active
S011658,C004292,annual,588.0,,2026-05-20,,active
S006342,C006342,monthly,59.0,,2026-03-21,,active
S002938,C002938,annual,588.0,,2025-07-24,,active
S006626,C006626,annual,588.0,,2026-03-06,,active
S008973,C008973,monthly,59.0,HARBOR50,2026-06-19,,active
S006704,C006704,monthly,59.0,HARBOR50,2026-03-09,,active
S002730,C002730,monthly,59.0,,2025-07-26,2025-12-27,canceled
S002343,C002343,annual,588.0,,2025-06-26,,active
S007285,C007285,monthly,59.0,HARBOR50,2026-04-29,,active
S008950,C008950,monthly,59.0,HARBOR50,2026-06-30,,active
S009026,C009026,monthly,59.0,HARBOR50,2026-06-05,,active
S006464,C006464,monthly,59.0,HARBOR50,2026-03-16,,active
S004315,C004315,monthly,59.0,,2025-10-01,,active
S005220,C005220,monthly,59.0,,2025-12-24,2026-04-28,canceled
S002568,C002568,annual,588.0,,2025-07-19,,active
S010022,C010022,monthly,59.0,HARBOR50,2026-07-16,,active
S005351,C005351,annual,588.0,,2026-01-24,,active
S004609,C004609,annual,588.0,,2025-11-21,,active
S008808,C008808,monthly,59.0,HARBOR50,2026-06-11,,active
S004989,C004989,monthly,59.0,,2025-12-10,2026-01-13,canceled
S002415,C002415,monthly,59.0,,2025-06-30,2026-01-24,canceled
S009145,C009145,monthly,59.0,HARBOR50,2026-06-25,,active
S005947,C005947,monthly,59.0,,2026-02-07,,active
S010888,C010888,monthly,59.0,HARBOR50,2026-08-04,,active
S009496,C009496,annual,588.0,,2026-07-01,,active
S003824,C003824,annual,588.0,,2025-09-25,,active
S001950,C001950,annual,588.0,,2025-05-25,2026-05-27,canceled
S002300,C002300,monthly,59.0,,2025-06-20,,active
S009279,C009279,monthly,59.0,HARBOR50,2026-06-04,,active
S008731,C008731,monthly,59.0,,2026-06-23,,active
S002358,C002358,monthly,59.0,,2025-06-30,2026-06-24,canceled
S001984,C001984,monthly,59.0,,2025-05-27,,active
S000911,C000911,monthly,59.0,,2025-03-04,,active
S008532,C008532,monthly,59.0,,2026-06-07,,active
S005331,C005331,annual,588.0,,2026-01-21,,active
S005480,C005480,monthly,59.0,,2026-01-04,,active
S008604,C008604,monthly,59.0,,2026-06-17,,active
S009253,C009253,monthly,59.0,HARBOR50,2026-06-17,2026-07-14,canceled
S000032,C000032,monthly,59.0,,2025-01-27,,active
S006314,C006314,monthly,59.0,,2026-03-15,,active
S006410,C006410,monthly,59.0,,2026-03-22,,active
S010823,C010823,monthly,59.0,HARBOR50,2026-08-24,,active
S000958,C000958,monthly,59.0,,2025-03-31,2025-04-24,canceled
S002935,C002935,monthly,59.0,,2025-07-30,2025-10-27,canceled
S005301,C005301,monthly,59.0,,2026-01-12,,active
S005304,C005304,annual,588.0,,2026-01-16,,active
S007853,C007853,monthly,59.0,HARBOR50,2026-05-27,,active
S004881,C004881,monthly,59.0,,2025-12-23,,active
S011370,C011370,monthly,59.0,COMP100,2025-09-25,2025-09-27,canceled
S011120,C011120,monthly,59.0,,2026-09-14,,active
S006441,C006441,monthly,59.0,,2026-03-23,,active
S003021,C003021,monthly,59.0,,2025-08-17,2025-09-16,canceled
S000683,C000683,monthly,59.0,,2025-02-14,,active
S002771,C002771,monthly,59.0,,2025-07-18,,active
S004307,C004307,monthly,59.0,,2025-10-06,2026-05-31,canceled
S002283,C002283,monthly,59.0,,2025-06-30,,active
S002451,C002451,monthly,59.0,,2025-06-20,,active
S010494,C010494,monthly,59.0,HARBOR50,2026-08-02,,active
S004290,C004290,monthly,59.0,,2025-10-28,,active
S009081,C009081,monthly,59.0,HARBOR50,2026-06-22,,active
S010393,C010393,monthly,59.0,,2026-08-10,,active
S000948,C000948,monthly,59.0,,2025-03-29,,active
S011351,C011351,monthly,59.0,COMP100,2025-08-04,2025-08-07,canceled
S009358,C009358,monthly,59.0,,2026-07-28,,active
S004623,C004623,monthly,59.0,,2025-11-06,2026-01-04,canceled
S008272,C008272,monthly,59.0,HARBOR50,2026-05-06,2026-09-03,canceled
S008848,C008848,monthly,59.0,HARBOR50,2026-06-08,,active
S011551,C001981,annual,588.0,,2026-01-04,,active
S003336,C003336,annual,588.0,,2025-08-25,2026-08-26,canceled
S008589,C008589,monthly,59.0,,2026-06-20,,active
S006230,C006230,annual,588.0,,2026-03-07,,active
S007275,C007275,monthly,59.0,,2026-04-24,,active
S002621,C002621,annual,588.0,,2025-07-26,,active
S010140,C010140,monthly,59.0,,2026-08-30,,active
S008213,C008213,monthly,59.0,HARBOR50,2026-05-23,,active
S005187,C005187,monthly,59.0,,2025-12-09,,active
S000884,C000884,monthly,59.0,,2025-03-08,,canceled
S008863,C008863,monthly,59.0,HARBOR50,2026-06-01,2026-06-04,canceled
S001961,C001961,monthly,59.0,,2025-05-12,2025-08-10,canceled
S008182,C008182,monthly,59.0,HARBOR50,2026-05-04,,active
S002615,C002615,monthly,59.0,,2025-07-21,,active
S010121,C010121,monthly,59.0,,2026-08-18,,active
S009780,C009780,monthly,59.0,HARBOR50,2026-07-31,,active
S001779,C001779,annual,588.0,,2025-05-29,,active
S004566,C004566,annual,588.0,,2025-11-19,,active
S001887,C001887,monthly,59.0,,2025-05-24,2026-05-22,canceled
S009446,C009446,monthly,59.0,,2026-07-05,,active
S006245,C006245,monthly,59.0,,2026-03-04,,active
S006159,C006159,annual,588.0,,2026-02-22,,active
S002772,C002772,monthly,59.0,,2025-07-20,,active
S002311,C002311,monthly,59.0,,2025-06-26,,active
S009567,C009567,monthly,59.0,,2026-07-15,,active
S000993,C000993,monthly,59.0,,2025-03-30,2026-01-24,canceled
S002409,C002409,annual,588.0,,2025-06-05,2026-06-06,canceled
S003398,C003398,annual,588.0,,2025-08-09,2026-08-09,canceled
S005616,C005616,monthly,59.0,,2026-01-01,,active
S007936,C007936,monthly,59.0,HARBOR50,2026-05-18,,active
S007296,C007296,monthly,59.0,HARBOR50,2026-04-14,,active
S007846,C007846,monthly,59.0,,2026-05-20,,active
S006745,C006745,monthly,59.0,HARBOR50,2026-03-17,2026-04-19,canceled
S002848,C002848,annual,588.0,,2025-07-09,2026-07-11,canceled
S005605,C005605,monthly,59.0,,2026-01-30,,active
S006880,C006880,monthly,59.0,,2026-04-10,,active
S003760,C003760,monthly,59.0,,2025-09-08,,active
S009587,C009587,monthly,59.0,,2026-07-15,,active
S006374,C006374,monthly,59.0,,2026-03-07,,active
S000807,C000807,monthly,59.0,,2025-02-01,,active
S010712,C010712,monthly,59.0,HARBOR50,2026-08-17,,active
S009374,C009374,annual,588.0,,2026-07-17,,active
S005925,C005925,monthly,59.0,,2026-02-11,,active
S002726,C002726,annual,588.0,,2025-07-03,,active
S005240,C005240,monthly,59.0,,2025-12-19,2026-04-15,canceled
S010052,C010052,monthly,59.0,HARBOR50,2026-07-20,,active
S002828,C002828,annual,588.0,,2025-07-28,,active
S004114,C004114,monthly,59.0,,2025-10-21,2025-12-15,canceled
S002324,C002324,monthly,59.0,,2025-06-25,2025-12-20,canceled
S002452,C002452,monthly,59.0,,2025-06-15,2025-06-19,canceled
S005364,C005364,annual,588.0,,2026-01-13,,active
S005554,C005554,monthly,59.0,,2026-01-07,2026-02-02,canceled
S006319,C006319,monthly,59.0,,2026-03-25,,active
S007823,C007823,annual,588.0,,2026-05-29,,active
S003984,C003984,monthly,59.0,,2025-10-08,,active
S008472,C008472,annual,588.0,,2026-06-12,,active
S003425,C003425,monthly,59.0,,2025-09-06,2026-08-09,canceled
S007552,C007552,monthly,59.0,HARBOR50,2026-04-06,2026-08-01,canceled
S002055,C002055,monthly,59.0,,2025-05-27,,active
S008402,C008402,monthly,59.0,HARBOR50,2026-05-20,,active
S004041,C004041,monthly,59.0,,2025-10-02,,active
S009246,C009246,monthly,59.0,HARBOR50,2026-06-16,,active
S004773,C004773,monthly,59.0,,2025-11-19,2025-12-13,canceled
S003540,C003540,monthly,59.0,,2025-09-01,,active
S011536,C005819,annual,588.0,,2026-08-31,,active
S010346,C010346,monthly,59.0,,2026-08-25,,active
S001043,C001043,annual,588.0,,2025-03-06,,active
S000610,C000610,annual,588.0,,2025-02-11,,active
S008446,C008446,monthly,59.0,,2026-06-09,,active
S008899,C008899,monthly,59.0,,2026-06-07,,active
S003243,C003243,annual,588.0,,2025-08-09,,active
S006986,C006986,monthly,59.0,,2026-04-24,,active
S010707,C010707,monthly,59.0,HARBOR50,2026-08-11,,active
S002860,C002860,annual,588.0,,2025-07-11,,active
S009604,C009604,annual,588.0,,2026-07-16,,active
S002514,C002514,monthly,59.0,,2025-07-13,,active
S010229,C010229,monthly,59.0,,2026-08-09,,active
S010481,C010481,monthly,59.0,,2026-08-06,,active
S009869,C009869,monthly,59.0,HARBOR50,2026-07-20,,active
S002907,C002907,monthly,59.0,,2025-07-03,2025-11-05,canceled
S001806,C001806,annual,588.0,,2025-05-14,,active
S000141,C000141,monthly,59.0,,2025-01-16,2025-05-16,canceled
S000416,C000416,monthly,59.0,,2025-02-07,2025-02-12,canceled
S003171,C003171,monthly,59.0,,2025-08-27,,active
S003250,C003250,monthly,59.0,,2025-08-04,2026-01-01,canceled
S001518,C001518,monthly,59.0,,2025-04-03,,active
S007595,C007595,monthly,59.0,HARBOR50,2026-04-24,,active
S001311,C001311,annual,588.0,,2025-04-20,,active
S001294,C001294,annual,588.0,,2025-04-29,,active
S011432,C011432,monthly,59.0,COMP100,2025-09-03,2025-09-03,canceled
S003452,C003452,monthly,59.0,,2025-09-19,2026-03-26,canceled
S005589,C005589,monthly,59.0,,2026-01-28,,active
S001232,C001232,monthly,59.0,,2025-03-11,2026-07-14,canceled
S000034,C000034,monthly,59.0,,2025-01-03,2026-02-01,canceled
S000801,C000801,annual,588.0,,2025-02-05,,active
S004741,C004741,monthly,59.0,,2025-11-18,,active
S004807,C004807,monthly,59.0,,2025-11-22,,active
S001304,C001304,annual,588.0,,2025-04-15,,active
S011213,C011213,monthly,59.0,HARBOR50,2026-09-08,,active
S006921,C006921,monthly,59.0,,2026-04-11,,active
S001051,C001051,monthly,59.0,,2025-03-15,,active
S006065,C006065,annual,588.0,,2026-02-24,,active
S004849,C004849,annual,588.0,,2025-12-22,,active
S008231,C008231,monthly,59.0,HARBOR50,2026-05-24,,active
S004537,C004537,annual,588.0,,2025-11-29,,active
S011327,C011327,monthly,59.0,HARBOR50,2026-09-10,,active
S001592,C001592,monthly,59.0,,2025-04-14,2026-06-11,canceled
S008134,C008134,monthly,59.0,HARBOR50,2026-05-15,,active
S002129,C002129,monthly,59.0,,2025-06-16,,active
S001002,C001002,monthly,59.0,,2025-03-04,,active
S005717,C005717,monthly,59.0,,2026-01-14,2026-04-10,canceled
S001965,C001965,monthly,59.0,,2025-05-13,,active
S011299,C011299,monthly,59.0,HARBOR50,2026-09-01,,active
S004902,C004902,monthly,59.0,,2025-12-25,,active
S001977,C001977,annual,588.0,,2025-05-16,,active
S001926,C001926,monthly,59.0,,2025-05-27,,active
S007061,C007061,monthly,59.0,,2026-04-29,,active
S009690,C009690,monthly,59.0,HARBOR50,2026-07-15,,active
S008562,C008562,monthly,59.0,,2026-06-01,,active
S011026,C011026,monthly,59.0,,2026-09-09,,active
S008751,C008751,annual,588.0,,2026-06-07,,active
S003048,C003048,monthly,59.0,,2025-08-27,,active
S007230,C007230,monthly,59.0,,2026-04-28,,active
S011227,C011227,monthly,59.0,HARBOR50,2026-09-12,,active
S008357,C008357,monthly,59.0,HARBOR50,2026-05-18,,active
S009084,C009084,monthly,59.0,HARBOR50,2026-06-24,,active
S004844,C004844,monthly,59.0,,2025-12-08,,active
S004252,C004252,monthly,59.0,,2025-10-04,,active
S009299,C009299,monthly,59.0,HARBOR50,2026-06-09,,active
S002965,C002965,annual,588.0,,2025-08-19,2025-09-11,canceled
S001345,C001345,monthly,59.0,,2025-04-04,2026-02-02,canceled
S004598,C004598,monthly,59.0,,2025-11-22,2026-05-18,canceled
S004491,C004491,monthly,59.0,,2025-11-23,,active
S006882,C006882,monthly,59.0,,2026-04-09,,active
S003302,C003302,monthly,59.0,,2025-08-01,2025-11-27,canceled
S001203,C001203,monthly,59.0,,2025-03-24,,active
S002939,C002939,monthly,59.0,,2025-07-17,2026-05-20,canceled
S008590,C008590,monthly,59.0,,2026-06-04,,active
S008777,C008777,monthly,59.0,HARBOR50,2026-06-24,,active
S005400,C005400,monthly,59.0,,2026-01-02,,active
S000661,C000661,annual,588.0,,2025-02-10,,active
S001627,C001627,annual,588.0,,2025-04-20,,active
S007017,C007017,annual,588.0,,2026-04-24,2026-04-26,canceled
S007814,C007814,annual,588.0,,2026-05-29,,active
S005420,C005420,annual,588.0,,2026-01-04,,active
S002425,C002425,monthly,59.0,,2025-06-05,,active
S008809,C008809,monthly,59.0,HARBOR50,2026-06-13,,active
S005992,C005992,annual,588.0,,2026-02-20,,active
S008260,C008260,monthly,59.0,HARBOR50,2026-05-01,,active
S003806,C003806,monthly,59.0,,2025-09-10,2025-12-14,canceled
S001997,C001997,monthly,59.0,,2025-05-15,2025-10-17,canceled
S007534,C007534,monthly,59.0,HARBOR50,2026-04-01,2026-07-26,canceled
S003904,C003904,monthly,59.0,,2025-10-19,,active
S007477,C007477,monthly,59.0,HARBOR50,2026-04-07,2026-08-06,canceled
S006469,C006469,annual,588.0,,2026-03-13,,active
S003507,C003507,monthly,59.0,,2025-09-04,,active
S008240,C008240,monthly,59.0,HARBOR50,2026-05-03,,active
S001056,C001056,monthly,59.0,,2025-03-28,2025-04-25,canceled
S002294,C002294,monthly,59.0,,2025-06-09,,active
S007887,C007887,monthly,59.0,,2026-05-05,,active
S009952,C009952,monthly,59.0,HARBOR50,2026-07-23,,active
S011035,C011035,monthly,59.0,,2026-09-01,,active
S007519,C007519,monthly,59.0,HARBOR50,2026-04-09,,active
S003026,C003026,annual,588.0,,2025-08-28,,active
S004116,C004116,monthly,59.0,,2025-10-03,,active
S004948,C004948,monthly,59.0,,2025-12-16,,active
S000389,C000389,monthly,59.0,,2025-01-27,2025-08-30,canceled
S009561,C009561,monthly,59.0,,2026-07-15,,active
S003348,C003348,monthly,59.0,,2025-08-15,,active
S002197,C002197,monthly,59.0,,2025-06-09,,active
S007773,C007773,annual,588.0,,2026-05-08,,active
S010330,C010330,monthly,59.0,,2026-08-14,,active
S008487,C008487,annual,588.0,,2026-06-17,,active
S006889,C006889,monthly,59.0,,2026-04-01,,active
S008493,C008493,annual,588.0,,2026-06-05,,active
S009160,C009160,monthly,59.0,HARBOR50,2026-06-28,,active
S008553,C008553,monthly,59.0,,2026-06-28,,active
S000368,C000368,monthly,59.0,,2025-01-10,2025-11-14,canceled
S001791,C001791,monthly,59.0,,2025-05-11,,active
S004136,C004136,monthly,59.0,,2025-10-19,2026-06-17,canceled
S001777,C001777,monthly,59.0,,2025-05-07,,active
S008819,C008819,monthly,59.0,HARBOR50,2026-06-05,,active
S006447,C006447,monthly,59.0,HARBOR50,2026-03-15,2026-07-16,canceled
S009073,C009073,monthly,59.0,HARBOR50,2026-06-03,,active
S008755,C008755,monthly,59.0,,2026-06-12,,active
S008447,C008447,monthly,59.0,,2026-06-12,,active
S008168,C008168,monthly,59.0,HARBOR50,2026-05-25,,active
S000433,C000433,annual,588.0,,2025-02-06,2026-02-07,canceled
S004113,C004113,annual,588.0,,2025-10-30,,active
S001553,C001553,monthly,59.0,,2025-04-09,2025-08-14,canceled
S005806,C005806,monthly,59.0,,2026-02-09,,active
S009675,C009675,monthly,59.0,,2026-07-13,,active
S009272,C009272,monthly,59.0,HARBOR50,2026-06-05,,active
S003234,C003234,annual,588.0,,2025-08-24,,active
S000564,C000564,monthly,59.0,,2025-02-21,,active
S000735,C000735,monthly,59.0,,2025-02-04,2026-01-30,canceled
S003816,C003816,monthly,59.0,,2025-09-24,2025-10-24,canceled
S002812,C002812,annual,588.0,,2025-07-14,,active
S000847,C000847,annual,588.0,,2025-03-05,,active
S008535,C008535,monthly,59.0,,2026-06-06,,active
S010983,C010983,monthly,59.0,,2026-08-08,2026-09-05,canceled
S007485,C007485,monthly,59.0,HARBOR50,2026-04-30,,active
S010053,C010053,monthly,59.0,HARBOR50,2026-07-12,,active
S003192,C003192,monthly,59.0,,2025-08-06,,active
S009549,C009549,monthly,59.0,,2026-07-15,,active
S003705,C003705,monthly,59.0,,2025-09-24,,active
S002423,C002423,monthly,59.0,,2025-06-15,2026-02-09,canceled
S004847,C004847,monthly,59.0,,2025-12-29,,active
S003072,C003072,annual,588.0,,2025-08-17,,active
S002137,C002137,monthly,59.0,,2025-06-19,2025-09-22,canceled
S007707,C007707,monthly,59.0,,2026-05-11,,active
S009234,C009234,monthly,59.0,HARBOR50,2026-06-25,,active
S009550,C009550,annual,588.0,,2026-07-27,,active
S008139,C008139,annual,588.0,,2026-05-01,,active
S008627,C008627,monthly,59.0,,2026-06-03,,active
S008404,C008404,monthly,59.0,,2026-06-08,,active
S005330,C005330,annual,588.0,,2026-01-25,,active
S009394,C009394,monthly,59.0,,2026-07-21,,active
S006583,C006583,monthly,59.0,,2026-03-18,,active
S000412,C000412,annual,588.0,,2025-02-17,2026-02-21,canceled
S005977,C005977,monthly,59.0,,2026-02-01,,active
S009618,C009618,monthly,59.0,,2026-07-06,,active
S004723,C004723,monthly,59.0,,2025-11-06,,active
S010572,C010572,monthly,59.0,HARBOR50,2026-08-09,,active
S004462,C004462,monthly,59.0,,2025-11-07,2026-09-04,canceled
S009958,C009958,monthly,59.0,HARBOR50,2026-07-14,,active
S002180,C002180,monthly,59.0,,2025-06-25,2026-02-27,canceled
S009865,C009865,monthly,59.0,HARBOR50,2026-07-15,,active
S006820,C006820,monthly,59.0,HARBOR50,2026-03-12,2026-07-13,canceled
S008013,C008013,monthly,59.0,HARBOR50,2026-05-20,,active
S004005,C004005,annual,588.0,,2025-10-07,,active
S003191,C003191,monthly,59.0,,2025-08-22,,active
S000252,C000252,monthly,59.0,,2025-01-07,,active
S000078,C000078,monthly,59.0,,2025-01-12,,active
S003206,C003206,annual,588.0,,2025-08-07,,active
S010410,C010410,monthly,59.0,,2026-08-12,,active
S005842,C005842,annual,588.0,,2026-02-24,,active
S001658,C001658,monthly,59.0,,2025-04-28,2025-05-31,canceled
S004480,C004480,annual,588.0,,2025-11-09,,active
S008575,C008575,monthly,59.0,,2026-06-10,,active
S004451,C004451,monthly,59.0,,2025-11-15,,active
S000504,C000504,monthly,59.0,,2025-02-17,,active
S004422,C004422,monthly,59.0,,2025-11-15,2026-02-19,canceled
S001917,C001917,monthly,59.0,,2025-05-08,,active
S010373,C010373,monthly,59.0,,2026-08-27,,active
S006166,C006166,annual,588.0,,2026-02-03,,active
S009471,C009471,monthly,59.0,,2026-07-05,,active
S009295,C009295,monthly,59.0,HARBOR50,2026-06-09,,active
S004411,C004411,monthly,59.0,,2025-11-18,,active
S006085,C006085,monthly,59.0,,2026-02-27,,active
S004862,C004862,monthly,59.0,,2025-12-24,,active
S005621,C005621,monthly,59.0,,2026-01-31,2026-08-02,canceled
S002997,C002997,annual,588.0,,2025-08-21,2026-08-22,canceled
S001785,C001785,monthly,59.0,,2025-05-18,,active
S008405,C008405,monthly,59.0,,2026-06-12,,active
S001538,C001538,annual,588.0,,2025-04-17,,active
S002168,C002168,monthly,59.0,,2025-06-17,,active
S005206,C005206,monthly,59.0,,2025-12-27,,active
S001841,C001841,monthly,59.0,,2025-05-08,2026-05-12,canceled
S000486,C000486,monthly,59.0,,2025-02-18,,active
S000234,C000234,monthly,59.0,,2025-01-05,,active
S009201,C009201,monthly,59.0,HARBOR50,2026-06-23,,active
S005204,C005204,monthly,59.0,,2025-12-13,,active
S002591,C002591,monthly,59.0,,2025-07-06,,active
S002754,C002754,annual,588.0,,2025-07-30,,active
S006892,C006892,monthly,59.0,,2026-04-21,,active
S007152,C007152,monthly,59.0,,2026-04-29,,active
S002331,C002331,monthly,59.0,,2025-06-16,2026-04-11,canceled
S010656,C010656,monthly,59.0,,2026-08-09,,active
S006320,C006320,monthly,59.0,,2026-03-01,,active
S000209,C000209,monthly,59.0,,2025-01-25,,active
S006375,C006375,monthly,59.0,,2026-03-28,,active
S003433,C003433,monthly,59.0,,2025-09-13,,active
S006019,C006019,monthly,59.0,,2026-02-16,2026-04-21,canceled
S008712,C008712,monthly,59.0,,2026-06-27,,active
S003294,C003294,monthly,59.0,,2025-08-19,,active
S010125,C010125,monthly,59.0,,2026-08-19,,active
S006734,C006734,monthly,59.0,HARBOR50,2026-03-31,,active
S010547,C010547,monthly,59.0,,2026-08-21,,active
S005055,C005055,monthly,59.0,,2025-12-26,,active
S004246,C004246,monthly,59.0,,2025-10-07,,canceled
S004687,C004687,monthly,59.0,,2025-11-26,,active
S001143,C001143,monthly,59.0,,2025-03-30,2025-07-02,canceled
S009313,C009313,monthly,59.0,HARBOR50,2026-06-14,,active
S009608,C009608,monthly,59.0,,2026-07-26,,active
S001821,C001821,monthly,59.0,,2025-05-04,,active
S005217,C005217,monthly,59.0,,2025-12-28,2026-07-04,canceled
S002530,C002530,monthly,59.0,,2025-07-08,,active
S001584,C001584,monthly,59.0,,2025-04-18,,canceled
S005998,C005998,monthly,59.0,,2026-02-20,,active
S004737,C004737,monthly,59.0,,2025-11-11,,active
S008676,C008676,monthly,59.0,HARBOR50,2026-06-22,,active
S000808,C000808,annual,588.0,,2025-02-04,,active
S007928,C007928,monthly,59.0,,2026-05-03,2026-06-28,canceled
S001907,C001907,monthly,59.0,,2025-05-12,,active
S003983,C003983,monthly,59.0,,2025-10-13,,active
S009481,C009481,monthly,59.0,,2026-07-13,,active
S010109,C010109,annual,588.0,,2026-08-14,,active
S005491,C005491,monthly,59.0,,2026-01-18,2026-07-21,canceled
S002493,C002493,monthly,59.0,,2025-06-07,2026-02-08,canceled
S004591,C004591,monthly,59.0,,2025-11-14,2025-12-17,canceled
S005968,C005968,annual,588.0,,2026-02-21,,active
S007898,C007898,monthly,59.0,,2026-05-20,2026-07-18,canceled
S004011,C004011,monthly,59.0,,2025-10-25,,active
S011122,C011122,monthly,59.0,,2026-09-14,,active
S006716,C006716,annual,588.0,,2026-03-26,,active
S001873,C001873,monthly,59.0,,2025-05-28,,active
S003706,C003706,monthly,59.0,,2025-09-21,2026-05-25,canceled
S006534,C006534,monthly,59.0,HARBOR50,2026-03-05,,active
S000938,C000938,monthly,59.0,,2025-03-24,2025-12-23,canceled
S001339,C001339,monthly,59.0,,2025-04-19,2025-06-18,canceled
S003002,C003002,monthly,59.0,,2025-08-06,,active
S010621,C010621,monthly,59.0,HARBOR50,2026-08-17,,active
S002719,C002719,annual,588.0,,2025-07-17,,active
S001135,C001135,annual,588.0,,2025-03-26,2026-04-01,canceled
S004641,C004641,monthly,59.0,,2025-11-23,,active
S006656,C006656,monthly,59.0,HARBOR50,2026-03-26,2026-06-22,canceled
S004150,C004150,monthly,59.0,,2025-10-05,2026-06-07,canceled
S001698,C001698,monthly,59.0,,2025-05-08,2026-08-02,canceled
S009012,C009012,monthly,59.0,HARBOR50,2026-06-11,,active
S002497,C002497,monthly,59.0,,2025-06-30,2025-08-01,canceled
S004690,C004690,annual,588.0,,2025-11-13,,active
S010242,C010242,monthly,59.0,,2026-08-21,,active
S003583,C003583,annual,588.0,,2025-09-18,,active
S010939,C010939,monthly,59.0,,2026-08-13,,active
S008815,C008815,monthly,59.0,HARBOR50,2026-06-30,,active
S010577,C010577,monthly,59.0,HARBOR50,2026-08-25,,active
S011125,C011125,annual,588.0,,2026-09-02,,active
S005300,C005300,monthly,59.0,,2026-01-26,2026-05-27,canceled
S000324,C000324,monthly,59.0,,2025-01-23,,active
S002164,C002164,monthly,59.0,,2025-06-05,2026-02-05,canceled
S000435,C000435,monthly,59.0,,2025-02-04,2026-01-05,canceled
S009684,C009684,monthly,59.0,HARBOR50,2026-07-18,,active
S000377,C000377,annual,588.0,,2025-01-04,,active
S003009,C003009,monthly,59.0,,2025-08-05,,active
S001654,C001654,monthly,59.0,,2025-04-28,2025-11-28,canceled
S000425,C000425,monthly,59.0,,2025-02-07,2025-11-12,canceled
S007098,C007098,monthly,59.0,HARBOR50,2026-04-21,,active
S000243,C000243,monthly,59.0,,2025-01-24,,active
S002464,C002464,monthly,59.0,,2025-06-28,2026-01-28,canceled
S004693,C004693,monthly,59.0,,2025-11-27,2026-01-26,canceled
S011448,C011448,monthly,59.0,COMP100,2026-06-24,,active
S003833,C003833,monthly,59.0,,2025-09-19,,active
S003189,C003189,monthly,59.0,,2025-08-09,,active
S011083,C011083,monthly,59.0,,2026-09-12,,active
S009736,C009736,monthly,59.0,HARBOR50,2026-07-09,,active
S010837,C010837,monthly,59.0,,2026-08-12,,active
S000191,C000191,annual,588.0,,2025-01-13,,active
S007644,C007644,monthly,59.0,HARBOR50,2026-04-01,,active
S003012,C003012,monthly,59.0,,2025-08-07,,active
S002096,C002096,monthly,59.0,,2025-05-09,2025-07-14,canceled
S003473,C003473,monthly,59.0,,2025-09-21,2025-10-15,canceled
S010142,C010142,annual,588.0,,2026-08-25,,active
S001068,C001068,monthly,59.0,,2025-03-15,,active
S000635,C000635,annual,588.0,,2025-02-03,,active
S010658,C010658,monthly,59.0,HARBOR50,2026-08-15,,active
S007613,C007613,monthly,59.0,HARBOR50,2026-04-28,,active
S010051,C010051,monthly,59.0,HARBOR50,2026-07-01,,active
S003400,C003400,monthly,59.0,,2025-08-07,2025-11-05,canceled
S008434,C008434,monthly,59.0,,2026-06-26,,active
S004663,C004663,annual,588.0,,2025-11-10,,active
S004424,C004424,annual,588.0,,2025-11-18,,active
S000876,C000876,annual,588.0,,2025-03-16,,active
S001152,C001152,monthly,59.0,,2025-03-27,,active
S006153,C006153,monthly,59.0,,2026-02-04,,active
S009599,C009599,monthly,59.0,HARBOR50,2026-07-02,,active
S001718,C001718,monthly,59.0,,2025-05-06,,active
S005057,C005057,monthly,59.0,,2025-12-11,,active
S003292,C003292,monthly,59.0,,2025-08-05,,active
S005401,C005401,monthly,59.0,,2026-01-05,,active
S000431,C000431,monthly,59.0,,2025-02-27,,active
S002869,C002869,annual,588.0,,2025-07-01,,active
S010662,C010662,monthly,59.0,HARBOR50,2026-08-25,,active
S000976,C000976,monthly,59.0,,2025-03-21,,active
S008631,C008631,monthly,59.0,,2026-06-19,2026-08-23,canceled
S004525,C004525,monthly,59.0,,2025-11-19,,active
S000985,C000985,monthly,59.0,,2025-03-19,,active
S011595,C005595,annual,588.0,,2026-09-08,,active
S010584,C010584,monthly,59.0,,2026-08-22,,active
S005481,C005481,annual,588.0,,2026-01-24,,active
S002897,C002897,monthly,59.0,,2025-07-21,2025-08-21,canceled
S009497,C009497,monthly,59.0,,2026-07-17,,active
S009619,C009619,monthly,59.0,HARBOR50,2026-07-10,,active
S003015,C003015,monthly,59.0,,2025-08-01,,active
S000624,C000624,monthly,59.0,,2025-02-07,,active
S006911,C006911,monthly,59.0,,2026-04-14,,active
S003485,C003485,monthly,59.0,,2025-09-25,,active
S007630,C007630,monthly,59.0,HARBOR50,2026-04-24,2026-05-10,canceled
S001200,C001200,monthly,59.0,,2025-03-16,,active
S007635,C007635,monthly,59.0,HARBOR50,2026-04-21,2026-08-16,canceled
S001336,C001336,monthly,59.0,,2025-04-19,,active
S001373,C001373,monthly,59.0,,2025-04-30,,active
S008143,C008143,monthly,59.0,HARBOR50,2026-05-16,,active
S005094,C005094,monthly,59.0,,2025-12-11,,active
S008336,C008336,monthly,59.0,HARBOR50,2026-05-23,,active
S000986,C000986,monthly,59.0,,2025-03-24,,active
S001315,C001315,annual,588.0,,2025-04-05,,active
S009893,C009893,monthly,59.0,,2026-07-25,,active
S007146,C007146,monthly,59.0,,2026-04-21,2026-06-18,canceled
S006572,C006572,monthly,59.0,,2026-03-12,,active
S005881,C005881,monthly,59.0,,2026-02-17,,active
S008006,C008006,monthly,59.0,HARBOR50,2026-05-11,,active
S004340,C004340,monthly,59.0,,2025-10-29,,active
S003236,C003236,monthly,59.0,,2025-08-22,2026-04-27,canceled
S008456,C008456,monthly,59.0,,2026-06-03,,active
S005788,C005788,monthly,59.0,,2026-02-22,,active
S006338,C006338,monthly,59.0,,2026-03-07,,active
S000124,C000124,annual,588.0,,2025-01-20,2026-01-25,canceled
S000839,C000839,annual,588.0,,2025-03-23,2026-03-27,canceled
S005653,C005653,annual,588.0,,2026-01-14,,active
S003340,C003340,annual,588.0,,2025-08-18,,active
S008530,C008530,monthly,59.0,,2026-06-24,,active
S008726,C008726,annual,588.0,,2026-06-22,,active
S008345,C008345,monthly,59.0,HARBOR50,2026-05-20,,active
S008406,C008406,monthly,59.0,,2026-06-13,,active
S000318,C000318,monthly,59.0,,2025-01-04,,active
S003807,C003807,annual,588.0,,2025-09-25,,active
S001582,C001582,monthly,59.0,,2025-04-09,2025-11-13,canceled
S004351,C004351,monthly,59.0,,2025-11-01,,active
S001286,C001286,monthly,59.0,,2025-04-17,,active
S010841,C010841,monthly,59.0,HARBOR50,2026-08-19,,active
S008189,C008189,monthly,59.0,HARBOR50,2026-05-04,,active
S005386,C005386,annual,588.0,,2026-01-17,,active
S005911,C005911,monthly,59.0,,2026-02-25,,active
S005723,C005723,monthly,59.0,,2026-01-27,2026-03-28,canceled
S009241,C009241,monthly,59.0,HARBOR50,2026-06-07,,active
S000641,C000641,monthly,59.0,,2025-02-10,,active
S006012,C006012,monthly,59.0,,2026-02-09,2026-04-14,canceled
S008980,C008980,monthly,59.0,HARBOR50,2026-06-10,,active
S006170,C006170,monthly,59.0,,2026-02-05,2026-08-05,canceled
S008730,C008730,monthly,59.0,,2026-06-29,,active
S002865,C002865,annual,588.0,,2025-07-16,2026-07-17,canceled
S006824,C006824,monthly,59.0,HARBOR50,2026-03-25,2026-07-21,canceled
S006188,C006188,monthly,59.0,,2026-02-17,,active
S002374,C002374,monthly,59.0,,2025-06-08,2025-12-11,canceled
S002922,C002922,annual,588.0,,2025-07-09,,active
S003359,C003359,monthly,59.0,,2025-08-19,2025-10-22,canceled
S001531,C001531,annual,588.0,,2025-04-16,2026-04-19,canceled
S010711,C010711,monthly,59.0,HARBOR50,2026-08-18,,active
S007109,C007109,monthly,59.0,,2026-04-19,,active
S004953,C004953,annual,588.0,,2025-12-03,,active
S003790,C003790,annual,588.0,,2025-09-22,,active
S001318,C001318,monthly,59.0,,2025-04-03,,active
S008265,C008265,monthly,59.0,HARBOR50,2026-05-12,,active
S009881,C009881,monthly,59.0,,2026-07-20,,active
S001451,C001451,annual,588.0,,2025-04-06,2026-04-12,canceled
S004128,C004128,monthly,59.0,,2025-10-05,,active
S010001,C010001,monthly,59.0,HARBOR50,2026-07-19,,active
S005944,C005944,monthly,59.0,,2026-02-13,,active
S004675,C004675,annual,588.0,,2025-11-07,,active
S011584,C005778,annual,588.0,,2026-07-22,,active
S003430,C003430,monthly,59.0,,2025-09-16,,active
S003199,C003199,monthly,59.0,,2025-08-15,2025-10-10,canceled
S000347,C000347,monthly,59.0,,2025-01-21,2025-01-27,canceled
S008579,C008579,annual,588.0,,2026-06-16,,active
S000194,C000194,monthly,59.0,,2025-01-05,,active
S007394,C007394,monthly,59.0,HARBOR50,2026-04-18,2026-08-14,canceled
S007303,C007303,annual,588.0,,2026-04-08,,active
S007744,C007744,monthly,59.0,,2026-05-18,,active
S004748,C004748,monthly,59.0,,2025-11-14,,active
S004817,C004817,monthly,59.0,,2025-12-23,,active
S001192,C001192,monthly,59.0,,2025-03-25,2026-04-24,canceled
S011156,C011156,monthly,59.0,,2026-09-13,,active
S001847,C001847,annual,588.0,,2025-05-29,,active
S003804,C003804,monthly,59.0,,2025-09-09,,active
S006010,C006010,monthly,59.0,,2026-02-07,2026-07-05,canceled
S006679,C006679,monthly,59.0,,2026-03-14,2026-06-11,canceled
S005161,C005161,monthly,59.0,,2025-12-16,,active
S003093,C003093,monthly,59.0,,2025-08-23,,active
S001026,C001026,monthly,59.0,,2025-03-13,,active
S004714,C004714,monthly,59.0,,2025-11-27,,active
S007451,C007451,monthly,59.0,HARBOR50,2026-04-02,2026-09-06,canceled
S001177,C001177,monthly,59.0,,2025-03-27,2025-05-31,canceled
S011541,C005009,annual,588.0,,2026-05-28,,active
S008783,C008783,annual,588.0,,2026-06-09,,active
S009300,C009300,monthly,59.0,,2026-06-20,,active
S007382,C007382,monthly,59.0,HARBOR50,2026-04-17,,active
S001376,C001376,annual,588.0,,2025-04-30,2026-05-01,canceled
S005514,C005514,monthly,59.0,,2026-01-18,,active
S000666,C000666,monthly,59.0,,2025-02-21,2025-11-21,canceled
S006565,C006565,monthly,59.0,,2026-03-28,,active
S001706,C001706,monthly,59.0,,2025-05-11,2025-06-11,canceled
S002893,C002893,monthly,59.0,,2025-07-17,2025-08-16,canceled
S011559,C006943,annual,588.0,,2026-09-10,,active
S000978,C000978,monthly,59.0,,2025-03-24,,active
S003148,C003148,annual,588.0,,2025-08-29,2026-08-30,canceled
S009146,C009146,monthly,59.0,,2026-06-11,,active
S003288,C003288,monthly,59.0,,2025-08-11,,active
S001543,C001543,annual,588.0,,2025-04-08,,active
S001386,C001386,monthly,59.0,,2025-04-15,,active
S009152,C009152,monthly,59.0,HARBOR50,2026-06-06,,active
S009801,C009801,monthly,59.0,HARBOR50,2026-07-18,,active
S000450,C000450,monthly,59.0,,2025-02-03,2025-10-02,canceled
S004430,C004430,monthly,59.0,,2025-11-27,,active
S005307,C005307,monthly,59.0,,2026-01-01,2026-06-06,canceled
S000016,C000016,annual,588.0,,2025-01-06,2026-01-12,canceled
S010293,C010293,monthly,59.0,,2026-08-09,2026-08-22,canceled
S010776,C010776,monthly,59.0,HARBOR50,2026-08-29,,active
S008613,C008613,monthly,59.0,,2026-06-02,,active
S009071,C009071,monthly,59.0,HARBOR50,2026-06-28,,active
S008470,C008470,monthly,59.0,,2026-06-16,2026-07-20,canceled
S010034,C010034,monthly,59.0,HARBOR50,2026-07-18,,active
S011624,C001777,annual,588.0,,2026-06-13,,active
S005973,C005973,annual,588.0,,2026-02-22,,active
S006499,C006499,monthly,59.0,,2026-03-04,2026-09-04,canceled
S006111,C006111,monthly,59.0,,2026-02-07,,active
S006917,C006917,annual,588.0,,2026-04-22,,active
S011540,C002207,annual,588.0,,2025-12-15,,active
S001411,C001411,monthly,59.0,,2025-04-25,,active
S001240,C001240,monthly,59.0,,2025-03-12,2025-08-07,canceled
S011140,C011140,monthly,59.0,,2026-09-13,,active
S004947,C004947,monthly,59.0,,2025-12-29,,active
S009079,C009079,monthly,59.0,HARBOR50,2026-06-02,,active
S002879,C002879,monthly,59.0,,2025-07-02,,active
S009224,C009224,monthly,59.0,HARBOR50,2026-06-02,,active
S000485,C000485,monthly,59.0,,2025-02-05,,active
S003961,C003961,monthly,59.0,,2025-10-12,,active
S009779,C009779,monthly,59.0,HARBOR50,2026-07-31,,active
S011489,C006182,annual,588.0,,2026-07-20,,active
S003584,C003584,monthly,59.0,,2025-09-27,,active
S007107,C007107,monthly,59.0,,2026-04-02,,active
S003586,C003586,annual,588.0,,2025-09-10,,active
S010894,C010894,monthly,59.0,HARBOR50,2026-08-01,,active
S009219,C009219,monthly,59.0,HARBOR50,2026-06-25,,active
S010977,C010977,monthly,59.0,HARBOR50,2026-08-16,,active
S007042,C007042,annual,588.0,,2026-04-05,,active
S007386,C007386,monthly,59.0,,2026-04-02,2026-08-02,canceled
S004766,C004766,monthly,59.0,,2025-11-20,,active
S000759,C000759,monthly,59.0,,2025-02-11,2025-05-13,canceled
S001802,C001802,monthly,59.0,,2025-05-14,,active
S003168,C003168,monthly,59.0,,2025-08-14,2026-04-10,canceled
S008743,C008743,monthly,59.0,HARBOR50,2026-06-17,,active
S002123,C002123,annual,588.0,,2025-06-18,,active
