customer_id,survey_date,satisfaction_score,would_recommend
C002994,2026-04-20,9,yes
C005234,2026-04-22,10,yes
C003441,2026-07-18,10,yes
C008053,2026-07-19,9,yes
C003820,2026-04-18,10,yes
C007279,2026-07-15,8,yes
C001742,2026-01-17,9,yes
C006408,2026-07-23,9,yes
C007237,2026-07-18,10,yes
C000859,2026-07-23,9,yes
C006984,2026-07-22,10,yes
C006306,2026-07-22,9,yes
C001284,2026-01-19,10,yes
C004814,2026-07-22,7,no
C003031,2026-01-15,9,yes
C001186,2026-07-23,8,yes
C002696,2026-07-24,9,yes
C005603,2026-04-23,9,yes
C001397,2026-01-24,10,yes
C004376,2026-07-16,8,yes
C002043,2026-04-16,8,yes
C003930,2026-07-23,10,yes
C002359,2026-07-18,9,yes
C008378,2026-07-18,10,yes
C001118,2026-01-24,10,yes
C004606,2026-01-24,9,yes
C003389,2026-01-24,8,yes
C003679,2026-04-17,7,no
C004196,2026-01-24,8,yes
C004221,2026-01-24,8,yes
C002394,2026-01-21,10,yes
C002888,2026-07-18,8,yes
C003909,2026-01-21,8,yes
C000729,2026-04-18,9,yes
C002141,2026-07-24,10,yes
C006024,2026-07-18,7,no
C001838,2026-07-23,10,yes
C005213,2026-04-17,5,no
C000003,2026-04-22,6,no
C005991,2026-07-21,8,yes
C003869,2026-01-24,8,yes
C004008,2026-04-21,7,no
C003341,2026-07-18,9,yes
C008393,2026-07-18,8,yes
C001822,2026-01-22,8,yes
C003649,2026-07-23,9,yes
C005622,2026-07-21,9,yes
C004367,2026-04-15,7,no
C000252,2026-07-24,8,yes
C001507,2026-01-18,7,no
C001365,2026-01-15,8,yes
C000110,2026-01-23,7,no
C003149,2026-04-22,8,yes
C002534,2026-01-19,5,no
C001457,2026-07-19,7,no
C001773,2026-01-16,8,yes
C004432,2026-01-17,8,yes
C001139,2026-01-20,8,yes
C002262,2026-01-22,10,yes
C004048,2026-01-23,6,no
C001969,2026-04-15,10,yes
C001951,2026-07-18,7,no
C004292,2026-04-17,9,yes
C000936,2026-04-19,9,yes
C001057,2026-04-16,10,yes
C003512,2026-01-24,10,yes
C001984,2026-01-24,10,yes
C000300,2026-04-21,9,yes
C007099,2026-07-22,10,yes
C003172,2026-01-19,8,yes
C003867,2026-04-20,9,yes
C000524,2026-01-16,7,no
C004363,2026-01-24,7,no
C003238,2026-07-18,8,yes
C004078,2026-01-16,9,yes
C004144,2026-01-20,8,yes
C002675,2026-01-24,9,yes
C002278,2026-04-15,9,yes
C004346,2026-01-16,9,yes
C000001,2026-04-17,9,yes
C003169,2026-07-15,7,no
C005066,2026-04-20,9,yes
C001677,2026-04-22,10,yes
C001849,2026-01-20,7,no
C005961,2026-04-23,9,yes
C004371,2026-07-19,9,yes
C002346,2026-01-17,10,yes
C003071,2026-07-20,8,yes
C002198,2026-04-18,8,yes
C002392,2026-01-21,10,yes
C001591,2026-07-21,9,yes
C001342,2026-01-24,9,yes
C005506,2026-04-19,6,yes
C001793,2026-04-16,8,yes
C005879,2026-04-16,9,yes
C006134,2026-07-18,10,yes
C004257,2026-01-19,9,yes
C005908,2026-04-23,8,yes
C002755,2026-01-24,10,yes
C005485,2026-07-18,7,no
C005467,2026-04-23,10,yes
C001440,2026-07-24,7,no
C004030,2026-01-23,10,yes
C003519,2026-07-18,9,yes
C001919,2026-01-21,7,no
C007990,2026-07-19,7,yes
C002394,2026-04-20,8,yes
C004146,2026-04-24,8,yes
C004426,2026-01-18,8,yes
C001592,2026-01-16,5,no
C005947,2026-04-22,7,yes
C007490,2026-07-23,8,yes
C001877,2026-07-22,10,yes
C003398,2026-04-19,7,yes
C004057,2026-04-20,8,yes
C003094,2026-04-24,10,yes
C003329,2026-01-16,10,yes
C005594,2026-07-22,7,yes
C000442,2026-01-16,7,no
C003911,2026-07-24,8,yes
C004142,2026-04-22,9,yes
C003206,2026-01-24,9,yes
C005120,2026-04-15,8,yes
C003659,2026-04-19,10,yes
C004316,2026-07-23,6,no
C004353,2026-04-16,9,yes
C003595,2026-01-23,7,yes
C004428,2026-07-21,8,yes
C003864,2026-07-17,10,yes
C004916,2026-07-17,10,yes
C004577,2026-07-15,9,yes
C006316,2026-07-16,10,yes
C005386,2026-04-19,9,yes
C000614,2026-04-16,9,yes
C000570,2026-04-15,9,yes
C002492,2026-04-19,9,yes
C000233,2026-01-22,7,no
C000355,2026-01-16,8,yes
C001481,2026-04-15,10,yes
C003294,2026-07-23,10,yes
C002197,2026-07-21,8,yes
C001845,2026-07-18,8,yes
C006006,2026-07-22,9,yes
C001323,2026-04-22,8,yes
C003734,2026-04-19,9,yes
C005529,2026-04-21,10,yes
C008090,2026-07-22,7,no
C002208,2026-01-24,9,yes
C006097,2026-07-17,8,yes
C005183,2026-07-15,9,yes
C004912,2026-07-17,10,yes
C001787,2026-01-17,8,yes
C001597,2026-01-19,9,yes
C003020,2026-01-21,6,no
C004594,2026-04-20,10,yes
C001535,2026-07-17,8,yes
C003572,2026-01-19,10,yes
C003466,2026-04-16,10,yes
C003351,2026-04-19,10,yes
C007113,2026-07-15,8,yes
C007829,2026-07-23,8,yes
C001248,2026-01-23,10,yes
C003226,2026-01-17,9,yes
C004357,2026-01-23,7,no
C004834,2026-04-17,8,yes
C003698,2026-07-23,8,yes
C006438,2026-07-21,10,yes
C002734,2026-01-20,9,yes
C003672,2026-01-17,8,yes
C003919,2026-01-23,8,yes
C003976,2026-07-20,8,yes
C000207,2026-07-21,9,yes
C000851,2026-01-15,8,yes
C005399,2026-07-17,8,yes
C006980,2026-07-24,7,no
C003592,2026-07-21,7,no
C003833,2026-01-20,9,yes
C001460,2026-07-22,7,no
C008335,2026-07-24,10,yes
C000035,2026-07-24,8,yes
C005359,2026-07-20,9,yes
C006147,2026-04-18,8,yes
C006202,2026-07-17,8,yes
C004007,2026-04-17,9,yes
C003589,2026-01-16,6,no
C005101,2026-04-22,9,yes
C000655,2026-04-18,7,no
C003139,2026-07-22,7,no
C005041,2026-07-17,7,no
C004557,2026-04-21,10,yes
C001336,2026-07-21,10,yes
C002571,2026-01-18,7,no
C001287,2026-07-20,7,no
C004477,2026-01-24,10,yes
C003763,2026-07-17,7,no
C001202,2026-04-19,7,no
C000042,2026-04-22,10,yes
C001713,2026-04-20,10,yes
C000233,2026-04-16,7,no
C004309,2026-01-23,9,yes
C002034,2026-01-23,7,no
C008247,2026-07-15,8,yes
C005825,2026-07-18,10,yes
C005382,2026-04-16,10,yes
C005826,2026-07-24,10,yes
C001703,2026-01-15,9,yes
C004729,2026-04-20,10,yes
C002300,2026-07-19,9,yes
C007135,2026-07-24,10,yes
C007224,2026-07-20,10,yes
C003486,2026-07-22,8,yes
C000828,2026-04-21,9,yes
C004473,2026-04-16,8,yes
C004098,2026-04-17,7,no
C004479,2026-04-17,7,no
C001233,2026-07-23,9,yes
C002490,2026-04-19,9,yes
C000607,2026-04-22,9,yes
C006029,2026-04-16,7,no
C004079,2026-01-17,4,no
C003892,2026-01-16,7,no
C002717,2026-04-16,9,yes
C006535,2026-07-20,9,yes
C002952,2026-07-24,10,yes
C001428,2026-01-20,8,yes
C000475,2026-07-21,9,yes
C001252,2026-01-24,9,yes
C002032,2026-04-24,7,yes
C004362,2026-04-17,10,yes
C005749,2026-07-16,9,yes
C001498,2026-04-18,9,yes
C005405,2026-04-21,8,yes
C004829,2026-04-22,9,yes
C006900,2026-07-24,10,yes
C004748,2026-04-15,7,yes
C002589,2026-04-21,9,yes
C005632,2026-07-24,9,yes
C001581,2026-01-17,8,yes
C001734,2026-04-16,8,yes
C005616,2026-07-24,9,yes
C003883,2026-04-20,9,yes
C001413,2026-01-15,10,yes
C003782,2026-01-21,10,yes
C005995,2026-07-21,9,yes
C005243,2026-04-16,10,yes
C005187,2026-07-17,8,yes
C003874,2026-01-19,8,yes
C000521,2026-07-22,10,yes
C001246,2026-04-19,9,yes
C000883,2026-07-24,7,yes
C001260,2026-07-16,8,yes
C002070,2026-04-16,8,yes
C002962,2026-07-21,7,yes
C003296,2026-01-23,7,yes
C006290,2026-07-17,10,yes
C004108,2026-07-17,6,no
C000812,2026-01-23,9,yes
C005657,2026-07-24,10,yes
C004140,2026-04-24,6,no
C000750,2026-01-23,9,yes
C001051,2026-07-17,8,yes
C003083,2026-01-24,7,no
C004081,2026-01-21,9,yes
C004456,2026-07-23,9,yes
C001797,2026-04-22,7,no
C001772,2026-01-15,7,yes
C003737,2026-07-18,8,yes
C000819,2026-04-16,8,yes
C000469,2026-01-23,7,no
C005429,2026-07-19,9,yes
C004201,2026-07-20,9,yes
C001317,2026-01-24,10,yes
C000887,2026-04-23,8,yes
C001494,2026-07-19,8,yes
C005889,2026-04-19,7,no
C002744,2026-04-18,7,no
C006174,2026-04-23,8,yes
C005162,2026-07-24,9,yes
C002921,2026-07-17,8,yes
C005858,2026-04-19,6,no
C004762,2026-04-20,6,no
C008097,2026-07-21,8,yes
C003435,2026-04-17,8,yes
C000199,2026-04-19,9,yes
C005094,2026-07-16,9,yes
C002428,2026-01-22,8,yes
C005745,2026-04-19,8,yes
C003956,2026-01-20,7,no
C005605,2026-04-19,8,yes
C001469,2026-07-18,10,yes
C000741,2026-07-19,10,yes
C003128,2026-01-23,8,yes
C002318,2026-07-16,8,yes
C003364,2026-04-21,10,yes
C001251,2026-04-17,7,no
C003002,2026-07-15,10,yes
C002487,2026-07-22,9,yes
C000706,2026-07-16,8,yes
C000318,2026-01-19,8,yes
C005925,2026-07-20,10,yes
C005405,2026-07-16,10,yes
C005505,2026-07-16,8,yes
C001415,2026-01-20,9,yes
C001166,2026-01-17,10,yes
C000314,2026-04-15,7,no
C004678,2026-01-22,9,yes
C003157,2026-01-16,10,yes
C002414,2026-04-17,7,yes
C004934,2026-04-23,8,yes
C001442,2026-01-20,10,yes
C003373,2026-04-24,9,yes
C003938,2026-01-20,7,yes
C007150,2026-07-20,8,yes
C000935,2026-07-17,10,yes
C000028,2026-04-17,8,yes
C001273,2026-01-19,9,yes
C002092,2026-01-20,8,yes
C001846,2026-04-19,9,yes
C001720,2026-07-21,8,yes
C005036,2026-07-21,7,no
C000157,2026-07-23,8,yes
C004926,2026-04-22,10,yes
C002810,2026-07-22,10,yes
C006743,2026-07-17,9,yes
C002274,2026-04-17,9,yes
C000045,2026-01-21,8,yes
C002981,2026-04-19,9,yes
C006669,2026-07-17,7,no
C000918,2026-01-17,9,yes
C002524,2026-01-16,7,no
C004560,2026-01-17,8,yes
C003170,2026-01-16,8,yes
C000999,2026-07-22,7,no
C004433,2026-04-15,7,no
C002765,2026-04-15,10,yes
C002380,2026-01-17,8,yes
C003658,2026-07-23,8,yes
C004062,2026-07-24,10,yes
C000123,2026-07-17,10,yes
C002132,2026-01-18,7,no
C005406,2026-07-17,8,yes
C001874,2026-07-15,7,no
C007112,2026-07-16,9,yes
C001274,2026-07-24,9,yes
C001826,2026-07-22,8,yes
C007270,2026-07-21,8,yes
C003284,2026-04-20,7,no
C002812,2026-04-24,9,yes
C005620,2026-04-21,7,no
C001465,2026-04-16,10,yes
C003244,2026-01-24,10,yes
C002945,2026-04-21,9,yes
C002207,2026-04-21,9,yes
C001139,2026-04-19,10,yes
C004722,2026-04-16,10,yes
C004435,2026-01-21,9,yes
C000039,2026-07-16,9,yes
C001668,2026-01-19,8,yes
C002626,2026-01-20,9,yes
C002600,2026-04-18,7,yes
C000805,2026-01-17,9,yes
C001493,2026-04-17,9,yes
C002198,2026-07-16,9,yes
C003891,2026-07-22,8,yes
C007554,2026-07-20,7,no
C001905,2026-04-20,9,yes
C003310,2026-04-15,7,no
C002499,2026-01-15,10,yes
C003945,2026-07-17,7,no
C000963,2026-07-15,10,yes
C002831,2026-07-19,9,yes
C000996,2026-01-20,7,no
C007030,2026-07-15,7,no
C005020,2026-04-24,7,no
C001554,2026-04-23,8,yes
C005250,2026-07-16,10,yes
C003942,2026-01-20,10,yes
C000835,2026-04-18,9,yes
C006308,2026-07-22,9,yes
C001863,2026-01-15,8,yes
C002495,2026-01-20,9,yes
C008188,2026-07-23,9,yes
C001632,2026-01-22,9,yes
C004248,2026-07-19,9,yes
C003116,2026-07-24,9,yes
C000242,2026-04-24,9,yes
C001421,2026-04-23,10,yes
C006121,2026-04-24,6,no
C000940,2026-01-18,9,yes
C002683,2026-04-21,9,yes
C003322,2026-01-23,10,yes
C005550,2026-07-24,7,no
C002544,2026-07-15,8,yes
C004663,2026-04-17,9,yes
C006919,2026-07-21,6,no
C004285,2026-01-21,10,yes
C007158,2026-07-18,7,no
C001633,2026-07-24,8,yes
C003681,2026-04-22,8,yes
C000326,2026-07-16,8,yes
C006828,2026-07-18,10,yes
C003483,2026-04-23,8,yes
C006207,2026-07-15,8,yes
C005806,2026-07-18,8,yes
C000598,2026-07-17,9,yes
C000742,2026-01-23,8,yes
C002491,2026-01-16,9,yes
C005345,2026-04-19,9,yes
C001519,2026-04-19,10,yes
C003515,2026-04-18,9,yes
C004547,2026-04-21,7,no
C000446,2026-01-18,9,yes
C008007,2026-07-15,7,no
C003913,2026-07-20,7,no
C002193,2026-01-22,8,yes
C003709,2026-04-15,9,yes
C003183,2026-04-23,9,yes
C000242,2026-01-22,9,yes
C006193,2026-07-19,9,yes
C007607,2026-07-15,9,yes
C001585,2026-01-15,7,no
C005555,2026-07-23,8,yes
C003809,2026-07-17,7,no
C003940,2026-01-18,8,yes
C004528,2026-01-24,9,yes
C000026,2026-04-23,10,yes
C004772,2026-07-21,6,no
C002776,2026-01-20,9,yes
C001182,2026-01-20,8,yes
C000731,2026-04-19,9,yes
C001870,2026-01-23,8,yes
C001788,2026-01-18,10,yes
C006366,2026-07-15,10,yes
C001932,2026-01-20,9,yes
C007513,2026-07-15,9,yes
C004707,2026-04-17,6,no
C003401,2026-01-20,8,yes
C005756,2026-07-24,8,yes
C003374,2026-01-22,8,yes
C004575,2026-07-15,8,yes
C003419,2026-04-23,7,no
C005538,2026-07-20,9,yes
C000515,2026-04-16,8,yes
C000696,2026-04-22,9,yes
C005795,2026-07-17,6,no
C003409,2026-04-21,7,no
C002686,2026-01-16,9,yes
C000051,2026-01-16,10,yes
C007020,2026-07-19,10,yes
C004461,2026-04-24,8,yes
C001061,2026-07-22,6,no
C001994,2026-07-17,9,yes
C002077,2026-07-17,10,yes
C004496,2026-04-16,9,yes
C002498,2026-07-21,10,yes
C003526,2026-04-21,10,yes
C001562,2026-04-20,8,yes
C004869,2026-04-21,10,yes
C007071,2026-07-20,10,yes
C002181,2026-04-21,8,yes
C001430,2026-01-16,8,yes
C006151,2026-07-19,8,yes
C005038,2026-07-24,7,no
C007528,2026-07-23,9,yes
C004701,2026-07-18,9,yes
C003790,2026-01-21,9,yes
C004538,2026-04-24,9,yes
C005843,2026-07-23,9,yes
C005776,2026-04-21,8,yes
C005159,2026-07-20,9,yes
C006709,2026-07-19,7,no
C005722,2026-07-15,9,yes
C004015,2026-07-15,6,no
C002120,2026-01-18,9,yes
C005895,2026-07-19,10,yes
C003819,2026-01-19,8,yes
C002342,2026-01-23,8,yes
C001809,2026-04-21,6,no
C003965,2026-01-17,8,yes
C001472,2026-01-18,8,yes
C003581,2026-01-24,9,yes
C003919,2026-04-24,8,yes
C000734,2026-01-15,10,yes
C003172,2026-04-17,9,yes
C002284,2026-04-18,9,yes
C005373,2026-04-17,8,yes
C001122,2026-07-24,8,yes
C000409,2026-01-17,8,yes
C003430,2026-07-24,8,yes
C002930,2026-07-24,9,yes
C000285,2026-04-18,7,no
C005874,2026-07-18,9,yes
C000912,2026-04-23,9,yes
C002286,2026-04-23,9,yes
C001444,2026-07-22,8,yes
C005050,2026-07-16,8,yes
C000802,2026-01-24,6,no
C000835,2026-01-15,8,yes
C002707,2026-04-15,8,yes
C001250,2026-07-19,9,yes
C004696,2026-04-18,9,yes
C004797,2026-01-22,10,yes
C003093,2026-04-21,7,yes
C005351,2026-04-23,8,yes
C001963,2026-04-16,8,yes
C003570,2026-04-24,6,yes
C003843,2026-04-15,9,yes
C006570,2026-07-23,9,yes
C002591,2026-01-16,10,yes
C004378,2026-04-21,10,yes
C005247,2026-07-15,8,yes
C000562,2026-01-24,8,yes
C005517,2026-04-22,7,no
C001879,2026-01-15,6,no
C003856,2026-07-18,7,no
C004927,2026-07-17,10,yes
C002764,2026-04-19,9,yes
C007733,2026-07-20,9,yes
C005034,2026-04-24,8,yes
C005980,2026-04-19,8,yes
C004264,2026-07-21,8,yes
C003651,2026-04-24,9,yes
C003692,2026-01-19,10,yes
C000074,2026-07-19,7,no
C005193,2026-04-22,7,no
C006080,2026-07-19,8,yes
C005466,2026-07-22,7,no
C005456,2026-04-23,9,yes
C004416,2026-07-16,9,yes
C003497,2026-01-21,8,yes
C000546,2026-04-23,8,yes
C003226,2026-04-24,9,yes
C004477,2026-07-16,9,yes
C004409,2026-04-21,8,yes
C000169,2026-04-21,7,no
C004855,2026-04-17,10,yes
C005361,2026-07-17,6,no
C000049,2026-01-19,8,yes
C004224,2026-07-23,8,yes
C005275,2026-07-22,10,yes
C000608,2026-04-16,7,no
C000344,2026-07-17,10,yes
C004664,2026-04-19,10,yes
C000126,2026-01-18,10,yes
C001977,2026-07-19,8,yes
C002298,2026-07-24,8,yes
C004662,2026-04-21,8,yes
C003987,2026-01-16,8,yes
C000957,2026-01-20,7,no
C006310,2026-07-16,10,yes
C002215,2026-04-19,9,yes
C003784,2026-01-21,9,yes
C007434,2026-07-21,8,yes
C001704,2026-04-23,10,yes
C008296,2026-07-21,10,yes
C005656,2026-04-22,7,yes
C001924,2026-04-21,7,no
C001811,2026-04-20,8,yes
C006551,2026-07-16,9,yes
C005377,2026-04-23,8,yes
C001689,2026-07-15,8,yes
C002732,2026-01-19,9,yes
C001413,2026-04-16,8,yes
C005320,2026-04-15,10,yes
C003318,2026-07-19,10,yes
C001100,2026-04-20,10,yes
C000543,2026-04-21,7,no
C000528,2026-01-16,8,yes
C001266,2026-07-22,10,yes
C003471,2026-07-16,9,yes
C003112,2026-01-22,7,yes
C001032,2026-07-24,9,yes
C005126,2026-04-24,9,yes
C005731,2026-04-23,8,yes
C001425,2026-01-22,10,yes
C002090,2026-01-22,8,yes
C002903,2026-04-22,10,yes
C000086,2026-04-15,8,yes
C001065,2026-04-24,9,yes
C004795,2026-04-24,6,no
C003361,2026-07-20,9,yes
C007218,2026-07-24,8,yes
C004176,2026-07-21,9,yes
C005069,2026-07-15,6,no
C001264,2026-04-23,9,yes
C000667,2026-07-24,7,no
C005216,2026-04-21,10,yes
C003717,2026-04-17,8,yes
C002447,2026-01-22,10,yes
C005950,2026-07-24,9,yes
C003506,2026-04-24,9,yes
C005252,2026-04-17,7,no
C000126,2026-04-21,10,yes
C001581,2026-07-24,10,yes
C007791,2026-07-17,6,yes
C005070,2026-07-15,8,yes
C001200,2026-04-21,9,yes
C007944,2026-07-23,8,yes
C005285,2026-04-23,9,yes
C004339,2026-04-20,6,yes
C002821,2026-04-19,7,no
C008389,2026-07-15,8,yes
C001399,2026-01-15,10,yes
C000335,2026-04-15,10,yes
C002028,2026-04-24,10,yes
C000334,2026-04-19,9,yes
C003665,2026-01-16,8,yes
C005524,2026-07-23,9,yes
C003266,2026-01-16,9,yes
C000301,2026-07-20,9,yes
C001563,2026-04-16,7,no
C001677,2026-01-20,9,yes
C001892,2026-04-17,7,no
C000296,2026-07-18,6,no
C000664,2026-04-20,7,no
C004581,2026-01-16,6,no
C002976,2026-07-18,10,yes
C004162,2026-04-17,8,yes
C002757,2026-07-15,8,yes
C005586,2026-04-15,9,yes
C001947,2026-04-17,9,yes
C005291,2026-07-15,8,yes
C005542,2026-07-23,9,yes
C004922,2026-07-24,10,yes
C003413,2026-01-17,8,yes
C001426,2026-01-18,7,no
C005778,2026-07-17,7,no
C000726,2026-07-21,10,yes
C003278,2026-01-17,9,yes
C001719,2026-01-24,9,yes
C003333,2026-04-22,9,yes
C001318,2026-07-23,8,yes
C005317,2026-07-19,8,yes
C001856,2026-04-19,8,yes
C007192,2026-07-15,10,yes
C007422,2026-07-23,8,yes
C002724,2026-01-15,6,no
C000657,2026-01-15,10,yes
C002606,2026-01-24,5,no
C003507,2026-07-15,8,yes
C003745,2026-01-15,9,yes
C004733,2026-07-18,8,yes
C000875,2026-01-15,7,no
C001891,2026-04-20,6,no
C004169,2026-04-24,9,yes
C001145,2026-04-18,9,yes
C006651,2026-07-17,7,no
C004121,2026-01-15,9,yes
C001081,2026-01-17,9,yes
C003113,2026-07-19,8,yes
C002685,2026-07-16,8,yes
C004233,2026-07-16,8,yes
C004941,2026-07-18,8,yes
C001424,2026-01-17,9,yes
C002990,2026-04-20,10,yes
C005785,2026-04-21,8,yes
C007252,2026-07-24,8,yes
C006724,2026-07-23,8,yes
C004874,2026-07-23,10,yes
C007246,2026-07-16,9,yes
C001551,2026-07-19,9,yes
C000747,2026-07-24,9,yes
C001440,2026-04-17,8,yes
C002386,2026-07-20,10,yes
C004009,2026-01-15,6,no
C002522,2026-07-22,10,yes
C004772,2026-01-17,10,yes
C007212,2026-07-18,8,yes
C001410,2026-01-15,8,yes
C002504,2026-04-17,10,yes
C004434,2026-07-18,6,no
C004845,2026-04-19,8,yes
C004716,2026-01-23,9,yes
C004372,2026-07-20,8,yes
C004383,2026-01-19,10,yes
C006142,2026-04-23,10,yes
C004482,2026-07-16,9,yes
C004972,2026-04-24,8,yes
C006168,2026-04-21,7,no
C003484,2026-04-15,10,yes
C006588,2026-07-16,9,yes
C001165,2026-07-16,10,yes
C004510,2026-04-21,9,yes
C003716,2026-04-18,9,yes
C003611,2026-04-15,9,yes
C004547,2026-07-16,8,yes
C000189,2026-04-19,8,yes
C004725,2026-01-17,10,yes
C005392,2026-07-18,7,no
C001063,2026-04-16,6,no
C007675,2026-07-20,8,yes
C001908,2026-01-21,9,yes
C005713,2026-04-16,7,no
C000613,2026-01-18,10,yes
C005253,2026-07-23,9,yes
C000581,2026-07-21,10,yes
C007652,2026-07-21,9,yes
C001022,2026-04-23,6,no
C002579,2026-04-17,10,yes
C002807,2026-01-23,8,yes
C000564,2026-04-17,8,yes
C001001,2026-04-17,8,yes
C003429,2026-01-17,8,yes
C005009,2026-07-18,9,yes
C005060,2026-07-18,10,yes
C004110,2026-01-23,10,yes
C005738,2026-07-17,8,yes
C002428,2026-04-16,10,yes
C000689,2026-04-24,8,yes
C002904,2026-01-18,9,yes
C004768,2026-04-20,8,yes
C001463,2026-04-21,8,yes
C005913,2026-07-17,9,yes
C002391,2026-04-18,9,yes
C004238,2026-04-19,10,yes
C001550,2026-07-20,10,yes
C004795,2026-07-19,7,yes
C003058,2026-07-16,7,no
C001411,2026-07-22,7,no
C006590,2026-07-23,7,no
C002535,2026-01-18,10,yes
C003801,2026-04-15,10,yes
C006522,2026-07-16,8,yes
C002235,2026-07-16,10,yes
C005948,2026-04-21,9,yes
C003348,2026-04-19,7,no
C000298,2026-01-24,9,yes
C002489,2026-01-18,9,yes
C002726,2026-01-19,7,no
C003840,2026-04-24,9,yes
C001461,2026-07-15,9,yes
C000979,2026-07-22,9,yes
C005058,2026-04-16,8,yes
C007654,2026-07-16,8,yes
C005606,2026-07-18,10,yes
C002695,2026-04-20,9,yes
C004886,2026-07-18,9,yes
C002615,2026-07-16,7,no
C004076,2026-01-21,10,yes
C001155,2026-01-17,6,no
C004014,2026-01-24,7,yes
C006241,2026-07-17,10,yes
C001191,2026-01-17,10,yes
C003947,2026-07-15,9,yes
C004435,2026-04-21,9,yes
C002533,2026-07-17,9,yes
C005121,2026-04-20,9,yes
C004878,2026-04-21,10,yes
C004427,2026-07-20,8,yes
C002961,2026-01-16,8,yes
C004446,2026-07-24,8,yes
C004460,2026-04-20,8,yes
C004303,2026-07-18,10,yes
C005465,2026-07-22,8,yes
C007931,2026-07-23,7,no
C000455,2026-07-15,10,yes
C002383,2026-07-22,10,yes
C002784,2026-01-24,8,yes
C000448,2026-01-15,10,yes
C001276,2026-07-19,7,no
C000932,2026-04-19,9,yes
C002500,2026-01-17,7,yes
C003259,2026-04-21,9,yes
C000912,2026-07-16,10,yes
C003441,2026-01-19,8,yes
C001748,2026-07-16,9,yes
C006635,2026-07-20,9,yes
C002407,2026-04-17,6,yes
C002723,2026-01-22,7,no
C007978,2026-07-24,8,yes
C005434,2026-07-15,10,yes
C003268,2026-01-24,10,yes
C005639,2026-07-19,8,yes
C005890,2026-07-20,10,yes
C005385,2026-07-15,6,no
C006264,2026-07-24,9,yes
C003550,2026-01-19,10,yes
C005205,2026-04-16,9,yes
C003117,2026-01-19,9,yes
C001689,2026-04-17,8,yes
C000127,2026-01-23,6,no
C005920,2026-07-19,8,yes
C002847,2026-04-16,8,yes
C004818,2026-07-17,9,yes
C004982,2026-04-19,10,yes
C005523,2026-07-20,9,yes
C004116,2026-07-16,8,yes
C006240,2026-07-23,8,yes
C001744,2026-07-24,7,no
C005309,2026-04-21,9,yes
C002181,2026-07-15,8,yes
C004671,2026-01-18,8,yes
C005552,2026-07-15,7,no
C001260,2026-04-17,8,yes
C003961,2026-04-15,8,yes
C001445,2026-04-18,7,no
C004758,2026-01-21,9,yes
C002413,2026-01-18,8,yes
C003956,2026-07-20,9,yes
C005288,2026-07-17,10,yes
C000812,2026-07-18,10,yes
C002129,2026-01-22,10,yes
C001670,2026-07-18,8,yes
C007147,2026-07-15,9,yes
C000570,2026-01-22,8,yes
C001196,2026-01-23,10,yes
C002788,2026-04-20,10,yes
C005752,2026-07-15,9,yes
C001297,2026-04-22,10,yes
C003914,2026-04-22,9,yes
C003550,2026-04-16,9,yes
C003983,2026-01-24,8,yes
C001232,2026-01-19,9,yes
C000254,2026-07-17,9,yes
C006254,2026-07-22,8,yes
C006127,2026-07-24,8,yes
C001730,2026-07-18,8,yes
C005139,2026-07-20,8,yes
C003549,2026-01-18,10,yes
C000428,2026-01-19,9,yes
C000589,2026-01-16,9,yes
C002098,2026-04-20,10,yes
C004021,2026-04-20,10,yes
C003736,2026-01-15,9,yes
C004372,2026-04-22,8,yes
C001480,2026-01-18,8,yes
C002115,2026-01-16,8,yes
C003831,2026-04-19,10,yes
C003271,2026-07-16,10,yes
C000149,2026-04-18,10,yes
C005542,2026-04-16,10,yes
C001370,2026-04-23,10,yes
C006785,2026-07-21,8,yes
C004468,2026-07-15,9,yes
C002583,2026-01-22,8,yes
C000458,2026-01-24,8,yes
C004175,2026-07-23,10,yes
C003580,2026-01-15,9,yes
C001386,2026-04-15,10,yes
C004893,2026-04-17,8,yes
C002027,2026-01-19,7,no
C003363,2026-01-15,6,no
C001684,2026-01-22,7,no
C004192,2026-01-18,10,yes
C002194,2026-01-21,10,yes
C003106,2026-01-22,8,yes
C003982,2026-04-15,8,yes
C000983,2026-07-20,10,yes
C001952,2026-04-24,10,yes
C003849,2026-01-19,9,yes
C000886,2026-01-18,9,yes
C003485,2026-04-24,8,yes
C003247,2026-01-18,8,yes
C005116,2026-04-24,9,yes
C000110,2026-07-19,10,yes
C000299,2026-04-19,6,no
C000513,2026-04-21,9,yes
C000855,2026-01-18,8,yes
C005826,2026-04-20,9,yes
C003183,2026-07-17,7,no
C001253,2026-04-19,10,yes
C003983,2026-04-18,7,yes
C003735,2026-01-22,10,yes
C001418,2026-01-23,8,yes
C003608,2026-04-22,7,yes
C000003,2026-01-16,8,yes
C002819,2026-01-18,9,yes
C004336,2026-01-16,9,yes
C003532,2026-01-18,8,yes
C004179,2026-04-21,7,no
C005098,2026-07-23,9,yes
C003678,2026-04-19,10,yes
C001238,2026-07-15,7,no
C003652,2026-01-24,8,yes
C005191,2026-07-15,10,yes
C002673,2026-01-19,10,yes
C002933,2026-01-20,7,no
C006751,2026-07-17,6,no
C007018,2026-07-18,9,yes
C005044,2026-04-15,9,yes
C002586,2026-04-20,10,yes
C002473,2026-01-21,9,yes
C001627,2026-04-15,8,yes
C007454,2026-07-18,9,yes
C001054,2026-01-16,8,yes
C000752,2026-04-19,10,yes
C003609,2026-04-17,9,yes
C000504,2026-07-18,9,yes
C005196,2026-07-23,8,yes
C004041,2026-01-16,8,yes
C004914,2026-07-22,7,no
C004532,2026-04-24,7,yes
C001326,2026-04-17,9,yes
C002668,2026-04-22,9,yes
C002967,2026-04-18,9,yes
C003358,2026-01-22,7,no
C003418,2026-01-22,7,no
C004161,2026-01-15,10,yes
C002283,2026-07-21,10,yes
C000358,2026-01-17,9,yes
C003746,2026-07-18,7,no
C000501,2026-01-23,10,yes
C005055,2026-07-16,9,yes
C005548,2026-04-19,9,yes
C002927,2026-07-15,8,yes
C004691,2026-04-21,10,yes
C004319,2026-07-19,9,yes
C005846,2026-07-21,10,yes
C000310,2026-04-19,8,yes
C002589,2026-07-19,10,yes
C001120,2026-01-15,9,yes
C004071,2026-07-18,7,no
C000721,2026-01-17,9,yes
C004458,2026-07-23,10,yes
C004778,2026-07-17,5,no
C002966,2026-01-15,9,yes
C001784,2026-07-21,10,yes
C002016,2026-07-23,9,yes
C003588,2026-01-23,9,yes
C001967,2026-07-17,9,yes
C004013,2026-01-16,10,yes
C004912,2026-04-18,9,yes
C005784,2026-07-17,6,no
C000937,2026-04-19,10,yes
C000981,2026-01-16,9,yes
C003391,2026-01-16,9,yes
C002609,2026-07-18,7,no
C006237,2026-07-15,8,yes
C004696,2026-07-23,7,no
C000843,2026-07-15,9,yes
C005436,2026-07-22,8,yes
C003208,2026-01-21,8,yes
C005023,2026-04-24,10,yes
C004714,2026-07-16,10,yes
C001015,2026-01-18,8,yes
C006108,2026-07-22,10,yes
C000509,2026-01-19,9,yes
C005591,2026-04-20,8,yes
C003393,2026-04-22,9,yes
C003341,2026-04-22,6,no
C007564,2026-07-21,9,yes
C008375,2026-07-15,9,yes
C000190,2026-07-18,9,yes
C007287,2026-07-19,10,yes
C004538,2026-07-22,8,yes
C001481,2026-07-22,6,no
C005446,2026-04-16,9,yes
C005424,2026-04-18,8,yes
C002982,2026-04-21,10,yes
C006562,2026-07-20,9,yes
C001641,2026-07-19,10,yes
C004566,2026-04-21,9,yes
C005066,2026-07-15,5,no
C006619,2026-07-16,9,yes
C003298,2026-07-23,7,no
C001478,2026-01-24,10,yes
C001651,2026-01-18,10,yes
C003069,2026-07-15,8,yes
C004725,2026-07-22,8,yes
C003797,2026-04-16,9,yes
C004010,2026-07-19,10,yes
C006140,2026-04-20,8,yes
C006845,2026-07-15,9,yes
C003514,2026-04-20,8,yes
C004085,2026-04-20,8,yes
C000741,2026-01-20,7,no
C004089,2026-04-24,10,yes
C004190,2026-07-18,10,yes
C005420,2026-04-20,9,yes
C002785,2026-04-24,8,yes
C001828,2026-04-19,8,yes
C005361,2026-04-24,9,yes
C003761,2026-07-20,9,yes
C000430,2026-07-19,8,yes
C002768,2026-01-21,9,yes
C003410,2026-07-19,9,yes
C004891,2026-07-19,8,yes
C006657,2026-07-15,7,no
C000087,2026-04-15,5,no
C004373,2026-01-15,7,no
C003957,2026-04-21,7,no
C007238,2026-07-18,9,yes
C000482,2026-07-19,10,yes
C005188,2026-07-24,8,yes
C004550,2026-04-19,10,yes
C006199,2026-04-16,10,yes
C006902,2026-07-19,10,yes
C004885,2026-04-16,7,no
C004305,2026-04-20,9,yes
C005886,2026-04-18,9,yes
C002917,2026-01-15,8,yes
C002311,2026-07-15,10,yes
C005362,2026-04-17,8,yes
C001846,2026-01-22,9,yes
C008292,2026-07-17,7,no
C002141,2026-01-24,9,yes
C004832,2026-04-21,8,yes
C007242,2026-07-20,6,no
C001628,2026-01-22,9,yes
C002442,2026-04-16,5,no
C001779,2026-04-20,8,yes
C001233,2026-01-15,7,no
C003962,2026-07-17,8,yes
C007560,2026-07-24,10,yes
C006601,2026-07-15,7,no
C004661,2026-07-20,10,yes
C003049,2026-01-24,7,no
C002830,2026-07-20,9,yes
C005369,2026-04-18,7,no
C005371,2026-04-20,10,yes
C007506,2026-07-19,10,yes
C008330,2026-07-18,9,yes
C001832,2026-07-17,8,yes
C003489,2026-01-19,10,yes
C000834,2026-01-19,9,yes
C003928,2026-01-21,8,yes
C000731,2026-07-17,7,no
C006313,2026-07-19,10,yes
C005204,2026-07-23,8,yes
C002841,2026-01-22,7,no
C005597,2026-04-23,9,yes
C000696,2026-01-20,8,yes
C001311,2026-07-24,8,yes
C002833,2026-01-22,7,no
C000530,2026-01-23,9,yes
C008011,2026-07-17,6,no
C002676,2026-01-15,5,no
C005810,2026-07-22,9,yes
C004072,2026-04-24,7,yes
C000462,2026-01-17,7,no
C004279,2026-01-23,9,yes
C004901,2026-04-19,10,yes
C003548,2026-01-24,9,yes
C001353,2026-07-18,8,yes
C003164,2026-01-16,10,yes
C002960,2026-04-22,10,yes
C002889,2026-07-21,8,yes
C001069,2026-07-22,9,yes
C003466,2026-01-21,10,yes
C004166,2026-04-23,8,yes
C006439,2026-07-19,10,yes
C004672,2026-04-16,9,yes
C004001,2026-04-17,10,yes
C004520,2026-04-19,8,yes
C006174,2026-07-16,10,yes
C003979,2026-04-20,9,yes
C004091,2026-01-22,10,yes
C008079,2026-07-22,8,yes
C003009,2026-04-19,8,yes
C004720,2026-04-23,7,no
C004464,2026-01-23,10,yes
C003271,2026-04-19,8,yes
C003415,2026-04-18,9,yes
C004273,2026-07-15,9,yes
C007143,2026-07-22,9,yes
C001377,2026-01-16,10,yes
C004863,2026-04-21,7,no
C007285,2026-07-21,8,yes
C002541,2026-07-22,9,yes
C001009,2026-04-23,10,yes
C005427,2026-07-15,9,yes
C002641,2026-07-19,10,yes
C006029,2026-07-21,7,no
C001185,2026-07-17,10,yes
C000165,2026-01-21,9,yes
C004633,2026-07-15,8,yes
C003503,2026-01-21,10,yes
C003102,2026-04-21,9,yes
C004049,2026-04-22,9,yes
C007781,2026-07-21,10,yes
C000486,2026-04-16,9,yes
C001476,2026-07-15,8,yes
C001847,2026-04-21,9,yes
C004893,2026-07-20,10,yes
C003763,2026-04-18,9,yes
C001973,2026-07-17,8,yes
C004707,2026-07-17,10,yes
C004378,2026-07-18,9,yes
C003920,2026-07-18,8,yes
C000422,2026-01-21,10,yes
C003985,2026-07-22,9,yes
C003025,2026-07-16,8,yes
C001964,2026-04-16,9,yes
C000634,2026-04-19,9,yes
C000822,2026-07-18,9,yes
C001573,2026-01-23,9,yes
C002283,2026-01-21,9,yes
C001383,2026-01-19,7,no
C000035,2026-04-23,10,yes
C000224,2026-07-18,7,no
C004286,2026-01-18,9,yes
C002873,2026-04-16,10,yes
C000300,2026-07-19,8,yes
C000943,2026-01-22,9,yes
C003252,2026-07-20,9,yes
C000191,2026-01-22,8,yes
C000239,2026-01-24,9,yes
C004337,2026-07-18,8,yes
C001683,2026-04-21,10,yes
C004802,2026-04-23,6,no
C002250,2026-07-17,10,yes
C004407,2026-01-19,5,no
C004155,2026-01-21,8,yes
C002624,2026-01-15,8,yes
C001057,2026-01-19,5,yes
C005331,2026-07-23,8,yes
C003174,2026-01-18,8,yes
C004603,2026-01-21,10,yes
C001765,2026-01-16,9,yes
C003519,2026-04-17,9,yes
C000555,2026-01-20,7,no
C002456,2026-01-17,9,yes
C007176,2026-07-19,10,yes
C000003,2026-07-20,8,yes
C000469,2026-04-19,8,yes
C001448,2026-01-20,8,yes
C004468,2026-04-17,6,no
C003974,2026-04-16,9,yes
C000658,2026-07-15,10,yes
C004865,2026-04-15,8,yes
C000806,2026-07-22,10,yes
C004729,2026-01-17,10,yes
C002516,2026-04-15,10,yes
C004250,2026-07-24,10,yes
C006639,2026-07-16,10,yes
C003249,2026-01-19,9,yes
C005323,2026-04-24,8,yes
C000782,2026-07-23,8,yes
C004182,2026-07-23,10,yes
C006319,2026-07-16,9,yes
C003438,2026-07-15,8,yes
C005104,2026-04-24,8,yes
C002419,2026-07-16,10,yes
C002372,2026-07-24,10,yes
C000072,2026-04-24,9,yes
C001970,2026-01-15,7,no
C004636,2026-07-18,6,no
C002974,2026-04-16,10,yes
C003102,2026-07-19,9,yes
C001992,2026-01-24,9,yes
C003517,2026-07-23,8,yes
C004651,2026-07-20,9,yes
C001800,2026-01-24,7,no
C000118,2026-07-16,8,yes
C001874,2026-01-17,10,yes
C001097,2026-01-24,7,no
C005848,2026-04-18,10,yes
C002449,2026-07-17,7,no
C005620,2026-07-21,8,yes
C002607,2026-04-23,7,no
C002487,2026-04-23,10,yes
C003787,2026-07-17,10,yes
C002571,2026-04-16,10,yes
C007179,2026-07-24,9,yes
C001252,2026-04-21,9,yes
C007895,2026-07-22,7,no
C003023,2026-07-23,9,yes
C006863,2026-07-22,8,yes
C004267,2026-01-15,6,no
C000317,2026-04-15,9,yes
C005716,2026-07-24,9,yes
C000877,2026-01-24,7,no
C004244,2026-01-23,8,yes
C005193,2026-07-24,8,yes
C004864,2026-04-24,8,yes
C002603,2026-04-24,6,no
C000120,2026-04-18,10,yes
C000173,2026-01-23,7,no
C002700,2026-07-15,7,no
C002750,2026-04-17,7,no
C003981,2026-01-16,9,yes
C001580,2026-04-21,5,no
C004483,2026-07-16,8,yes
C004417,2026-04-17,8,yes
C004843,2026-04-21,6,no
C005777,2026-07-16,10,yes
C003136,2026-07-23,10,yes
C003225,2026-04-15,9,yes
C004245,2026-07-19,8,yes
C003289,2026-07-15,10,yes
C000947,2026-04-21,8,yes
C003875,2026-01-24,10,yes
C002453,2026-07-17,8,yes
C000614,2026-07-21,9,yes
C000001,2026-07-18,10,yes
C001237,2026-01-18,7,yes
C002643,2026-07-24,8,yes
C001562,2026-07-23,7,no
C003633,2026-01-21,10,yes
C002983,2026-01-18,7,no
C002294,2026-04-22,8,yes
C000194,2026-04-24,9,yes
C002825,2026-07-16,9,yes
C000470,2026-07-15,10,yes
C001196,2026-04-22,10,yes
C002629,2026-07-22,7,no
C003899,2026-04-16,10,yes
C006102,2026-07-18,7,no
C002946,2026-07-16,8,yes
C000440,2026-04-24,10,yes
C003761,2026-01-17,10,yes
C001511,2026-07-18,7,no
C001988,2026-01-24,7,yes
C004344,2026-01-16,10,yes
C004208,2026-04-22,5,no
C006611,2026-07-21,6,no
C004449,2026-07-16,9,yes
C006486,2026-07-20,8,yes
C004034,2026-04-19,5,no
C002530,2026-04-24,9,yes
C001898,2026-07-24,10,yes
C004212,2026-07-21,9,yes
C000120,2026-01-23,8,yes
C006567,2026-07-22,7,yes
C003829,2026-04-22,9,yes
C001336,2026-04-24,8,yes
C004427,2026-04-17,9,yes
C003344,2026-01-24,8,yes
C005215,2026-07-23,10,yes
C006574,2026-07-24,8,yes
C003967,2026-01-18,7,no
C004315,2026-04-16,9,yes
C004206,2026-04-20,8,yes
C000243,2026-07-15,9,yes
C003546,2026-07-22,7,no
C000495,2026-01-19,8,yes
C001053,2026-04-19,8,yes
C003617,2026-01-17,10,yes
C002842,2026-07-18,6,no
C003097,2026-04-17,9,yes
C000580,2026-01-18,10,yes
C003893,2026-01-17,7,no
C003204,2026-04-23,7,no
C003305,2026-04-19,9,yes
C008382,2026-07-24,9,yes
C000460,2026-01-16,7,yes
C000671,2026-04-17,10,yes
C004446,2026-01-19,10,yes
C000192,2026-04-16,6,no
C000600,2026-01-17,10,yes
C002001,2026-04-24,8,yes
C002166,2026-07-19,8,yes
C003845,2026-07-19,8,yes
C006761,2026-07-17,9,yes
C005728,2026-07-21,10,yes
C000882,2026-04-23,8,yes
C005116,2026-07-23,10,yes
C003251,2026-07-17,7,no
C002969,2026-07-21,6,no
C003230,2026-07-18,8,yes
C001060,2026-01-23,9,yes
C004902,2026-07-21,7,no
C002016,2026-04-24,8,yes
C007667,2026-07-22,9,yes
C000343,2026-01-19,6,yes
C002056,2026-07-23,10,yes
C002108,2026-01-16,9,yes
C001821,2026-07-24,8,yes
C006368,2026-07-17,8,yes
C004475,2026-04-22,8,yes
C001396,2026-07-19,10,yes
C004754,2026-04-23,9,yes
C003964,2026-04-22,9,yes
C006157,2026-04-23,8,yes
C000763,2026-07-19,10,yes
C000829,2026-07-23,9,yes
C004748,2026-01-22,9,yes
C006885,2026-07-18,8,yes
C001231,2026-07-18,9,yes
C002349,2026-04-17,9,yes
C003150,2026-01-21,10,yes
C001572,2026-01-19,8,yes
C001335,2026-04-17,8,yes
C004889,2026-04-17,8,yes
C005629,2026-07-17,9,yes
C006166,2026-04-17,8,yes
C001043,2026-07-19,8,yes
C003347,2026-04-22,7,no
C000560,2026-07-21,5,no
C005767,2026-04-16,10,yes
C003949,2026-01-24,10,yes
C001461,2026-01-22,7,no
C007720,2026-07-20,10,yes
C005080,2026-04-24,7,no
C001354,2026-04-20,7,no
C004032,2026-07-18,9,yes
C005618,2026-04-24,9,yes
C000718,2026-04-20,8,yes
C004601,2026-01-17,10,yes
C007916,2026-07-15,8,yes
C000329,2026-01-23,9,yes
C001688,2026-04-16,9,yes
C005370,2026-07-24,10,yes
C000346,2026-01-18,9,yes
C003660,2026-07-15,9,yes
C002210,2026-04-21,6,no
C001370,2026-07-16,7,no
C005737,2026-04-15,8,yes
C004821,2026-04-22,10,yes
C003832,2026-01-17,9,yes
C002945,2026-01-22,7,no
C000307,2026-04-18,8,yes
C004864,2026-07-16,9,yes
C004131,2026-07-17,8,yes
C005313,2026-04-17,8,yes
C001802,2026-07-15,8,yes
C005692,2026-04-18,10,yes
C000110,2026-04-15,10,yes
C008260,2026-07-18,7,no
C000089,2026-07-23,7,no
C002489,2026-04-21,6,no
C002538,2026-04-20,10,yes
C002427,2026-01-18,7,yes
C007537,2026-07-24,7,no
C002663,2026-07-23,9,yes
C002215,2026-07-18,10,yes
C002283,2026-04-24,9,yes
C000338,2026-07-23,9,yes
C002788,2026-01-22,8,yes
C004166,2026-07-22,7,yes
C006201,2026-04-22,8,yes
C004258,2026-01-23,6,no
C002963,2026-07-22,8,yes
C004567,2026-01-24,8,yes
C001436,2026-07-16,8,yes
C003190,2026-01-24,5,no
C004619,2026-07-23,9,yes
C003978,2026-04-19,5,no
C001055,2026-04-24,8,yes
C004221,2026-07-24,9,yes
C003869,2026-07-20,10,yes
C005322,2026-07-16,10,yes
C002902,2026-04-17,10,yes
C003718,2026-01-18,8,yes
C003767,2026-07-23,10,yes
C003903,2026-01-19,8,yes
C005171,2026-04-21,10,yes
C003898,2026-01-19,7,no
C001829,2026-07-19,10,yes
C001458,2026-04-18,10,yes
C007576,2026-07-19,7,no
C003694,2026-01-20,4,no
C004908,2026-07-20,7,no
C004514,2026-04-24,8,yes
C001170,2026-04-21,10,yes
C000856,2026-07-23,7,no
C002223,2026-01-15,8,yes
C001984,2026-07-19,8,yes
C002881,2026-01-15,10,yes
C002529,2026-07-16,7,no
C001301,2026-07-23,8,yes
C002339,2026-01-21,10,yes
C000055,2026-01-24,7,no
C004110,2026-07-21,8,yes
C002088,2026-01-21,8,yes
C002104,2026-04-20,9,yes
C001790,2026-01-23,8,yes
C007035,2026-07-19,8,yes
C000398,2026-07-15,8,yes
C004051,2026-04-15,9,yes
C003604,2026-07-23,9,yes
C004736,2026-04-16,8,yes
C002241,2026-01-16,8,yes
C001519,2026-01-24,9,yes
C006738,2026-07-21,8,yes
C007190,2026-07-18,9,yes
C000674,2026-01-23,8,yes
C001591,2026-01-20,9,yes
C007392,2026-07-21,7,no
C000554,2026-07-17,10,yes
C001595,2026-07-22,7,no
C000628,2026-04-22,7,yes
C000494,2026-07-24,10,yes
C005151,2026-07-15,8,yes
C004412,2026-01-23,9,yes
C004252,2026-07-22,10,yes
C000888,2026-04-24,9,yes
C004335,2026-04-19,9,yes
C004090,2026-01-24,9,yes
C001954,2026-04-22,9,yes
C003926,2026-01-18,10,yes
C003079,2026-07-15,10,yes
C001622,2026-07-24,10,yes
C003526,2026-01-16,10,yes
C002920,2026-01-21,10,yes
C001860,2026-01-23,9,yes
C007989,2026-07-20,9,yes
C005075,2026-04-17,7,yes
C001324,2026-07-19,10,yes
C002079,2026-01-19,10,yes
C000626,2026-07-23,8,yes
C000856,2026-04-23,10,yes
C003027,2026-07-20,9,yes
C007162,2026-07-18,9,yes
C005203,2026-04-16,8,yes
C002532,2026-01-16,8,yes
C004595,2026-04-23,8,yes
C005352,2026-07-20,10,yes
C001427,2026-07-22,9,yes
C003279,2026-01-24,7,no
C001905,2026-01-17,10,yes
C002772,2026-04-21,8,yes
C003927,2026-07-19,9,yes
C008332,2026-07-24,9,yes
C004348,2026-07-24,10,yes
C004794,2026-04-20,5,no
C005183,2026-04-24,7,no
C005459,2026-04-23,8,yes
C006507,2026-07-19,9,yes
C003568,2026-07-23,9,yes
C003032,2026-04-18,10,yes
C001693,2026-07-22,6,no
C000174,2026-01-16,9,yes
C003673,2026-04-24,8,yes
C001676,2026-01-23,7,no
C006784,2026-07-16,8,yes
C000314,2026-01-22,7,yes
C003077,2026-01-17,10,yes
C003080,2026-07-19,6,no
C000871,2026-07-21,8,yes
C000479,2026-01-17,9,yes
C001780,2026-01-23,9,yes
C005062,2026-04-22,10,yes
C002025,2026-07-22,10,yes
C003147,2026-01-17,9,yes
C004661,2026-01-17,9,yes
C004103,2026-04-19,6,no
C002588,2026-01-20,8,yes
C004608,2026-07-19,9,yes
C004464,2026-04-18,8,yes
C000746,2026-07-18,8,yes
C003406,2026-01-24,9,yes
C004796,2026-07-15,6,no
C001510,2026-07-18,9,yes
C000239,2026-04-24,7,no
C008268,2026-07-23,9,yes
C001400,2026-01-22,9,yes
C004688,2026-04-17,10,yes
C004614,2026-07-19,8,yes
C003864,2026-01-17,9,yes
C001186,2026-01-24,8,yes
C000928,2026-07-18,9,yes
C003007,2026-07-17,9,yes
C003364,2026-07-16,10,yes
C006795,2026-07-16,9,yes
C002399,2026-07-22,9,yes
C001558,2026-07-24,9,yes
C002501,2026-07-21,10,yes
C003624,2026-04-23,7,no
C005137,2026-07-21,10,yes
C000683,2026-04-24,7,no
C002436,2026-01-20,10,yes
C004792,2026-07-18,9,yes
C001085,2026-04-15,8,yes
C000684,2026-04-15,10,yes
C007073,2026-07-19,10,yes
C008123,2026-07-18,9,yes
C002400,2026-01-21,7,no
C000582,2026-07-19,10,yes
C004672,2026-01-22,9,yes
C005593,2026-04-20,7,no
C003274,2026-04-19,10,yes
C000056,2026-01-15,7,no
C005742,2026-04-18,10,yes
C002213,2026-07-20,8,yes
C001338,2026-01-15,8,yes
C003540,2026-04-19,8,yes
C007095,2026-07-17,5,no
C002258,2026-01-15,9,yes
C003653,2026-04-23,10,yes
C001238,2026-04-20,10,yes
C000442,2026-04-20,5,yes
C006402,2026-07-18,9,yes
C002387,2026-01-21,8,yes
C007747,2026-07-22,7,no
C002766,2026-01-21,9,yes
C008326,2026-07-23,9,yes
C002581,2026-01-16,9,yes
C006073,2026-07-21,9,yes
C004686,2026-01-19,8,yes
C000577,2026-07-21,8,yes
C004564,2026-07-24,9,yes
C005321,2026-04-17,8,yes
C004735,2026-04-21,9,yes
C001538,2026-04-22,7,yes
C008100,2026-07-24,9,yes
C007552,2026-07-18,5,no
C005293,2026-04-18,9,yes
C000552,2026-01-18,8,yes
C004118,2026-04-17,10,yes
C006341,2026-07-18,9,yes
C000504,2026-01-17,8,yes
C006315,2026-07-16,9,yes
C006481,2026-07-24,10,yes
C001737,2026-04-17,8,yes
C000969,2026-01-16,10,yes
C004956,2026-04-21,10,yes
C003325,2026-01-20,8,yes
C002259,2026-04-19,9,yes
C001745,2026-01-24,10,yes
C007588,2026-07-16,8,yes
C000268,2026-07-22,6,no
C003350,2026-07-18,9,yes
C004777,2026-07-21,6,no
C002266,2026-01-15,10,yes
C000106,2026-01-15,9,yes
C001838,2026-04-15,7,no
C005381,2026-07-23,9,yes
C003000,2026-04-23,10,yes
C002435,2026-07-15,9,yes
C006419,2026-07-15,8,yes
C004459,2026-04-23,9,yes
C001353,2026-04-24,10,yes
C005401,2026-04-22,10,yes
C002736,2026-07-22,9,yes
C002006,2026-01-15,9,yes
C003451,2026-01-20,10,yes
C003999,2026-01-21,6,no
C005605,2026-07-15,9,yes
C001771,2026-01-21,6,no
C005277,2026-07-21,7,no
C001398,2026-07-20,9,yes
C004297,2026-01-24,8,yes
C004526,2026-04-17,9,yes
C001618,2026-01-23,9,yes
C004827,2026-04-22,9,yes
C005407,2026-04-17,9,yes
C004860,2026-07-22,7,no
C000497,2026-04-22,9,yes
C006196,2026-07-24,7,no
C000502,2026-04-20,7,no
C002719,2026-01-16,10,yes
C002731,2026-07-20,10,yes
C003436,2026-01-19,7,no
C004892,2026-07-23,9,yes
C003266,2026-07-23,9,yes
C000222,2026-04-19,8,yes
C003208,2026-07-17,9,yes
C006340,2026-07-24,8,yes
C002127,2026-01-23,9,yes
C002135,2026-04-17,8,yes
C000480,2026-07-15,7,no
C007114,2026-07-24,6,yes
C002000,2026-04-20,8,yes
C002460,2026-01-23,7,no
C002328,2026-04-15,8,yes
C004449,2026-04-19,10,yes
C002938,2026-07-16,8,yes
C000930,2026-04-16,10,yes
C007239,2026-07-24,10,yes
C000971,2026-01-20,10,yes
C000985,2026-07-16,9,yes
C003737,2026-04-22,9,yes
C001400,2026-07-15,10,yes
C006987,2026-07-19,9,yes
C003935,2026-04-18,9,yes
C004054,2026-04-20,10,yes
C005581,2026-04-18,8,yes
C004164,2026-07-16,9,yes
C006487,2026-07-15,8,yes
C005575,2026-04-18,6,no
C000755,2026-01-17,10,yes
C004008,2026-07-19,10,yes
C004134,2026-04-20,9,yes
C005339,2026-07-19,6,no
C003226,2026-07-24,10,yes
C002442,2026-01-17,6,no
C005857,2026-04-18,8,yes
C002644,2026-07-21,10,yes
C001020,2026-01-15,7,no
C002218,2026-07-24,8,yes
C000920,2026-04-21,9,yes
C003284,2026-07-17,10,yes
C001376,2026-01-21,9,yes
C006296,2026-07-15,7,no
C002082,2026-01-16,8,yes
C000719,2026-07-16,9,yes
C005977,2026-04-17,10,yes
C003613,2026-07-19,6,no
C001351,2026-01-18,8,yes
C002673,2026-07-20,10,yes
C000635,2026-04-19,8,yes
C004296,2026-07-22,7,yes
C000620,2026-07-15,9,yes
C004252,2026-04-16,8,yes
C001842,2026-01-19,8,yes
C004458,2026-01-21,8,yes
C005704,2026-07-20,8,yes
C003086,2026-07-23,8,yes
C004045,2026-01-16,9,yes
C001433,2026-07-21,7,yes
C001251,2026-01-18,7,no
C002620,2026-01-16,7,no
C003304,2026-04-20,8,yes
C004512,2026-04-16,9,yes
C004352,2026-04-16,8,yes
C005289,2026-04-21,10,yes
C007098,2026-07-24,8,yes
C007388,2026-07-24,7,yes
C000355,2026-04-22,8,yes
C003740,2026-07-18,9,yes
C002383,2026-04-24,9,yes
C000453,2026-01-17,8,yes
C002309,2026-07-15,9,yes
C000094,2026-07-17,8,yes
C001852,2026-01-24,8,yes
C000404,2026-01-21,10,yes
C005533,2026-04-23,7,no
C006023,2026-07-17,7,no
C003173,2026-01-22,10,yes
C006255,2026-07-20,6,no
C000025,2026-04-15,6,no
C001618,2026-07-20,9,yes
C004443,2026-07-24,9,yes
C003131,2026-07-15,9,yes
C001448,2026-07-22,9,yes
C005691,2026-04-17,7,no
C000004,2026-04-17,10,yes
C002568,2026-07-24,9,yes
C005000,2026-04-20,10,yes
C002825,2026-01-22,8,yes
C002354,2026-01-20,9,yes
C003673,2026-07-23,10,yes
C005147,2026-04-18,9,yes
C001047,2026-07-23,10,yes
C002956,2026-07-17,7,yes
C004158,2026-04-16,10,yes
C003822,2026-04-24,10,yes
C005899,2026-07-17,10,yes
C006411,2026-07-17,8,yes
C001267,2026-01-17,8,yes
C002086,2026-04-24,8,yes
C000190,2026-01-20,7,no
C001115,2026-04-21,10,yes
C002627,2026-07-22,6,no
C000305,2026-01-24,9,yes
C002552,2026-07-23,8,yes
C002105,2026-04-18,10,yes
C002251,2026-07-17,10,yes
C008324,2026-07-16,9,yes
C003148,2026-07-15,6,no
C005108,2026-07-19,9,yes
C004047,2026-04-16,9,yes
C001332,2026-01-16,7,no
C004950,2026-04-23,7,yes
C001144,2026-04-15,9,yes
C000442,2026-07-21,8,yes
C002490,2026-07-24,10,yes
C001820,2026-04-17,10,yes
C004498,2026-04-19,10,yes
C001960,2026-07-23,9,yes
C004932,2026-07-21,10,yes
C001461,2026-04-16,10,yes
C002292,2026-07-15,8,yes
C001421,2026-07-20,6,no
C000335,2026-07-23,7,no
C004633,2026-01-24,9,yes
C003884,2026-04-23,9,yes
C007611,2026-07-18,10,yes
C005503,2026-04-21,8,yes
C000152,2026-04-23,6,no
C003765,2026-01-16,8,yes
C004340,2026-07-18,8,yes
C004545,2026-04-15,9,yes
C006749,2026-07-20,9,yes
C000724,2026-07-22,8,yes
C004626,2026-04-15,8,yes
C003383,2026-04-22,9,yes
C003677,2026-01-16,9,yes
C004414,2026-07-21,8,yes
C001993,2026-01-20,8,yes
C000589,2026-04-15,10,yes
C003633,2026-04-17,8,yes
C006968,2026-07-17,9,yes
C003669,2026-04-21,10,yes
C007380,2026-07-16,9,yes
C005964,2026-07-18,10,yes
C002500,2026-04-22,10,yes
C004660,2026-07-21,7,yes
C005721,2026-07-24,8,yes
C002079,2026-07-18,9,yes
C000021,2026-04-19,10,yes
C005460,2026-04-16,7,no
C003314,2026-01-23,9,yes
C002022,2026-07-16,10,yes
C004331,2026-07-16,6,no
C003154,2026-07-16,8,yes
C002800,2026-01-16,7,no
C001277,2026-01-16,9,yes
C002538,2026-01-22,9,yes
C004044,2026-07-23,10,yes
C000058,2026-07-22,6,no
C005232,2026-07-17,7,no
C004534,2026-04-24,10,yes
C006495,2026-07-24,10,yes
C002453,2026-01-21,8,yes
C001341,2026-04-16,8,yes
C001147,2026-07-16,10,yes
C003314,2026-04-15,9,yes
C004129,2026-07-16,10,yes
C000461,2026-07-19,10,yes
C003562,2026-07-17,9,yes
C004823,2026-04-24,10,yes
C007346,2026-07-18,8,yes
C005570,2026-07-15,8,yes
C003885,2026-07-24,10,yes
C004962,2026-07-20,9,yes
C007052,2026-07-17,9,yes
C001161,2026-04-17,10,yes
C004319,2026-04-16,9,yes
C001951,2026-04-15,8,yes
C004871,2026-04-22,8,yes
C003553,2026-01-24,8,yes
C000426,2026-04-23,10,yes
C000281,2026-07-19,10,yes
C003246,2026-04-15,8,yes
C003553,2026-07-24,8,yes
C003645,2026-07-24,10,yes
C003210,2026-01-24,8,yes
C002002,2026-04-18,8,yes
C002990,2026-07-19,8,yes
C001439,2026-04-22,8,yes
C005868,2026-07-18,8,yes
C000330,2026-07-19,9,yes
C005206,2026-07-19,10,yes
C001245,2026-04-18,8,yes
C004284,2026-01-17,6,no
C001213,2026-07-20,10,yes
C000730,2026-01-19,7,no
C003450,2026-04-22,9,yes
C002095,2026-04-23,8,yes
C003420,2026-04-22,8,yes
C000385,2026-01-16,8,yes
C004501,2026-04-17,10,yes
C002789,2026-07-19,5,no
C003474,2026-01-24,9,yes
C000676,2026-04-21,9,yes
C000772,2026-07-24,9,yes
C003012,2026-04-15,7,no
C002030,2026-01-15,10,yes
C000057,2026-01-21,8,yes
C003747,2026-04-18,10,yes
C002823,2026-01-21,8,yes
C005568,2026-07-22,8,yes
C005457,2026-04-20,9,yes
C003471,2026-01-17,7,no
C001419,2026-01-17,10,yes
C001308,2026-01-21,8,yes
C003278,2026-04-18,7,no
C007723,2026-07-15,9,yes
C002260,2026-07-19,8,yes
C005205,2026-07-22,10,yes
C004115,2026-07-24,7,yes
C003610,2026-01-23,10,yes
C003161,2026-04-23,7,no
C003551,2026-07-23,9,yes
C000998,2026-07-23,9,yes
C004800,2026-07-19,7,no
C006092,2026-07-18,10,yes
C004052,2026-04-17,8,yes
C000365,2026-07-20,10,yes
C003053,2026-01-24,10,yes
C006113,2026-04-22,9,yes
C000137,2026-07-24,6,no
C007582,2026-07-19,9,yes
C001035,2026-07-19,8,yes
C007738,2026-07-23,8,yes
C006401,2026-07-18,10,yes
C003550,2026-07-16,8,yes
C006047,2026-04-21,7,no
C004257,2026-07-15,8,yes
C005645,2026-04-18,9,yes
C000398,2026-04-22,8,yes
C000404,2026-07-21,9,yes
C000372,2026-01-20,8,yes
C000293,2026-04-17,8,yes
C001479,2026-01-15,9,yes
C003592,2026-04-19,10,yes
C003913,2026-01-18,7,no
C007193,2026-07-22,8,yes
C002262,2026-07-15,8,yes
C004998,2026-04-19,7,no
C003907,2026-01-20,7,yes
C002795,2026-07-22,8,yes
C006643,2026-07-19,10,yes
C000660,2026-01-21,10,yes
C005769,2026-04-22,10,yes
C001893,2026-01-15,8,yes
C003221,2026-07-16,8,yes
C000963,2026-01-22,10,yes
C000017,2026-04-22,8,yes
C001767,2026-04-24,9,yes
C002154,2026-07-24,10,yes
C001476,2026-04-17,7,no
C001777,2026-07-17,9,yes
C002274,2026-01-16,9,yes
C000139,2026-01-16,10,yes
C001815,2026-04-16,7,no
C005612,2026-07-23,9,yes
C003757,2026-07-17,10,yes
C005657,2026-04-21,9,yes
C004150,2026-01-17,8,yes
C008158,2026-07-21,10,yes
C001382,2026-01-24,10,yes
C002160,2026-07-21,7,no
C001397,2026-07-17,10,yes
C003447,2026-07-18,7,no
C001844,2026-01-21,10,yes
C006841,2026-07-20,8,yes
C004144,2026-07-17,10,yes
C006111,2026-04-24,9,yes
C002532,2026-07-18,9,yes
C003034,2026-04-19,10,yes
C007335,2026-07-23,10,yes
C000049,2026-04-23,9,yes
C004240,2026-01-18,7,no
C000976,2026-01-21,9,yes
C004077,2026-01-21,9,yes
C000220,2026-07-20,6,no
C002143,2026-04-19,8,yes
C006587,2026-07-16,9,yes
C003993,2026-04-23,8,yes
C003551,2026-04-21,9,yes
C007029,2026-07-19,8,yes
C002609,2026-01-15,9,yes
C002923,2026-07-15,8,yes
C002653,2026-07-18,10,yes
C001047,2026-04-20,9,yes
C006740,2026-07-24,9,yes
C005062,2026-07-16,8,yes
C007060,2026-07-18,7,no
C006941,2026-07-21,7,yes
C003778,2026-01-16,10,yes
C000246,2026-01-15,7,no
C001124,2026-07-22,7,no
C000313,2026-04-22,10,yes
C002782,2026-01-18,6,no
C001804,2026-04-22,6,no
C003329,2026-04-23,6,yes
C003558,2026-07-18,8,yes
C000192,2026-01-20,9,yes
C001521,2026-04-24,8,yes
C000878,2026-01-22,7,yes
C006209,2026-07-20,10,yes
C005482,2026-04-22,7,no
C004961,2026-04-17,8,yes
C003944,2026-01-18,9,yes
C003695,2026-07-20,6,no
C001162,2026-04-16,9,yes
C003296,2026-04-17,9,yes
C004133,2026-04-19,7,no
C003066,2026-07-15,8,yes
C000238,2026-01-15,8,yes
C004943,2026-04-15,9,yes
C004566,2026-07-24,7,no
C002916,2026-04-16,8,yes
C002093,2026-04-23,9,yes
C005400,2026-07-20,10,yes
C005124,2026-04-23,9,yes
C000063,2026-07-16,9,yes
C001299,2026-01-17,9,yes
C004577,2026-01-16,10,yes
C001600,2026-04-15,9,yes
C001969,2026-01-16,9,yes
C002058,2026-07-18,9,yes
C000338,2026-01-17,9,yes
C004059,2026-07-16,8,yes
C001595,2026-01-17,8,yes
C006151,2026-04-21,10,yes
C000173,2026-07-17,8,yes
C002545,2026-04-15,8,yes
C006249,2026-07-16,9,yes
C000045,2026-04-22,8,yes
C003551,2026-01-15,6,no
C001594,2026-04-21,8,yes
C007520,2026-07-16,6,no
C006521,2026-07-15,8,yes
C003875,2026-07-19,10,yes
C004627,2026-01-22,6,no
C005958,2026-07-21,8,yes
C002480,2026-01-23,10,yes
C003486,2026-04-21,9,yes
C005788,2026-07-20,8,yes
C005626,2026-07-22,9,yes
C003527,2026-07-19,7,no
C003642,2026-01-15,10,yes
C005265,2026-04-17,7,no
C003013,2026-07-24,9,yes
C005021,2026-07-17,10,yes
C003353,2026-04-24,7,no
C003039,2026-07-16,8,yes
C005023,2026-07-22,8,yes
C001962,2026-01-16,7,no
C003300,2026-07-24,7,no
C002099,2026-07-21,9,yes
C006519,2026-07-15,10,yes
C002559,2026-07-17,9,yes
C002179,2026-01-20,7,no
C001958,2026-01-19,8,yes
C004672,2026-07-15,8,yes
C004254,2026-04-24,5,yes
C001418,2026-04-24,10,yes
C001996,2026-01-15,9,yes
C002890,2026-04-21,9,yes
C004145,2026-01-22,8,yes
C000200,2026-04-17,7,no
C001583,2026-04-21,10,yes
C006036,2026-04-22,10,yes
C003997,2026-04-18,8,yes
C000873,2026-01-20,8,yes
C004379,2026-01-16,8,yes
C003131,2026-04-20,9,yes
C003367,2026-07-22,9,yes
C001597,2026-07-19,8,yes
C001432,2026-04-17,9,yes
C001778,2026-04-16,8,yes
C002832,2026-07-22,9,yes
C004662,2026-01-24,9,yes
C000672,2026-01-18,9,yes
C003847,2026-04-18,10,yes
C000559,2026-04-21,9,yes
C003229,2026-07-21,10,yes
C003354,2026-04-23,9,yes
C005626,2026-04-21,8,yes
C007232,2026-07-20,10,yes
C000919,2026-01-24,7,no
C004455,2026-07-18,9,yes
C000477,2026-01-22,5,no
C006778,2026-07-20,7,no
C003371,2026-01-15,10,yes
C006152,2026-07-20,9,yes
C003065,2026-01-24,7,no
C004513,2026-04-21,6,no
C000828,2026-07-19,7,no
C001398,2026-01-23,10,yes
C000139,2026-04-21,6,yes
C003091,2026-04-19,10,yes
C001967,2026-04-16,8,yes
C007448,2026-07-23,7,no
C006448,2026-07-23,8,yes
C003408,2026-01-24,9,yes
C000894,2026-04-17,9,yes
C003921,2026-07-22,9,yes
C000135,2026-07-24,9,yes
C000349,2026-01-16,8,yes
C002624,2026-07-15,8,yes
C002212,2026-01-20,10,yes
C002388,2026-04-18,9,yes
C004126,2026-01-22,10,yes
C000949,2026-01-22,8,yes
C004171,2026-04-17,7,no
C002995,2026-04-23,8,yes
C004341,2026-01-21,10,yes
C000641,2026-04-19,8,yes
C006618,2026-07-16,9,yes
C002255,2026-01-24,8,yes
C004028,2026-07-15,9,yes
C006034,2026-04-17,9,yes
C004683,2026-04-18,8,yes
C004425,2026-01-18,8,yes
C004647,2026-04-19,10,yes
C004762,2026-07-22,8,yes
C006282,2026-07-22,8,yes
C003005,2026-04-24,9,yes
C001301,2026-01-19,10,yes
C003457,2026-07-22,9,yes
C004026,2026-04-18,7,no
C005951,2026-04-20,9,yes
C001493,2026-07-18,8,yes
C005869,2026-07-18,8,yes
C004315,2026-07-17,10,yes
C001527,2026-01-22,10,yes
C006213,2026-07-23,8,yes
C000669,2026-01-24,10,yes
C004358,2026-07-16,9,yes
C004388,2026-04-24,6,yes
C008046,2026-07-15,7,no
C000374,2026-07-19,7,yes
C003421,2026-01-19,9,yes
C002429,2026-04-16,10,yes
C003804,2026-07-22,10,yes
C005480,2026-07-17,8,yes
C000571,2026-01-19,10,yes
C004219,2026-01-16,8,yes
C004455,2026-01-15,8,yes
C005284,2026-04-20,10,yes
C003475,2026-07-17,9,yes
C006131,2026-07-17,6,no
C007672,2026-07-17,9,yes
C002004,2026-07-23,6,no
C003237,2026-07-24,8,yes
C006555,2026-07-17,7,no
C002733,2026-01-17,9,yes
C006698,2026-07-19,6,no
C002310,2026-04-21,9,yes
C001903,2026-01-15,8,yes
C008069,2026-07-17,10,yes
C008009,2026-07-18,9,yes
C005597,2026-07-15,8,yes
C007812,2026-07-24,10,yes
C001271,2026-04-18,8,yes
C001429,2026-07-20,7,no
C002405,2026-01-24,8,yes
C006191,2026-07-17,9,yes
C004237,2026-01-18,10,yes
C002514,2026-04-20,7,yes
C002350,2026-04-16,8,yes
C005967,2026-07-20,9,yes
C003510,2026-07-18,7,no
C001518,2026-07-16,7,no
C001259,2026-01-23,8,yes
C003249,2026-04-21,8,yes
C000387,2026-04-15,10,yes
C000534,2026-07-19,7,no
C000885,2026-04-15,9,yes
C004465,2026-04-24,9,yes
C003507,2026-01-15,9,yes
C000833,2026-01-17,8,yes
C005837,2026-04-22,8,yes
C005097,2026-04-15,8,yes
C001725,2026-04-24,6,yes
C000062,2026-01-15,9,yes
C002504,2026-07-23,7,no
C003286,2026-07-18,9,yes
C000200,2026-01-19,9,yes
C000539,2026-04-24,8,yes
C004361,2026-04-22,8,yes
C006924,2026-07-24,10,yes
C002693,2026-04-22,10,yes
C004415,2026-04-17,9,yes
C000531,2026-01-19,9,yes
C003810,2026-01-17,9,yes
C004336,2026-07-23,6,yes
C000527,2026-07-24,7,no
C002250,2026-01-23,8,yes
C001340,2026-04-23,9,yes
C002646,2026-01-16,5,yes
C004520,2026-01-19,8,yes
C003968,2026-07-24,8,yes
C001311,2026-01-17,8,yes
C005126,2026-07-24,10,yes
C006398,2026-07-16,8,yes
C002955,2026-04-17,8,yes
C003567,2026-01-21,8,yes
C001781,2026-04-18,7,no
C004955,2026-04-19,6,no
C001843,2026-07-15,7,no
C002544,2026-01-16,7,no
C002756,2026-04-22,10,yes
C003772,2026-07-17,10,yes
C007958,2026-07-21,7,no
C001825,2026-01-24,9,yes
C002405,2026-07-19,9,yes
C007979,2026-07-24,9,yes
C006273,2026-07-15,9,yes
C002232,2026-07-15,8,yes
C003924,2026-01-24,9,yes
C006906,2026-07-17,8,yes
C007614,2026-07-16,9,yes
C007985,2026-07-16,8,yes
C001335,2026-07-18,10,yes
C004245,2026-04-23,9,yes
C003619,2026-04-21,8,yes
C004741,2026-04-22,8,yes
C005421,2026-04-16,10,yes
C001597,2026-04-24,9,yes
C003804,2026-01-17,7,yes
C003425,2026-04-24,9,yes
C000564,2026-01-22,9,yes
C002619,2026-01-22,10,yes
C005176,2026-07-20,9,yes
C002655,2026-07-18,9,yes
C002260,2026-01-22,7,no
C006604,2026-07-19,7,no
C005381,2026-04-16,9,yes
C001768,2026-01-23,8,yes
C003449,2026-04-15,9,yes
C003555,2026-01-17,6,no
C003837,2026-01-19,10,yes
C001793,2026-07-21,10,yes
C005135,2026-07-20,9,yes
C000733,2026-01-17,7,no
C001142,2026-04-17,7,no
C005521,2026-04-20,10,yes
C007093,2026-07-21,8,yes
C005957,2026-07-20,7,no
C002952,2026-04-19,10,yes
C005276,2026-04-22,7,yes
C007289,2026-07-16,7,no
C007645,2026-07-23,9,yes
C005050,2026-04-23,8,yes
C002465,2026-01-23,9,yes
C003506,2026-07-15,10,yes
C004954,2026-04-18,9,yes
C001132,2026-04-20,9,yes
C003415,2026-07-20,10,yes
C006818,2026-07-15,9,yes
C003495,2026-07-24,10,yes
C004497,2026-04-20,10,yes
C002619,2026-04-20,10,yes
C004454,2026-04-22,8,yes
C000531,2026-04-17,8,yes
C006435,2026-07-18,9,yes
C001191,2026-04-16,9,yes
C003437,2026-01-21,8,yes
C001893,2026-04-15,9,yes
C002675,2026-04-22,7,no
C007343,2026-07-17,7,no
C002647,2026-01-15,6,no
C001254,2026-04-23,7,no
C000235,2026-07-16,7,no
C007970,2026-07-22,10,yes
C003488,2026-07-23,7,no
C004564,2026-04-15,10,yes
C000364,2026-01-19,8,yes
C005149,2026-07-19,9,yes
C001024,2026-07-15,9,yes
C004959,2026-07-16,10,yes
C005283,2026-07-19,8,yes
C005266,2026-07-24,7,no
C005158,2026-04-24,9,yes
C000791,2026-01-24,6,no
C005331,2026-04-15,10,yes
C004092,2026-01-20,7,no
C001036,2026-04-17,7,no
C007349,2026-07-21,7,no
C003832,2026-04-16,8,yes
C001278,2026-01-18,9,yes
C004365,2026-07-17,9,yes
C001790,2026-04-22,10,yes
C003116,2026-04-15,9,yes
C003768,2026-01-23,8,yes
C003443,2026-04-24,6,no
C000639,2026-01-16,9,yes
C003613,2026-01-18,8,yes
C004675,2026-07-19,10,yes
C006460,2026-07-17,10,yes
C004266,2026-01-23,7,no
C003988,2026-04-19,10,yes
C002407,2026-07-15,8,yes
C003026,2026-04-24,7,no
C004705,2026-07-18,9,yes
C001327,2026-01-21,9,yes
C006932,2026-07-24,8,yes
C006028,2026-07-19,9,yes
C002738,2026-04-15,9,yes
C003037,2026-04-23,8,yes
C003153,2026-04-20,10,yes
C002578,2026-04-24,8,yes
C004430,2026-04-18,7,no
C001417,2026-04-17,5,no
C002954,2026-07-24,8,yes
C003360,2026-07-20,8,yes
C003058,2026-01-23,10,yes
C007592,2026-07-22,6,no
C000940,2026-04-20,10,yes
C002367,2026-04-23,7,no
C002052,2026-01-21,8,yes
C005494,2026-07-18,7,no
C002937,2026-07-24,9,yes
C005623,2026-07-15,9,yes
C004354,2026-01-24,10,yes
C004851,2026-04-21,10,yes
C002462,2026-01-15,9,yes
C003065,2026-07-22,10,yes
C001331,2026-04-15,10,yes
C002572,2026-04-20,9,yes
C005993,2026-07-23,9,yes
C002190,2026-07-18,10,yes
C002625,2026-01-24,8,yes
C002125,2026-01-17,7,no
C004068,2026-07-23,5,no
C002685,2026-04-17,10,yes
C002086,2026-07-16,7,yes
C004357,2026-04-15,9,yes
C006080,2026-04-21,8,yes
C003147,2026-07-19,10,yes
C000916,2026-04-22,10,yes
C006088,2026-07-20,8,yes
C006839,2026-07-19,9,yes
C004764,2026-01-23,8,yes
C005051,2026-04-15,6,no
C004264,2026-04-18,10,yes
C003964,2026-07-22,9,yes
C003721,2026-04-20,8,yes
C005994,2026-07-21,8,yes
C004457,2026-04-17,8,yes
C004316,2026-04-19,8,yes
C005422,2026-07-19,9,yes
C002507,2026-07-17,9,yes
C000978,2026-07-16,9,yes
C007126,2026-07-23,9,yes
C002255,2026-04-20,5,yes
C000542,2026-07-16,7,no
C003172,2026-07-20,7,yes
C000579,2026-07-19,10,yes
C000068,2026-07-15,8,yes
C005112,2026-04-19,8,yes
C003872,2026-01-15,9,yes
C002605,2026-07-15,8,yes
C002309,2026-01-20,8,yes
C000055,2026-07-24,10,yes
C004570,2026-04-23,7,yes
C001132,2026-07-24,9,yes
C001430,2026-07-17,8,yes
C003268,2026-04-22,7,no
C002441,2026-04-22,8,yes
C003325,2026-07-21,9,yes
C004947,2026-07-22,7,no
C005750,2026-07-17,9,yes
C004118,2026-07-19,10,yes
C004119,2026-04-23,7,no
C003410,2026-01-17,10,yes
C003119,2026-01-20,8,yes
C006934,2026-07-16,9,yes
C007629,2026-07-22,8,yes
C004203,2026-04-23,8,yes
C003358,2026-07-18,7,no
C003401,2026-07-23,10,yes
C004645,2026-04-24,10,yes
C000090,2026-04-18,9,yes
C003802,2026-04-18,7,no
C001471,2026-07-20,8,yes
C006200,2026-07-23,7,no
C002854,2026-07-19,9,yes
C006944,2026-07-15,8,yes
C001923,2026-01-19,10,yes
C001430,2026-04-16,10,yes
C005074,2026-07-18,9,yes
C001564,2026-04-18,7,no
C004712,2026-07-22,10,yes
C002547,2026-07-15,8,yes
C005995,2026-04-20,10,yes
C002599,2026-01-19,9,yes
C002649,2026-07-23,9,yes
C005860,2026-04-17,8,yes
C006780,2026-07-24,9,yes
C006346,2026-07-20,8,yes
C004391,2026-04-22,5,no
C000920,2026-07-15,7,no
C001933,2026-04-20,7,no
C006331,2026-07-15,10,yes
C002213,2026-04-15,9,yes
C003176,2026-01-20,9,yes
C002121,2026-04-18,10,yes
C005332,2026-07-23,8,yes
C001141,2026-01-22,9,yes
C002292,2026-04-21,8,yes
C000920,2026-01-19,8,yes
C006211,2026-07-22,9,yes
C007721,2026-07-16,8,yes
C003907,2026-07-20,9,yes
C004202,2026-07-18,9,yes
C005063,2026-07-18,9,yes
C008310,2026-07-20,8,yes
C000973,2026-04-24,7,no
C002082,2026-04-21,9,yes
C002193,2026-04-18,8,yes
C003025,2026-01-15,9,yes
C004815,2026-07-16,9,yes
C003494,2026-04-20,9,yes
C003565,2026-01-15,8,yes
C002188,2026-04-23,10,yes
C004028,2026-01-18,9,yes
C007757,2026-07-18,10,yes
C000147,2026-01-24,8,yes
C001305,2026-07-17,8,yes
C003185,2026-04-23,10,yes
C003475,2026-01-20,7,yes
C000451,2026-04-16,8,yes
C007369,2026-07-17,9,yes
C000549,2026-04-23,7,no
C001686,2026-01-23,10,yes
C007918,2026-07-23,7,no
C006426,2026-07-21,9,yes
C003415,2026-01-23,8,yes
C000237,2026-04-24,8,yes
C003343,2026-01-21,10,yes
C003164,2026-07-23,10,yes
C002007,2026-04-23,8,yes
C005527,2026-04-18,7,no
C005520,2026-07-23,10,yes
C004055,2026-04-16,9,yes
C007207,2026-07-16,7,no
C002116,2026-04-20,9,yes
C003603,2026-01-15,8,yes
C003167,2026-07-22,9,yes
C000161,2026-07-21,8,yes
C004681,2026-07-16,9,yes
C001269,2026-01-20,7,no
C002080,2026-07-15,10,yes
C000764,2026-04-17,6,no
C005099,2026-04-22,7,no
C003463,2026-07-20,10,yes
C001387,2026-01-16,9,yes
C001057,2026-07-21,6,no
C003788,2026-01-19,9,yes
C005511,2026-07-21,8,yes
C001267,2026-07-16,10,yes
C004890,2026-04-21,8,yes
C003207,2026-01-16,8,yes
C001224,2026-07-22,9,yes
C000025,2026-07-17,7,no
C008112,2026-07-16,10,yes
C000847,2026-04-23,10,yes
C007904,2026-07-18,9,yes
C006796,2026-07-20,8,yes
C001799,2026-01-17,9,yes
C003022,2026-07-17,6,no
C005011,2026-04-23,7,no
C002639,2026-01-18,8,yes
C003367,2026-01-19,8,yes
C006548,2026-07-16,10,yes
C007138,2026-07-21,10,yes
C002529,2026-01-21,10,yes
C002249,2026-07-18,8,yes
C006056,2026-07-17,8,yes
C004611,2026-07-24,9,yes
C005241,2026-04-16,8,yes
C001859,2026-04-21,7,no
C002577,2026-04-15,7,no
C001974,2026-07-22,9,yes
C004404,2026-04-18,4,no
C007368,2026-07-23,7,no
C002536,2026-07-16,9,yes
C004937,2026-07-22,9,yes
C002706,2026-04-16,5,yes
C001676,2026-07-20,9,yes
C005078,2026-04-19,10,yes
C000151,2026-07-15,10,yes
C003561,2026-04-15,10,yes
C007245,2026-07-18,10,yes
C002951,2026-07-19,7,no
C001433,2026-04-17,8,yes
C003447,2026-04-22,8,yes
C004174,2026-01-20,8,yes
C000557,2026-01-21,6,no
C003179,2026-01-21,10,yes
C004165,2026-01-19,10,yes
C005357,2026-04-20,10,yes
C002884,2026-07-22,8,yes
C003203,2026-04-21,8,yes
C000944,2026-01-16,7,no
C000421,2026-07-17,10,yes
C004341,2026-07-15,8,yes
C001734,2026-01-23,9,yes
C005350,2026-04-18,9,yes
C005272,2026-04-22,10,yes
C005025,2026-04-17,10,yes
C004837,2026-04-24,10,yes
C001482,2026-07-15,9,yes
C001005,2026-01-18,10,yes
C004763,2026-04-19,7,yes
C001277,2026-07-21,8,yes
C004349,2026-04-21,7,no
C001726,2026-04-22,9,yes
C000672,2026-07-23,7,no
C001863,2026-07-23,9,yes
C003085,2026-04-24,8,yes
C006027,2026-07-22,10,yes
C004443,2026-04-24,10,yes
C000467,2026-07-24,8,yes
C003045,2026-01-20,9,yes
C000524,2026-07-16,10,yes
C001019,2026-07-15,8,yes
C001811,2026-07-17,7,no
C001841,2026-01-18,9,yes
C002457,2026-04-16,9,yes
C000968,2026-01-16,9,yes
C002115,2026-04-16,10,yes
C002837,2026-04-22,10,yes
C005265,2026-07-23,8,yes
C005046,2026-07-21,7,no
C000838,2026-01-15,7,no
C004172,2026-07-18,10,yes
C000995,2026-04-20,9,yes
C006183,2026-04-22,10,yes
C006776,2026-07-24,7,yes
C002332,2026-04-19,9,yes
C003354,2026-07-20,10,yes
C004434,2026-04-23,6,no
C007370,2026-07-19,9,yes
C001550,2026-01-17,9,yes
C005048,2026-07-17,8,yes
C002938,2026-04-23,9,yes
C001970,2026-04-24,8,yes
C001802,2026-04-15,8,yes
C003106,2026-07-18,9,yes
C006022,2026-07-20,8,yes
C006861,2026-07-20,10,yes
C001748,2026-04-16,10,yes
C001819,2026-01-21,9,yes
C000578,2026-01-20,9,yes
C000148,2026-04-17,9,yes
C002279,2026-07-21,9,yes
C005544,2026-07-24,8,yes
C005481,2026-07-17,10,yes
C006204,2026-04-22,9,yes
C004571,2026-07-23,8,yes
C001781,2026-01-22,9,yes
C005519,2026-07-20,8,yes
C002584,2026-01-21,10,yes
C004768,2026-01-21,9,yes
C000927,2026-01-21,10,yes
C002772,2026-01-18,10,yes
C003616,2026-01-15,8,yes
C005828,2026-07-24,8,yes
C000948,2026-07-18,8,yes
C002839,2026-07-18,10,yes
C004500,2026-01-21,7,no
C004275,2026-01-24,8,yes
C006469,2026-07-19,8,yes
C007282,2026-07-24,9,yes
C002607,2026-01-20,8,yes
C004260,2026-01-22,9,yes
C001061,2026-01-19,10,yes
C007481,2026-07-22,10,yes
C002321,2026-04-19,8,yes
C002994,2026-01-22,9,yes
C003104,2026-04-20,9,yes
C001782,2026-04-24,9,yes
C003956,2026-04-20,9,yes
C001402,2026-01-16,10,yes
C007132,2026-07-20,9,yes
C003727,2026-04-21,8,yes
C003374,2026-04-22,8,yes
C003233,2026-01-19,8,yes
C003323,2026-01-23,9,yes
C006702,2026-07-16,9,yes
C004515,2026-01-19,8,yes
C005012,2026-07-15,10,yes
C000907,2026-04-15,8,yes
C005358,2026-07-23,10,yes
C001053,2026-01-19,10,yes
C004455,2026-04-15,8,yes
C000188,2026-04-22,8,yes
C005961,2026-07-24,9,yes
C001171,2026-07-20,10,yes
C005463,2026-07-18,9,yes
C000619,2026-01-17,6,no
C007173,2026-07-20,10,yes
C008010,2026-07-21,8,yes
C003049,2026-04-21,8,yes
C003628,2026-07-22,9,yes
C001248,2026-04-21,6,yes
C001740,2026-04-24,5,yes
C000624,2026-04-19,8,yes
C005154,2026-04-24,9,yes
C003113,2026-04-17,9,yes
C003833,2026-07-21,7,no
C001721,2026-07-18,7,no
C003541,2026-04-21,9,yes
C000951,2026-04-16,9,yes
C003670,2026-07-19,10,yes
C004974,2026-07-20,7,yes
C005522,2026-04-20,8,yes
C003652,2026-07-17,10,yes
C004554,2026-07-22,10,yes
C002502,2026-04-22,8,yes
C005450,2026-04-22,6,no
C006064,2026-07-19,10,yes
C001080,2026-04-19,7,no
C000533,2026-07-19,9,yes
C000708,2026-07-23,9,yes
C002843,2026-04-19,10,yes
C002892,2026-07-17,10,yes
C000770,2026-04-16,7,no
C003007,2026-01-24,10,yes
C002341,2026-07-22,7,no
C002364,2026-04-20,7,no
C001166,2026-07-24,10,yes
C003783,2026-04-24,9,yes
C002237,2026-01-23,8,yes
C006061,2026-07-15,9,yes
C000063,2026-01-18,10,yes
C001801,2026-01-17,9,yes
C002588,2026-07-24,8,yes
C003063,2026-01-16,9,yes
C003150,2026-04-24,9,yes
C005209,2026-04-24,6,no
C007779,2026-07-17,9,yes
C001228,2026-07-19,9,yes
C001653,2026-07-24,10,yes
C004492,2026-07-17,10,yes
C000112,2026-01-18,7,no
C004579,2026-04-20,7,yes
C004990,2026-07-23,8,yes
C001649,2026-01-15,8,yes
C007311,2026-07-21,10,yes
C000909,2026-01-19,10,yes
C005540,2026-04-24,9,yes
C005710,2026-07-20,8,yes
C004810,2026-04-23,7,no
C006648,2026-07-16,6,no
C005168,2026-07-20,10,yes
C000072,2026-07-21,8,yes
C004506,2026-07-21,8,yes
C005390,2026-04-20,9,yes
C006582,2026-07-22,9,yes
C000268,2026-04-24,10,yes
C001935,2026-01-21,9,yes
C000439,2026-04-20,8,yes
C000199,2026-07-15,8,yes
C002242,2026-04-20,9,yes
C006970,2026-07-19,8,yes
C006009,2026-07-20,9,yes
C003883,2026-07-18,8,yes
C000127,2026-04-18,8,yes
C002584,2026-04-18,10,yes
C000752,2026-07-20,6,no
C006868,2026-07-19,9,yes
C006930,2026-07-23,10,yes
C002635,2026-04-24,7,no
C004384,2026-07-24,7,no
C005701,2026-04-23,8,yes
C003554,2026-01-21,9,yes
C000946,2026-04-24,8,yes
C004658,2026-07-19,9,yes
C007105,2026-07-18,9,yes
C003480,2026-07-18,7,no
C002948,2026-04-16,10,yes
C003745,2026-04-16,10,yes
C005512,2026-04-20,9,yes
C001063,2026-07-22,8,yes
C003269,2026-07-19,9,yes
C001375,2026-04-23,8,yes
C005288,2026-04-23,7,yes
C006171,2026-07-17,8,yes
C007188,2026-07-15,10,yes
C001241,2026-01-22,9,yes
C005307,2026-04-22,6,yes
C001796,2026-01-18,7,no
C000701,2026-04-23,8,yes
C002129,2026-04-24,9,yes
C003781,2026-07-16,6,no
C008306,2026-07-21,10,yes
C004680,2026-04-15,8,yes
C003156,2026-07-18,7,yes
C001064,2026-01-18,9,yes
C003788,2026-07-17,10,yes
C005835,2026-07-15,9,yes
C002704,2026-01-21,9,yes
C002641,2026-04-21,7,no
C003292,2026-01-24,7,no
C005355,2026-04-24,8,yes
C007228,2026-07-20,7,no
C000087,2026-07-22,9,yes
C001358,2026-04-21,9,yes
C000939,2026-07-19,7,no
C000733,2026-04-15,6,no
C005420,2026-07-23,9,yes
C001866,2026-01-17,10,yes
C005948,2026-07-15,8,yes
C005428,2026-04-19,8,yes
C004664,2026-01-22,10,yes
C005820,2026-07-20,5,no
C003798,2026-07-24,7,no
C004229,2026-07-16,10,yes
C000364,2026-04-21,9,yes
C003026,2026-01-15,7,no
C000131,2026-04-19,8,yes
C004514,2026-07-22,9,yes
C004587,2026-07-19,7,yes
C004135,2026-04-21,8,yes
C004207,2026-04-19,9,yes
C000098,2026-04-21,9,yes
C006910,2026-07-23,8,yes
C002791,2026-04-21,8,yes
C002063,2026-04-24,6,no
C002073,2026-07-17,7,no
C000644,2026-01-17,10,yes
C002056,2026-01-18,8,yes
C000276,2026-01-22,10,yes
C003503,2026-04-17,7,no
C006114,2026-07-16,9,yes
C003855,2026-01-21,7,no
C001155,2026-07-15,10,yes
C005027,2026-07-23,9,yes
C001707,2026-07-16,10,yes
C002843,2026-01-22,9,yes
C004567,2026-04-23,10,yes
C005338,2026-04-19,6,no
C001946,2026-01-18,7,no
C004683,2026-07-22,10,yes
C000047,2026-01-22,9,yes
C000340,2026-07-20,10,yes
C001729,2026-01-16,10,yes
C007704,2026-07-18,8,yes
C000409,2026-07-22,6,no
C004657,2026-01-17,10,yes
C005197,2026-07-17,7,no
C003207,2026-04-24,6,no
C003518,2026-01-22,9,yes
C001711,2026-04-15,7,no
C004066,2026-01-22,10,yes
C005026,2026-04-16,7,no
C001909,2026-07-17,9,yes
C001270,2026-04-18,9,yes
C002954,2026-04-22,10,yes
C003608,2026-07-19,10,yes
C001147,2026-04-20,8,yes
C002317,2026-07-18,6,yes
C004303,2026-04-22,10,yes
C005365,2026-04-23,7,no
C006671,2026-07-15,5,yes
C001701,2026-04-21,8,yes
C005980,2026-07-17,9,yes
C006186,2026-04-21,10,yes
C005499,2026-07-24,10,yes
C006250,2026-07-24,9,yes
C005142,2026-04-24,5,no
C000565,2026-04-19,6,no
C004652,2026-07-19,9,yes
C001352,2026-04-18,8,yes
C002700,2026-01-21,9,yes
C004986,2026-04-22,9,yes
C000708,2026-04-22,8,yes
C004364,2026-01-19,8,yes
C003064,2026-04-23,9,yes
C002001,2026-07-21,9,yes
C000042,2026-01-22,8,yes
C001565,2026-04-21,4,no
C001083,2026-07-19,9,yes
C005662,2026-04-17,9,yes
C004152,2026-01-21,7,yes
C001939,2026-01-16,10,yes
C006489,2026-07-15,9,yes
C005710,2026-04-19,10,yes
C008181,2026-07-23,7,no
C000128,2026-04-15,8,yes
C006899,2026-07-21,9,yes
C001261,2026-01-21,6,no
C003126,2026-01-17,10,yes
C003230,2026-04-20,8,yes
C001913,2026-04-24,9,yes
C004594,2026-07-17,8,yes
C007551,2026-07-24,5,no
C002480,2026-07-24,9,yes
C002874,2026-07-18,9,yes
C004925,2026-04-21,8,yes
C001399,2026-04-23,8,yes
C005377,2026-07-20,8,yes
C001942,2026-04-22,8,yes
C004340,2026-04-23,8,yes
C003698,2026-01-24,8,yes
C001698,2026-01-17,8,yes
C007211,2026-07-21,8,yes
C004184,2026-04-15,10,yes
C008209,2026-07-23,7,yes
C000023,2026-01-15,6,no
C000107,2026-01-23,8,yes
C005326,2026-04-18,7,no
C000167,2026-04-21,10,yes
C003423,2026-04-19,10,yes
C001776,2026-01-22,7,no
C003082,2026-01-24,8,yes
C000026,2026-01-16,9,yes
C002884,2026-04-22,8,yes
C004381,2026-04-19,8,yes
C001052,2026-01-17,10,yes
C002771,2026-04-23,10,yes
C001289,2026-01-21,9,yes
C000339,2026-04-23,5,no
C001262,2026-04-17,8,yes
C003726,2026-04-24,5,no
C003369,2026-01-15,10,yes
C000056,2026-07-19,7,no
C003319,2026-04-15,10,yes
C006690,2026-07-21,8,yes
C004943,2026-07-17,7,no
C002057,2026-04-17,9,yes
C000595,2026-07-20,8,yes
C007191,2026-07-16,8,yes
C001772,2026-04-20,9,yes
C006268,2026-07-17,8,yes
C001791,2026-01-17,7,no
C001441,2026-07-19,6,no
C001956,2026-07-23,7,no
C003759,2026-07-22,9,yes
C002888,2026-04-19,9,yes
C004052,2026-07-22,8,yes
C004060,2026-07-19,8,yes
C000308,2026-01-17,9,yes
C003807,2026-01-22,10,yes
C000629,2026-07-21,8,yes
C000039,2026-04-24,10,yes
C002562,2026-04-16,10,yes
C000134,2026-07-20,9,yes
C001717,2026-07-16,5,no
C000632,2026-01-19,7,no
C002729,2026-07-17,7,no
C000755,2026-07-22,10,yes
C005047,2026-07-23,9,yes
C007039,2026-07-16,8,yes
C003305,2026-07-16,10,yes
C001320,2026-04-20,7,no
C003681,2026-01-23,9,yes
C000748,2026-01-21,7,no
C001739,2026-07-17,8,yes
C001411,2026-04-24,9,yes
C007495,2026-07-15,8,yes
C000333,2026-07-17,5,no
C000970,2026-04-18,8,yes
C001963,2026-01-17,10,yes
C005962,2026-07-16,9,yes
C006015,2026-07-22,10,yes
C000378,2026-01-19,8,yes
C005295,2026-07-23,9,yes
C004244,2026-07-18,10,yes
C004513,2026-07-23,9,yes
C001760,2026-01-16,8,yes
C003174,2026-04-23,10,yes
C003291,2026-01-24,8,yes
C008206,2026-07-23,7,no
C001189,2026-04-24,6,no
C005651,2026-04-24,7,no
C005125,2026-07-24,10,yes
C001690,2026-01-23,10,yes
C007822,2026-07-15,8,yes
C000914,2026-01-18,9,yes
C001531,2026-01-23,8,yes
C005051,2026-07-23,8,yes
C003145,2026-07-15,10,yes
C000833,2026-07-24,9,yes
C002215,2026-01-21,9,yes
C006483,2026-07-23,9,yes
C003501,2026-07-17,9,yes
C003602,2026-01-24,6,no
C002301,2026-04-24,9,yes
C006354,2026-07-16,9,yes
C005531,2026-07-20,9,yes
C003508,2026-07-18,8,yes
C004490,2026-04-15,10,yes
C003869,2026-04-15,9,yes
C001324,2026-01-19,8,yes
C006613,2026-07-24,9,yes
C000544,2026-01-21,8,yes
C005202,2026-07-15,9,yes
C004936,2026-04-22,7,yes
C005424,2026-07-24,9,yes
C006247,2026-07-18,9,yes
C006536,2026-07-23,8,yes
C007740,2026-07-20,8,yes
C003046,2026-04-19,7,no
C003208,2026-04-19,9,yes
C003478,2026-07-24,9,yes
C004347,2026-04-23,7,no
C001742,2026-07-19,8,yes
C003858,2026-07-20,6,yes
C007421,2026-07-16,9,yes
C004029,2026-01-23,9,yes
C001293,2026-01-21,8,yes
C003924,2026-07-16,10,yes
C007109,2026-07-15,8,yes
C006330,2026-07-19,10,yes
C004435,2026-07-18,8,yes
C002359,2026-01-23,9,yes
C002864,2026-01-15,7,no
C004909,2026-07-21,8,yes
C004478,2026-01-15,8,yes
C003949,2026-04-19,7,no
C001616,2026-01-20,7,no
C002450,2026-01-16,8,yes
C004646,2026-04-17,7,no
C006742,2026-07-18,10,yes
C007233,2026-07-17,6,no
C003260,2026-04-23,10,yes
C000005,2026-01-23,7,no
C004233,2026-01-19,8,yes
C003928,2026-04-15,8,yes
C004463,2026-07-18,9,yes
C003772,2026-01-23,8,yes
C003456,2026-01-22,10,yes
C004147,2026-01-22,9,yes
C001926,2026-01-16,10,yes
C007594,2026-07-23,8,yes
C001679,2026-04-20,8,yes
C002445,2026-04-24,8,yes
C001324,2026-04-20,10,yes
C001442,2026-04-20,9,yes
C006815,2026-07-18,9,yes
C004423,2026-01-16,7,no
C002307,2026-04-22,9,yes
C002518,2026-07-15,8,yes
C007198,2026-07-24,10,yes
C001433,2026-01-21,8,yes
C003512,2026-04-16,10,yes
C002760,2026-04-19,6,yes
C002188,2026-07-19,10,yes
C001193,2026-01-23,8,yes
C003912,2026-01-21,7,no
C005411,2026-07-23,9,yes
C001230,2026-07-15,7,no
C003984,2026-04-23,8,yes
C003890,2026-04-19,9,yes
C000740,2026-01-21,8,yes
C002034,2026-04-19,7,no
C002853,2026-01-16,6,yes
C004873,2026-07-20,9,yes
C004290,2026-04-24,8,yes
C006293,2026-07-20,9,yes
C002635,2026-07-21,9,yes
C002599,2026-07-22,8,yes
C003989,2026-07-16,9,yes
C000097,2026-07-23,9,yes
C006830,2026-07-20,10,yes
C002869,2026-04-22,9,yes
C000094,2026-04-23,7,yes
C003403,2026-01-20,6,no
C000608,2026-01-20,10,yes
C007123,2026-07-20,10,yes
C003479,2026-04-21,8,yes
C005472,2026-07-18,9,yes
C003155,2026-07-23,9,yes
C003470,2026-04-20,7,no
C002320,2026-01-17,8,yes
C001259,2026-04-24,5,no
C003748,2026-01-18,8,yes
C005666,2026-04-17,8,yes
C000417,2026-04-23,10,yes
C000002,2026-01-24,10,yes
C004744,2026-01-19,10,yes
C001678,2026-01-21,7,no
C004994,2026-04-17,8,yes
C004451,2026-01-21,10,yes
C000151,2026-04-22,9,yes
C003990,2026-07-21,9,yes
C002698,2026-07-17,8,yes
C002701,2026-01-24,8,yes
C002059,2026-07-22,8,yes
C002821,2026-01-22,8,yes
C002735,2026-01-16,10,yes
C001431,2026-07-17,9,yes
C000057,2026-07-17,8,yes
C006807,2026-07-24,9,yes
C007277,2026-07-19,10,yes
C002854,2026-01-22,9,yes
C007276,2026-07-20,8,yes
C005195,2026-04-19,7,no
C007308,2026-07-16,9,yes
C000095,2026-04-20,8,yes
C003496,2026-04-24,10,yes
C001022,2026-07-21,8,yes
C007688,2026-07-19,9,yes
C000400,2026-07-24,8,yes
C004938,2026-07-20,7,no
C003373,2026-01-19,9,yes
C000679,2026-07-24,9,yes
C004784,2026-07-19,9,yes
C002669,2026-01-15,9,yes
C001497,2026-07-20,8,yes
C002144,2026-07-23,8,yes
C000912,2026-01-22,7,no
C002478,2026-07-19,8,yes
C004043,2026-04-18,8,yes
C000629,2026-01-17,8,yes
C004271,2026-01-17,5,yes
C003744,2026-07-21,7,no
C006153,2026-07-16,9,yes
C003831,2026-07-24,8,yes
C000754,2026-07-16,8,yes
C003487,2026-07-21,7,no
C001201,2026-01-17,8,yes
C000144,2026-04-17,7,yes
C006512,2026-07-22,8,yes
C005703,2026-04-22,9,yes
C003395,2026-07-24,10,yes
C003051,2026-04-20,8,yes
C002231,2026-07-20,7,no
C005869,2026-04-20,8,yes
C003998,2026-07-16,9,yes
C000543,2026-07-16,8,yes
C001130,2026-04-19,10,yes
C003872,2026-07-19,9,yes
C002801,2026-01-16,8,yes
C004190,2026-01-16,10,yes
C002260,2026-04-16,8,yes
C003861,2026-01-21,7,no
C001545,2026-01-22,7,no
C006682,2026-07-18,9,yes
C000480,2026-04-19,8,yes
C004370,2026-04-15,7,no
C005412,2026-04-21,10,yes
C004209,2026-04-18,8,yes
C007403,2026-07-15,10,yes
C004653,2026-07-20,10,yes
C002561,2026-04-16,10,yes
C002083,2026-04-15,9,yes
C005202,2026-04-18,9,yes
C006031,2026-07-22,8,yes
C002697,2026-07-23,7,no
C002463,2026-04-20,9,yes
C006120,2026-04-15,10,yes
C006723,2026-07-24,7,no
C006025,2026-04-16,10,yes
C002698,2026-01-15,8,yes
C001228,2026-01-15,7,no
C000118,2026-01-18,8,yes
C003079,2026-04-15,7,no
C004291,2026-04-18,10,yes
C003532,2026-07-24,10,yes
C006234,2026-07-22,10,yes
C004711,2026-01-21,8,yes
C000830,2026-01-15,9,yes
C001396,2026-04-15,8,yes
C004383,2026-07-23,8,yes
C007258,2026-07-19,6,no
C005928,2026-04-16,9,yes
C004539,2026-07-22,8,yes
C004906,2026-07-18,9,yes
C004713,2026-04-23,9,yes
C002593,2026-07-15,8,yes
C002397,2026-01-15,5,no
C000058,2026-01-15,9,yes
C004723,2026-04-18,5,no
C006393,2026-07-22,6,no
C003384,2026-04-16,7,no
C000983,2026-04-20,6,no
C006037,2026-04-16,7,no
C004023,2026-01-18,10,yes
C001309,2026-01-15,10,yes
C002204,2026-07-15,8,yes
C002504,2026-01-22,9,yes
C001823,2026-07-24,8,yes
C001524,2026-07-19,7,no
C004379,2026-04-24,7,no
C006835,2026-07-19,9,yes
C005901,2026-07-23,10,yes
C001084,2026-01-18,8,yes
C006284,2026-07-23,8,yes
C005557,2026-04-15,10,yes
C002882,2026-04-21,8,yes
C002713,2026-07-24,10,yes
C003352,2026-01-21,8,yes
C007362,2026-07-16,5,no
C000105,2026-04-23,8,yes
C002492,2026-01-15,8,yes
C002622,2026-04-21,9,yes
C004685,2026-01-20,10,yes
C007521,2026-07-21,7,no
C002640,2026-07-15,10,yes
C006197,2026-07-17,9,yes
C003602,2026-07-16,5,no
C004243,2026-01-24,8,yes
C000140,2026-01-24,6,no
C006069,2026-07-18,8,yes
C001885,2026-01-15,8,yes
C006187,2026-07-23,9,yes
C006118,2026-07-20,8,yes
C003093,2026-07-18,8,yes
C002321,2026-01-15,9,yes
C003857,2026-07-23,8,yes
C007357,2026-07-22,10,yes
C005201,2026-04-24,8,yes
C007673,2026-07-18,10,yes
C000218,2026-01-16,10,yes
C005082,2026-07-24,9,yes
C005598,2026-04-19,8,yes
C003800,2026-07-24,7,no
C003274,2026-01-23,6,no
C000519,2026-07-19,8,yes
C000220,2026-01-23,10,yes
C001416,2026-01-24,10,yes
C003792,2026-04-16,10,yes
C005888,2026-07-24,7,no
C001537,2026-01-19,8,yes
C003934,2026-01-17,9,yes
C002018,2026-07-19,9,yes
C003543,2026-04-22,10,yes
C003493,2026-04-21,8,yes
C000078,2026-04-17,9,yes
C004940,2026-04-20,8,yes
C003133,2026-07-24,7,no
C002174,2026-01-22,8,yes
C007968,2026-07-16,10,yes
C004113,2026-07-23,9,yes
C005247,2026-04-17,9,yes
C003069,2026-04-19,8,yes
C005671,2026-04-23,8,yes
C004313,2026-01-20,8,yes
C003289,2026-01-18,10,yes
C000707,2026-04-16,10,yes
C001148,2026-01-23,10,yes
C004791,2026-01-24,7,no
C005306,2026-07-15,9,yes
C005677,2026-07-17,9,yes
C002843,2026-07-24,10,yes
C005896,2026-07-19,7,no
C003913,2026-04-15,10,yes
C007533,2026-07-24,8,yes
C002836,2026-04-17,10,yes
C004825,2026-04-22,10,yes
C006973,2026-07-18,8,yes
C001130,2026-07-22,8,yes
C006204,2026-07-18,10,yes
C006420,2026-07-17,10,yes
C004627,2026-04-22,8,yes
C000570,2026-07-15,10,yes
C004117,2026-04-24,10,yes
C001672,2026-04-24,8,yes
C000446,2026-04-15,7,no
C001687,2026-01-21,9,yes
C002960,2026-07-19,10,yes
C003169,2026-01-22,8,yes
C002989,2026-04-20,8,yes
C005915,2026-07-21,8,yes
C003488,2026-04-17,9,yes
C007656,2026-07-22,9,yes
C002325,2026-07-21,8,yes
C005538,2026-04-15,8,yes
C004286,2026-04-23,7,no
C005152,2026-07-17,7,no
C002639,2026-07-17,9,yes
C006328,2026-07-17,10,yes
C002416,2026-07-17,10,yes
C003546,2026-01-24,10,yes
C006583,2026-07-17,10,yes
C008045,2026-07-16,7,no
C006400,2026-07-18,10,yes
C005349,2026-04-16,9,yes
C001043,2026-04-22,8,yes
C001924,2026-07-22,9,yes
C004732,2026-01-22,5,no
C002727,2026-01-21,8,yes
C000815,2026-04-19,8,yes
C003895,2026-07-22,7,no
C000566,2026-01-22,5,yes
C003134,2026-04-15,10,yes
C000982,2026-07-15,9,yes
C006472,2026-07-18,8,yes
C001534,2026-04-21,10,yes
C001817,2026-01-17,7,no
C002055,2026-04-19,10,yes
C002440,2026-07-15,9,yes
C006367,2026-07-16,9,yes
C005423,2026-04-19,7,no
C004898,2026-07-18,8,yes
C003221,2026-01-17,8,yes
C003156,2026-01-15,9,yes
C007215,2026-07-20,10,yes
C000778,2026-01-18,7,no
C001711,2026-01-17,8,yes
C002094,2026-04-24,9,yes
C003560,2026-01-15,8,yes
C000359,2026-01-22,8,yes
C004901,2026-07-15,10,yes
C003133,2026-01-16,9,yes
C004844,2026-07-18,9,yes
C006956,2026-07-19,10,yes
C002600,2026-01-18,10,yes
C007050,2026-07-17,7,no
C006335,2026-07-23,10,yes
C000968,2026-07-22,8,yes
C003149,2026-07-21,10,yes
C006327,2026-07-24,7,no
C003575,2026-01-23,10,yes
C000805,2026-07-24,10,yes
C001412,2026-07-15,8,yes
C002205,2026-04-17,6,yes
C004550,2026-01-22,9,yes
C001482,2026-01-20,10,yes
C005648,2026-07-22,8,yes
C005337,2026-04-21,7,no
C004728,2026-04-16,8,yes
C000103,2026-04-17,9,yes
C007826,2026-07-19,6,no
C001772,2026-07-18,8,yes
C005443,2026-04-19,9,yes
C004393,2026-07-17,10,yes
C004154,2026-07-24,10,yes
C001343,2026-07-24,10,yes
C003182,2026-01-21,9,yes
C004561,2026-07-24,8,yes
C000610,2026-01-16,9,yes
C005212,2026-07-20,7,no
C004660,2026-04-19,8,yes
C004250,2026-01-22,6,no
C004170,2026-07-21,9,yes
C006502,2026-07-20,10,yes
C005075,2026-07-18,7,no
C000088,2026-04-21,9,yes
C000635,2026-07-22,9,yes
C006687,2026-07-19,6,no
C004583,2026-04-23,9,yes
C005815,2026-07-22,9,yes
C001337,2026-01-17,10,yes
C004181,2026-01-21,7,no
C005474,2026-04-21,9,yes
C006297,2026-07-17,7,no
C004400,2026-04-15,8,yes
C000452,2026-01-24,8,yes
C004830,2026-07-23,9,yes
C006935,2026-07-19,10,yes
C004833,2026-04-22,10,yes
C002028,2026-01-24,8,yes
C004172,2026-01-16,8,yes
C002689,2026-04-17,8,yes
C002393,2026-04-18,9,yes
C001725,2026-01-21,9,yes
C003593,2026-04-23,8,yes
C002190,2026-01-23,8,yes
C000203,2026-07-16,9,yes
C003977,2026-01-18,10,yes
C000062,2026-04-15,7,no
C002646,2026-04-17,7,no
C003333,2026-07-24,7,no
C002546,2026-04-15,9,yes
C003467,2026-01-24,10,yes
C002031,2026-07-21,7,no
C006141,2026-07-20,8,yes
C003167,2026-04-15,7,no
C002650,2026-01-21,10,yes
C002838,2026-01-20,8,yes
C002595,2026-04-15,10,yes
C005400,2026-04-23,8,yes
C006139,2026-07-20,10,yes
C005177,2026-07-22,10,yes
C005282,2026-07-18,6,no
C002310,2026-07-21,7,yes
C003674,2026-04-16,6,yes
C005609,2026-07-15,8,yes
C000237,2026-07-15,10,yes
C001876,2026-01-17,7,no
C002717,2026-07-23,8,yes
C003583,2026-07-24,9,yes
C003730,2026-01-24,8,yes
C005145,2026-04-22,10,yes
C006817,2026-07-15,10,yes
C003341,2026-01-23,6,no
C001085,2026-01-23,9,yes
C003053,2026-07-16,5,no
C000882,2026-01-23,9,yes
C000754,2026-01-17,8,yes
C001832,2026-04-23,7,no
C001071,2026-07-23,10,yes
C003030,2026-01-22,9,yes
C006060,2026-04-19,8,yes
C003468,2026-07-21,10,yes
C004468,2026-01-17,10,yes
C004478,2026-04-22,8,yes
C002077,2026-01-21,8,yes
C000843,2026-01-17,8,yes
C005484,2026-04-24,10,yes
C000155,2026-04-24,7,yes
C002888,2026-01-22,10,yes
C004229,2026-01-18,8,yes
C004146,2026-01-23,8,yes
C004926,2026-07-17,8,yes
C002282,2026-04-15,8,yes
C005885,2026-07-22,10,yes
C003022,2026-01-18,10,yes
C002598,2026-07-15,10,yes
C005954,2026-04-22,7,no
C002560,2026-01-16,6,no
C001286,2026-01-23,10,yes
C001897,2026-01-21,8,yes
C000015,2026-01-16,10,yes
C006055,2026-07-22,8,yes
C003094,2026-01-19,9,yes
C000522,2026-07-18,8,yes
C001338,2026-04-15,9,yes
C001927,2026-01-16,9,yes
C004889,2026-07-18,8,yes
C003298,2026-04-16,9,yes
C007894,2026-07-16,8,yes
C003787,2026-04-17,8,yes
C001752,2026-04-21,9,yes
C000769,2026-01-15,7,no
C003871,2026-04-21,7,no
C000808,2026-04-24,5,no
C001357,2026-01-20,10,yes
C001378,2026-04-23,9,yes
C006496,2026-07-18,8,yes
C002261,2026-04-18,8,yes
C003637,2026-04-17,7,no
C005899,2026-04-19,8,yes
C006881,2026-07-23,8,yes
C003659,2026-01-17,9,yes
C001807,2026-07-17,7,no
C007890,2026-07-17,10,yes
C001543,2026-01-24,10,yes
C007118,2026-07-23,10,yes
C005296,2026-04-19,8,yes
C003486,2026-01-20,8,yes
C005170,2026-07-18,10,yes
C003973,2026-04-20,8,yes
C006819,2026-07-17,9,yes
C003838,2026-07-23,10,yes
C003441,2026-04-15,10,yes
C000659,2026-04-17,10,yes
C005261,2026-04-23,6,no
C003334,2026-01-19,7,no
C002692,2026-07-23,8,yes
C007862,2026-07-22,8,yes
C006352,2026-07-16,9,yes
C005173,2026-07-22,7,no
C000422,2026-07-19,9,yes
C000221,2026-07-17,8,yes
C005866,2026-07-15,10,yes
C004103,2026-07-17,10,yes
C007254,2026-07-18,8,yes
C000841,2026-01-24,8,yes
C000564,2026-07-18,7,no
C005798,2026-04-24,9,yes
C000306,2026-01-22,10,yes
C001882,2026-04-24,8,yes
C002862,2026-04-17,7,no
C002715,2026-04-22,10,yes
C004690,2026-07-22,8,yes
C002622,2026-01-19,10,yes
C004887,2026-04-16,9,yes
C005562,2026-04-18,8,yes
C003773,2026-04-24,10,yes
C004017,2026-07-15,9,yes
C007647,2026-07-22,5,yes
C004788,2026-04-18,10,yes
C004188,2026-07-17,9,yes
C002607,2026-07-16,9,yes
C001299,2026-04-21,9,yes
C002698,2026-04-19,9,yes
C000080,2026-07-21,10,yes
C004469,2026-07-15,10,yes
C001029,2026-04-20,9,yes
C003627,2026-04-17,9,yes
C003626,2026-07-18,10,yes
C000833,2026-04-22,10,yes
C000511,2026-07-24,5,no
C005981,2026-07-18,8,yes
C002120,2026-07-22,8,yes
C006821,2026-07-15,9,yes
C004530,2026-04-17,9,yes
C000799,2026-04-20,10,yes
C007640,2026-07-16,10,yes
C003853,2026-04-16,9,yes
C005464,2026-07-24,10,yes
C000346,2026-04-19,8,yes
C003070,2026-04-19,8,yes
C005521,2026-07-16,6,no
C002321,2026-07-15,7,no
C001171,2026-04-19,9,yes
C000850,2026-07-23,6,no
C001792,2026-07-23,10,yes
C003082,2026-07-15,9,yes
C005923,2026-07-24,8,yes
C003576,2026-01-17,8,yes
C000765,2026-01-23,8,yes
C003905,2026-07-16,8,yes
C004294,2026-07-21,10,yes
C000577,2026-04-16,9,yes
C007358,2026-07-20,7,no
C000914,2026-04-15,8,yes
C000105,2026-07-16,8,yes
C004218,2026-07-24,9,yes
C002660,2026-04-20,7,no
C008182,2026-07-22,9,yes
C006270,2026-07-22,8,yes
C001346,2026-01-16,10,yes
C000847,2026-07-24,10,yes
C001673,2026-04-24,10,yes
C006353,2026-07-24,8,yes
C001381,2026-01-15,10,yes
C003545,2026-01-19,7,no
C007166,2026-07-18,7,no
C000253,2026-07-23,9,yes
C004361,2026-07-19,10,yes
C005606,2026-04-23,9,yes
C000053,2026-07-21,9,yes
C003097,2026-07-20,10,yes
C007281,2026-07-23,9,yes
C003313,2026-07-16,8,yes
C002571,2026-07-15,7,no
C000068,2026-04-20,7,no
C003614,2026-01-21,6,no
C003187,2026-01-24,7,yes
C005560,2026-07-22,6,no
C001420,2026-07-23,9,yes
C003343,2026-07-15,9,yes
C003690,2026-04-22,7,yes
C003645,2026-04-15,9,yes
C005367,2026-07-22,7,no
C008137,2026-07-17,9,yes
C005172,2026-07-15,5,no
C004484,2026-07-16,8,yes
C001181,2026-07-17,10,yes
C000289,2026-01-18,9,yes
C003176,2026-07-21,8,yes
C004019,2026-07-19,8,yes
C005003,2026-04-16,9,yes
C004968,2026-04-15,8,yes
C000966,2026-04-17,9,yes
C000727,2026-01-20,6,no
C000618,2026-01-22,9,yes
C003422,2026-01-19,10,yes
C003118,2026-04-21,7,no
C007684,2026-07-15,10,yes
C006430,2026-07-23,10,yes
C002428,2026-07-19,10,yes
C004620,2026-04-19,8,yes
C002209,2026-07-21,7,no
C000908,2026-04-17,8,yes
C005574,2026-07-16,8,yes
C001373,2026-07-24,10,yes
C003573,2026-04-21,6,no
C002534,2026-04-19,8,yes
C005699,2026-04-19,9,yes
C002226,2026-04-17,8,yes
C004227,2026-04-20,7,no
C003084,2026-04-18,10,yes
C000909,2026-07-16,7,no
C000176,2026-01-15,7,no
C001633,2026-01-23,8,yes
C001869,2026-01-16,6,yes
C005817,2026-07-20,7,yes
C003474,2026-07-24,10,yes
C002773,2026-01-20,9,yes
C008211,2026-07-16,10,yes
C002916,2026-01-20,10,yes
C004667,2026-01-16,9,yes
C001874,2026-04-20,10,yes
C003954,2026-01-18,8,yes
C000645,2026-04-21,10,yes
C002750,2026-07-21,9,yes
C001622,2026-01-22,9,yes
C000039,2026-01-19,10,yes
C001009,2026-01-18,7,no
C004380,2026-07-18,9,yes
C003344,2026-04-17,8,yes
C007707,2026-07-20,7,no
C007315,2026-07-23,7,no
C000591,2026-01-19,6,no
C003057,2026-01-21,9,yes
C002022,2026-01-21,6,no
C002660,2026-01-20,7,no
C002692,2026-01-19,8,yes
C003601,2026-04-24,9,yes
C003106,2026-04-22,7,no
C000864,2026-04-20,8,yes
C001727,2026-01-23,7,no
C004033,2026-04-23,9,yes
C004256,2026-04-24,9,yes
C005680,2026-07-18,8,yes
C003666,2026-07-15,9,yes
C004149,2026-04-24,10,yes
C000730,2026-07-23,8,yes
C000183,2026-01-16,7,no
C004919,2026-07-22,10,yes
C005022,2026-07-24,10,yes
C001255,2026-01-23,9,yes
C005938,2026-07-15,10,yes
C003310,2026-01-21,10,yes
C002300,2026-01-15,7,no
C000270,2026-04-22,10,yes
C000148,2026-01-17,10,yes
C002816,2026-04-23,8,yes
C000987,2026-07-20,8,yes
C003108,2026-01-24,7,no
C005320,2026-07-18,8,yes
C002018,2026-01-24,6,no
C003895,2026-01-23,7,no
C004820,2026-07-23,7,no
C005040,2026-07-17,8,yes
C007501,2026-07-21,9,yes
C006397,2026-07-21,10,yes
C008234,2026-07-21,8,yes
C000757,2026-04-15,8,yes
C003741,2026-04-23,8,yes
C000168,2026-01-20,8,yes
C002687,2026-01-21,10,yes
C004007,2026-01-22,9,yes
C002828,2026-01-19,10,yes
C003496,2026-01-20,6,no
C002360,2026-07-18,6,no
C000884,2026-01-17,7,no
C003982,2026-07-16,6,no
C003351,2026-07-20,8,yes
C002065,2026-01-21,7,no
C007412,2026-07-18,6,yes
C000588,2026-04-20,8,yes
C004155,2026-04-15,8,yes
C003423,2026-07-15,9,yes
C000830,2026-04-23,8,yes
C005643,2026-04-17,7,no
C001458,2026-01-20,10,yes
C005299,2026-04-23,8,yes
C003321,2026-07-18,10,yes
C001943,2026-01-15,9,yes
C007432,2026-07-23,9,yes
C007909,2026-07-16,10,yes
C005629,2026-04-17,9,yes
C000874,2026-01-23,7,no
C000625,2026-01-20,10,yes
C005061,2026-07-21,10,yes
C008164,2026-07-19,7,no
C006090,2026-07-18,6,no
C001227,2026-07-18,8,yes
C000071,2026-07-24,9,yes
C003698,2026-04-18,9,yes
C002471,2026-04-21,9,yes
C003558,2026-01-16,7,yes
C000851,2026-04-18,6,no
C001609,2026-04-22,8,yes
C001503,2026-07-20,7,yes
C005386,2026-07-24,8,yes
C004766,2026-07-20,9,yes
C004856,2026-04-23,8,yes
C001010,2026-01-21,5,no
C005574,2026-04-20,10,yes
C004406,2026-04-20,10,yes
C004108,2026-01-24,10,yes
C006098,2026-07-21,9,yes
C003270,2026-04-23,7,no
C002693,2026-01-18,9,yes
C002139,2026-04-24,7,yes
C003853,2026-01-20,10,yes
C002714,2026-04-17,10,yes
C008076,2026-07-17,9,yes
C003148,2026-04-15,10,yes
C006672,2026-07-24,8,yes
C001799,2026-04-17,9,yes
C002918,2026-07-16,7,yes
C003766,2026-04-24,10,yes
C007965,2026-07-16,8,yes
C000231,2026-04-15,8,yes
C001269,2026-07-23,10,yes
C002961,2026-07-22,8,yes
C005176,2026-04-20,8,yes
C005724,2026-07-18,10,yes
C002647,2026-07-17,6,no
C003340,2026-07-21,8,yes
C003587,2026-07-18,9,yes
C002122,2026-01-20,7,no
C002923,2026-01-22,9,yes
C001144,2026-01-19,10,yes
C001044,2026-07-17,8,yes
C003547,2026-04-22,8,yes
C003844,2026-01-22,8,yes
C003426,2026-01-17,10,yes
C003801,2026-07-17,10,yes
C000345,2026-07-17,9,yes
C003950,2026-01-21,10,yes
C004138,2026-04-24,10,yes
C001627,2026-07-23,8,yes
C000074,2026-01-16,8,yes
C005730,2026-04-23,10,yes
C005798,2026-07-23,9,yes
C003993,2026-07-16,6,no
C000874,2026-04-15,10,yes
C000081,2026-01-20,9,yes
C004741,2026-07-24,6,no
C000093,2026-04-17,9,yes
C005333,2026-04-21,8,yes
C001042,2026-01-16,9,yes
C000728,2026-01-23,9,yes
C005871,2026-07-19,10,yes
C002484,2026-01-15,8,yes
C006440,2026-07-22,7,no
C004034,2026-07-21,10,yes
C001914,2026-04-17,8,yes
C001088,2026-01-21,9,yes
C003789,2026-01-17,10,yes
C008280,2026-07-20,9,yes
C001834,2026-07-17,9,yes
C003061,2026-04-23,10,yes
C002775,2026-04-21,8,yes
C005679,2026-04-17,7,yes
C003202,2026-04-16,8,yes
C004896,2026-07-18,9,yes
C005295,2026-04-18,10,yes
C005527,2026-07-17,9,yes
C005118,2026-04-16,8,yes
C002991,2026-01-21,7,no
C005413,2026-07-20,9,yes
C006371,2026-07-15,8,yes
C003585,2026-04-22,8,yes
C001245,2026-01-24,10,yes
C004125,2026-07-23,8,yes
C001238,2026-01-16,10,yes
C002577,2026-01-22,9,yes
C003528,2026-01-20,7,yes
C004985,2026-07-15,8,yes
C003134,2026-01-21,10,yes
C003252,2026-01-22,9,yes
C001200,2026-07-19,9,yes
C000276,2026-07-17,9,yes
C007772,2026-07-16,8,yes
C001809,2026-01-21,8,yes
C002102,2026-07-24,10,yes
C001705,2026-01-18,7,no
C006598,2026-07-15,8,yes
C003858,2026-01-24,10,yes
C005539,2026-07-19,10,yes
C005135,2026-04-20,9,yes
C002476,2026-01-22,10,yes
C003749,2026-01-23,8,yes
C001598,2026-04-16,9,yes
C001896,2026-01-22,10,yes
C002845,2026-01-24,10,yes
C004970,2026-04-17,10,yes
C000048,2026-04-20,7,no
C001204,2026-01-18,10,yes
C002809,2026-07-23,9,yes
C002579,2026-07-18,10,yes
C002359,2026-04-22,9,yes
C003163,2026-04-15,8,yes
C001490,2026-07-19,8,yes
C003576,2026-07-19,7,yes
C001424,2026-07-23,8,yes
C006271,2026-07-16,8,yes
C000168,2026-04-18,10,yes
C003932,2026-01-19,6,no
C002666,2026-01-22,9,yes
C003626,2026-01-18,10,yes
C001201,2026-04-17,8,yes
C001178,2026-01-20,7,yes
C007339,2026-07-20,10,yes
C001472,2026-04-23,8,yes
C003497,2026-04-21,8,yes
C004574,2026-01-18,7,no
C008370,2026-07-20,9,yes
C003948,2026-01-18,9,yes
C003902,2026-01-23,8,yes
C003431,2026-01-19,6,yes
C001680,2026-01-15,7,no
C005233,2026-04-23,8,yes
C001063,2026-01-20,8,yes
C000226,2026-01-16,10,yes
C002073,2026-04-19,10,yes
C003442,2026-07-21,9,yes
C007385,2026-07-24,10,yes
C000289,2026-07-21,9,yes
C000333,2026-01-16,8,yes
C000088,2026-01-17,8,yes
C000865,2026-04-23,8,yes
C005308,2026-04-19,8,yes
C005007,2026-04-17,10,yes
C004242,2026-07-23,8,yes
C007130,2026-07-15,9,yes
C003317,2026-07-22,9,yes
C003008,2026-01-15,10,yes
C003061,2026-07-17,8,yes
C003567,2026-04-23,8,yes
C003881,2026-04-22,7,yes
C003855,2026-04-15,8,yes
C002543,2026-01-22,8,yes
C005296,2026-07-24,9,yes
C006230,2026-07-18,7,no
C005844,2026-07-16,9,yes
C006427,2026-07-22,8,yes
C001456,2026-04-21,10,yes
C004202,2026-01-15,9,yes
C004165,2026-07-20,10,yes
C000654,2026-01-16,5,no
C001038,2026-01-15,6,no
C002640,2026-04-19,10,yes
C005231,2026-04-15,10,yes
C000321,2026-01-21,7,no
C001543,2026-07-21,8,yes
C000634,2026-01-15,9,yes
C001785,2026-07-23,9,yes
C005412,2026-07-23,10,yes
C006659,2026-07-18,6,no
C005231,2026-07-22,7,yes
C006106,2026-07-23,9,yes
C003513,2026-07-23,9,yes
C000170,2026-01-15,9,yes
C006274,2026-07-15,8,yes
C003338,2026-04-22,9,yes
C004281,2026-01-24,9,yes
C007015,2026-07-21,10,yes
C005009,2026-04-23,10,yes
C000146,2026-01-20,8,yes
C003394,2026-07-24,7,no
C000107,2026-07-20,9,yes
C003018,2026-01-21,5,no
C000111,2026-01-20,9,yes
C001757,2026-04-16,9,yes
C003466,2026-07-15,10,yes
C004326,2026-04-22,9,yes
C006148,2026-07-24,8,yes
C007983,2026-07-21,10,yes
C004332,2026-01-18,8,yes
C000305,2026-04-20,10,yes
C000281,2026-04-23,10,yes
C003202,2026-01-22,8,yes
C005319,2026-07-24,10,yes
C004960,2026-04-21,10,yes
C002315,2026-01-19,5,yes
C003196,2026-07-18,9,yes
C006928,2026-07-23,7,no
C001405,2026-01-16,10,yes
C002397,2026-07-23,9,yes
C004536,2026-01-20,7,no
C005566,2026-04-18,7,no
C002979,2026-01-24,10,yes
C006181,2026-07-24,5,no
C003684,2026-07-20,9,yes
C004462,2026-04-20,8,yes
C006765,2026-07-18,8,yes
C002679,2026-01-22,9,yes
C002758,2026-01-16,9,yes
C001809,2026-07-21,9,yes
C004214,2026-01-23,9,yes
C004179,2026-07-22,9,yes
C004703,2026-01-17,6,yes
C002251,2026-01-15,9,yes
C004612,2026-04-23,7,no
C004987,2026-04-23,7,no
C001066,2026-01-23,8,yes
C002033,2026-07-18,8,yes
C003540,2026-01-15,9,yes
C000237,2026-01-24,7,yes
C004326,2026-07-16,10,yes
C003750,2026-04-24,9,yes
C000169,2026-07-24,8,yes
C000819,2026-01-18,8,yes
C003171,2026-04-19,9,yes
C001752,2026-07-19,9,yes
C000044,2026-04-17,7,no
C004563,2026-01-23,9,yes
C002340,2026-04-19,10,yes
C000924,2026-01-21,8,yes
C002743,2026-04-16,9,yes
C002619,2026-07-17,8,yes
C003772,2026-04-15,8,yes
C005031,2026-07-23,10,yes
C003568,2026-04-15,10,yes
C003887,2026-04-17,7,no
C003743,2026-01-17,8,yes
C005070,2026-04-19,9,yes
C001941,2026-01-15,7,no
C001885,2026-04-24,10,yes
C003897,2026-07-19,10,yes
C006215,2026-07-15,10,yes
C003788,2026-04-17,9,yes
C005052,2026-07-24,9,yes
C000983,2026-01-21,9,yes
C001661,2026-04-20,9,yes
C004225,2026-07-17,9,yes
C000495,2026-04-17,10,yes
C006429,2026-07-20,10,yes
C002906,2026-07-16,10,yes
C001897,2026-07-20,7,no
C005520,2026-04-24,8,yes
C004757,2026-04-20,10,yes
C001014,2026-01-15,7,no
C000567,2026-07-24,7,no
C003432,2026-01-20,9,yes
C001319,2026-01-18,8,yes
C000148,2026-07-21,9,yes
C002333,2026-01-21,8,yes
C007312,2026-07-18,8,yes
C000222,2026-07-18,9,yes
C007106,2026-07-18,7,no
C001032,2026-01-24,10,yes
C006396,2026-07-20,10,yes
C003614,2026-07-18,8,yes
C002567,2026-04-18,8,yes
C001247,2026-04-16,9,yes
C002975,2026-07-17,10,yes
C005878,2026-07-20,8,yes
C007410,2026-07-19,10,yes
C000818,2026-07-22,9,yes
C000344,2026-01-17,8,yes
C005959,2026-07-24,10,yes
C001453,2026-04-17,10,yes
C000062,2026-07-22,10,yes
C005257,2026-07-19,8,yes
C003080,2026-01-19,10,yes
C000485,2026-07-19,9,yes
C005607,2026-04-18,9,yes
C007815,2026-07-19,8,yes
C002733,2026-07-17,9,yes
C001864,2026-04-20,8,yes
C003192,2026-07-20,8,yes
C000217,2026-07-17,10,yes
C003898,2026-07-22,7,no
C004517,2026-07-19,10,yes
C004675,2026-01-15,9,yes
C003015,2026-01-21,8,yes
C002668,2026-01-18,7,no
C001493,2026-01-17,6,no
C005975,2026-04-17,8,yes
C007780,2026-07-17,9,yes
C007296,2026-07-23,9,yes
C006445,2026-07-22,9,yes
C004011,2026-07-24,9,yes
C002923,2026-04-18,8,yes
C007127,2026-07-17,8,yes
C002417,2026-04-24,8,yes
C003017,2026-01-23,9,yes
C004428,2026-01-18,9,yes
C005871,2026-04-23,8,yes
C007769,2026-07-16,8,yes
C004173,2026-01-16,7,no
C001563,2026-01-15,9,yes
C002695,2026-01-21,9,yes
C003286,2026-01-18,9,yes
C000465,2026-01-18,8,yes
C001234,2026-04-22,8,yes
C000227,2026-01-19,9,yes
C002651,2026-01-24,10,yes
C002369,2026-01-18,8,yes
C002311,2026-01-15,10,yes
C005877,2026-07-17,8,yes
C003991,2026-07-17,10,yes
C006903,2026-07-24,10,yes
C006145,2026-04-17,10,yes
C001527,2026-07-19,9,yes
C005792,2026-07-17,6,no
C000919,2026-07-22,8,yes
C001751,2026-07-21,8,yes
C000664,2026-01-23,8,yes
C003787,2026-01-17,10,yes
C001713,2026-01-21,10,yes
C007891,2026-07-21,7,no
C006603,2026-07-18,7,no
C004984,2026-04-17,8,yes
C004200,2026-01-17,8,yes
C004137,2026-01-21,9,yes
C001769,2026-04-15,7,no
C004552,2026-01-16,7,no
C006379,2026-07-17,9,yes
C005161,2026-07-20,10,yes
C005147,2026-07-16,9,yes
C002382,2026-07-15,7,no
C001227,2026-04-20,9,yes
C003684,2026-01-23,8,yes
C002614,2026-01-18,8,yes
C003425,2026-07-15,8,yes
C003123,2026-01-23,9,yes
C004916,2026-04-19,10,yes
C000374,2026-04-18,7,no
C004320,2026-01-23,7,no
C003962,2026-04-23,8,yes
C003693,2026-07-22,6,no
C002113,2026-04-15,10,yes
C000586,2026-07-16,10,yes
C002789,2026-01-18,10,yes
C006927,2026-07-23,8,yes
C003384,2026-01-20,10,yes
C001429,2026-01-23,8,yes
C004930,2026-04-24,10,yes
C004174,2026-04-23,9,yes
C002585,2026-07-24,7,no
C004667,2026-04-24,8,yes
C008132,2026-07-20,7,yes
C007728,2026-07-17,8,yes
C000724,2026-04-24,9,yes
C007363,2026-07-22,8,yes
C002382,2026-04-22,10,yes
C003111,2026-04-23,9,yes
C006083,2026-07-21,10,yes
C001167,2026-07-21,8,yes
C004139,2026-04-18,7,no
C005098,2026-04-18,6,no
C004106,2026-04-20,9,yes
C002617,2026-04-21,9,yes
C003042,2026-04-22,8,yes
C006212,2026-07-20,9,yes
C005546,2026-07-15,9,yes
C003538,2026-07-21,10,yes
C007671,2026-07-21,9,yes
C002094,2026-07-17,9,yes
C003868,2026-01-20,7,yes
C001854,2026-07-23,8,yes
C005804,2026-07-22,7,no
C005755,2026-07-23,7,no
C000050,2026-07-23,8,yes
C002475,2026-04-17,10,yes
C000168,2026-07-15,9,yes
C002103,2026-01-16,9,yes
C003211,2026-04-24,9,yes
C000158,2026-01-24,9,yes
C008321,2026-07-21,10,yes
C004557,2026-01-16,9,yes
C005859,2026-04-24,8,yes
C005174,2026-04-16,10,yes
C005765,2026-04-20,9,yes
C004030,2026-07-19,7,no
C003108,2026-04-15,9,yes
C007204,2026-07-22,6,no
C006187,2026-04-21,10,yes
C003991,2026-04-19,10,yes
C002778,2026-01-17,5,no
C006272,2026-07-17,9,yes
C003614,2026-04-20,7,no
C003586,2026-04-15,10,yes
C003882,2026-07-21,9,yes
C007148,2026-07-15,10,yes
C004138,2026-07-19,7,no
C001145,2026-01-16,9,yes
C007624,2026-07-15,10,yes
C006708,2026-07-17,7,no
C004510,2026-07-23,8,yes
C005688,2026-07-17,7,no
C000911,2026-07-21,10,yes
C007758,2026-07-18,9,yes
C002422,2026-01-19,10,yes
C004977,2026-07-21,9,yes
C000101,2026-04-17,10,yes
C001619,2026-07-20,8,yes
C004153,2026-01-18,10,yes
C000004,2026-01-24,8,yes
C004586,2026-04-17,6,no
C001303,2026-07-17,10,yes
C004603,2026-07-23,5,no
C004733,2026-04-23,10,yes
C006117,2026-07-22,8,yes
C003514,2026-01-19,8,yes
C004386,2026-07-21,10,yes
C003109,2026-04-18,8,yes
C004873,2026-04-24,8,yes
C000868,2026-01-21,10,yes
C000985,2026-01-17,8,yes
C000301,2026-04-23,9,yes
C006359,2026-07-18,10,yes
C003607,2026-04-16,7,no
C001438,2026-04-15,9,yes
C005564,2026-04-24,10,yes
C001956,2026-01-16,8,yes
C002505,2026-01-18,7,no
C002849,2026-01-20,9,yes
C005585,2026-04-20,9,yes
C003758,2026-01-22,10,yes
C001390,2026-07-22,7,no
C006990,2026-07-22,10,yes
C003950,2026-04-23,9,yes
C002184,2026-04-21,9,yes
C000279,2026-01-22,6,no
C005479,2026-04-15,10,yes
C000975,2026-04-22,10,yes
C001015,2026-04-17,8,yes
C002060,2026-04-18,9,yes
C001753,2026-04-21,10,yes
C000900,2026-04-22,8,yes
C001563,2026-07-24,6,yes
C002478,2026-04-15,7,no
C004022,2026-01-20,7,no
C005912,2026-07-17,10,yes
C005043,2026-07-20,10,yes
C002434,2026-07-24,7,no
C004652,2026-04-15,9,yes
C000296,2026-04-15,8,yes
C002985,2026-04-22,9,yes
C007028,2026-07-24,9,yes
C006769,2026-07-22,7,no
C000786,2026-01-23,8,yes
C000537,2026-04-20,8,yes
C001410,2026-07-20,9,yes
C005292,2026-04-17,8,yes
C004411,2026-04-21,9,yes
C006961,2026-07-23,8,yes
C003892,2026-04-19,8,yes
C005727,2026-07-18,7,no
C003234,2026-01-22,9,yes
C008082,2026-07-17,8,yes
C001260,2026-01-16,8,yes
C003299,2026-07-21,10,yes
C002612,2026-01-19,7,no
C006208,2026-07-20,9,yes
C004858,2026-07-16,9,yes
C005641,2026-07-20,10,yes
C003095,2026-01-17,6,no
C000707,2026-07-17,9,yes
C001551,2026-01-15,6,no
C005440,2026-04-19,8,yes
C004044,2026-04-16,10,yes
C002950,2026-07-20,8,yes
C004036,2026-07-20,8,yes
C005767,2026-07-19,9,yes
C006660,2026-07-16,9,yes
C008224,2026-07-21,10,yes
C000203,2026-04-17,9,yes
C006074,2026-04-18,9,yes
C001924,2026-01-21,10,yes
C004232,2026-01-16,5,no
C007546,2026-07-18,9,yes
C002170,2026-01-17,9,yes
C005397,2026-04-18,9,yes
C007159,2026-07-20,9,yes
C001584,2026-01-20,6,no
C004234,2026-04-15,10,yes
C000532,2026-07-23,8,yes
C000518,2026-01-16,8,yes
C001556,2026-04-19,10,yes
C003949,2026-07-17,10,yes
C003105,2026-04-20,9,yes
C001699,2026-01-24,7,yes
C002825,2026-04-15,8,yes
C005941,2026-04-18,8,yes
C006832,2026-07-18,4,no
C004913,2026-04-15,10,yes
C006514,2026-07-24,9,yes
C002639,2026-04-24,7,no
C002887,2026-01-21,7,no
C001999,2026-07-17,8,yes
C000601,2026-07-16,9,yes
C001161,2026-01-17,9,yes
C003468,2026-01-23,10,yes
C000117,2026-01-21,9,yes
C007381,2026-07-21,8,yes
C004571,2026-04-16,9,yes
C004557,2026-07-22,7,no
C000326,2026-01-19,9,yes
C006451,2026-07-21,9,yes
C005274,2026-04-15,7,no
C003665,2026-07-19,8,yes
C000207,2026-04-24,10,yes
C001677,2026-07-17,7,no
C005862,2026-07-24,8,yes
C001426,2026-04-22,10,yes
C008212,2026-07-24,7,no
C005633,2026-04-20,10,yes
C004613,2026-07-21,9,yes
C006484,2026-07-16,10,yes
C003813,2026-04-18,8,yes
C001559,2026-04-23,5,no
C003103,2026-01-23,10,yes
C000377,2026-01-16,9,yes
C002532,2026-04-22,8,yes
C004430,2026-07-21,8,yes
C000664,2026-07-15,10,yes
C005074,2026-04-20,8,yes
C004327,2026-04-22,9,yes
C002552,2026-04-23,9,yes
C002883,2026-01-23,7,no
C004529,2026-07-15,8,yes
C003387,2026-04-23,9,yes
C002059,2026-04-23,8,yes
C005063,2026-04-21,10,yes
C003487,2026-04-20,8,yes
C004849,2026-04-23,9,yes
C005786,2026-07-18,8,yes
C007203,2026-07-16,10,yes
C006415,2026-07-19,7,no
C002043,2026-01-18,7,no
C003448,2026-04-24,8,yes
C003794,2026-04-21,9,yes
C008141,2026-07-17,9,yes
C005483,2026-07-17,7,no
C003877,2026-01-18,8,yes
C004953,2026-07-15,9,yes
C002263,2026-01-20,9,yes
C001738,2026-01-22,9,yes
C004576,2026-01-18,8,yes
C001609,2026-01-18,8,yes
C006526,2026-07-20,8,yes
C000996,2026-04-17,9,yes
C000421,2026-04-23,10,yes
C001974,2026-01-21,9,yes
C003977,2026-04-19,8,yes
C002188,2026-01-19,8,yes
C007332,2026-07-21,10,yes
C004123,2026-07-17,8,yes
C007396,2026-07-21,10,yes
C004496,2026-01-22,10,yes
C000872,2026-07-20,9,yes
C000579,2026-01-22,10,yes
C002949,2026-07-15,9,yes
C001759,2026-01-20,9,yes
C005567,2026-07-19,7,yes
C000889,2026-07-17,9,yes
C005601,2026-07-21,10,yes
C006911,2026-07-20,8,yes
C000681,2026-04-23,7,no
C004541,2026-01-22,10,yes
C001273,2026-04-19,7,yes
C004393,2026-04-17,8,yes
C002530,2026-01-24,10,yes
C000989,2026-04-24,7,no
C004792,2026-01-21,9,yes
C004544,2026-07-15,10,yes
C003527,2026-04-21,9,yes
C003968,2026-01-15,8,yes
C003214,2026-01-17,7,yes
C002029,2026-01-17,8,yes
C004147,2026-04-23,7,no
C004491,2026-07-19,9,yes
C006886,2026-07-15,9,yes
C003929,2026-01-15,10,yes
C000562,2026-04-17,8,yes
C004051,2026-01-21,10,yes
C002384,2026-01-23,8,yes
C004236,2026-04-16,10,yes
C004906,2026-04-24,8,yes
C001084,2026-07-22,6,no
C000718,2026-01-24,10,yes
C004337,2026-04-23,8,yes
C000641,2026-01-18,10,yes
C005802,2026-04-21,7,no
C004519,2026-07-20,10,yes
C005634,2026-07-17,7,no
C000888,2026-01-22,10,yes
C003724,2026-07-17,8,yes
C004541,2026-07-22,7,yes
C003323,2026-04-24,9,yes
C000123,2026-04-19,8,yes
C002957,2026-04-16,10,yes
C005724,2026-04-19,8,yes
C002408,2026-01-21,10,yes
C002636,2026-01-15,10,yes
C001467,2026-01-22,9,yes
C002212,2026-04-19,10,yes
C003309,2026-01-16,10,yes
C005241,2026-07-15,9,yes
C002927,2026-01-15,6,no
C002766,2026-04-18,10,yes
C001805,2026-04-15,10,yes
C003620,2026-07-15,9,yes
C001564,2026-07-19,9,yes
C004047,2026-01-24,10,yes
C000140,2026-07-20,8,yes
C000928,2026-04-15,8,yes
C003390,2026-01-18,9,yes
C001973,2026-01-22,10,yes
C005625,2026-04-22,10,yes
C004453,2026-01-22,8,yes
C004266,2026-07-16,8,yes
C008105,2026-07-24,7,no
C002519,2026-07-22,9,yes
C004132,2026-07-22,9,yes
C002911,2026-07-22,7,no
C002546,2026-01-15,10,yes
C006704,2026-07-19,7,no
C003620,2026-04-15,10,yes
C000444,2026-01-15,9,yes
C000612,2026-07-15,7,no
C001905,2026-07-15,8,yes
C003888,2026-04-20,9,yes
C003228,2026-04-23,5,no
C004292,2026-01-19,7,no
C004487,2026-07-24,9,yes
C003020,2026-07-17,8,yes
C005697,2026-07-20,10,yes
C002422,2026-04-15,7,no
C004243,2026-04-23,7,no
C004021,2026-07-24,8,yes
C001621,2026-01-20,8,yes
C002637,2026-07-24,6,no
C007399,2026-07-15,7,no
C001629,2026-07-24,9,yes
C004833,2026-07-20,9,yes
C007569,2026-07-21,10,yes
C003915,2026-07-23,8,yes
C000889,2026-01-18,9,yes
C001672,2026-07-19,10,yes
C007561,2026-07-24,9,yes
C004115,2026-01-19,10,yes
C007921,2026-07-18,8,yes
C002836,2026-01-24,9,yes
C005055,2026-04-16,9,yes
C005636,2026-04-18,10,yes
C001246,2026-07-22,10,yes
C003795,2026-01-24,9,yes
C003825,2026-04-22,8,yes
C004097,2026-01-17,6,no
C004108,2026-04-19,9,yes
C003440,2026-01-24,6,no
C003031,2026-04-17,7,no
C000458,2026-07-22,9,yes
C002033,2026-01-22,7,no
C003974,2026-07-24,10,yes
C003191,2026-01-23,8,yes
C004515,2026-04-24,10,yes
C002317,2026-01-19,6,no
C004218,2026-01-23,6,yes
C002513,2026-01-20,10,yes
C000384,2026-07-17,10,yes
C001542,2026-04-17,8,yes
C002655,2026-04-24,8,yes
C003758,2026-07-16,6,yes
C001002,2026-07-23,7,no
C001022,2026-01-16,8,yes
C000843,2026-04-18,8,yes
C002068,2026-01-16,7,no
C004640,2026-01-17,9,yes
C005132,2026-04-23,9,yes
C000967,2026-01-21,9,yes
C000910,2026-04-19,8,yes
C002760,2026-07-15,7,yes
C001293,2026-07-16,9,yes
C003065,2026-04-21,8,yes
C001585,2026-04-20,8,yes
C003012,2026-01-17,7,no
C002515,2026-01-22,7,no
C002025,2026-01-20,10,yes
C000562,2026-07-21,8,yes
C005417,2026-04-18,10,yes
C004104,2026-01-15,9,yes
C006798,2026-07-16,7,no
C001567,2026-07-16,7,no
C000406,2026-01-23,8,yes
C000494,2026-01-24,9,yes
C001837,2026-01-23,8,yes
C000819,2026-07-23,9,yes
C000461,2026-04-21,8,yes
C001515,2026-04-23,8,yes
C005349,2026-07-18,7,no
C006312,2026-07-24,8,yes
C005225,2026-04-23,10,yes
C001305,2026-01-18,8,yes
C006982,2026-07-15,7,no
C002588,2026-04-15,9,yes
C002622,2026-07-17,9,yes
C003671,2026-07-23,8,yes
C002847,2026-01-15,10,yes
C003811,2026-04-15,8,yes
C004003,2026-07-17,6,no
C002361,2026-01-18,9,yes
C004262,2026-01-17,8,yes
C001694,2026-01-19,8,yes
C004978,2026-04-24,9,yes
C002087,2026-04-23,8,yes
C004339,2026-01-21,10,yes
C001683,2026-01-18,9,yes
C000298,2026-07-24,9,yes
C003648,2026-07-17,8,yes
C002369,2026-04-17,10,yes
C000948,2026-04-17,8,yes
C003285,2026-04-19,9,yes
C007046,2026-07-15,8,yes
C003018,2026-07-16,10,yes
C002788,2026-07-23,8,yes
C004694,2026-07-19,7,no
C001560,2026-04-19,6,no
C006907,2026-07-19,7,no
C003695,2026-01-22,6,no
C003334,2026-07-15,9,yes
C004220,2026-07-18,9,yes
C003131,2026-01-24,8,yes
C001877,2026-04-24,6,no
C000787,2026-07-24,9,yes
C004807,2026-04-21,10,yes
C001572,2026-07-22,8,yes
C007303,2026-07-21,9,yes
C001449,2026-01-17,9,yes
C001496,2026-01-15,9,yes
C003891,2026-04-16,10,yes
C003566,2026-01-22,7,yes
C000516,2026-07-23,7,no
C001256,2026-01-15,7,no
C003468,2026-04-20,6,no
C001508,2026-01-18,8,yes
C007100,2026-07-18,6,no
C004161,2026-07-19,8,yes
C003148,2026-01-15,9,yes
C003870,2026-07-16,9,yes
C001364,2026-01-16,10,yes
C003123,2026-07-18,7,no
C002877,2026-01-18,10,yes
C006302,2026-07-17,8,yes
C007304,2026-07-19,7,no
C003725,2026-01-20,7,no
C003588,2026-07-16,10,yes
C001944,2026-04-22,10,yes
C005834,2026-07-16,10,yes
C000066,2026-07-16,9,yes
C004164,2026-04-16,8,yes
C000966,2026-01-17,9,yes
C004684,2026-04-16,9,yes
C000028,2026-07-23,8,yes
C001688,2026-01-21,9,yes
C004527,2026-01-20,8,yes
C004944,2026-04-19,9,yes
C001020,2026-04-16,10,yes
C007002,2026-07-19,9,yes
C002746,2026-04-19,9,yes
C002155,2026-04-22,3,no
C007491,2026-07-15,10,yes
C006763,2026-07-20,10,yes
C002899,2026-07-15,8,yes
C002241,2026-07-18,6,no
C004362,2026-01-22,7,no
C003942,2026-04-22,7,no
C002453,2026-04-19,6,yes
C001918,2026-01-23,7,no
C004139,2026-01-20,7,no
C004692,2026-07-22,9,yes
C001932,2026-04-16,8,yes
C003552,2026-04-19,8,yes
C002083,2026-01-24,7,no
C008269,2026-07-24,8,yes
C000070,2026-07-22,9,yes
C004046,2026-01-16,9,yes
C002738,2026-07-15,8,yes
C007834,2026-07-22,10,yes
C006572,2026-07-23,8,yes
C004666,2026-04-22,8,yes
C003340,2026-04-20,10,yes
C000458,2026-04-23,7,no
C001382,2026-07-20,10,yes
C004368,2026-04-22,9,yes
C001938,2026-01-19,10,yes
C001277,2026-04-24,8,yes
C002388,2026-01-22,8,yes
C006623,2026-07-20,9,yes
C001816,2026-07-21,9,yes
C000263,2026-07-16,10,yes
C000143,2026-07-21,10,yes
C000162,2026-07-16,10,yes
C003717,2026-07-21,8,yes
C000338,2026-04-21,9,yes
C002524,2026-07-16,7,no
C008333,2026-07-22,7,yes
C002682,2026-07-21,9,yes
C001417,2026-01-20,6,no
C003358,2026-04-21,10,yes
C003273,2026-01-17,6,no
C005049,2026-04-23,6,no
C003740,2026-01-21,9,yes
C001006,2026-01-24,8,yes
C003201,2026-01-22,7,no
C003735,2026-04-17,8,yes
C001717,2026-04-15,10,yes
C001855,2026-04-24,6,no
C002656,2026-01-24,8,yes
C002312,2026-01-15,10,yes
C003987,2026-04-24,8,yes
C000307,2026-01-24,10,yes
C004408,2026-01-15,10,yes
C004931,2026-07-15,9,yes
C004465,2026-07-24,8,yes
C005330,2026-04-21,10,yes
C007550,2026-07-15,8,yes
C004720,2026-01-19,8,yes
C004639,2026-04-18,8,yes
C003511,2026-01-24,10,yes
C004668,2026-01-23,10,yes
C003943,2026-04-17,8,yes
C003229,2026-01-22,9,yes
C001903,2026-04-17,9,yes
C005294,2026-07-16,8,yes
C002372,2026-01-20,7,no
C003366,2026-01-20,6,no
C006338,2026-07-20,10,yes
C005545,2026-07-17,8,yes
C002224,2026-07-23,7,no
C001995,2026-01-18,8,yes
C003753,2026-07-15,8,yes
C006149,2026-07-23,10,yes
C002218,2026-04-24,9,yes
C004220,2026-01-15,10,yes
C000704,2026-01-16,6,yes
C001415,2026-07-16,10,yes
C002529,2026-04-22,8,yes
C004269,2026-07-24,8,yes
C006002,2026-07-16,9,yes
C000497,2026-07-16,8,yes
C008328,2026-07-24,8,yes
C002675,2026-07-24,7,no
C000835,2026-07-19,10,yes
C002720,2026-01-23,6,no
C001190,2026-07-15,6,yes
C002543,2026-07-20,10,yes
C002904,2026-07-24,10,yes
C003019,2026-01-24,9,yes
C000128,2026-01-23,9,yes
C004438,2026-01-24,8,yes
C003005,2026-07-17,9,yes
C005430,2026-04-15,10,yes
C000916,2026-01-16,8,yes
C003122,2026-07-18,9,yes
C007057,2026-07-19,9,yes
C007644,2026-07-21,9,yes
C006599,2026-07-15,10,yes
C003195,2026-04-22,9,yes
C005359,2026-04-23,9,yes
C001224,2026-04-24,9,yes
C002284,2026-01-17,8,yes
C006650,2026-07-22,10,yes
C008281,2026-07-20,9,yes
C004415,2026-01-16,7,no
C005395,2026-04-19,7,no
C000753,2026-01-23,7,no
C004102,2026-01-17,7,no
C002594,2026-01-19,7,no
C007832,2026-07-16,8,yes
C001250,2026-04-24,7,no
C004484,2026-04-18,8,yes
C004070,2026-07-15,10,yes
C002947,2026-01-22,8,yes
C001808,2026-01-20,8,yes
C001313,2026-01-24,10,yes
C005182,2026-07-24,9,yes
C002632,2026-01-16,7,no
C002105,2026-07-17,6,no
C005731,2026-07-22,8,yes
C004149,2026-01-16,6,yes
C004333,2026-07-24,7,no
C001692,2026-07-19,7,yes
C000310,2026-01-23,10,yes
C004057,2026-07-22,8,yes
C004039,2026-04-19,9,yes
C000285,2026-07-24,9,yes
C007033,2026-07-16,6,no
C002587,2026-04-23,8,yes
C003171,2026-01-17,8,yes
C001966,2026-07-24,9,yes
C004790,2026-01-21,8,yes
C003464,2026-07-15,7,no
C003858,2026-04-23,6,no
C004011,2026-01-20,9,yes
C003821,2026-01-21,8,yes
C000781,2026-04-19,9,yes
C002196,2026-07-23,10,yes
C004235,2026-04-24,10,yes
C003175,2026-04-19,7,no
C001103,2026-01-16,10,yes
C003719,2026-01-15,9,yes
C004275,2026-07-16,7,no
C006942,2026-07-17,9,yes
C004466,2026-04-17,10,yes
C000380,2026-07-15,8,yes
C001714,2026-04-22,9,yes
C000551,2026-07-16,8,yes
C000355,2026-07-17,10,yes
C003122,2026-04-23,8,yes
C006541,2026-07-21,9,yes
C003488,2026-01-16,9,yes
C004138,2026-01-18,9,yes
C000103,2026-07-22,6,no
C002587,2026-01-15,8,yes
C002748,2026-04-15,9,yes
C002510,2026-04-24,10,yes
C006044,2026-04-24,8,yes
C000559,2026-07-20,9,yes
C005680,2026-04-24,6,no
C003192,2026-01-21,8,yes
C008101,2026-07-18,10,yes
C004003,2026-04-15,7,no
C001002,2026-01-18,9,yes
C005146,2026-04-17,8,yes
C001806,2026-04-16,10,yes
C000845,2026-04-21,10,yes
C003797,2026-07-18,7,no
C003675,2026-01-20,5,no
C002196,2026-01-20,9,yes
C006713,2026-07-19,8,yes
C000911,2026-04-17,8,yes
C004874,2026-04-23,7,no
C002948,2026-01-19,8,yes
C001072,2026-04-20,9,yes
C006509,2026-07-24,10,yes
C006041,2026-04-15,7,no
C002154,2026-04-23,8,yes
C002842,2026-04-15,7,no
C002161,2026-07-21,10,yes
C004868,2026-04-21,9,yes
C004102,2026-07-20,9,yes
C003649,2026-04-17,10,yes
C000982,2026-01-24,10,yes
C006165,2026-04-16,8,yes
C000085,2026-01-22,8,yes
C005385,2026-04-16,7,no
C003501,2026-04-23,10,yes
C007330,2026-07-19,6,no
C003255,2026-01-19,8,yes
C001249,2026-07-15,5,no
C001886,2026-01-16,10,yes
C005440,2026-07-22,8,yes
C001152,2026-01-15,9,yes
C000354,2026-01-16,8,yes
C000510,2026-04-17,8,yes
C000020,2026-04-15,10,yes
C001039,2026-01-19,6,yes
C003077,2026-07-21,8,yes
C001689,2026-01-23,9,yes
C003697,2026-07-19,10,yes
C005499,2026-04-19,7,no
C001635,2026-01-24,8,yes
C002006,2026-07-19,7,no
C001904,2026-01-18,8,yes
C001657,2026-01-21,5,yes
C004287,2026-07-15,8,yes
C005596,2026-07-24,7,yes
C002751,2026-01-19,8,yes
C002143,2026-07-20,6,no
C005418,2026-07-23,6,no
C002829,2026-01-21,7,no
C006790,2026-07-24,7,no
C004071,2026-04-24,9,yes
C000538,2026-01-21,8,yes
C000307,2026-07-15,9,yes
C004480,2026-01-24,9,yes
C004002,2026-07-16,7,no
C002356,2026-04-17,7,no
C002644,2026-01-22,9,yes
C002837,2026-07-24,7,yes
C004715,2026-04-17,9,yes
C002987,2026-07-21,8,yes
C003933,2026-01-17,10,yes
C003838,2026-04-22,9,yes
C003753,2026-01-17,9,yes
C001139,2026-07-24,10,yes
C000073,2026-07-23,10,yes
C004278,2026-01-19,7,no
C003280,2026-07-21,7,no
C001762,2026-04-23,7,no
C003416,2026-07-24,8,yes
C007486,2026-07-16,9,yes
C006154,2026-04-24,9,yes
C001777,2026-04-16,9,yes
C005029,2026-04-22,10,yes
C006220,2026-07-17,9,yes
C002688,2026-01-18,6,no
C003800,2026-04-17,10,yes
C003129,2026-07-23,6,no
C001728,2026-01-22,8,yes
C004070,2026-01-22,7,no
C000823,2026-07-16,8,yes
C000836,2026-04-20,8,yes
C000271,2026-04-19,8,yes
C003336,2026-04-19,9,yes
C005167,2026-04-17,4,no
C005856,2026-07-24,7,no
C002465,2026-07-23,6,yes
C003516,2026-07-17,10,yes
C000588,2026-01-22,8,yes
C005602,2026-07-16,5,no
C002247,2026-07-18,8,yes
C003954,2026-07-16,9,yes
C003876,2026-01-24,8,yes
C005387,2026-07-23,10,yes
C003975,2026-04-23,6,no
C007234,2026-07-20,10,yes
C000955,2026-01-23,9,yes
C001062,2026-04-18,6,no
C002108,2026-07-18,8,yes
C002349,2026-07-22,8,yes
C001507,2026-04-19,8,yes
C004229,2026-04-22,7,no
C005210,2026-07-24,9,yes
C002200,2026-04-24,9,yes
C003387,2026-07-20,8,yes
C004060,2026-04-18,10,yes
C004409,2026-07-21,8,yes
C002503,2026-01-20,9,yes
C004505,2026-07-21,7,no
C000440,2026-07-22,8,yes
C004736,2026-07-18,9,yes
C002576,2026-01-24,10,yes
C003470,2026-01-21,7,no
C001838,2026-01-22,7,no
C000480,2026-01-16,8,yes
C003660,2026-04-22,8,yes
C006511,2026-07-23,8,yes
C004122,2026-07-22,10,yes
C001368,2026-01-21,10,yes
C007694,2026-07-20,7,no
C006569,2026-07-19,7,no
C002833,2026-04-19,10,yes
C000687,2026-04-15,8,yes
C006280,2026-07-23,8,yes
C005107,2026-04-22,10,yes
C005841,2026-07-19,9,yes
C002195,2026-07-23,10,yes
C002767,2026-07-21,8,yes
C007032,2026-07-23,8,yes
C003000,2026-07-22,7,no
C004412,2026-04-20,9,yes
C008309,2026-07-20,10,yes
C002134,2026-01-17,8,yes
C004204,2026-01-18,8,yes
C004928,2026-04-20,10,yes
C003731,2026-07-15,9,yes
C008121,2026-07-23,7,no
C001524,2026-04-20,9,yes
C000073,2026-01-19,8,yes
C001753,2026-07-21,9,yes
C000850,2026-04-15,9,yes
C003909,2026-07-19,8,yes
C004142,2026-01-22,10,yes
C002784,2026-04-21,9,yes
C003715,2026-01-23,6,no
C003650,2026-04-19,9,yes
C002710,2026-01-24,10,yes
C004615,2026-04-24,9,yes
C007302,2026-07-17,8,yes
C001756,2026-04-23,8,yes
C000340,2026-04-20,7,no
C002365,2026-01-23,8,yes
C002158,2026-04-21,10,yes
C001031,2026-01-21,6,no
C006994,2026-07-18,9,yes
C002116,2026-01-23,9,yes
C006720,2026-07-22,9,yes
C000764,2026-07-15,8,yes
C005388,2026-04-16,6,no
C001868,2026-01-20,9,yes
C001184,2026-07-16,9,yes
C001948,2026-04-16,8,yes
C002973,2026-04-16,9,yes
C002661,2026-04-23,6,no
C000438,2026-07-18,7,no
C003196,2026-01-15,9,yes
C005742,2026-07-15,9,yes
C008143,2026-07-16,8,yes
C004584,2026-01-22,8,yes
C003061,2026-01-16,8,yes
C002153,2026-07-16,10,yes
C004605,2026-04-22,9,yes
C005754,2026-07-16,8,yes
C005648,2026-04-17,8,yes
C002815,2026-04-19,9,yes
C002739,2026-07-15,10,yes
C000020,2026-01-22,8,yes
C000923,2026-04-18,8,yes
C002435,2026-01-19,9,yes
C004887,2026-07-22,9,yes
C005429,2026-04-22,10,yes
C002404,2026-01-22,6,no
C004215,2026-01-21,9,yes
C001919,2026-07-23,8,yes
C004406,2026-07-24,8,yes
C001254,2026-07-22,10,yes
C006298,2026-07-24,7,no
C006879,2026-07-23,10,yes
C001613,2026-01-15,8,yes
C000183,2026-04-17,10,yes
C001054,2026-04-20,10,yes
C003831,2026-01-18,7,no
C002145,2026-01-18,7,yes
C004443,2026-01-18,10,yes
C003809,2026-04-23,8,yes
C006137,2026-04-22,10,yes
C000930,2026-07-20,8,yes
C002946,2026-04-20,7,no
C004918,2026-04-15,8,yes
C007597,2026-07-16,7,no
C001371,2026-01-24,8,yes
C000627,2026-01-24,9,yes
C006147,2026-07-22,8,yes
C002352,2026-01-24,9,yes
C001923,2026-04-20,9,yes
C005848,2026-07-17,7,no
C004879,2026-07-20,8,yes
C004408,2026-07-23,9,yes
C001473,2026-04-19,10,yes
C006142,2026-07-21,9,yes
C002749,2026-01-20,8,yes
C002200,2026-07-24,8,yes
C001340,2026-07-16,9,yes
C002615,2026-04-18,8,yes
C008002,2026-07-24,7,no
C005949,2026-04-22,8,yes
C001497,2026-04-17,9,yes
C008273,2026-07-18,8,yes
C002740,2026-04-15,10,yes
C003963,2026-01-15,9,yes
C005463,2026-04-18,8,yes
C001999,2026-01-23,9,yes
C005540,2026-07-16,7,no
C000404,2026-04-21,9,yes
C002771,2026-07-16,9,yes
C001254,2026-01-20,10,yes
C002265,2026-01-17,7,no
C000774,2026-07-15,7,no
C000167,2026-01-18,10,yes
C002590,2026-01-23,10,yes
C007324,2026-07-18,6,no
C001405,2026-07-16,8,yes
C003007,2026-04-18,9,yes
C000580,2026-07-21,9,yes
C001745,2026-07-18,10,yes
C002461,2026-04-21,6,yes
C000231,2026-07-23,6,no
C004925,2026-07-22,10,yes
C001542,2026-07-16,10,yes
C004686,2026-07-24,8,yes
C002813,2026-04-17,9,yes
C000894,2026-07-20,9,yes
C003343,2026-04-24,9,yes
C003660,2026-01-19,7,no
C002343,2026-01-21,9,yes
C003460,2026-04-16,8,yes
C002265,2026-07-18,9,yes
C000721,2026-04-23,7,no
C000575,2026-01-23,5,no
C007745,2026-07-21,8,yes
C003971,2026-01-21,7,no
C002390,2026-07-20,9,yes
C005469,2026-04-22,10,yes
C000253,2026-01-23,8,yes
C007136,2026-07-21,9,yes
C003467,2026-04-16,10,yes
C004122,2026-04-23,10,yes
C005567,2026-04-17,10,yes
C001794,2026-07-20,6,no
C003438,2026-04-15,9,yes
C005785,2026-07-17,7,yes
C004353,2026-07-22,7,no
C003054,2026-07-22,9,yes
C000746,2026-04-18,9,yes
C003960,2026-01-24,9,yes
C003688,2026-01-24,7,no
C006510,2026-07-15,9,yes
C004811,2026-04-17,10,yes
C001789,2026-07-22,9,yes
C006923,2026-07-18,8,yes
C007760,2026-07-17,8,yes
C000417,2026-01-21,9,yes
C000244,2026-01-15,8,yes
C002060,2026-01-20,10,yes
C005398,2026-07-15,9,yes
C000886,2026-07-17,5,no
C000581,2026-01-20,8,yes
C000178,2026-01-22,10,yes
C006544,2026-07-22,9,yes
C003142,2026-01-23,10,yes
C003495,2026-01-16,10,yes
C005550,2026-04-19,10,yes
C001017,2026-01-19,10,yes
C007532,2026-07-23,8,yes
C003337,2026-04-19,8,yes
C007615,2026-07-23,10,yes
C004376,2026-04-23,7,no
C000530,2026-04-19,10,yes
C004654,2026-07-19,10,yes
C001699,2026-07-20,8,yes
C004526,2026-07-19,7,yes
C005910,2026-04-19,10,yes
C001489,2026-04-19,8,yes
C002182,2026-07-21,8,yes
C006974,2026-07-15,10,yes
C000770,2026-01-21,8,yes
C001576,2026-04-24,10,yes
C005404,2026-04-22,8,yes
C000240,2026-04-19,10,yes
C002414,2026-07-22,10,yes
C004165,2026-04-23,8,yes
C001226,2026-01-17,10,yes
C006847,2026-07-17,10,yes
C003237,2026-01-19,9,yes
C000668,2026-01-22,7,no
C004509,2026-07-19,9,yes
C000841,2026-04-15,4,no
C000268,2026-01-21,8,yes
C002130,2026-01-20,9,yes
C001441,2026-01-23,9,yes
C002054,2026-04-22,6,yes
C002247,2026-01-18,5,no
C004573,2026-07-17,9,yes
C004289,2026-07-16,7,no
C000126,2026-07-22,10,yes
C001814,2026-04-15,9,yes
C002263,2026-07-24,8,yes
C001691,2026-04-18,8,yes
C004896,2026-04-16,10,yes
C002443,2026-04-19,8,yes
C000890,2026-04-20,7,no
C007836,2026-07-15,7,no
C004757,2026-07-24,9,yes
C003925,2026-07-22,7,yes
C001331,2026-01-20,7,no
C004204,2026-04-17,7,no
C002364,2026-07-18,8,yes
C002905,2026-04-19,10,yes
C004917,2026-04-17,7,no
C005275,2026-04-16,8,yes
C003876,2026-04-15,7,no
C003267,2026-01-23,9,yes
C004037,2026-01-15,6,yes
C001720,2026-04-18,6,no
C000383,2026-01-24,5,no
C005204,2026-04-18,9,yes
C001907,2026-01-19,8,yes
C008351,2026-07-19,9,yes
C002799,2026-07-24,9,yes
C006245,2026-07-15,6,no
C005415,2026-07-23,7,yes
C001231,2026-01-17,10,yes
C004548,2026-01-21,8,yes
C003600,2026-07-15,8,yes
C001868,2026-04-24,9,yes
C000487,2026-04-16,7,yes
C000374,2026-01-18,7,no
C005403,2026-04-18,10,yes
C003482,2026-01-21,8,yes
C001833,2026-01-20,10,yes
C003597,2026-07-19,8,yes
C005701,2026-07-24,9,yes
C003871,2026-07-16,9,yes
C000175,2026-01-19,8,yes
C003881,2026-07-24,7,no
C004231,2026-01-15,8,yes
C002753,2026-01-20,7,no
C004809,2026-01-23,8,yes
C003231,2026-01-20,8,yes
C007932,2026-07-18,9,yes
C004207,2026-07-16,9,yes
C004692,2026-04-19,7,no
C007964,2026-07-22,9,yes
C005965,2026-07-15,10,yes
C000493,2026-04-20,8,yes
C002523,2026-04-16,10,yes
C001264,2026-07-18,10,yes
C004852,2026-04-22,9,yes
C002706,2026-07-22,8,yes
C005094,2026-04-20,7,no
C007290,2026-07-21,10,yes
C007047,2026-07-19,10,yes
C000610,2026-04-24,8,yes
C003929,2026-04-16,10,yes
C003629,2026-04-17,7,yes
C002901,2026-01-22,10,yes
C005960,2026-04-23,8,yes
C001754,2026-07-20,9,yes
C006647,2026-07-20,6,no
C004601,2026-07-20,6,yes
C004054,2026-01-17,9,yes
C001920,2026-04-15,10,yes
C003461,2026-01-15,9,yes
C003236,2026-01-15,8,yes
C000079,2026-04-17,10,yes
C006418,2026-07-19,10,yes
C003372,2026-07-24,9,yes
C002623,2026-01-22,8,yes
C004269,2026-01-16,9,yes
C004522,2026-07-21,9,yes
C002682,2026-04-15,10,yes
C004769,2026-07-15,8,yes
C001692,2026-04-17,10,yes
C005006,2026-04-15,10,yes
C001392,2026-01-24,10,yes
C000242,2026-07-19,8,yes
C000238,2026-04-24,10,yes
C002058,2026-01-23,10,yes
C003716,2026-01-20,8,yes
C000515,2026-01-21,10,yes
C002195,2026-01-24,9,yes
C007547,2026-07-15,8,yes
C003529,2026-04-15,7,no
C003485,2026-01-20,9,yes
C000846,2026-07-16,7,no
C001645,2026-01-18,9,yes
C001712,2026-07-21,8,yes
C004118,2026-01-24,9,yes
C002779,2026-01-17,10,yes
C002642,2026-07-21,10,yes
C003693,2026-04-16,8,yes
C006605,2026-07-16,8,yes
C005363,2026-04-22,9,yes
C003581,2026-04-20,7,no
C000398,2026-01-16,10,yes
C000031,2026-01-17,5,no
C004823,2026-07-20,8,yes
C000086,2026-07-15,10,yes
C000194,2026-07-20,7,no
C005933,2026-04-15,6,no
C004982,2026-07-15,7,no
C006092,2026-04-18,9,yes
C000473,2026-01-16,8,yes
C005281,2026-04-15,8,yes
C004778,2026-01-23,10,yes
C005935,2026-07-22,9,yes
C004304,2026-07-20,10,yes
C005910,2026-07-16,7,no
C004260,2026-04-22,9,yes
C002418,2026-01-21,7,no
C004600,2026-01-19,8,yes
C005528,2026-07-16,9,yes
C004690,2026-01-22,9,yes
C006406,2026-07-17,8,yes
C007275,2026-07-24,10,yes
C004851,2026-07-16,8,yes
C002170,2026-07-19,9,yes
C003044,2026-07-19,9,yes
C006404,2026-07-15,9,yes
C002878,2026-01-17,7,no
C006985,2026-07-17,8,yes
C002687,2026-07-16,7,no
C006322,2026-07-24,7,no
C000444,2026-07-17,9,yes
C002161,2026-04-24,10,yes
C001573,2026-04-22,10,yes
C001465,2026-01-22,10,yes
C001100,2026-07-18,6,no
C003638,2026-04-20,8,yes
C007140,2026-07-23,10,yes
C002517,2026-07-19,7,no
C002347,2026-04-17,10,yes
C001092,2026-01-18,7,no
C005921,2026-07-19,8,yes
C003944,2026-07-23,10,yes
C000614,2026-01-19,9,yes
C001782,2026-01-23,9,yes
C005454,2026-07-19,10,yes
C002109,2026-07-17,10,yes
C003426,2026-04-15,8,yes
C000770,2026-07-24,10,yes
C002761,2026-01-20,9,yes
C005399,2026-04-24,9,yes
C001512,2026-07-17,7,no
C006719,2026-07-20,7,no
C004164,2026-01-16,9,yes
C005644,2026-04-20,10,yes
C002269,2026-04-16,7,no
C000951,2026-01-16,6,no
C005552,2026-04-17,10,yes
C003525,2026-04-24,10,yes
C002880,2026-04-23,7,no
C002282,2026-07-20,9,yes
C003233,2026-07-18,8,yes
C007023,2026-07-18,7,yes
C007522,2026-07-20,9,yes
C004399,2026-04-22,8,yes
C002909,2026-07-24,7,no
C000177,2026-07-20,9,yes
C002890,2026-07-20,7,no
C003265,2026-07-20,9,yes
C000502,2026-07-23,10,yes
C002371,2026-01-21,9,yes
C000569,2026-07-16,7,no
C002844,2026-01-23,7,no
C000846,2026-04-17,6,no
C003297,2026-01-19,10,yes
C001189,2026-07-18,9,yes
C003498,2026-01-18,10,yes
C001931,2026-07-23,7,no
C001603,2026-01-23,8,yes
C006188,2026-07-23,10,yes
C000430,2026-04-22,7,no
C001308,2026-04-18,8,yes
C005358,2026-04-24,7,no
C000683,2026-07-23,9,yes
C002456,2026-07-18,7,no
C001985,2026-04-19,8,yes
C002587,2026-07-22,8,yes
C000636,2026-01-18,8,yes
C004074,2026-07-17,8,yes
C002840,2026-04-23,10,yes
C002243,2026-04-19,7,no
C004705,2026-04-23,9,yes
C000579,2026-04-17,7,no
C000899,2026-07-15,8,yes
C006969,2026-07-22,9,yes
C002491,2026-07-16,9,yes
C006017,2026-04-20,10,yes
C003713,2026-04-22,7,no
C002403,2026-01-23,9,yes
C005484,2026-07-19,9,yes
C003182,2026-04-17,10,yes
C005989,2026-07-23,9,yes
C003372,2026-01-16,8,yes
C007081,2026-07-15,9,yes
C002449,2026-04-23,8,yes
C005234,2026-07-23,9,yes
C002765,2026-01-15,9,yes
C006711,2026-07-24,7,no
C004158,2026-07-22,8,yes
C003107,2026-07-20,7,no
C004631,2026-07-24,10,yes
C000535,2026-07-19,10,yes
C004724,2026-04-19,8,yes
C003060,2026-04-24,8,yes
C000718,2026-07-20,8,yes
C001094,2026-01-16,9,yes
C002550,2026-04-17,9,yes
C003871,2026-01-15,9,yes
C001106,2026-04-19,7,no
C002742,2026-07-23,9,yes
C000279,2026-04-24,9,yes
C004362,2026-07-17,7,no
C007014,2026-07-15,7,no
C002661,2026-01-16,9,yes
C005095,2026-04-21,9,yes
C001106,2026-01-20,9,yes
C006628,2026-07-22,7,no
C000538,2026-04-17,9,yes
C004470,2026-04-17,9,yes
C004648,2026-04-24,9,yes
C001877,2026-01-20,9,yes
C001408,2026-07-22,8,yes
C006752,2026-07-23,7,yes
C007469,2026-07-23,10,yes
C002998,2026-07-19,8,yes
C000671,2026-07-23,8,yes
C002189,2026-01-18,8,yes
C005002,2026-04-15,8,yes
C007539,2026-07-23,6,no
C000559,2026-01-15,9,yes
C002768,2026-07-15,8,yes
C006842,2026-07-19,8,yes
C007885,2026-07-15,8,yes
C005415,2026-04-17,7,no
C004656,2026-04-15,6,no
C003548,2026-07-24,10,yes
C005375,2026-04-23,9,yes
C002174,2026-04-20,6,no
C000737,2026-07-16,8,yes
C005566,2026-07-17,7,no
C000879,2026-04-15,10,yes
C001566,2026-07-22,8,yes
C000358,2026-04-23,6,yes
C000975,2026-01-21,9,yes
C004213,2026-07-22,10,yes
C004401,2026-04-16,6,yes
C004673,2026-07-24,8,yes
C002592,2026-07-18,8,yes
C000681,2026-01-15,8,yes
C006276,2026-07-16,10,yes
C001364,2026-07-20,8,yes
C002241,2026-04-19,10,yes
C005753,2026-04-15,10,yes
C005398,2026-04-19,8,yes
C005653,2026-07-24,9,yes
C004994,2026-07-24,10,yes
C007083,2026-07-18,9,yes
C000286,2026-07-24,7,no
C003433,2026-07-15,8,yes
C003513,2026-01-16,9,yes
C003710,2026-01-17,10,yes
C006078,2026-07-16,6,no
C004600,2026-04-24,10,yes
C006728,2026-07-15,6,no
C003330,2026-04-19,9,yes
C000567,2026-04-16,9,yes
C006134,2026-04-18,9,yes
C005805,2026-07-15,9,yes
C003398,2026-01-20,8,yes
C001466,2026-01-23,9,yes
C003179,2026-04-22,9,yes
C001944,2026-01-22,9,yes
C001917,2026-07-15,9,yes
C004152,2026-04-20,10,yes
C003749,2026-07-18,7,yes
C004519,2026-04-19,9,yes
C004163,2026-04-24,7,no
C005436,2026-04-24,7,no
C003057,2026-04-20,6,no
C005329,2026-07-23,8,yes
C004324,2026-04-15,8,yes
C004964,2026-04-22,7,no
C001591,2026-04-22,9,yes
C001870,2026-04-17,9,yes
C004350,2026-04-24,6,no
C000146,2026-04-16,6,no
C001377,2026-07-17,7,no
C005039,2026-07-21,10,yes
C003248,2026-04-17,9,yes
C002892,2026-01-24,10,yes
